dataset,regime,u,f,s,draw,n_corrupted,restored_frac,n_clean,wrongly_flipped_frac,restored_frac_unmarked,n_unmarked,restored_frac_falsely_marked,n_falsely_marked,restored_frac_inverted_scale,n_inverted_scale
pilot_holdout,full,0.0,0.03,0.03,0,34,0.11764705882352941,705,0.019858156028368795,,0,0.2857142857142857,14,0.0,20
pilot_holdout,full,0.0,0.03,0.03,1,27,0.2962962962962963,712,0.018258426966292134,,0,0.6153846153846154,13,0.0,13
pilot_holdout,full,0.0,0.03,0.03,2,26,0.34615384615384615,713,0.0182328190743338,,0,0.6428571428571429,14,0.0,12
pilot_holdout,full,0.0,0.03,0.03,3,29,0.41379310344827586,710,0.018309859154929577,,0,0.8571428571428571,14,0.0,15
pilot_holdout,full,0.0,0.03,0.03,4,37,0.2972972972972973,702,0.019943019943019943,,0,0.8461538461538461,13,0.0,23
pilot_holdout,full,0.0,0.03,0.03,5,26,0.2692307692307692,713,0.0182328190743338,,0,0.5,14,0.0,12
pilot_holdout,full,0.0,0.03,0.03,6,23,0.43478260869565216,716,0.018156424581005588,,0,0.7142857142857143,14,0.0,9
pilot_holdout,full,0.0,0.03,0.03,7,43,0.13953488372093023,696,0.017241379310344827,,0,0.46153846153846156,13,0.0,29
pilot_holdout,full,0.0,0.03,0.03,8,43,0.23255813953488372,696,0.01867816091954023,,0,0.7692307692307693,13,0.0,29
pilot_holdout,full,0.0,0.03,0.03,9,22,0.36363636363636365,717,0.01813110181311018,,0,0.5384615384615384,13,0.0,8
pilot_holdout,full,0.0,0.03,0.03,10,24,0.3333333333333333,715,0.02097902097902098,,0,0.5384615384615384,13,0.0,10
pilot_holdout,full,0.0,0.03,0.03,11,28,0.32142857142857145,711,0.01828410689170183,,0,0.6428571428571429,14,0.0,14
pilot_holdout,full,0.0,0.03,0.03,12,27,0.2222222222222222,712,0.016853932584269662,,0,0.42857142857142855,14,0.0,13
pilot_holdout,full,0.0,0.03,0.03,13,34,0.23529411764705882,705,0.018439716312056736,,0,0.5714285714285714,14,0.0,20
pilot_holdout,full,0.0,0.03,0.03,14,43,0.16279069767441862,696,0.020114942528735632,,0,0.5,14,0.0,29
pilot_holdout,full,0.0,0.03,0.03,15,34,0.2647058823529412,705,0.018439716312056736,,0,0.6428571428571429,14,0.0,20
pilot_holdout,full,0.0,0.03,0.03,16,26,0.3076923076923077,713,0.0182328190743338,,0,0.5714285714285714,14,0.0,12
pilot_holdout,full,0.0,0.03,0.03,17,33,0.30303030303030304,706,0.0169971671388102,,0,0.7692307692307693,13,0.0,19
pilot_holdout,full,0.0,0.03,0.03,18,23,0.391304347826087,716,0.018156424581005588,,0,0.6428571428571429,14,0.0,9
pilot_holdout,full,0.0,0.03,0.03,19,26,0.23076923076923078,713,0.019635343618513323,,0,0.42857142857142855,14,0.0,12
pilot_holdout,full,0.0,0.03,0.03,20,41,0.21951219512195122,698,0.015759312320916905,,0,0.5714285714285714,14,0.037037037037037035,27
pilot_holdout,full,0.0,0.03,0.03,21,54,0.25925925925925924,685,0.017518248175182483,,0,0.9285714285714286,14,0.025,40
pilot_holdout,full,0.0,0.03,0.03,22,52,0.21153846153846154,687,0.01601164483260553,,0,0.8333333333333334,12,0.0,38
pilot_holdout,full,0.0,0.03,0.03,23,34,0.23529411764705882,705,0.018439716312056736,,0,0.5714285714285714,14,0.0,20
pilot_holdout,full,0.0,0.03,0.03,24,26,0.3076923076923077,713,0.0182328190743338,,0,0.5714285714285714,14,0.0,12
pilot_holdout,full,0.0,0.03,0.03,25,36,0.2222222222222222,703,0.015647226173541962,,0,0.5,14,0.045454545454545456,22
pilot_holdout,full,0.0,0.03,0.03,26,26,0.3076923076923077,713,0.0182328190743338,,0,0.5714285714285714,14,0.0,12
pilot_holdout,full,0.0,0.03,0.03,27,25,0.32,714,0.02100840336134454,,0,0.5714285714285714,14,0.0,11
pilot_holdout,full,0.0,0.03,0.03,28,28,0.42857142857142855,711,0.01828410689170183,,0,0.8571428571428571,14,0.0,14
pilot_holdout,full,0.0,0.03,0.03,29,34,0.23529411764705882,705,0.019858156028368795,,0,0.5714285714285714,14,0.0,20
pilot_holdout,full,0.0,0.03,0.03,30,41,0.2926829268292683,698,0.017191977077363897,,0,0.8461538461538461,13,0.037037037037037035,27
pilot_holdout,full,0.0,0.03,0.03,31,26,0.34615384615384615,713,0.015427769985974754,,0,0.6428571428571429,14,0.0,12
pilot_holdout,full,0.0,0.03,0.03,32,48,0.22916666666666666,691,0.017366136034732273,,0,0.7857142857142857,14,0.0,34
pilot_holdout,full,0.0,0.03,0.03,33,36,0.3055555555555556,703,0.017069701280227598,,0,0.7142857142857143,14,0.045454545454545456,22
pilot_holdout,full,0.0,0.03,0.03,34,25,0.36,714,0.018207282913165267,,0,0.6153846153846154,13,0.0,11
pilot_holdout,full,0.0,0.03,0.03,35,26,0.38461538461538464,713,0.0182328190743338,,0,0.7142857142857143,14,0.0,12
pilot_holdout,full,0.0,0.03,0.03,36,26,0.38461538461538464,713,0.0182328190743338,,0,0.7142857142857143,14,0.0,12
pilot_holdout,full,0.0,0.03,0.03,37,24,0.4583333333333333,715,0.01818181818181818,,0,0.7857142857142857,14,0.0,10
pilot_holdout,full,0.0,0.03,0.03,38,29,0.41379310344827586,710,0.018309859154929577,,0,0.9230769230769231,13,0.0,15
pilot_holdout,full,0.0,0.03,0.03,39,25,0.48,714,0.018207282913165267,,0,0.8571428571428571,14,0.0,11
pilot_holdout,full,0.0,0.03,0.03,40,42,0.21428571428571427,697,0.018651362984218076,,0,0.75,12,0.0,28
pilot_holdout,full,0.0,0.03,0.03,41,29,0.3448275862068966,710,0.02112676056338028,,0,0.7142857142857143,14,0.0,15
pilot_holdout,full,0.0,0.03,0.03,42,53,0.22641509433962265,686,0.014577259475218658,,0,0.6923076923076923,13,0.07692307692307693,39
pilot_holdout,full,0.0,0.03,0.03,43,46,0.30434782608695654,693,0.01443001443001443,,0,0.7857142857142857,14,0.09375,32
pilot_holdout,full,0.0,0.03,0.03,44,34,0.3235294117647059,705,0.018439716312056736,,0,0.7857142857142857,14,0.0,20
pilot_holdout,full,0.0,0.03,0.03,45,43,0.27906976744186046,696,0.01867816091954023,,0,0.8461538461538461,13,0.0,29
pilot_holdout,full,0.0,0.03,0.03,46,34,0.35294117647058826,705,0.018439716312056736,,0,0.8571428571428571,14,0.0,20
pilot_holdout,full,0.0,0.03,0.03,47,36,0.2777777777777778,703,0.01849217638691323,,0,0.8333333333333334,12,0.0,22
pilot_holdout,full,0.0,0.03,0.03,48,27,0.4444444444444444,712,0.018258426966292134,,0,0.8571428571428571,14,0.0,13
pilot_holdout,full,0.0,0.03,0.03,49,34,0.2647058823529412,705,0.018439716312056736,,0,0.6428571428571429,14,0.0,20
pilot_holdout,full,0.1,0.03,0.03,0,63,0.38095238095238093,676,0.019230769230769232,0.5909090909090909,22,0.7692307692307693,13,0.0,23
pilot_holdout,full,0.1,0.03,0.03,1,59,0.3728813559322034,680,0.020588235294117647,0.4230769230769231,26,0.7857142857142857,14,0.0,19
pilot_holdout,full,0.1,0.03,0.03,2,51,0.45098039215686275,688,0.0188953488372093,0.76,25,0.2857142857142857,14,0.0,11
pilot_holdout,full,0.1,0.03,0.03,3,54,0.6111111111111112,685,0.017518248175182483,0.8461538461538461,26,0.7857142857142857,14,0.0,14
pilot_holdout,full,0.1,0.03,0.03,4,69,0.37681159420289856,670,0.016417910447761194,0.64,25,0.6153846153846154,13,0.034482758620689655,29
pilot_holdout,full,0.1,0.03,0.03,5,52,0.5192307692307693,687,0.01601164483260553,0.6923076923076923,26,0.6923076923076923,13,0.0,12
pilot_holdout,full,0.1,0.03,0.03,6,51,0.4117647058823529,688,0.014534883720930232,0.46153846153846156,26,0.6153846153846154,13,0.0,11
pilot_holdout,full,0.1,0.03,0.03,7,52,0.40384615384615385,687,0.018922852983988356,0.5,26,0.5714285714285714,14,0.0,12
pilot_holdout,full,0.1,0.03,0.03,8,70,0.35714285714285715,669,0.017937219730941704,0.56,25,0.7692307692307693,13,0.0,30
pilot_holdout,full,0.1,0.03,0.03,9,49,0.7346938775510204,690,0.01884057971014493,0.88,25,0.9285714285714286,14,0.0,9
pilot_holdout,full,0.1,0.03,0.03,10,54,0.4074074074074074,685,0.01897810218978102,0.5,26,0.6428571428571429,14,0.0,14
pilot_holdout,full,0.1,0.03,0.03,11,51,0.43137254901960786,688,0.01744186046511628,0.48,25,0.7142857142857143,14,0.0,11
pilot_holdout,full,0.1,0.03,0.03,12,54,0.35185185185185186,685,0.017518248175182483,0.375,24,0.5714285714285714,14,0.0,14
pilot_holdout,full,0.1,0.03,0.03,13,51,0.5294117647058824,688,0.02180232558139535,0.6153846153846154,26,0.7857142857142857,14,0.0,11
pilot_holdout,full,0.1,0.03,0.03,14,71,0.4507042253521127,668,0.014970059880239521,0.76,25,0.7142857142857143,14,0.06451612903225806,31
pilot_holdout,full,0.1,0.03,0.03,15,52,0.4807692307692308,687,0.018922852983988356,0.46153846153846156,26,0.9285714285714286,14,0.0,12
pilot_holdout,full,0.1,0.03,0.03,16,66,0.36363636363636365,673,0.017830609212481426,0.5769230769230769,26,0.5,14,0.07692307692307693,26
pilot_holdout,full,0.1,0.03,0.03,17,59,0.3728813559322034,680,0.01764705882352941,0.56,25,0.5714285714285714,14,0.0,19
pilot_holdout,full,0.1,0.03,0.03,18,61,0.36065573770491804,678,0.016224188790560472,0.5384615384615384,26,0.5714285714285714,14,0.0,21
pilot_holdout,full,0.1,0.03,0.03,19,57,0.49122807017543857,682,0.01906158357771261,0.76,25,0.5714285714285714,14,0.0,17
pilot_holdout,full,0.1,0.03,0.03,20,65,0.35384615384615387,674,0.020771513353115726,0.5769230769230769,26,0.6153846153846154,13,0.0,25
pilot_holdout,full,0.1,0.03,0.03,21,58,0.5689655172413793,681,0.01762114537444934,0.88,25,0.7142857142857143,14,0.05555555555555555,18
pilot_holdout,full,0.1,0.03,0.03,22,61,0.3442622950819672,678,0.014749262536873156,0.56,25,0.42857142857142855,14,0.047619047619047616,21
pilot_holdout,full,0.1,0.03,0.03,23,59,0.4067796610169492,680,0.023529411764705882,0.6153846153846154,26,0.5714285714285714,14,0.0,19
pilot_holdout,full,0.1,0.03,0.03,24,71,0.36619718309859156,668,0.014970059880239521,0.625,24,0.7692307692307693,13,0.03225806451612903,31
pilot_holdout,full,0.1,0.03,0.03,25,72,0.3611111111111111,667,0.017991004497751123,0.7272727272727273,22,0.6923076923076923,13,0.0,32
pilot_holdout,full,0.1,0.03,0.03,26,58,0.41379310344827586,681,0.016152716593245228,0.625,24,0.6153846153846154,13,0.0,18
pilot_holdout,full,0.1,0.03,0.03,27,56,0.42857142857142855,683,0.017569546120058566,0.6666666666666666,24,0.5714285714285714,14,0.0,16
pilot_holdout,full,0.1,0.03,0.03,28,66,0.3939393939393939,673,0.0237741456166419,0.5833333333333334,24,0.8571428571428571,14,0.0,26
pilot_holdout,full,0.1,0.03,0.03,29,55,0.4909090909090909,684,0.01608187134502924,0.64,25,0.6666666666666666,12,0.13333333333333333,15
pilot_holdout,full,0.1,0.03,0.03,30,50,0.5,689,0.018867924528301886,0.7692307692307693,26,0.35714285714285715,14,0.0,10
pilot_holdout,full,0.1,0.03,0.03,31,70,0.3,669,0.014947683109118086,0.6086956521739131,23,0.5833333333333334,12,0.0,30
pilot_holdout,full,0.1,0.03,0.03,32,50,0.56,689,0.01741654571843251,0.5769230769230769,26,0.9285714285714286,14,0.0,10
pilot_holdout,full,0.1,0.03,0.03,33,52,0.6153846153846154,687,0.017467248908296942,0.7692307692307693,26,0.8571428571428571,14,0.0,12
pilot_holdout,full,0.1,0.03,0.03,34,63,0.47619047619047616,676,0.014792899408284023,0.6923076923076923,26,0.7857142857142857,14,0.043478260869565216,23
pilot_holdout,full,0.1,0.03,0.03,35,60,0.4166666666666667,679,0.01914580265095729,0.6,25,0.6428571428571429,14,0.05,20
pilot_holdout,full,0.1,0.03,0.03,36,69,0.42028985507246375,670,0.013432835820895522,0.6086956521739131,23,0.8571428571428571,14,0.10344827586206896,29
pilot_holdout,full,0.1,0.03,0.03,37,53,0.5283018867924528,686,0.01749271137026239,0.68,25,0.7857142857142857,14,0.0,13
pilot_holdout,full,0.1,0.03,0.03,38,50,0.56,689,0.01741654571843251,0.76,25,0.6428571428571429,14,0.0,10
pilot_holdout,full,0.1,0.03,0.03,39,65,0.4307692307692308,674,0.017804154302670624,0.68,25,0.6923076923076923,13,0.0,25
pilot_holdout,full,0.1,0.03,0.03,40,50,0.58,689,0.018867924528301886,0.6923076923076923,26,0.75,12,0.0,10
pilot_holdout,full,0.1,0.03,0.03,41,56,0.44642857142857145,683,0.014641288433382138,0.6923076923076923,26,0.5,14,0.0,16
pilot_holdout,full,0.1,0.03,0.03,42,52,0.5192307692307693,687,0.018922852983988356,0.6538461538461539,26,0.7142857142857143,14,0.0,12
pilot_holdout,full,0.1,0.03,0.03,43,63,0.4126984126984127,676,0.019230769230769232,0.6153846153846154,26,0.7142857142857143,14,0.0,23
pilot_holdout,full,0.1,0.03,0.03,44,58,0.4482758620689655,681,0.01908957415565345,0.56,25,0.7857142857142857,14,0.05555555555555555,18
pilot_holdout,full,0.1,0.03,0.03,45,62,0.43548387096774194,677,0.022156573116691284,0.7307692307692307,26,0.5714285714285714,14,0.0,22
pilot_holdout,full,0.1,0.03,0.03,46,57,0.47368421052631576,682,0.017595307917888565,0.76,25,0.5714285714285714,14,0.0,17
pilot_holdout,full,0.1,0.03,0.03,47,51,0.37254901960784315,688,0.01744186046511628,0.52,25,0.42857142857142855,14,0.0,11
pilot_holdout,full,0.1,0.03,0.03,48,71,0.4084507042253521,668,0.011976047904191617,0.64,25,0.7857142857142857,14,0.06451612903225806,31
pilot_holdout,full,0.1,0.03,0.03,49,68,0.5,671,0.01639344262295082,0.8,25,0.7142857142857143,14,0.10714285714285714,28
pilot_holdout,full,0.25,0.03,0.03,0,117,0.42735042735042733,622,0.02090032154340836,0.5645161290322581,62,0.6428571428571429,14,0.07894736842105263,38
pilot_holdout,full,0.25,0.03,0.03,1,102,0.39215686274509803,637,0.01726844583987441,0.5254237288135594,59,0.6666666666666666,12,0.0,23
pilot_holdout,full,0.25,0.03,0.03,2,95,0.4842105263157895,644,0.021739130434782608,0.5714285714285714,63,0.6153846153846154,13,0.0,16
pilot_holdout,full,0.25,0.03,0.03,3,97,0.44329896907216493,642,0.01557632398753894,0.5238095238095238,63,0.6428571428571429,14,0.0,18
pilot_holdout,full,0.25,0.03,0.03,4,89,0.48314606741573035,650,0.02,0.546875,64,0.5714285714285714,14,0.0,10
pilot_holdout,full,0.25,0.03,0.03,5,110,0.34545454545454546,629,0.012718600953895072,0.5,62,0.35714285714285715,14,0.0,31
pilot_holdout,full,0.25,0.03,0.03,6,95,0.5263157894736842,644,0.015527950310559006,0.59375,64,0.8461538461538461,13,0.0,16
pilot_holdout,full,0.25,0.03,0.03,7,103,0.4368932038834951,636,0.02358490566037736,0.5538461538461539,65,0.5714285714285714,14,0.041666666666666664,24
pilot_holdout,full,0.25,0.03,0.03,8,88,0.5340909090909091,651,0.029185867895545316,0.5384615384615384,65,0.8461538461538461,13,0.0,9
pilot_holdout,full,0.25,0.03,0.03,9,100,0.4,639,0.028169014084507043,0.5,62,0.6153846153846154,13,0.047619047619047616,21
pilot_holdout,full,0.25,0.03,0.03,10,96,0.4583333333333333,643,0.027993779160186624,0.41935483870967744,62,0.9285714285714286,14,0.11764705882352941,17
pilot_holdout,full,0.25,0.03,0.03,11,94,0.5425531914893617,645,0.020155038759689922,0.65,60,0.7142857142857143,14,0.06666666666666667,15
pilot_holdout,full,0.25,0.03,0.03,12,102,0.45098039215686275,637,0.018838304552590265,0.6031746031746031,63,0.5384615384615384,13,0.0,23
pilot_holdout,full,0.25,0.03,0.03,13,88,0.4659090909090909,651,0.016897081413210446,0.46875,64,0.7142857142857143,14,0.0,9
pilot_holdout,full,0.25,0.03,0.03,14,95,0.4842105263157895,644,0.026397515527950312,0.5396825396825397,63,0.8461538461538461,13,0.0,16
pilot_holdout,full,0.25,0.03,0.03,15,116,0.3275862068965517,623,0.01765650080256822,0.4406779661016949,59,0.7857142857142857,14,0.0,37
pilot_holdout,full,0.25,0.03,0.03,16,107,0.411214953271028,632,0.028481012658227847,0.5806451612903226,62,0.5714285714285714,14,0.0,28
pilot_holdout,full,0.25,0.03,0.03,17,109,0.3853211009174312,630,0.012698412698412698,0.5517241379310345,58,0.5384615384615384,13,0.06666666666666667,30
pilot_holdout,full,0.25,0.03,0.03,18,93,0.44086021505376344,646,0.017027863777089782,0.5555555555555556,63,0.5,12,0.0,14
pilot_holdout,full,0.25,0.03,0.03,19,100,0.44,639,0.018779342723004695,0.53125,64,0.6428571428571429,14,0.0,21
pilot_holdout,full,0.25,0.03,0.03,20,90,0.5777777777777777,649,0.020030816640986132,0.71875,64,0.3076923076923077,13,0.0,11
pilot_holdout,full,0.25,0.03,0.03,21,105,0.44761904761904764,634,0.012618296529968454,0.6229508196721312,61,0.6153846153846154,13,0.038461538461538464,26
pilot_holdout,full,0.25,0.03,0.03,22,92,0.45652173913043476,647,0.017001545595054096,0.5076923076923077,65,0.6428571428571429,14,0.0,13
pilot_holdout,full,0.25,0.03,0.03,23,91,0.5494505494505495,648,0.030864197530864196,0.640625,64,0.6428571428571429,14,0.0,12
pilot_holdout,full,0.25,0.03,0.03,24,98,0.46938775510204084,641,0.0202808112324493,0.5714285714285714,63,0.7142857142857143,14,0.0,19
pilot_holdout,full,0.25,0.03,0.03,25,96,0.4375,643,0.01866251944012442,0.5396825396825397,63,0.6153846153846154,13,0.0,17
pilot_holdout,full,0.25,0.03,0.03,26,90,0.5222222222222223,649,0.020030816640986132,0.5692307692307692,65,0.6923076923076923,13,0.0,11
pilot_holdout,full,0.25,0.03,0.03,27,90,0.5,649,0.01848998459167951,0.4915254237288136,59,0.8461538461538461,13,0.0,11
pilot_holdout,full,0.25,0.03,0.03,28,102,0.45098039215686275,637,0.018838304552590265,0.6031746031746031,63,0.5384615384615384,13,0.043478260869565216,23
pilot_holdout,full,0.25,0.03,0.03,29,89,0.4943820224719101,650,0.021538461538461538,0.5230769230769231,65,0.6923076923076923,13,0.0,10
pilot_holdout,full,0.25,0.03,0.03,30,91,0.5384615384615384,648,0.020061728395061727,0.578125,64,0.8461538461538461,13,0.0,12
pilot_holdout,full,0.25,0.03,0.03,31,109,0.44036697247706424,630,0.020634920634920634,0.578125,64,0.7857142857142857,14,0.0,30
pilot_holdout,full,0.25,0.03,0.03,32,90,0.4888888888888889,649,0.02157164869029276,0.484375,64,0.8571428571428571,14,0.0,11
pilot_holdout,full,0.25,0.03,0.03,33,98,0.4897959183673469,641,0.0218408736349454,0.609375,64,0.6666666666666666,12,0.0,19
pilot_holdout,full,0.25,0.03,0.03,34,89,0.5730337078651685,650,0.018461538461538463,0.59375,64,0.8571428571428571,14,0.0,10
pilot_holdout,full,0.25,0.03,0.03,35,87,0.5057471264367817,652,0.02147239263803681,0.5079365079365079,63,0.7142857142857143,14,0.0,8
pilot_holdout,full,0.25,0.03,0.03,36,89,0.5842696629213483,650,0.02,0.640625,64,0.8461538461538461,13,0.0,10
pilot_holdout,full,0.25,0.03,0.03,37,92,0.4673913043478261,647,0.02627511591962906,0.5692307692307692,65,0.42857142857142855,14,0.0,13
pilot_holdout,full,0.25,0.03,0.03,38,109,0.3486238532110092,630,0.025396825396825397,0.45901639344262296,61,0.6153846153846154,13,0.0,30
pilot_holdout,full,0.25,0.03,0.03,39,90,0.5333333333333333,649,0.02773497688751926,0.6,65,0.6428571428571429,14,0.0,11
pilot_holdout,full,0.25,0.03,0.03,40,106,0.5,633,0.01579778830963665,0.5833333333333334,60,0.5714285714285714,14,0.2222222222222222,27
pilot_holdout,full,0.25,0.03,0.03,41,90,0.4,649,0.02465331278890601,0.4461538461538462,65,0.5384615384615384,13,0.0,11
pilot_holdout,full,0.25,0.03,0.03,42,101,0.5148514851485149,638,0.018808777429467086,0.640625,64,0.7142857142857143,14,0.0,22
pilot_holdout,full,0.25,0.03,0.03,43,95,0.5052631578947369,644,0.023291925465838508,0.5573770491803278,61,0.7857142857142857,14,0.0,16
pilot_holdout,full,0.25,0.03,0.03,44,113,0.4424778761061947,626,0.01437699680511182,0.6229508196721312,61,0.5714285714285714,14,0.029411764705882353,34
pilot_holdout,full,0.25,0.03,0.03,45,88,0.5681818181818182,651,0.02457757296466974,0.5873015873015873,63,0.7857142857142857,14,0.0,9
pilot_holdout,full,0.25,0.03,0.03,46,90,0.5444444444444444,649,0.023112480739599383,0.609375,64,0.6428571428571429,14,0.0,11
pilot_holdout,full,0.25,0.03,0.03,47,94,0.46808510638297873,645,0.018604651162790697,0.6440677966101694,59,0.42857142857142855,14,0.0,15
pilot_holdout,full,0.25,0.03,0.03,48,100,0.49,639,0.017214397496087636,0.6349206349206349,63,0.5714285714285714,14,0.047619047619047616,21
pilot_holdout,full,0.25,0.03,0.03,49,89,0.48314606741573035,650,0.026153846153846153,0.5873015873015873,63,0.42857142857142855,14,0.0,10
pilot_holdout,full,0.5,0.03,0.03,0,158,0.3227848101265823,581,0.04130808950086059,0.272,125,0.7857142857142857,14,0.14285714285714285,14
pilot_holdout,full,0.5,0.03,0.03,1,155,0.3419354838709677,584,0.02910958904109589,0.3230769230769231,130,0.7857142857142857,14,0.0,11
pilot_holdout,full,0.5,0.03,0.03,2,151,0.32450331125827814,588,0.0391156462585034,0.272,125,0.7142857142857143,14,0.0,7
pilot_holdout,full,0.5,0.03,0.03,3,152,0.3684210526315789,587,0.03577512776831346,0.31746031746031744,126,0.7857142857142857,14,0.125,8
pilot_holdout,full,0.5,0.03,0.03,4,179,0.35195530726256985,560,0.030357142857142857,0.3620689655172414,116,0.8571428571428571,14,0.05714285714285714,35
pilot_holdout,full,0.5,0.03,0.03,5,179,0.31843575418994413,560,0.030357142857142857,0.36363636363636365,121,0.5,12,0.14285714285714285,35
pilot_holdout,full,0.5,0.03,0.03,6,177,0.2711864406779661,562,0.04092526690391459,0.29457364341085274,129,0.6923076923076923,13,0.030303030303030304,33
pilot_holdout,full,0.5,0.03,0.03,7,154,0.2922077922077922,585,0.018803418803418803,0.29457364341085274,129,0.5384615384615384,13,0.0,10
pilot_holdout,full,0.5,0.03,0.03,8,168,0.3630952380952381,571,0.024518388791593695,0.40310077519379844,129,0.6428571428571429,14,0.0,24
pilot_holdout,full,0.5,0.03,0.03,9,153,0.32679738562091504,586,0.023890784982935155,0.2755905511811024,127,0.8571428571428571,14,0.0,9
pilot_holdout,full,0.5,0.03,0.03,10,155,0.3419354838709677,584,0.03595890410958904,0.3488372093023256,129,0.5,14,0.0,11
pilot_holdout,full,0.5,0.03,0.03,11,158,0.33544303797468356,581,0.029259896729776247,0.336,125,0.7857142857142857,14,0.0,14
pilot_holdout,full,0.5,0.03,0.03,12,162,0.3148148148148148,577,0.038128249566724434,0.3488372093023256,129,0.46153846153846156,13,0.0,18
pilot_holdout,full,0.5,0.03,0.03,13,152,0.375,587,0.02555366269165247,0.3488372093023256,129,0.7857142857142857,14,0.0,8
pilot_holdout,full,0.5,0.03,0.03,14,166,0.3433734939759036,573,0.02443280977312391,0.36134453781512604,119,0.6428571428571429,14,0.0,22
pilot_holdout,full,0.5,0.03,0.03,15,168,0.31547619047619047,571,0.03152364273204904,0.30952380952380953,126,0.6923076923076923,13,0.041666666666666664,24
pilot_holdout,full,0.5,0.03,0.03,16,163,0.3558282208588957,576,0.022569444444444444,0.3643410852713178,129,0.7142857142857143,14,0.0,19
pilot_holdout,full,0.5,0.03,0.03,17,163,0.36809815950920244,576,0.027777777777777776,0.3968253968253968,126,0.5384615384615384,13,0.05263157894736842,19
pilot_holdout,full,0.5,0.03,0.03,18,154,0.38311688311688313,585,0.041025641025641026,0.3700787401574803,127,0.6428571428571429,14,0.0,10
pilot_holdout,full,0.5,0.03,0.03,19,151,0.33112582781456956,588,0.03231292517006803,0.33070866141732286,127,0.35714285714285715,14,0.0,7
pilot_holdout,full,0.5,0.03,0.03,20,155,0.36774193548387096,584,0.03424657534246575,0.3643410852713178,129,0.7142857142857143,14,0.0,11
pilot_holdout,full,0.5,0.03,0.03,21,152,0.35526315789473684,587,0.04088586030664395,0.3228346456692913,127,0.7142857142857143,14,0.0,8
pilot_holdout,full,0.5,0.03,0.03,22,153,0.29411764705882354,586,0.04607508532423208,0.2734375,128,0.5714285714285714,14,0.0,9
pilot_holdout,full,0.5,0.03,0.03,23,152,0.45394736842105265,587,0.04599659284497445,0.4453125,128,0.7692307692307693,13,0.0,8
pilot_holdout,full,0.5,0.03,0.03,24,157,0.3630573248407643,582,0.04639175257731959,0.33884297520661155,121,0.7142857142857143,14,0.15384615384615385,13
pilot_holdout,full,0.5,0.03,0.03,25,166,0.25903614457831325,573,0.029668411867364748,0.25196850393700787,127,0.7692307692307693,13,0.0,22
pilot_holdout,full,0.5,0.03,0.03,26,154,0.44155844155844154,585,0.02735042735042735,0.4375,128,0.7142857142857143,14,0.0,10
pilot_holdout,full,0.5,0.03,0.03,27,169,0.3254437869822485,570,0.02982456140350877,0.35537190082644626,121,0.7142857142857143,14,0.0,25
pilot_holdout,full,0.5,0.03,0.03,28,152,0.4473684210526316,587,0.03577512776831346,0.42063492063492064,126,0.7857142857142857,14,0.0,8
pilot_holdout,full,0.5,0.03,0.03,29,161,0.2484472049689441,578,0.04671280276816609,0.21774193548387097,124,0.5714285714285714,14,0.11764705882352941,17
pilot_holdout,full,0.5,0.03,0.03,30,153,0.40522875816993464,586,0.030716723549488054,0.4108527131782946,129,0.6428571428571429,14,0.0,9
pilot_holdout,full,0.5,0.03,0.03,31,155,0.2967741935483871,584,0.032534246575342464,0.30708661417322836,127,0.2857142857142857,14,0.0,11
pilot_holdout,full,0.5,0.03,0.03,32,154,0.38961038961038963,585,0.046153846153846156,0.373015873015873,126,0.7857142857142857,14,0.0,10
pilot_holdout,full,0.5,0.03,0.03,33,155,0.38064516129032255,584,0.039383561643835614,0.34710743801652894,121,0.5714285714285714,14,0.0,11
pilot_holdout,full,0.5,0.03,0.03,34,160,0.3375,579,0.02072538860103627,0.336,125,0.5714285714285714,14,0.0,16
pilot_holdout,full,0.5,0.03,0.03,35,192,0.296875,547,0.012797074954296161,0.392,125,0.5833333333333334,12,0.020833333333333332,48
pilot_holdout,full,0.5,0.03,0.03,36,165,0.3515151515151515,574,0.029616724738675958,0.3543307086614173,127,0.6428571428571429,14,0.047619047619047616,21
pilot_holdout,full,0.5,0.03,0.03,37,169,0.378698224852071,570,0.02631578947368421,0.4146341463414634,123,0.7142857142857143,14,0.0,25
pilot_holdout,full,0.5,0.03,0.03,38,155,0.2709677419354839,584,0.04452054794520548,0.23846153846153847,130,0.7692307692307693,13,0.0,11
pilot_holdout,full,0.5,0.03,0.03,39,166,0.3795180722891566,573,0.029668411867364748,0.3884297520661157,121,0.8461538461538461,13,0.0,22
pilot_holdout,full,0.5,0.03,0.03,40,156,0.47435897435897434,583,0.025728987993138937,0.3884297520661157,121,0.8571428571428571,14,0.5,12
pilot_holdout,full,0.5,0.03,0.03,41,157,0.4140127388535032,582,0.027491408934707903,0.3333333333333333,120,0.5714285714285714,14,0.5384615384615384,13
pilot_holdout,full,0.5,0.03,0.03,42,174,0.39655172413793105,565,0.019469026548672566,0.4,120,0.5,14,0.16666666666666666,30
pilot_holdout,full,0.5,0.03,0.03,43,162,0.2777777777777778,577,0.06412478336221837,0.2558139534883721,129,0.8461538461538461,13,0.0,18
pilot_holdout,full,0.5,0.03,0.03,44,157,0.445859872611465,582,0.03264604810996564,0.4098360655737705,122,0.6428571428571429,14,0.23076923076923078,13
pilot_holdout,full,0.5,0.03,0.03,45,160,0.3875,579,0.025906735751295335,0.3858267716535433,127,0.7857142857142857,14,0.0625,16
pilot_holdout,full,0.5,0.03,0.03,46,160,0.29375,579,0.031088082901554404,0.29365079365079366,126,0.6428571428571429,14,0.0,16
pilot_holdout,full,0.5,0.03,0.03,47,168,0.24404761904761904,571,0.03852889667250438,0.26229508196721313,122,0.46153846153846156,13,0.0,24
pilot_holdout,full,0.5,0.03,0.03,48,155,0.3419354838709677,584,0.03595890410958904,0.3230769230769231,130,0.7857142857142857,14,0.0,11
pilot_holdout,full,0.5,0.03,0.03,49,160,0.3125,579,0.037996545768566495,0.3253968253968254,126,0.5714285714285714,14,0.0,16
pilot_holdout,full,0.75,0.03,0.03,0,222,0.13513513513513514,517,0.05029013539651837,0.10256410256410256,195,0.7142857142857143,14,0.0,12
pilot_holdout,full,0.75,0.03,0.03,1,219,0.228310502283105,520,0.051923076923076926,0.18652849740932642,193,0.7857142857142857,14,0.0,9
pilot_holdout,full,0.75,0.03,0.03,2,228,0.18859649122807018,511,0.050880626223091974,0.14893617021276595,188,0.5,14,0.0,18
pilot_holdout,full,0.75,0.03,0.03,3,219,0.182648401826484,520,0.057692307692307696,0.15025906735751296,193,0.5714285714285714,14,0.0,9
pilot_holdout,full,0.75,0.03,0.03,4,220,0.19545454545454546,519,0.025048169556840076,0.16326530612244897,196,0.7857142857142857,14,0.0,10
pilot_holdout,full,0.75,0.03,0.03,5,229,0.2052401746724891,510,0.052941176470588235,0.1518324607329843,191,0.8571428571428571,14,0.05263157894736842,19
pilot_holdout,full,0.75,0.03,0.03,6,219,0.1461187214611872,520,0.046153846153846156,0.12435233160621761,193,0.35714285714285715,14,0.0,9
pilot_holdout,full,0.75,0.03,0.03,7,243,0.20987654320987653,496,0.04032258064516129,0.20105820105820105,189,0.6923076923076923,13,0.0,33
pilot_holdout,full,0.75,0.03,0.03,8,219,0.2328767123287671,520,0.03653846153846154,0.11956521739130435,184,0.8571428571428571,14,0.5555555555555556,9
pilot_holdout,full,0.75,0.03,0.03,9,233,0.15879828326180256,506,0.04940711462450593,0.12021857923497267,183,0.5833333333333334,12,0.08695652173913043,23
pilot_holdout,full,0.75,0.03,0.03,10,221,0.21266968325791855,518,0.04054054054054054,0.14893617021276595,188,0.7857142857142857,14,0.0,11
pilot_holdout,full,0.75,0.03,0.03,11,220,0.22727272727272727,519,0.03275529865125241,0.15217391304347827,184,0.5,14,0.3,10
pilot_holdout,full,0.75,0.03,0.03,12,222,0.18468468468468469,517,0.05415860735009671,0.15508021390374332,187,0.2857142857142857,14,0.0,12
pilot_holdout,full,0.75,0.03,0.03,13,223,0.14798206278026907,516,0.04844961240310078,0.10526315789473684,190,0.5,14,0.0,13
pilot_holdout,full,0.75,0.03,0.03,14,222,0.17117117117117117,517,0.059961315280464215,0.13157894736842105,190,0.42857142857142855,14,0.08333333333333333,12
pilot_holdout,full,0.75,0.03,0.03,15,219,0.2191780821917808,520,0.03461538461538462,0.15508021390374332,187,0.6428571428571429,14,0.1111111111111111,9
pilot_holdout,full,0.75,0.03,0.03,16,222,0.24774774774774774,517,0.03868471953578337,0.22448979591836735,196,0.7857142857142857,14,0.0,12
pilot_holdout,full,0.75,0.03,0.03,17,229,0.2314410480349345,510,0.045098039215686274,0.16393442622950818,183,0.5,14,0.21052631578947367,19
pilot_holdout,full,0.75,0.03,0.03,18,213,0.2535211267605634,526,0.045627376425855515,0.20526315789473684,190,0.6428571428571429,14,0.0,3
pilot_holdout,full,0.75,0.03,0.03,19,218,0.1743119266055046,521,0.0345489443378119,0.13541666666666666,192,0.5714285714285714,14,0.0,8
pilot_holdout,full,0.75,0.03,0.03,20,217,0.1889400921658986,522,0.0421455938697318,0.15025906735751296,193,0.7142857142857143,14,0.0,7
pilot_holdout,full,0.75,0.03,0.03,21,221,0.14479638009049775,518,0.032818532818532815,0.1134020618556701,194,0.6428571428571429,14,0.0,11
pilot_holdout,full,0.75,0.03,0.03,22,217,0.1152073732718894,522,0.04789272030651341,0.08290155440414508,193,0.42857142857142855,14,0.0,7
pilot_holdout,full,0.75,0.03,0.03,23,219,0.1643835616438356,520,0.07884615384615384,0.13989637305699482,193,0.4166666666666667,12,0.0,9
pilot_holdout,full,0.75,0.03,0.03,24,242,0.10330578512396695,497,0.04426559356136821,0.06951871657754011,187,0.6428571428571429,14,0.0625,32
pilot_holdout,full,0.75,0.03,0.03,25,221,0.17194570135746606,518,0.03667953667953668,0.12105263157894737,190,0.6923076923076923,13,0.0,11
pilot_holdout,full,0.75,0.03,0.03,26,222,0.21621621621621623,517,0.0367504835589942,0.19487179487179487,195,0.6428571428571429,14,0.0,12
pilot_holdout,full,0.75,0.03,0.03,27,234,0.19230769230769232,505,0.033663366336633666,0.16230366492146597,191,0.7857142857142857,14,0.0,24
pilot_holdout,full,0.75,0.03,0.03,28,223,0.18385650224215247,516,0.04844961240310078,0.13227513227513227,189,0.6923076923076923,13,0.0,13
pilot_holdout,full,0.75,0.03,0.03,29,226,0.18141592920353983,513,0.04483430799220273,0.16753926701570682,191,0.5714285714285714,14,0.0,16
pilot_holdout,full,0.75,0.03,0.03,30,219,0.1643835616438356,520,0.05,0.12435233160621761,193,0.6428571428571429,14,0.0,9
pilot_holdout,full,0.75,0.03,0.03,31,226,0.18141592920353983,513,0.03898635477582846,0.14659685863874344,191,0.5714285714285714,14,0.0,16
pilot_holdout,full,0.75,0.03,0.03,32,221,0.13574660633484162,518,0.04826254826254826,0.09743589743589744,195,0.7142857142857143,14,0.0,11
pilot_holdout,full,0.75,0.03,0.03,33,222,0.15765765765765766,517,0.05609284332688588,0.11855670103092783,194,0.7142857142857143,14,0.0,12
pilot_holdout,full,0.75,0.03,0.03,34,225,0.16444444444444445,514,0.03696498054474708,0.1256544502617801,191,0.8571428571428571,14,0.0,15
pilot_holdout,full,0.75,0.03,0.03,35,219,0.1780821917808219,520,0.05,0.13471502590673576,193,0.75,12,0.0,9
pilot_holdout,full,0.75,0.03,0.03,36,223,0.24663677130044842,516,0.03875968992248062,0.16759776536312848,179,0.6428571428571429,14,0.23076923076923078,13
pilot_holdout,full,0.75,0.03,0.03,37,231,0.22510822510822512,508,0.04133858267716536,0.15846994535519127,183,0.5,14,0.14285714285714285,21
pilot_holdout,full,0.75,0.03,0.03,38,222,0.24774774774774774,517,0.04642166344294004,0.1783783783783784,185,0.5714285714285714,14,0.25,12
pilot_holdout,full,0.75,0.03,0.03,39,227,0.12334801762114538,512,0.044921875,0.10204081632653061,196,0.6153846153846154,13,0.0,17
pilot_holdout,full,0.75,0.03,0.03,40,223,0.13452914798206278,516,0.04263565891472868,0.10714285714285714,196,0.6428571428571429,14,0.0,13
pilot_holdout,full,0.75,0.03,0.03,41,224,0.12946428571428573,515,0.04466019417475728,0.11282051282051282,195,0.46153846153846156,13,0.0,14
pilot_holdout,full,0.75,0.03,0.03,42,237,0.14767932489451477,502,0.04780876494023904,0.12371134020618557,194,0.7857142857142857,14,0.0,27
pilot_holdout,full,0.75,0.03,0.03,43,226,0.1415929203539823,513,0.03508771929824561,0.1076923076923077,195,0.7692307692307693,13,0.0,16
pilot_holdout,full,0.75,0.03,0.03,44,233,0.1888412017167382,506,0.03557312252964427,0.13978494623655913,186,0.6923076923076923,13,0.08695652173913043,23
pilot_holdout,full,0.75,0.03,0.03,45,219,0.1872146118721461,520,0.03653846153846154,0.11578947368421053,190,0.9230769230769231,13,0.0,9
pilot_holdout,full,0.75,0.03,0.03,46,222,0.18468468468468469,517,0.048355899419729204,0.13157894736842105,190,0.7142857142857143,14,0.08333333333333333,12
pilot_holdout,full,0.75,0.03,0.03,47,228,0.21052631578947367,511,0.04892367906066536,0.15789473684210525,190,0.7857142857142857,14,0.05555555555555555,18
pilot_holdout,full,0.75,0.03,0.03,48,223,0.16591928251121077,516,0.0562015503875969,0.1164021164021164,189,0.5714285714285714,14,0.0,13
pilot_holdout,full,0.75,0.03,0.03,49,219,0.2237442922374429,520,0.04230769230769231,0.18652849740932642,193,0.7142857142857143,14,0.0,9
pilot_holdout,full,1.0,0.03,0.03,0,297,0.07407407407407407,442,0.0,0.01652892561983471,242,0.5,14,0.0,22
pilot_holdout,full,1.0,0.03,0.03,1,294,0.11564625850340136,445,0.0,0.04838709677419355,248,0.6428571428571429,14,0.0,19
pilot_holdout,full,1.0,0.03,0.03,2,298,0.12416107382550336,441,0.0,0.04918032786885246,244,0.7,10,0.0,23
pilot_holdout,full,1.0,0.03,0.03,3,284,0.07042253521126761,455,0.0,0.04263565891472868,258,0.5,14,0.0,9
pilot_holdout,full,1.0,0.03,0.03,4,280,0.08214285714285714,459,0.0,0.046875,256,0.42857142857142855,14,0.0,5
pilot_holdout,full,1.0,0.03,0.03,5,283,0.07773851590106007,456,0.0,0.04633204633204633,259,0.6153846153846154,13,0.0,8
pilot_holdout,full,1.0,0.03,0.03,6,279,0.1111111111111111,460,0.0,0.04780876494023904,251,0.6428571428571429,14,0.0,4
pilot_holdout,full,1.0,0.03,0.03,7,283,0.11307420494699646,456,0.0,0.04838709677419355,248,0.5,14,0.0,8
pilot_holdout,full,1.0,0.03,0.03,8,297,0.12457912457912458,442,0.004524886877828055,0.04938271604938271,243,0.5,14,0.0,22
pilot_holdout,full,1.0,0.03,0.03,9,298,0.09731543624161074,441,0.0,0.047619047619047616,252,0.5714285714285714,14,0.0,23
pilot_holdout,full,1.0,0.03,0.03,10,282,0.09574468085106383,457,0.0,0.04669260700389105,257,0.7857142857142857,14,0.0,7
pilot_holdout,full,1.0,0.03,0.03,11,284,0.08098591549295775,455,0.002197802197802198,0.04669260700389105,257,0.5384615384615384,13,0.0,9
pilot_holdout,full,1.0,0.03,0.03,12,295,0.08813559322033898,444,0.0,0.04633204633204633,259,0.8571428571428571,14,0.0,20
pilot_holdout,full,1.0,0.03,0.03,13,281,0.099644128113879,458,0.002183406113537118,0.047058823529411764,255,0.7142857142857143,14,0.0,6
pilot_holdout,full,1.0,0.03,0.03,14,286,0.1048951048951049,453,0.0,0.04780876494023904,251,0.5714285714285714,14,0.0,11
pilot_holdout,full,1.0,0.03,0.03,15,280,0.10714285714285714,459,0.002178649237472767,0.047244094488188976,254,0.7857142857142857,14,0.0,5
pilot_holdout,full,1.0,0.03,0.03,16,293,0.11262798634812286,446,0.0,0.04838709677419355,248,0.6153846153846154,13,0.0,18
pilot_holdout,full,1.0,0.03,0.03,17,294,0.06802721088435375,445,0.0022471910112359553,0.04597701149425287,261,0.7272727272727273,11,0.0,19
pilot_holdout,full,1.0,0.03,0.03,18,296,0.14189189189189189,443,0.0,0.0502092050209205,239,0.5714285714285714,14,0.0,21
pilot_holdout,full,1.0,0.03,0.03,19,282,0.0851063829787234,457,0.0,0.046875,256,0.5,14,0.0,7
pilot_holdout,full,1.0,0.03,0.03,20,298,0.13758389261744966,441,0.0,0.04979253112033195,241,0.6428571428571429,14,0.0,23
pilot_holdout,full,1.0,0.03,0.03,21,283,0.09540636042402827,456,0.0021929824561403508,0.047244094488188976,254,0.5714285714285714,14,0.0,8
pilot_holdout,full,1.0,0.03,0.03,22,281,0.08896797153024912,458,0.006550218340611353,0.04669260700389105,257,0.6428571428571429,14,0.0,6
pilot_holdout,full,1.0,0.03,0.03,23,279,0.12544802867383512,460,0.0,0.04918032786885246,244,0.42857142857142855,14,0.0,4
pilot_holdout,full,1.0,0.03,0.03,24,282,0.09574468085106383,457,0.0,0.04669260700389105,257,0.7857142857142857,14,0.0,7
pilot_holdout,full,1.0,0.03,0.03,25,287,0.0627177700348432,452,0.0,0.04633204633204633,259,0.2857142857142857,14,0.0,12
pilot_holdout,full,1.0,0.03,0.03,26,294,0.10884353741496598,445,0.0,0.048,250,0.6428571428571429,14,0.0,19
pilot_holdout,full,1.0,0.03,0.03,27,279,0.1111111111111111,460,0.0,0.04780876494023904,251,0.6428571428571429,14,0.0,4
pilot_holdout,full,1.0,0.03,0.03,28,279,0.08960573476702509,460,0.0,0.046875,256,0.6153846153846154,13,0.0,4
pilot_holdout,full,1.0,0.03,0.03,29,290,0.11379310344827587,449,0.0,0.04838709677419355,248,0.46153846153846156,13,0.06666666666666667,15
pilot_holdout,full,1.0,0.03,0.03,30,283,0.09187279151943463,456,0.0,0.04669260700389105,257,0.7142857142857143,14,0.0,8
pilot_holdout,full,1.0,0.03,0.03,31,286,0.08391608391608392,453,0.011037527593818985,0.04743083003952569,253,0.2857142857142857,14,0.0,11
pilot_holdout,full,1.0,0.03,0.03,32,291,0.13058419243986255,448,0.0,0.04897959183673469,245,0.7142857142857143,14,0.0,16
pilot_holdout,full,1.0,0.03,0.03,33,292,0.07534246575342465,447,0.0,0.04633204633204633,259,0.6153846153846154,13,0.0,17
pilot_holdout,full,1.0,0.03,0.03,34,286,0.13636363636363635,453,0.0,0.04918032786885246,244,0.6363636363636364,11,0.0,11
pilot_holdout,full,1.0,0.03,0.03,35,282,0.09219858156028368,457,0.0,0.046875,256,0.6428571428571429,14,0.0,7
pilot_holdout,full,1.0,0.03,0.03,36,286,0.10139860139860139,453,0.0,0.047619047619047616,252,0.6153846153846154,13,0.0,11
pilot_holdout,full,1.0,0.03,0.03,37,282,0.09219858156028368,457,0.0,0.046875,256,0.6428571428571429,14,0.0,7
pilot_holdout,full,1.0,0.03,0.03,38,282,0.09574468085106383,457,0.0,0.04669260700389105,257,0.7857142857142857,14,0.0,7
pilot_holdout,full,1.0,0.03,0.03,39,296,0.060810810810810814,443,0.009029345372460496,0.04597701149425287,261,0.42857142857142855,14,0.0,21
pilot_holdout,full,1.0,0.03,0.03,40,287,0.08362369337979095,452,0.004424778761061947,0.04743083003952569,253,0.2857142857142857,14,0.0,12
pilot_holdout,full,1.0,0.03,0.03,41,277,0.10469314079422383,462,0.0,0.04743083003952569,253,0.6428571428571429,14,0.0,2
pilot_holdout,full,1.0,0.03,0.03,42,290,0.1103448275862069,449,0.0,0.04838709677419355,248,0.5,14,0.0,15
pilot_holdout,full,1.0,0.03,0.03,43,287,0.07317073170731707,452,0.0,0.046153846153846156,260,0.5714285714285714,14,0.0,12
pilot_holdout,full,1.0,0.03,0.03,44,279,0.1039426523297491,460,0.008695652173913044,0.047244094488188976,254,0.7142857142857143,14,0.0,4
pilot_holdout,full,1.0,0.03,0.03,45,287,0.08013937282229965,452,0.00663716814159292,0.04633204633204633,259,0.6428571428571429,14,0.0,12
pilot_holdout,full,1.0,0.03,0.03,46,288,0.10416666666666667,451,0.0,0.04743083003952569,253,0.7142857142857143,14,0.0,13
pilot_holdout,full,1.0,0.03,0.03,47,291,0.06529209621993128,448,0.002232142857142857,0.04633204633204633,259,0.4166666666666667,12,0.0,16
pilot_holdout,full,1.0,0.03,0.03,48,291,0.12714776632302405,448,0.0,0.04878048780487805,246,0.7142857142857143,14,0.0,16
pilot_holdout,full,1.0,0.03,0.03,49,284,0.09154929577464789,455,0.0,0.046875,256,0.6428571428571429,14,0.0,9
pilot_holdout,missing_only,0.0,0.0,0.0,0,0,,739,0.017591339648173207,,0,,0,,0
pilot_holdout,missing_only,0.0,0.0,0.0,1,0,,739,0.017591339648173207,,0,,0,,0
pilot_holdout,missing_only,0.0,0.0,0.0,2,0,,739,0.017591339648173207,,0,,0,,0
pilot_holdout,missing_only,0.0,0.0,0.0,3,0,,739,0.017591339648173207,,0,,0,,0
pilot_holdout,missing_only,0.0,0.0,0.0,4,0,,739,0.017591339648173207,,0,,0,,0
pilot_holdout,missing_only,0.0,0.0,0.0,5,0,,739,0.017591339648173207,,0,,0,,0
pilot_holdout,missing_only,0.0,0.0,0.0,6,0,,739,0.017591339648173207,,0,,0,,0
pilot_holdout,missing_only,0.0,0.0,0.0,7,0,,739,0.017591339648173207,,0,,0,,0
pilot_holdout,missing_only,0.0,0.0,0.0,8,0,,739,0.017591339648173207,,0,,0,,0
pilot_holdout,missing_only,0.0,0.0,0.0,9,0,,739,0.017591339648173207,,0,,0,,0
pilot_holdout,missing_only,0.0,0.0,0.0,10,0,,739,0.017591339648173207,,0,,0,,0
pilot_holdout,missing_only,0.0,0.0,0.0,11,0,,739,0.017591339648173207,,0,,0,,0
pilot_holdout,missing_only,0.0,0.0,0.0,12,0,,739,0.017591339648173207,,0,,0,,0
pilot_holdout,missing_only,0.0,0.0,0.0,13,0,,739,0.017591339648173207,,0,,0,,0
pilot_holdout,missing_only,0.0,0.0,0.0,14,0,,739,0.017591339648173207,,0,,0,,0
pilot_holdout,missing_only,0.0,0.0,0.0,15,0,,739,0.017591339648173207,,0,,0,,0
pilot_holdout,missing_only,0.0,0.0,0.0,16,0,,739,0.017591339648173207,,0,,0,,0
pilot_holdout,missing_only,0.0,0.0,0.0,17,0,,739,0.017591339648173207,,0,,0,,0
pilot_holdout,missing_only,0.0,0.0,0.0,18,0,,739,0.017591339648173207,,0,,0,,0
pilot_holdout,missing_only,0.0,0.0,0.0,19,0,,739,0.017591339648173207,,0,,0,,0
pilot_holdout,missing_only,0.0,0.0,0.0,20,0,,739,0.017591339648173207,,0,,0,,0
pilot_holdout,missing_only,0.0,0.0,0.0,21,0,,739,0.017591339648173207,,0,,0,,0
pilot_holdout,missing_only,0.0,0.0,0.0,22,0,,739,0.017591339648173207,,0,,0,,0
pilot_holdout,missing_only,0.0,0.0,0.0,23,0,,739,0.017591339648173207,,0,,0,,0
pilot_holdout,missing_only,0.0,0.0,0.0,24,0,,739,0.017591339648173207,,0,,0,,0
pilot_holdout,missing_only,0.0,0.0,0.0,25,0,,739,0.017591339648173207,,0,,0,,0
pilot_holdout,missing_only,0.0,0.0,0.0,26,0,,739,0.017591339648173207,,0,,0,,0
pilot_holdout,missing_only,0.0,0.0,0.0,27,0,,739,0.017591339648173207,,0,,0,,0
pilot_holdout,missing_only,0.0,0.0,0.0,28,0,,739,0.017591339648173207,,0,,0,,0
pilot_holdout,missing_only,0.0,0.0,0.0,29,0,,739,0.017591339648173207,,0,,0,,0
pilot_holdout,missing_only,0.0,0.0,0.0,30,0,,739,0.017591339648173207,,0,,0,,0
pilot_holdout,missing_only,0.0,0.0,0.0,31,0,,739,0.017591339648173207,,0,,0,,0
pilot_holdout,missing_only,0.0,0.0,0.0,32,0,,739,0.017591339648173207,,0,,0,,0
pilot_holdout,missing_only,0.0,0.0,0.0,33,0,,739,0.017591339648173207,,0,,0,,0
pilot_holdout,missing_only,0.0,0.0,0.0,34,0,,739,0.017591339648173207,,0,,0,,0
pilot_holdout,missing_only,0.0,0.0,0.0,35,0,,739,0.017591339648173207,,0,,0,,0
pilot_holdout,missing_only,0.0,0.0,0.0,36,0,,739,0.017591339648173207,,0,,0,,0
pilot_holdout,missing_only,0.0,0.0,0.0,37,0,,739,0.017591339648173207,,0,,0,,0
pilot_holdout,missing_only,0.0,0.0,0.0,38,0,,739,0.017591339648173207,,0,,0,,0
pilot_holdout,missing_only,0.0,0.0,0.0,39,0,,739,0.017591339648173207,,0,,0,,0
pilot_holdout,missing_only,0.0,0.0,0.0,40,0,,739,0.017591339648173207,,0,,0,,0
pilot_holdout,missing_only,0.0,0.0,0.0,41,0,,739,0.017591339648173207,,0,,0,,0
pilot_holdout,missing_only,0.0,0.0,0.0,42,0,,739,0.017591339648173207,,0,,0,,0
pilot_holdout,missing_only,0.0,0.0,0.0,43,0,,739,0.017591339648173207,,0,,0,,0
pilot_holdout,missing_only,0.0,0.0,0.0,44,0,,739,0.017591339648173207,,0,,0,,0
pilot_holdout,missing_only,0.0,0.0,0.0,45,0,,739,0.017591339648173207,,0,,0,,0
pilot_holdout,missing_only,0.0,0.0,0.0,46,0,,739,0.017591339648173207,,0,,0,,0
pilot_holdout,missing_only,0.0,0.0,0.0,47,0,,739,0.017591339648173207,,0,,0,,0
pilot_holdout,missing_only,0.0,0.0,0.0,48,0,,739,0.017591339648173207,,0,,0,,0
pilot_holdout,missing_only,0.0,0.0,0.0,49,0,,739,0.017591339648173207,,0,,0,,0
pilot_holdout,missing_only,0.1,0.0,0.0,0,26,0.6153846153846154,713,0.0182328190743338,0.6153846153846154,26,,0,,0
pilot_holdout,missing_only,0.1,0.0,0.0,1,26,0.5384615384615384,713,0.016830294530154277,0.5384615384615384,26,,0,,0
pilot_holdout,missing_only,0.1,0.0,0.0,2,26,0.7307692307692307,713,0.0182328190743338,0.7307692307692307,26,,0,,0
pilot_holdout,missing_only,0.1,0.0,0.0,3,26,0.6153846153846154,713,0.016830294530154277,0.6153846153846154,26,,0,,0
pilot_holdout,missing_only,0.1,0.0,0.0,4,26,0.6153846153846154,713,0.0182328190743338,0.6153846153846154,26,,0,,0
pilot_holdout,missing_only,0.1,0.0,0.0,5,26,0.5769230769230769,713,0.016830294530154277,0.5769230769230769,26,,0,,0
pilot_holdout,missing_only,0.1,0.0,0.0,6,26,0.5769230769230769,713,0.016830294530154277,0.5769230769230769,26,,0,,0
pilot_holdout,missing_only,0.1,0.0,0.0,7,26,0.6153846153846154,713,0.016830294530154277,0.6153846153846154,26,,0,,0
pilot_holdout,missing_only,0.1,0.0,0.0,8,26,0.6538461538461539,713,0.021037868162692847,0.6538461538461539,26,,0,,0
pilot_holdout,missing_only,0.1,0.0,0.0,9,26,0.6153846153846154,713,0.0182328190743338,0.6153846153846154,26,,0,,0
pilot_holdout,missing_only,0.1,0.0,0.0,10,26,0.7307692307692307,713,0.019635343618513323,0.7307692307692307,26,,0,,0
pilot_holdout,missing_only,0.1,0.0,0.0,11,26,0.5384615384615384,713,0.0182328190743338,0.5384615384615384,26,,0,,0
pilot_holdout,missing_only,0.1,0.0,0.0,12,26,0.46153846153846156,713,0.0182328190743338,0.46153846153846156,26,,0,,0
pilot_holdout,missing_only,0.1,0.0,0.0,13,26,0.7307692307692307,713,0.0182328190743338,0.7307692307692307,26,,0,,0
pilot_holdout,missing_only,0.1,0.0,0.0,14,26,0.5,713,0.021037868162692847,0.5,26,,0,,0
pilot_holdout,missing_only,0.1,0.0,0.0,15,26,0.6923076923076923,713,0.016830294530154277,0.6923076923076923,26,,0,,0
pilot_holdout,missing_only,0.1,0.0,0.0,16,26,0.8076923076923077,713,0.0182328190743338,0.8076923076923077,26,,0,,0
pilot_holdout,missing_only,0.1,0.0,0.0,17,26,0.6538461538461539,713,0.019635343618513323,0.6538461538461539,26,,0,,0
pilot_holdout,missing_only,0.1,0.0,0.0,18,26,0.5384615384615384,713,0.016830294530154277,0.5384615384615384,26,,0,,0
pilot_holdout,missing_only,0.1,0.0,0.0,19,26,0.46153846153846156,713,0.0182328190743338,0.46153846153846156,26,,0,,0
pilot_holdout,missing_only,0.1,0.0,0.0,20,26,0.6153846153846154,713,0.016830294530154277,0.6153846153846154,26,,0,,0
pilot_holdout,missing_only,0.1,0.0,0.0,21,26,0.6153846153846154,713,0.021037868162692847,0.6153846153846154,26,,0,,0
pilot_holdout,missing_only,0.1,0.0,0.0,22,26,0.6538461538461539,713,0.0182328190743338,0.6538461538461539,26,,0,,0
pilot_holdout,missing_only,0.1,0.0,0.0,23,26,0.6538461538461539,713,0.0182328190743338,0.6538461538461539,26,,0,,0
pilot_holdout,missing_only,0.1,0.0,0.0,24,26,0.5769230769230769,713,0.016830294530154277,0.5769230769230769,26,,0,,0
pilot_holdout,missing_only,0.1,0.0,0.0,25,26,0.7307692307692307,713,0.021037868162692847,0.7307692307692307,26,,0,,0
pilot_holdout,missing_only,0.1,0.0,0.0,26,26,0.5769230769230769,713,0.016830294530154277,0.5769230769230769,26,,0,,0
pilot_holdout,missing_only,0.1,0.0,0.0,27,26,0.6923076923076923,713,0.0182328190743338,0.6923076923076923,26,,0,,0
pilot_holdout,missing_only,0.1,0.0,0.0,28,26,0.6153846153846154,713,0.016830294530154277,0.6153846153846154,26,,0,,0
pilot_holdout,missing_only,0.1,0.0,0.0,29,26,0.8076923076923077,713,0.0182328190743338,0.8076923076923077,26,,0,,0
pilot_holdout,missing_only,0.1,0.0,0.0,30,26,0.6923076923076923,713,0.016830294530154277,0.6923076923076923,26,,0,,0
pilot_holdout,missing_only,0.1,0.0,0.0,31,26,0.5,713,0.016830294530154277,0.5,26,,0,,0
pilot_holdout,missing_only,0.1,0.0,0.0,32,26,0.6153846153846154,713,0.019635343618513323,0.6153846153846154,26,,0,,0
pilot_holdout,missing_only,0.1,0.0,0.0,33,26,0.6153846153846154,713,0.019635343618513323,0.6153846153846154,26,,0,,0
pilot_holdout,missing_only,0.1,0.0,0.0,34,26,0.6153846153846154,713,0.0182328190743338,0.6153846153846154,26,,0,,0
pilot_holdout,missing_only,0.1,0.0,0.0,35,26,0.6153846153846154,713,0.016830294530154277,0.6153846153846154,26,,0,,0
pilot_holdout,missing_only,0.1,0.0,0.0,36,26,0.6538461538461539,713,0.0182328190743338,0.6538461538461539,26,,0,,0
pilot_holdout,missing_only,0.1,0.0,0.0,37,26,0.6153846153846154,713,0.0182328190743338,0.6153846153846154,26,,0,,0
pilot_holdout,missing_only,0.1,0.0,0.0,38,26,0.6153846153846154,713,0.016830294530154277,0.6153846153846154,26,,0,,0
pilot_holdout,missing_only,0.1,0.0,0.0,39,26,0.6923076923076923,713,0.0182328190743338,0.6923076923076923,26,,0,,0
pilot_holdout,missing_only,0.1,0.0,0.0,40,26,0.5384615384615384,713,0.0182328190743338,0.5384615384615384,26,,0,,0
pilot_holdout,missing_only,0.1,0.0,0.0,41,26,0.5,713,0.016830294530154277,0.5,26,,0,,0
pilot_holdout,missing_only,0.1,0.0,0.0,42,26,0.6538461538461539,713,0.0182328190743338,0.6538461538461539,26,,0,,0
pilot_holdout,missing_only,0.1,0.0,0.0,43,26,0.5769230769230769,713,0.0182328190743338,0.5769230769230769,26,,0,,0
pilot_holdout,missing_only,0.1,0.0,0.0,44,26,0.6153846153846154,713,0.0182328190743338,0.6153846153846154,26,,0,,0
pilot_holdout,missing_only,0.1,0.0,0.0,45,26,0.5384615384615384,713,0.015427769985974754,0.5384615384615384,26,,0,,0
pilot_holdout,missing_only,0.1,0.0,0.0,46,26,0.7692307692307693,713,0.0182328190743338,0.7692307692307693,26,,0,,0
pilot_holdout,missing_only,0.1,0.0,0.0,47,26,0.6153846153846154,713,0.0182328190743338,0.6153846153846154,26,,0,,0
pilot_holdout,missing_only,0.1,0.0,0.0,48,26,0.5384615384615384,713,0.016830294530154277,0.5384615384615384,26,,0,,0
pilot_holdout,missing_only,0.1,0.0,0.0,49,26,0.46153846153846156,713,0.016830294530154277,0.46153846153846156,26,,0,,0
pilot_holdout,missing_only,0.25,0.0,0.0,0,65,0.6307692307692307,674,0.01483679525222552,0.6307692307692307,65,,0,,0
pilot_holdout,missing_only,0.25,0.0,0.0,1,65,0.5692307692307692,674,0.019287833827893175,0.5692307692307692,65,,0,,0
pilot_holdout,missing_only,0.25,0.0,0.0,2,65,0.6,674,0.019287833827893175,0.6,65,,0,,0
pilot_holdout,missing_only,0.25,0.0,0.0,3,65,0.49230769230769234,674,0.02225519287833828,0.49230769230769234,65,,0,,0
pilot_holdout,missing_only,0.25,0.0,0.0,4,65,0.6307692307692307,674,0.01483679525222552,0.6307692307692307,65,,0,,0
pilot_holdout,missing_only,0.25,0.0,0.0,5,65,0.5538461538461539,674,0.02225519287833828,0.5538461538461539,65,,0,,0
pilot_holdout,missing_only,0.25,0.0,0.0,6,65,0.6,674,0.019287833827893175,0.6,65,,0,,0
pilot_holdout,missing_only,0.25,0.0,0.0,7,65,0.6461538461538462,674,0.017804154302670624,0.6461538461538462,65,,0,,0
pilot_holdout,missing_only,0.25,0.0,0.0,8,65,0.5538461538461539,674,0.02373887240356083,0.5538461538461539,65,,0,,0
pilot_holdout,missing_only,0.25,0.0,0.0,9,65,0.676923076923077,674,0.02225519287833828,0.676923076923077,65,,0,,0
pilot_holdout,missing_only,0.25,0.0,0.0,10,65,0.6461538461538462,674,0.02373887240356083,0.6461538461538462,65,,0,,0
pilot_holdout,missing_only,0.25,0.0,0.0,11,65,0.6461538461538462,674,0.020771513353115726,0.6461538461538462,65,,0,,0
pilot_holdout,missing_only,0.25,0.0,0.0,12,65,0.6153846153846154,674,0.02225519287833828,0.6153846153846154,65,,0,,0
pilot_holdout,missing_only,0.25,0.0,0.0,13,65,0.47692307692307695,674,0.025222551928783383,0.47692307692307695,65,,0,,0
pilot_holdout,missing_only,0.25,0.0,0.0,14,65,0.46153846153846156,674,0.025222551928783383,0.46153846153846156,65,,0,,0
pilot_holdout,missing_only,0.25,0.0,0.0,15,65,0.5538461538461539,674,0.02967359050445104,0.5538461538461539,65,,0,,0
pilot_holdout,missing_only,0.25,0.0,0.0,16,65,0.5538461538461539,674,0.017804154302670624,0.5538461538461539,65,,0,,0
pilot_holdout,missing_only,0.25,0.0,0.0,17,65,0.5846153846153846,674,0.02225519287833828,0.5846153846153846,65,,0,,0
pilot_holdout,missing_only,0.25,0.0,0.0,18,65,0.35384615384615387,674,0.020771513353115726,0.35384615384615387,65,,0,,0
pilot_holdout,missing_only,0.25,0.0,0.0,19,65,0.6,674,0.01483679525222552,0.6,65,,0,,0
pilot_holdout,missing_only,0.25,0.0,0.0,20,65,0.5230769230769231,674,0.019287833827893175,0.5230769230769231,65,,0,,0
pilot_holdout,missing_only,0.25,0.0,0.0,21,65,0.5384615384615384,674,0.028189910979228485,0.5384615384615384,65,,0,,0
pilot_holdout,missing_only,0.25,0.0,0.0,22,65,0.6307692307692307,674,0.016320474777448073,0.6307692307692307,65,,0,,0
pilot_holdout,missing_only,0.25,0.0,0.0,23,65,0.5384615384615384,674,0.017804154302670624,0.5384615384615384,65,,0,,0
pilot_holdout,missing_only,0.25,0.0,0.0,24,65,0.5846153846153846,674,0.016320474777448073,0.5846153846153846,65,,0,,0
pilot_holdout,missing_only,0.25,0.0,0.0,25,65,0.4461538461538462,674,0.020771513353115726,0.4461538461538462,65,,0,,0
pilot_holdout,missing_only,0.25,0.0,0.0,26,65,0.5076923076923077,674,0.020771513353115726,0.5076923076923077,65,,0,,0
pilot_holdout,missing_only,0.25,0.0,0.0,27,65,0.6307692307692307,674,0.016320474777448073,0.6307692307692307,65,,0,,0
pilot_holdout,missing_only,0.25,0.0,0.0,28,65,0.5076923076923077,674,0.02225519287833828,0.5076923076923077,65,,0,,0
pilot_holdout,missing_only,0.25,0.0,0.0,29,65,0.5538461538461539,674,0.02373887240356083,0.5538461538461539,65,,0,,0
pilot_holdout,missing_only,0.25,0.0,0.0,30,65,0.5846153846153846,674,0.02967359050445104,0.5846153846153846,65,,0,,0
pilot_holdout,missing_only,0.25,0.0,0.0,31,65,0.5230769230769231,674,0.025222551928783383,0.5230769230769231,65,,0,,0
pilot_holdout,missing_only,0.25,0.0,0.0,32,65,0.4461538461538462,674,0.01483679525222552,0.4461538461538462,65,,0,,0
pilot_holdout,missing_only,0.25,0.0,0.0,33,65,0.5384615384615384,674,0.017804154302670624,0.5384615384615384,65,,0,,0
pilot_holdout,missing_only,0.25,0.0,0.0,34,65,0.6615384615384615,674,0.025222551928783383,0.6615384615384615,65,,0,,0
pilot_holdout,missing_only,0.25,0.0,0.0,35,65,0.5076923076923077,674,0.016320474777448073,0.5076923076923077,65,,0,,0
pilot_holdout,missing_only,0.25,0.0,0.0,36,65,0.5076923076923077,674,0.016320474777448073,0.5076923076923077,65,,0,,0
pilot_holdout,missing_only,0.25,0.0,0.0,37,65,0.5538461538461539,674,0.01483679525222552,0.5538461538461539,65,,0,,0
pilot_holdout,missing_only,0.25,0.0,0.0,38,65,0.6153846153846154,674,0.016320474777448073,0.6153846153846154,65,,0,,0
pilot_holdout,missing_only,0.25,0.0,0.0,39,65,0.6461538461538462,674,0.017804154302670624,0.6461538461538462,65,,0,,0
pilot_holdout,missing_only,0.25,0.0,0.0,40,65,0.5846153846153846,674,0.020771513353115726,0.5846153846153846,65,,0,,0
pilot_holdout,missing_only,0.25,0.0,0.0,41,65,0.5538461538461539,674,0.013353115727002967,0.5538461538461539,65,,0,,0
pilot_holdout,missing_only,0.25,0.0,0.0,42,65,0.5538461538461539,674,0.020771513353115726,0.5538461538461539,65,,0,,0
pilot_holdout,missing_only,0.25,0.0,0.0,43,65,0.5692307692307692,674,0.026706231454005934,0.5692307692307692,65,,0,,0
pilot_holdout,missing_only,0.25,0.0,0.0,44,65,0.35384615384615387,674,0.016320474777448073,0.35384615384615387,65,,0,,0
pilot_holdout,missing_only,0.25,0.0,0.0,45,65,0.5692307692307692,674,0.02225519287833828,0.5692307692307692,65,,0,,0
pilot_holdout,missing_only,0.25,0.0,0.0,46,65,0.6,674,0.02225519287833828,0.6,65,,0,,0
pilot_holdout,missing_only,0.25,0.0,0.0,47,65,0.5230769230769231,674,0.020771513353115726,0.5230769230769231,65,,0,,0
pilot_holdout,missing_only,0.25,0.0,0.0,48,65,0.47692307692307695,674,0.02225519287833828,0.47692307692307695,65,,0,,0
pilot_holdout,missing_only,0.25,0.0,0.0,49,65,0.5538461538461539,674,0.019287833827893175,0.5538461538461539,65,,0,,0
pilot_holdout,missing_only,0.5,0.0,0.0,0,130,0.34615384615384615,609,0.05090311986863711,0.34615384615384615,130,,0,,0
pilot_holdout,missing_only,0.5,0.0,0.0,1,130,0.45384615384615384,609,0.027914614121510674,0.45384615384615384,130,,0,,0
pilot_holdout,missing_only,0.5,0.0,0.0,2,130,0.2153846153846154,609,0.041050903119868636,0.2153846153846154,130,,0,,0
pilot_holdout,missing_only,0.5,0.0,0.0,3,130,0.34615384615384615,609,0.0361247947454844,0.34615384615384615,130,,0,,0
pilot_holdout,missing_only,0.5,0.0,0.0,4,130,0.3230769230769231,609,0.029556650246305417,0.3230769230769231,130,,0,,0
pilot_holdout,missing_only,0.5,0.0,0.0,5,130,0.3769230769230769,609,0.042692939244663386,0.3769230769230769,130,,0,,0
pilot_holdout,missing_only,0.5,0.0,0.0,6,130,0.36923076923076925,609,0.041050903119868636,0.36923076923076925,130,,0,,0
pilot_holdout,missing_only,0.5,0.0,0.0,7,130,0.4230769230769231,609,0.024630541871921183,0.4230769230769231,130,,0,,0
pilot_holdout,missing_only,0.5,0.0,0.0,8,130,0.2153846153846154,609,0.041050903119868636,0.2153846153846154,130,,0,,0
pilot_holdout,missing_only,0.5,0.0,0.0,9,130,0.3230769230769231,609,0.04926108374384237,0.3230769230769231,130,,0,,0
pilot_holdout,missing_only,0.5,0.0,0.0,10,130,0.33076923076923076,609,0.04926108374384237,0.33076923076923076,130,,0,,0
pilot_holdout,missing_only,0.5,0.0,0.0,11,130,0.35384615384615387,609,0.026272577996715927,0.35384615384615387,130,,0,,0
pilot_holdout,missing_only,0.5,0.0,0.0,12,130,0.35384615384615387,609,0.022988505747126436,0.35384615384615387,130,,0,,0
pilot_holdout,missing_only,0.5,0.0,0.0,13,130,0.38461538461538464,609,0.027914614121510674,0.38461538461538464,130,,0,,0
pilot_holdout,missing_only,0.5,0.0,0.0,14,130,0.34615384615384615,609,0.024630541871921183,0.34615384615384615,130,,0,,0
pilot_holdout,missing_only,0.5,0.0,0.0,15,130,0.3384615384615385,609,0.026272577996715927,0.3384615384615385,130,,0,,0
pilot_holdout,missing_only,0.5,0.0,0.0,16,130,0.34615384615384615,609,0.031198686371100164,0.34615384615384615,130,,0,,0
pilot_holdout,missing_only,0.5,0.0,0.0,17,130,0.3076923076923077,609,0.04433497536945813,0.3076923076923077,130,,0,,0
pilot_holdout,missing_only,0.5,0.0,0.0,18,130,0.3923076923076923,609,0.024630541871921183,0.3923076923076923,130,,0,,0
pilot_holdout,missing_only,0.5,0.0,0.0,19,130,0.33076923076923076,609,0.019704433497536946,0.33076923076923076,130,,0,,0
pilot_holdout,missing_only,0.5,0.0,0.0,20,130,0.3230769230769231,609,0.04597701149425287,0.3230769230769231,130,,0,,0
pilot_holdout,missing_only,0.5,0.0,0.0,21,130,0.35384615384615387,609,0.03284072249589491,0.35384615384615387,130,,0,,0
pilot_holdout,missing_only,0.5,0.0,0.0,22,130,0.33076923076923076,609,0.042692939244663386,0.33076923076923076,130,,0,,0
pilot_holdout,missing_only,0.5,0.0,0.0,23,130,0.4076923076923077,609,0.021346469622331693,0.4076923076923077,130,,0,,0
pilot_holdout,missing_only,0.5,0.0,0.0,24,130,0.34615384615384615,609,0.0361247947454844,0.34615384615384615,130,,0,,0
pilot_holdout,missing_only,0.5,0.0,0.0,25,130,0.2846153846153846,609,0.054187192118226604,0.2846153846153846,130,,0,,0
pilot_holdout,missing_only,0.5,0.0,0.0,26,130,0.4076923076923077,609,0.03940886699507389,0.4076923076923077,130,,0,,0
pilot_holdout,missing_only,0.5,0.0,0.0,27,130,0.3384615384615385,609,0.0361247947454844,0.3384615384615385,130,,0,,0
pilot_holdout,missing_only,0.5,0.0,0.0,28,130,0.3153846153846154,609,0.03284072249589491,0.3153846153846154,130,,0,,0
pilot_holdout,missing_only,0.5,0.0,0.0,29,130,0.3153846153846154,609,0.041050903119868636,0.3153846153846154,130,,0,,0
pilot_holdout,missing_only,0.5,0.0,0.0,30,130,0.3384615384615385,609,0.03940886699507389,0.3384615384615385,130,,0,,0
pilot_holdout,missing_only,0.5,0.0,0.0,31,130,0.3230769230769231,609,0.03776683087027915,0.3230769230769231,130,,0,,0
pilot_holdout,missing_only,0.5,0.0,0.0,32,130,0.4,609,0.016420361247947456,0.4,130,,0,,0
pilot_holdout,missing_only,0.5,0.0,0.0,33,130,0.3384615384615385,609,0.029556650246305417,0.3384615384615385,130,,0,,0
pilot_holdout,missing_only,0.5,0.0,0.0,34,130,0.33076923076923076,609,0.03284072249589491,0.33076923076923076,130,,0,,0
pilot_holdout,missing_only,0.5,0.0,0.0,35,130,0.3923076923076923,609,0.021346469622331693,0.3923076923076923,130,,0,,0
pilot_holdout,missing_only,0.5,0.0,0.0,36,130,0.36923076923076925,609,0.027914614121510674,0.36923076923076925,130,,0,,0
pilot_holdout,missing_only,0.5,0.0,0.0,37,130,0.38461538461538464,609,0.0361247947454844,0.38461538461538464,130,,0,,0
pilot_holdout,missing_only,0.5,0.0,0.0,38,130,0.4153846153846154,609,0.03284072249589491,0.4153846153846154,130,,0,,0
pilot_holdout,missing_only,0.5,0.0,0.0,39,130,0.3384615384615385,609,0.0361247947454844,0.3384615384615385,130,,0,,0
pilot_holdout,missing_only,0.5,0.0,0.0,40,130,0.3230769230769231,609,0.0361247947454844,0.3230769230769231,130,,0,,0
pilot_holdout,missing_only,0.5,0.0,0.0,41,130,0.2846153846153846,609,0.034482758620689655,0.2846153846153846,130,,0,,0
pilot_holdout,missing_only,0.5,0.0,0.0,42,130,0.3230769230769231,609,0.03940886699507389,0.3230769230769231,130,,0,,0
pilot_holdout,missing_only,0.5,0.0,0.0,43,130,0.3769230769230769,609,0.031198686371100164,0.3769230769230769,130,,0,,0
pilot_holdout,missing_only,0.5,0.0,0.0,44,130,0.38461538461538464,609,0.031198686371100164,0.38461538461538464,130,,0,,0
pilot_holdout,missing_only,0.5,0.0,0.0,45,130,0.2846153846153846,609,0.041050903119868636,0.2846153846153846,130,,0,,0
pilot_holdout,missing_only,0.5,0.0,0.0,46,130,0.4076923076923077,609,0.027914614121510674,0.4076923076923077,130,,0,,0
pilot_holdout,missing_only,0.5,0.0,0.0,47,130,0.3769230769230769,609,0.024630541871921183,0.3769230769230769,130,,0,,0
pilot_holdout,missing_only,0.5,0.0,0.0,48,130,0.23076923076923078,609,0.042692939244663386,0.23076923076923078,130,,0,,0
pilot_holdout,missing_only,0.5,0.0,0.0,49,130,0.3384615384615385,609,0.0361247947454844,0.3384615384615385,130,,0,,0
pilot_holdout,missing_only,0.75,0.0,0.0,0,196,0.1836734693877551,543,0.049723756906077346,0.1836734693877551,196,,0,,0
pilot_holdout,missing_only,0.75,0.0,0.0,1,196,0.11224489795918367,543,0.04604051565377532,0.11224489795918367,196,,0,,0
pilot_holdout,missing_only,0.75,0.0,0.0,2,196,0.14795918367346939,543,0.04419889502762431,0.14795918367346939,196,,0,,0
pilot_holdout,missing_only,0.75,0.0,0.0,3,196,0.09693877551020408,543,0.0423572744014733,0.09693877551020408,196,,0,,0
pilot_holdout,missing_only,0.75,0.0,0.0,4,196,0.1836734693877551,543,0.03314917127071823,0.1836734693877551,196,,0,,0
pilot_holdout,missing_only,0.75,0.0,0.0,5,196,0.11224489795918367,543,0.04419889502762431,0.11224489795918367,196,,0,,0
pilot_holdout,missing_only,0.75,0.0,0.0,6,196,0.14285714285714285,543,0.04419889502762431,0.14285714285714285,196,,0,,0
pilot_holdout,missing_only,0.75,0.0,0.0,7,196,0.17857142857142858,543,0.04419889502762431,0.17857142857142858,196,,0,,0
pilot_holdout,missing_only,0.75,0.0,0.0,8,196,0.11734693877551021,543,0.040515653775322284,0.11734693877551021,196,,0,,0
pilot_holdout,missing_only,0.75,0.0,0.0,9,196,0.15306122448979592,543,0.0423572744014733,0.15306122448979592,196,,0,,0
pilot_holdout,missing_only,0.75,0.0,0.0,10,196,0.15816326530612246,543,0.03867403314917127,0.15816326530612246,196,,0,,0
pilot_holdout,missing_only,0.75,0.0,0.0,11,196,0.15816326530612246,543,0.03867403314917127,0.15816326530612246,196,,0,,0
pilot_holdout,missing_only,0.75,0.0,0.0,12,196,0.10714285714285714,543,0.05156537753222836,0.10714285714285714,196,,0,,0
pilot_holdout,missing_only,0.75,0.0,0.0,13,196,0.12755102040816327,543,0.040515653775322284,0.12755102040816327,196,,0,,0
pilot_holdout,missing_only,0.75,0.0,0.0,14,196,0.14795918367346939,543,0.04604051565377532,0.14795918367346939,196,,0,,0
pilot_holdout,missing_only,0.75,0.0,0.0,15,196,0.1836734693877551,543,0.03683241252302026,0.1836734693877551,196,,0,,0
pilot_holdout,missing_only,0.75,0.0,0.0,16,196,0.10204081632653061,543,0.05156537753222836,0.10204081632653061,196,,0,,0
pilot_holdout,missing_only,0.75,0.0,0.0,17,196,0.14285714285714285,543,0.05156537753222836,0.14285714285714285,196,,0,,0
pilot_holdout,missing_only,0.75,0.0,0.0,18,196,0.14795918367346939,543,0.03867403314917127,0.14795918367346939,196,,0,,0
pilot_holdout,missing_only,0.75,0.0,0.0,19,196,0.22959183673469388,543,0.03130755064456722,0.22959183673469388,196,,0,,0
pilot_holdout,missing_only,0.75,0.0,0.0,20,196,0.15306122448979592,543,0.053406998158379376,0.15306122448979592,196,,0,,0
pilot_holdout,missing_only,0.75,0.0,0.0,21,196,0.1326530612244898,543,0.04788213627992634,0.1326530612244898,196,,0,,0
pilot_holdout,missing_only,0.75,0.0,0.0,22,196,0.1326530612244898,543,0.0423572744014733,0.1326530612244898,196,,0,,0
pilot_holdout,missing_only,0.75,0.0,0.0,23,196,0.16326530612244897,543,0.040515653775322284,0.16326530612244897,196,,0,,0
pilot_holdout,missing_only,0.75,0.0,0.0,24,196,0.15306122448979592,543,0.0423572744014733,0.15306122448979592,196,,0,,0
pilot_holdout,missing_only,0.75,0.0,0.0,25,196,0.09183673469387756,543,0.03867403314917127,0.09183673469387756,196,,0,,0
pilot_holdout,missing_only,0.75,0.0,0.0,26,196,0.15816326530612246,543,0.040515653775322284,0.15816326530612246,196,,0,,0
pilot_holdout,missing_only,0.75,0.0,0.0,27,196,0.11224489795918367,543,0.04788213627992634,0.11224489795918367,196,,0,,0
pilot_holdout,missing_only,0.75,0.0,0.0,28,196,0.10204081632653061,543,0.040515653775322284,0.10204081632653061,196,,0,,0
pilot_holdout,missing_only,0.75,0.0,0.0,29,196,0.14285714285714285,543,0.0423572744014733,0.14285714285714285,196,,0,,0
pilot_holdout,missing_only,0.75,0.0,0.0,30,196,0.16326530612244897,543,0.04788213627992634,0.16326530612244897,196,,0,,0
pilot_holdout,missing_only,0.75,0.0,0.0,31,196,0.14285714285714285,543,0.04419889502762431,0.14285714285714285,196,,0,,0
pilot_holdout,missing_only,0.75,0.0,0.0,32,196,0.1836734693877551,543,0.03867403314917127,0.1836734693877551,196,,0,,0
pilot_holdout,missing_only,0.75,0.0,0.0,33,196,0.10714285714285714,543,0.06077348066298342,0.10714285714285714,196,,0,,0
pilot_holdout,missing_only,0.75,0.0,0.0,34,196,0.14285714285714285,543,0.03683241252302026,0.14285714285714285,196,,0,,0
pilot_holdout,missing_only,0.75,0.0,0.0,35,196,0.12244897959183673,543,0.0423572744014733,0.12244897959183673,196,,0,,0
pilot_holdout,missing_only,0.75,0.0,0.0,36,196,0.1326530612244898,543,0.040515653775322284,0.1326530612244898,196,,0,,0
pilot_holdout,missing_only,0.75,0.0,0.0,37,196,0.1326530612244898,543,0.03683241252302026,0.1326530612244898,196,,0,,0
pilot_holdout,missing_only,0.75,0.0,0.0,38,196,0.1836734693877551,543,0.040515653775322284,0.1836734693877551,196,,0,,0
pilot_holdout,missing_only,0.75,0.0,0.0,39,196,0.15306122448979592,543,0.04419889502762431,0.15306122448979592,196,,0,,0
pilot_holdout,missing_only,0.75,0.0,0.0,40,196,0.17346938775510204,543,0.03867403314917127,0.17346938775510204,196,,0,,0
pilot_holdout,missing_only,0.75,0.0,0.0,41,196,0.14795918367346939,543,0.034990791896869246,0.14795918367346939,196,,0,,0
pilot_holdout,missing_only,0.75,0.0,0.0,42,196,0.1377551020408163,543,0.0423572744014733,0.1377551020408163,196,,0,,0
pilot_holdout,missing_only,0.75,0.0,0.0,43,196,0.14795918367346939,543,0.049723756906077346,0.14795918367346939,196,,0,,0
pilot_holdout,missing_only,0.75,0.0,0.0,44,196,0.11224489795918367,543,0.04788213627992634,0.11224489795918367,196,,0,,0
pilot_holdout,missing_only,0.75,0.0,0.0,45,196,0.15816326530612246,543,0.03867403314917127,0.15816326530612246,196,,0,,0
pilot_holdout,missing_only,0.75,0.0,0.0,46,196,0.14285714285714285,543,0.049723756906077346,0.14285714285714285,196,,0,,0
pilot_holdout,missing_only,0.75,0.0,0.0,47,196,0.15816326530612246,543,0.0423572744014733,0.15816326530612246,196,,0,,0
pilot_holdout,missing_only,0.75,0.0,0.0,48,196,0.14285714285714285,543,0.034990791896869246,0.14285714285714285,196,,0,,0
pilot_holdout,missing_only,0.75,0.0,0.0,49,196,0.15306122448979592,543,0.03130755064456722,0.15306122448979592,196,,0,,0
pilot_holdout,missing_only,1.0,0.0,0.0,0,261,0.04597701149425287,478,0.0,0.04597701149425287,261,,0,,0
pilot_holdout,missing_only,1.0,0.0,0.0,1,261,0.04597701149425287,478,0.0,0.04597701149425287,261,,0,,0
pilot_holdout,missing_only,1.0,0.0,0.0,2,261,0.04597701149425287,478,0.0,0.04597701149425287,261,,0,,0
pilot_holdout,missing_only,1.0,0.0,0.0,3,261,0.04597701149425287,478,0.0,0.04597701149425287,261,,0,,0
pilot_holdout,missing_only,1.0,0.0,0.0,4,261,0.04597701149425287,478,0.0,0.04597701149425287,261,,0,,0
pilot_holdout,missing_only,1.0,0.0,0.0,5,261,0.04597701149425287,478,0.0,0.04597701149425287,261,,0,,0
pilot_holdout,missing_only,1.0,0.0,0.0,6,261,0.04597701149425287,478,0.0,0.04597701149425287,261,,0,,0
pilot_holdout,missing_only,1.0,0.0,0.0,7,261,0.04597701149425287,478,0.0,0.04597701149425287,261,,0,,0
pilot_holdout,missing_only,1.0,0.0,0.0,8,261,0.04597701149425287,478,0.0,0.04597701149425287,261,,0,,0
pilot_holdout,missing_only,1.0,0.0,0.0,9,261,0.04597701149425287,478,0.0,0.04597701149425287,261,,0,,0
pilot_holdout,missing_only,1.0,0.0,0.0,10,261,0.04597701149425287,478,0.0,0.04597701149425287,261,,0,,0
pilot_holdout,missing_only,1.0,0.0,0.0,11,261,0.04597701149425287,478,0.0,0.04597701149425287,261,,0,,0
pilot_holdout,missing_only,1.0,0.0,0.0,12,261,0.04597701149425287,478,0.0,0.04597701149425287,261,,0,,0
pilot_holdout,missing_only,1.0,0.0,0.0,13,261,0.04597701149425287,478,0.0,0.04597701149425287,261,,0,,0
pilot_holdout,missing_only,1.0,0.0,0.0,14,261,0.04597701149425287,478,0.0,0.04597701149425287,261,,0,,0
pilot_holdout,missing_only,1.0,0.0,0.0,15,261,0.04597701149425287,478,0.0,0.04597701149425287,261,,0,,0
pilot_holdout,missing_only,1.0,0.0,0.0,16,261,0.04597701149425287,478,0.0,0.04597701149425287,261,,0,,0
pilot_holdout,missing_only,1.0,0.0,0.0,17,261,0.04597701149425287,478,0.0,0.04597701149425287,261,,0,,0
pilot_holdout,missing_only,1.0,0.0,0.0,18,261,0.04597701149425287,478,0.0,0.04597701149425287,261,,0,,0
pilot_holdout,missing_only,1.0,0.0,0.0,19,261,0.04597701149425287,478,0.0,0.04597701149425287,261,,0,,0
pilot_holdout,missing_only,1.0,0.0,0.0,20,261,0.04597701149425287,478,0.0,0.04597701149425287,261,,0,,0
pilot_holdout,missing_only,1.0,0.0,0.0,21,261,0.04597701149425287,478,0.0,0.04597701149425287,261,,0,,0
pilot_holdout,missing_only,1.0,0.0,0.0,22,261,0.04597701149425287,478,0.0,0.04597701149425287,261,,0,,0
pilot_holdout,missing_only,1.0,0.0,0.0,23,261,0.04597701149425287,478,0.0,0.04597701149425287,261,,0,,0
pilot_holdout,missing_only,1.0,0.0,0.0,24,261,0.04597701149425287,478,0.0,0.04597701149425287,261,,0,,0
pilot_holdout,missing_only,1.0,0.0,0.0,25,261,0.04597701149425287,478,0.0,0.04597701149425287,261,,0,,0
pilot_holdout,missing_only,1.0,0.0,0.0,26,261,0.04597701149425287,478,0.0,0.04597701149425287,261,,0,,0
pilot_holdout,missing_only,1.0,0.0,0.0,27,261,0.04597701149425287,478,0.0,0.04597701149425287,261,,0,,0
pilot_holdout,missing_only,1.0,0.0,0.0,28,261,0.04597701149425287,478,0.0,0.04597701149425287,261,,0,,0
pilot_holdout,missing_only,1.0,0.0,0.0,29,261,0.04597701149425287,478,0.0,0.04597701149425287,261,,0,,0
pilot_holdout,missing_only,1.0,0.0,0.0,30,261,0.04597701149425287,478,0.0,0.04597701149425287,261,,0,,0
pilot_holdout,missing_only,1.0,0.0,0.0,31,261,0.04597701149425287,478,0.0,0.04597701149425287,261,,0,,0
pilot_holdout,missing_only,1.0,0.0,0.0,32,261,0.04597701149425287,478,0.0,0.04597701149425287,261,,0,,0
pilot_holdout,missing_only,1.0,0.0,0.0,33,261,0.04597701149425287,478,0.0,0.04597701149425287,261,,0,,0
pilot_holdout,missing_only,1.0,0.0,0.0,34,261,0.04597701149425287,478,0.0,0.04597701149425287,261,,0,,0
pilot_holdout,missing_only,1.0,0.0,0.0,35,261,0.04597701149425287,478,0.0,0.04597701149425287,261,,0,,0
pilot_holdout,missing_only,1.0,0.0,0.0,36,261,0.04597701149425287,478,0.0,0.04597701149425287,261,,0,,0
pilot_holdout,missing_only,1.0,0.0,0.0,37,261,0.04597701149425287,478,0.0,0.04597701149425287,261,,0,,0
pilot_holdout,missing_only,1.0,0.0,0.0,38,261,0.04597701149425287,478,0.0,0.04597701149425287,261,,0,,0
pilot_holdout,missing_only,1.0,0.0,0.0,39,261,0.04597701149425287,478,0.0,0.04597701149425287,261,,0,,0
pilot_holdout,missing_only,1.0,0.0,0.0,40,261,0.04597701149425287,478,0.0,0.04597701149425287,261,,0,,0
pilot_holdout,missing_only,1.0,0.0,0.0,41,261,0.04597701149425287,478,0.0,0.04597701149425287,261,,0,,0
pilot_holdout,missing_only,1.0,0.0,0.0,42,261,0.04597701149425287,478,0.0,0.04597701149425287,261,,0,,0
pilot_holdout,missing_only,1.0,0.0,0.0,43,261,0.04597701149425287,478,0.0,0.04597701149425287,261,,0,,0
pilot_holdout,missing_only,1.0,0.0,0.0,44,261,0.04597701149425287,478,0.0,0.04597701149425287,261,,0,,0
pilot_holdout,missing_only,1.0,0.0,0.0,45,261,0.04597701149425287,478,0.0,0.04597701149425287,261,,0,,0
pilot_holdout,missing_only,1.0,0.0,0.0,46,261,0.04597701149425287,478,0.0,0.04597701149425287,261,,0,,0
pilot_holdout,missing_only,1.0,0.0,0.0,47,261,0.04597701149425287,478,0.0,0.04597701149425287,261,,0,,0
pilot_holdout,missing_only,1.0,0.0,0.0,48,261,0.04597701149425287,478,0.0,0.04597701149425287,261,,0,,0
pilot_holdout,missing_only,1.0,0.0,0.0,49,261,0.04597701149425287,478,0.0,0.04597701149425287,261,,0,,0
validation_prolific,full,0.0,0.03,0.03,0,26,0.2692307692307692,348,0.011494252873563218,,0,0.7777777777777778,9,0.0,17
validation_prolific,full,0.0,0.03,0.03,1,31,0.0967741935483871,343,0.008746355685131196,,0,0.375,8,0.0,22
validation_prolific,full,0.0,0.03,0.03,2,15,0.4666666666666667,359,0.011142061281337047,,0,0.7777777777777778,9,0.0,6
validation_prolific,full,0.0,0.03,0.03,3,16,0.3125,358,0.013966480446927373,,0,0.5555555555555556,9,0.0,7
validation_prolific,full,0.0,0.03,0.03,4,21,0.19047619047619047,353,0.0084985835694051,,0,0.3333333333333333,9,0.08333333333333333,12
validation_prolific,full,0.0,0.03,0.03,5,20,0.3,354,0.025423728813559324,,0,0.6666666666666666,9,0.0,11
validation_prolific,full,0.0,0.03,0.03,6,32,0.09375,342,0.011695906432748537,,0,0.375,8,0.0,23
validation_prolific,full,0.0,0.03,0.03,7,22,0.2727272727272727,352,0.008522727272727272,,0,0.5555555555555556,9,0.07692307692307693,13
validation_prolific,full,0.0,0.03,0.03,8,14,0.21428571428571427,360,0.008333333333333333,,0,0.3333333333333333,9,0.0,5
validation_prolific,full,0.0,0.03,0.03,9,18,0.4444444444444444,356,0.011235955056179775,,0,0.8888888888888888,9,0.0,9
validation_prolific,full,0.0,0.03,0.03,10,14,0.35714285714285715,360,0.025,,0,0.5555555555555556,9,0.0,5
validation_prolific,full,0.0,0.03,0.03,11,15,0.26666666666666666,359,0.025069637883008356,,0,0.4444444444444444,9,0.0,6
validation_prolific,full,0.0,0.03,0.03,12,15,0.3333333333333333,359,0.011142061281337047,,0,0.5,8,0.0,6
validation_prolific,full,0.0,0.03,0.03,13,27,0.25925925925925924,347,0.011527377521613832,,0,0.7777777777777778,9,0.0,18
validation_prolific,full,0.0,0.03,0.03,14,14,0.2857142857142857,360,0.008333333333333333,,0,0.4444444444444444,9,0.0,5
validation_prolific,full,0.0,0.03,0.03,15,16,0.4375,358,0.0111731843575419,,0,0.7777777777777778,9,0.0,7
validation_prolific,full,0.0,0.03,0.03,16,38,0.10526315789473684,336,0.011904761904761904,,0,0.5,8,0.0,29
validation_prolific,full,0.0,0.03,0.03,17,22,0.3181818181818182,352,0.008522727272727272,,0,0.6666666666666666,9,0.07692307692307693,13
validation_prolific,full,0.0,0.03,0.03,18,16,0.25,358,0.013966480446927373,,0,0.4444444444444444,9,0.0,7
validation_prolific,full,0.0,0.03,0.03,19,24,0.125,350,0.011428571428571429,,0,0.3333333333333333,9,0.0,15
validation_prolific,full,0.0,0.03,0.03,20,15,0.4666666666666667,359,0.011142061281337047,,0,0.7777777777777778,9,0.0,6
validation_prolific,full,0.0,0.03,0.03,21,13,0.38461538461538464,361,0.0110803324099723,,0,0.5555555555555556,9,0.0,4
validation_prolific,full,0.0,0.03,0.03,22,28,0.17857142857142858,346,0.011560693641618497,,0,0.5555555555555556,9,0.0,19
validation_prolific,full,0.0,0.03,0.03,23,14,0.42857142857142855,360,0.011111111111111112,,0,0.6666666666666666,9,0.0,5
validation_prolific,full,0.0,0.03,0.03,24,21,0.3333333333333333,353,0.0113314447592068,,0,0.7777777777777778,9,0.0,12
validation_prolific,full,0.0,0.03,0.03,25,29,0.2413793103448276,345,0.014492753623188406,,0,0.875,8,0.0,20
validation_prolific,full,0.0,0.03,0.03,26,14,0.14285714285714285,360,0.008333333333333333,,0,0.125,8,0.0,5
validation_prolific,full,0.0,0.03,0.03,27,22,0.2727272727272727,352,0.008522727272727272,,0,0.625,8,0.0,13
validation_prolific,full,0.0,0.03,0.03,28,14,0.42857142857142855,360,0.008333333333333333,,0,0.6666666666666666,9,0.0,5
validation_prolific,full,0.0,0.03,0.03,29,20,0.25,354,0.005649717514124294,,0,0.375,8,0.09090909090909091,11
validation_prolific,full,0.0,0.03,0.03,30,22,0.3181818181818182,352,0.011363636363636364,,0,0.7777777777777778,9,0.0,13
validation_prolific,full,0.0,0.03,0.03,31,15,0.2,359,0.011142061281337047,,0,0.3333333333333333,9,0.0,6
validation_prolific,full,0.0,0.03,0.03,32,15,0.4,359,0.011142061281337047,,0,0.6666666666666666,9,0.0,6
validation_prolific,full,0.0,0.03,0.03,33,14,0.5,360,0.011111111111111112,,0,0.7777777777777778,9,0.0,5
validation_prolific,full,0.0,0.03,0.03,34,36,0.16666666666666666,338,0.008875739644970414,,0,0.6666666666666666,9,0.0,27
validation_prolific,full,0.0,0.03,0.03,35,23,0.13043478260869565,351,0.011396011396011397,,0,0.375,8,0.0,14
validation_prolific,full,0.0,0.03,0.03,36,14,0.2857142857142857,360,0.008333333333333333,,0,0.4444444444444444,9,0.0,5
validation_prolific,full,0.0,0.03,0.03,37,36,0.1388888888888889,338,0.011834319526627219,,0,0.5555555555555556,9,0.0,27
validation_prolific,full,0.0,0.03,0.03,38,27,0.18518518518518517,347,0.005763688760806916,,0,0.375,8,0.1111111111111111,18
validation_prolific,full,0.0,0.03,0.03,39,20,0.3,354,0.014124293785310734,,0,0.6666666666666666,9,0.0,11
validation_prolific,full,0.0,0.03,0.03,40,14,0.2857142857142857,360,0.011111111111111112,,0,0.4444444444444444,9,0.0,5
validation_prolific,full,0.0,0.03,0.03,41,15,0.4666666666666667,359,0.008356545961002786,,0,0.7777777777777778,9,0.0,6
validation_prolific,full,0.0,0.03,0.03,42,14,0.42857142857142855,360,0.008333333333333333,,0,0.6666666666666666,9,0.0,5
validation_prolific,full,0.0,0.03,0.03,43,16,0.3125,358,0.0111731843575419,,0,0.5555555555555556,9,0.0,7
validation_prolific,full,0.0,0.03,0.03,44,19,0.2631578947368421,355,0.011267605633802818,,0,0.5555555555555556,9,0.0,10
validation_prolific,full,0.0,0.03,0.03,45,14,0.21428571428571427,360,0.011111111111111112,,0,0.3333333333333333,9,0.0,5
validation_prolific,full,0.0,0.03,0.03,46,15,0.4,359,0.008356545961002786,,0,0.6666666666666666,9,0.0,6
validation_prolific,full,0.0,0.03,0.03,47,17,0.4117647058823529,357,0.011204481792717087,,0,0.7777777777777778,9,0.0,8
validation_prolific,full,0.0,0.03,0.03,48,21,0.19047619047619047,353,0.014164305949008499,,0,0.4444444444444444,9,0.0,12
validation_prolific,full,0.0,0.03,0.03,49,14,0.35714285714285715,360,0.011111111111111112,,0,0.5555555555555556,9,0.0,5
validation_prolific,full,0.1,0.03,0.03,0,22,0.4090909090909091,352,0.005681818181818182,0.25,8,0.7777777777777778,9,0.0,5
validation_prolific,full,0.1,0.03,0.03,1,27,0.25925925925925924,347,0.020172910662824207,0.0,8,0.7777777777777778,9,0.0,10
validation_prolific,full,0.1,0.03,0.03,2,21,0.2857142857142857,353,0.0113314447592068,0.0,8,0.6666666666666666,9,0.0,4
validation_prolific,full,0.1,0.03,0.03,3,28,0.42857142857142855,346,0.008670520231213872,0.625,8,0.7777777777777778,9,0.0,11
validation_prolific,full,0.1,0.03,0.03,4,23,0.2608695652173913,351,0.011396011396011397,0.2857142857142857,7,0.3333333333333333,9,0.0,6
validation_prolific,full,0.1,0.03,0.03,5,22,0.5,352,0.022727272727272728,0.5,8,0.7777777777777778,9,0.0,5
validation_prolific,full,0.1,0.03,0.03,6,22,0.18181818181818182,352,0.011363636363636364,0.125,8,0.3333333333333333,9,0.0,5
validation_prolific,full,0.1,0.03,0.03,7,25,0.32,349,0.011461318051575931,0.25,8,0.6666666666666666,9,0.0,8
validation_prolific,full,0.1,0.03,0.03,8,22,0.22727272727272727,352,0.017045454545454544,0.0,8,0.5,8,0.0,5
validation_prolific,full,0.1,0.03,0.03,9,28,0.2857142857142857,346,0.02023121387283237,0.14285714285714285,7,0.75,8,0.0,11
validation_prolific,full,0.1,0.03,0.03,10,22,0.36363636363636365,352,0.005681818181818182,0.25,8,0.75,8,0.0,5
validation_prolific,full,0.1,0.03,0.03,11,21,0.38095238095238093,353,0.019830028328611898,0.375,8,0.5555555555555556,9,0.0,4
validation_prolific,full,0.1,0.03,0.03,12,21,0.2857142857142857,353,0.0084985835694051,0.25,8,0.4444444444444444,9,0.0,4
validation_prolific,full,0.1,0.03,0.03,13,23,0.30434782608695654,351,0.022792022792022793,0.5,8,0.3333333333333333,9,0.0,6
validation_prolific,full,0.1,0.03,0.03,14,22,0.2727272727272727,352,0.008522727272727272,0.125,8,0.5555555555555556,9,0.0,5
validation_prolific,full,0.1,0.03,0.03,15,22,0.2727272727272727,352,0.011363636363636364,0.25,8,0.4444444444444444,9,0.0,5
validation_prolific,full,0.1,0.03,0.03,16,29,0.2413793103448276,345,0.005797101449275362,0.25,8,0.5555555555555556,9,0.0,12
validation_prolific,full,0.1,0.03,0.03,17,32,0.34375,342,0.005847953216374269,0.625,8,0.625,8,0.0,15
validation_prolific,full,0.1,0.03,0.03,18,29,0.20689655172413793,345,0.02318840579710145,0.125,8,0.625,8,0.0,12
validation_prolific,full,0.1,0.03,0.03,19,22,0.3181818181818182,352,0.019886363636363636,0.375,8,0.4444444444444444,9,0.0,5
validation_prolific,full,0.1,0.03,0.03,20,23,0.30434782608695654,351,0.011396011396011397,0.375,8,0.5,8,0.0,6
validation_prolific,full,0.1,0.03,0.03,21,27,0.2962962962962963,347,0.008645533141210375,0.5714285714285714,7,0.5,8,0.0,10
validation_prolific,full,0.1,0.03,0.03,22,22,0.3181818181818182,352,0.022727272727272728,0.25,8,0.625,8,0.0,5
validation_prolific,full,0.1,0.03,0.03,23,29,0.3448275862068966,345,0.008695652173913044,0.375,8,0.7777777777777778,9,0.0,12
validation_prolific,full,0.1,0.03,0.03,24,20,0.3,354,0.00847457627118644,0.25,8,0.375,8,0.0,3
validation_prolific,full,0.1,0.03,0.03,25,22,0.3181818181818182,352,0.005681818181818182,0.125,8,0.6666666666666666,9,0.0,5
validation_prolific,full,0.1,0.03,0.03,26,21,0.42857142857142855,353,0.0084985835694051,0.14285714285714285,7,0.7777777777777778,9,0.0,4
validation_prolific,full,0.1,0.03,0.03,27,36,0.2777777777777778,338,0.008875739644970414,0.5,8,0.6666666666666666,9,0.0,19
validation_prolific,full,0.1,0.03,0.03,28,20,0.45,354,0.011299435028248588,0.25,8,0.75,8,0.0,3
validation_prolific,full,0.1,0.03,0.03,29,22,0.45454545454545453,352,0.019886363636363636,0.375,8,0.7777777777777778,9,0.0,5
validation_prolific,full,0.1,0.03,0.03,30,23,0.13043478260869565,351,0.022792022792022793,0.125,8,0.2222222222222222,9,0.0,6
validation_prolific,full,0.1,0.03,0.03,31,22,0.36363636363636365,352,0.022727272727272728,0.25,8,0.6666666666666666,9,0.0,5
validation_prolific,full,0.1,0.03,0.03,32,22,0.22727272727272727,352,0.022727272727272728,0.25,8,0.3333333333333333,9,0.0,5
validation_prolific,full,0.1,0.03,0.03,33,21,0.3333333333333333,353,0.0084985835694051,0.125,8,0.6666666666666666,9,0.0,4
validation_prolific,full,0.1,0.03,0.03,34,21,0.2857142857142857,353,0.0084985835694051,0.25,8,0.4444444444444444,9,0.0,4
validation_prolific,full,0.1,0.03,0.03,35,22,0.3181818181818182,352,0.008522727272727272,0.5,8,0.3333333333333333,9,0.0,5
validation_prolific,full,0.1,0.03,0.03,36,36,0.16666666666666666,338,0.011834319526627219,0.2857142857142857,7,0.5714285714285714,7,0.0,19
validation_prolific,full,0.1,0.03,0.03,37,21,0.2857142857142857,353,0.0226628895184136,0.125,8,0.5555555555555556,9,0.0,4
validation_prolific,full,0.1,0.03,0.03,38,21,0.19047619047619047,353,0.0056657223796034,0.14285714285714285,7,0.2222222222222222,9,0.0,4
validation_prolific,full,0.1,0.03,0.03,39,31,0.3225806451612903,343,0.0058309037900874635,0.16666666666666666,6,0.6666666666666666,9,0.07142857142857142,14
validation_prolific,full,0.1,0.03,0.03,40,22,0.3181818181818182,352,0.019886363636363636,0.125,8,0.6666666666666666,9,0.0,5
validation_prolific,full,0.1,0.03,0.03,41,22,0.18181818181818182,352,0.022727272727272728,0.125,8,0.3333333333333333,9,0.0,5
validation_prolific,full,0.1,0.03,0.03,42,37,0.1891891891891892,337,0.011869436201780416,0.25,8,0.5555555555555556,9,0.0,20
validation_prolific,full,0.1,0.03,0.03,43,27,0.2222222222222222,347,0.023054755043227664,0.25,8,0.4444444444444444,9,0.0,10
validation_prolific,full,0.1,0.03,0.03,44,21,0.23809523809523808,353,0.0084985835694051,0.125,8,0.4444444444444444,9,0.0,4
validation_prolific,full,0.1,0.03,0.03,45,23,0.2608695652173913,351,0.011396011396011397,0.25,8,0.4444444444444444,9,0.0,6
validation_prolific,full,0.1,0.03,0.03,46,28,0.32142857142857145,346,0.008670520231213872,0.42857142857142855,7,0.5555555555555556,9,0.0,11
validation_prolific,full,0.1,0.03,0.03,47,27,0.25925925925925924,347,0.023054755043227664,0.25,8,0.625,8,0.0,10
validation_prolific,full,0.1,0.03,0.03,48,22,0.3181818181818182,352,0.011363636363636364,0.375,8,0.4444444444444444,9,0.0,5
validation_prolific,full,0.1,0.03,0.03,49,21,0.42857142857142855,353,0.0113314447592068,0.375,8,0.6666666666666666,9,0.0,4
validation_prolific,full,0.25,0.03,0.03,0,40,0.25,334,0.008982035928143712,0.21052631578947367,19,0.5555555555555556,9,0.0,11
validation_prolific,full,0.25,0.03,0.03,1,34,0.35294117647058826,340,0.026470588235294117,0.2631578947368421,19,0.6666666666666666,9,0.0,5
validation_prolific,full,0.25,0.03,0.03,2,33,0.3333333333333333,341,0.017595307917888565,0.2,20,0.7777777777777778,9,0.0,4
validation_prolific,full,0.25,0.03,0.03,3,51,0.17647058823529413,323,0.021671826625386997,0.2,20,0.5555555555555556,9,0.0,22
validation_prolific,full,0.25,0.03,0.03,4,34,0.23529411764705882,340,0.023529411764705882,0.15,20,0.5,8,0.0,5
validation_prolific,full,0.25,0.03,0.03,5,38,0.21052631578947367,336,0.01488095238095238,0.15,20,0.625,8,0.0,9
validation_prolific,full,0.25,0.03,0.03,6,41,0.12195121951219512,333,0.021021021021021023,0.0,19,0.5555555555555556,9,0.0,12
validation_prolific,full,0.25,0.03,0.03,7,40,0.2,334,0.023952095808383235,0.15,20,0.5555555555555556,9,0.0,11
validation_prolific,full,0.25,0.03,0.03,8,41,0.21951219512195122,333,0.018018018018018018,0.15,20,0.6666666666666666,9,0.0,12
validation_prolific,full,0.25,0.03,0.03,9,35,0.2,339,0.02359882005899705,0.15,20,0.375,8,0.0,6
validation_prolific,full,0.25,0.03,0.03,10,33,0.18181818181818182,341,0.020527859237536656,0.15,20,0.3333333333333333,9,0.0,4
validation_prolific,full,0.25,0.03,0.03,11,36,0.19444444444444445,338,0.01775147928994083,0.2,20,0.3333333333333333,9,0.0,7
validation_prolific,full,0.25,0.03,0.03,12,43,0.23255813953488372,331,0.006042296072507553,0.35,20,0.3333333333333333,9,0.0,14
validation_prolific,full,0.25,0.03,0.03,13,35,0.22857142857142856,339,0.02064896755162242,0.1,20,0.75,8,0.0,6
validation_prolific,full,0.25,0.03,0.03,14,33,0.3333333333333333,341,0.002932551319648094,0.21052631578947367,19,0.6666666666666666,9,0.0,4
validation_prolific,full,0.25,0.03,0.03,15,36,0.2222222222222222,338,0.020710059171597635,0.2,20,0.4444444444444444,9,0.0,7
validation_prolific,full,0.25,0.03,0.03,16,34,0.23529411764705882,340,0.023529411764705882,0.25,20,0.3333333333333333,9,0.0,5
validation_prolific,full,0.25,0.03,0.03,17,36,0.2222222222222222,338,0.011834319526627219,0.15,20,0.5555555555555556,9,0.0,7
validation_prolific,full,0.25,0.03,0.03,18,38,0.2894736842105263,336,0.008928571428571428,0.2631578947368421,19,0.6666666666666666,9,0.0,9
validation_prolific,full,0.25,0.03,0.03,19,37,0.21621621621621623,337,0.020771513353115726,0.15789473684210525,19,0.5555555555555556,9,0.0,8
validation_prolific,full,0.25,0.03,0.03,20,34,0.35294117647058826,340,0.023529411764705882,0.35,20,0.5555555555555556,9,0.0,5
validation_prolific,full,0.25,0.03,0.03,21,36,0.19444444444444445,338,0.008875739644970414,0.15,20,0.4444444444444444,9,0.0,7
validation_prolific,full,0.25,0.03,0.03,22,38,0.2894736842105263,336,0.023809523809523808,0.058823529411764705,17,0.6666666666666666,9,0.1111111111111111,9
validation_prolific,full,0.25,0.03,0.03,23,35,0.2571428571428571,339,0.02654867256637168,0.15789473684210525,19,0.5555555555555556,9,0.0,6
validation_prolific,full,0.25,0.03,0.03,24,39,0.20512820512820512,335,0.026865671641791045,0.2,20,0.4444444444444444,9,0.0,10
validation_prolific,full,0.25,0.03,0.03,25,35,0.2857142857142857,339,0.02654867256637168,0.2,20,0.6666666666666666,9,0.0,6
validation_prolific,full,0.25,0.03,0.03,26,33,0.30303030303030304,341,0.02346041055718475,0.15789473684210525,19,0.6666666666666666,9,0.0,4
validation_prolific,full,0.25,0.03,0.03,27,39,0.20512820512820512,335,0.01791044776119403,0.1,20,0.75,8,0.0,10
validation_prolific,full,0.25,0.03,0.03,28,35,0.34285714285714286,339,0.017699115044247787,0.2777777777777778,18,0.6666666666666666,9,0.0,6
validation_prolific,full,0.25,0.03,0.03,29,39,0.1794871794871795,335,0.026865671641791045,0.10526315789473684,19,0.4444444444444444,9,0.0,10
validation_prolific,full,0.25,0.03,0.03,30,34,0.3235294117647059,340,0.020588235294117647,0.35,20,0.4444444444444444,9,0.0,5
validation_prolific,full,0.25,0.03,0.03,31,38,0.23684210526315788,336,0.017857142857142856,0.10526315789473684,19,0.5714285714285714,7,0.0,9
validation_prolific,full,0.25,0.03,0.03,32,37,0.1891891891891892,337,0.02373887240356083,0.05263157894736842,19,0.75,8,0.0,8
validation_prolific,full,0.25,0.03,0.03,33,32,0.34375,342,0.02046783625730994,0.2631578947368421,19,0.5555555555555556,9,0.0,3
validation_prolific,full,0.25,0.03,0.03,34,34,0.20588235294117646,340,0.01764705882352941,0.05,20,0.6666666666666666,9,0.0,5
validation_prolific,full,0.25,0.03,0.03,35,40,0.225,334,0.005988023952095809,0.15,20,0.5555555555555556,9,0.09090909090909091,11
validation_prolific,full,0.25,0.03,0.03,36,40,0.2,334,0.011976047904191617,0.15789473684210525,19,0.5555555555555556,9,0.0,11
validation_prolific,full,0.25,0.03,0.03,37,39,0.28205128205128205,335,0.011940298507462687,0.2222222222222222,18,0.5555555555555556,9,0.0,10
validation_prolific,full,0.25,0.03,0.03,38,41,0.1951219512195122,333,0.018018018018018018,0.1,20,0.75,8,0.0,12
validation_prolific,full,0.25,0.03,0.03,39,33,0.2727272727272727,341,0.026392961876832845,0.2,20,0.625,8,0.0,4
validation_prolific,full,0.25,0.03,0.03,40,33,0.30303030303030304,341,0.01466275659824047,0.25,20,0.5555555555555556,9,0.0,4
validation_prolific,full,0.25,0.03,0.03,41,33,0.2727272727272727,341,0.02932551319648094,0.05263157894736842,19,0.7777777777777778,9,0.0,4
validation_prolific,full,0.25,0.03,0.03,42,33,0.24242424242424243,341,0.026392961876832845,0.15,20,0.5555555555555556,9,0.0,4
validation_prolific,full,0.25,0.03,0.03,43,48,0.125,326,0.027607361963190184,0.1,20,0.4444444444444444,9,0.0,19
validation_prolific,full,0.25,0.03,0.03,44,34,0.2647058823529412,340,0.023529411764705882,0.15,20,0.6666666666666666,9,0.0,5
validation_prolific,full,0.25,0.03,0.03,45,42,0.30952380952380953,332,0.006024096385542169,0.058823529411764705,17,0.625,8,0.3076923076923077,13
validation_prolific,full,0.25,0.03,0.03,46,34,0.2647058823529412,340,0.020588235294117647,0.15,20,0.6666666666666666,9,0.0,5
validation_prolific,full,0.25,0.03,0.03,47,41,0.1951219512195122,333,0.03003003003003003,0.1,20,0.6666666666666666,9,0.0,12
validation_prolific,full,0.25,0.03,0.03,48,42,0.3333333333333333,332,0.012048192771084338,0.125,16,0.4444444444444444,9,0.3076923076923077,13
validation_prolific,full,0.25,0.03,0.03,49,34,0.20588235294117646,340,0.014705882352941176,0.15,20,0.4444444444444444,9,0.0,5
validation_prolific,full,0.5,0.03,0.03,0,54,0.18518518518518517,320,0.0125,0.05128205128205128,39,0.8888888888888888,9,0.0,6
validation_prolific,full,0.5,0.03,0.03,1,60,0.11666666666666667,314,0.01592356687898089,0.07894736842105263,38,0.3333333333333333,9,0.0,12
validation_prolific,full,0.5,0.03,0.03,2,61,0.09836065573770492,313,0.025559105431309903,0.0,39,0.625,8,0.0,13
validation_prolific,full,0.5,0.03,0.03,3,55,0.16363636363636364,319,0.018808777429467086,0.07692307692307693,39,0.6666666666666666,9,0.0,7
validation_prolific,full,0.5,0.03,0.03,4,56,0.10714285714285714,318,0.015723270440251572,0.05128205128205128,39,0.4444444444444444,9,0.0,8
validation_prolific,full,0.5,0.03,0.03,5,52,0.17307692307692307,322,0.024844720496894408,0.07692307692307693,39,0.625,8,0.0,4
validation_prolific,full,0.5,0.03,0.03,6,61,0.06557377049180328,313,0.012779552715654952,0.07692307692307693,39,0.1111111111111111,9,0.0,13
validation_prolific,full,0.5,0.03,0.03,7,52,0.11538461538461539,322,0.024844720496894408,0.07692307692307693,39,0.3333333333333333,9,0.0,4
validation_prolific,full,0.5,0.03,0.03,8,53,0.18867924528301888,321,0.018691588785046728,0.10526315789473684,38,0.5555555555555556,9,0.0,5
validation_prolific,full,0.5,0.03,0.03,9,55,0.16363636363636364,319,0.02821316614420063,0.07692307692307693,39,0.6666666666666666,9,0.0,7
validation_prolific,full,0.5,0.03,0.03,10,54,0.16666666666666666,320,0.01875,0.027777777777777776,36,0.5555555555555556,9,0.0,6
validation_prolific,full,0.5,0.03,0.03,11,51,0.09803921568627451,323,0.02476780185758514,0.0,39,0.5,8,0.0,3
validation_prolific,full,0.5,0.03,0.03,12,58,0.1724137931034483,316,0.015822784810126583,0.1282051282051282,39,0.5555555555555556,9,0.0,10
validation_prolific,full,0.5,0.03,0.03,13,53,0.16981132075471697,321,0.028037383177570093,0.02631578947368421,38,0.7777777777777778,9,0.0,5
validation_prolific,full,0.5,0.03,0.03,14,57,0.17543859649122806,317,0.028391167192429023,0.05128205128205128,39,0.8888888888888888,9,0.0,9
validation_prolific,full,0.5,0.03,0.03,15,64,0.109375,310,0.025806451612903226,0.07692307692307693,39,0.4444444444444444,9,0.0,16
validation_prolific,full,0.5,0.03,0.03,16,60,0.2,314,0.022292993630573247,0.10810810810810811,37,0.6666666666666666,9,0.0,12
validation_prolific,full,0.5,0.03,0.03,17,64,0.15625,310,0.035483870967741936,0.07894736842105263,38,0.6666666666666666,9,0.0,16
validation_prolific,full,0.5,0.03,0.03,18,57,0.17543859649122806,317,0.022082018927444796,0.07894736842105263,38,0.75,8,0.0,9
validation_prolific,full,0.5,0.03,0.03,19,53,0.11320754716981132,321,0.012461059190031152,0.05128205128205128,39,0.4444444444444444,9,0.0,5
validation_prolific,full,0.5,0.03,0.03,20,52,0.19230769230769232,322,0.031055900621118012,0.02702702702702703,37,0.7777777777777778,9,0.0,4
validation_prolific,full,0.5,0.03,0.03,21,54,0.25925925925925924,320,0.025,0.1794871794871795,39,0.7777777777777778,9,0.0,6
validation_prolific,full,0.5,0.03,0.03,22,53,0.11320754716981132,321,0.03426791277258567,0.02631578947368421,38,0.4444444444444444,9,0.0,5
validation_prolific,full,0.5,0.03,0.03,23,53,0.18867924528301888,321,0.021806853582554516,0.1282051282051282,39,0.5555555555555556,9,0.0,5
validation_prolific,full,0.5,0.03,0.03,24,54,0.14814814814814814,320,0.03125,0.02564102564102564,39,0.7777777777777778,9,0.0,6
validation_prolific,full,0.5,0.03,0.03,25,52,0.09615384615384616,322,0.024844720496894408,0.05128205128205128,39,0.3333333333333333,9,0.0,4
validation_prolific,full,0.5,0.03,0.03,26,67,0.11940298507462686,307,0.019543973941368076,0.07692307692307693,39,0.5,8,0.0,19
validation_prolific,full,0.5,0.03,0.03,27,56,0.26785714285714285,318,0.018867924528301886,0.17647058823529413,34,0.25,8,0.125,8
validation_prolific,full,0.5,0.03,0.03,28,54,0.14814814814814814,320,0.025,0.05128205128205128,39,0.6666666666666666,9,0.0,6
validation_prolific,full,0.5,0.03,0.03,29,53,0.1509433962264151,321,0.024922118380062305,0.02631578947368421,38,0.42857142857142855,7,0.2,5
validation_prolific,full,0.5,0.03,0.03,30,57,0.14035087719298245,317,0.015772870662460567,0.05128205128205128,39,0.625,8,0.0,9
validation_prolific,full,0.5,0.03,0.03,31,51,0.21568627450980393,323,0.02476780185758514,0.10526315789473684,38,0.6666666666666666,9,0.0,3
validation_prolific,full,0.5,0.03,0.03,32,55,0.12727272727272726,319,0.018808777429467086,0.05128205128205128,39,0.5555555555555556,9,0.0,7
validation_prolific,full,0.5,0.03,0.03,33,60,0.13333333333333333,314,0.03184713375796178,0.02631578947368421,38,0.7777777777777778,9,0.0,12
validation_prolific,full,0.5,0.03,0.03,34,55,0.2545454545454545,319,0.01567398119122257,0.08823529411764706,34,0.5555555555555556,9,0.14285714285714285,7
validation_prolific,full,0.5,0.03,0.03,35,55,0.14545454545454545,319,0.0219435736677116,0.07692307692307693,39,0.5555555555555556,9,0.0,7
validation_prolific,full,0.5,0.03,0.03,36,54,0.18518518518518517,320,0.028125,0.07692307692307693,39,0.7777777777777778,9,0.0,6
validation_prolific,full,0.5,0.03,0.03,37,53,0.16981132075471697,321,0.021806853582554516,0.10256410256410256,39,0.5555555555555556,9,0.0,5
validation_prolific,full,0.5,0.03,0.03,38,53,0.20754716981132076,321,0.012461059190031152,0.13157894736842105,38,0.5555555555555556,9,0.0,5
validation_prolific,full,0.5,0.03,0.03,39,54,0.16666666666666666,320,0.03125,0.05128205128205128,39,0.7777777777777778,9,0.0,6
validation_prolific,full,0.5,0.03,0.03,40,52,0.11538461538461539,322,0.021739130434782608,0.05128205128205128,39,0.375,8,0.0,4
validation_prolific,full,0.5,0.03,0.03,41,59,0.06779661016949153,315,0.01904761904761905,0.07692307692307693,39,0.125,8,0.0,11
validation_prolific,full,0.5,0.03,0.03,42,53,0.18867924528301888,321,0.01557632398753894,0.05263157894736842,38,0.7777777777777778,9,0.0,5
validation_prolific,full,0.5,0.03,0.03,43,60,0.16666666666666666,314,0.03503184713375796,0.02564102564102564,39,0.8888888888888888,9,0.08333333333333333,12
validation_prolific,full,0.5,0.03,0.03,44,55,0.16363636363636364,319,0.01567398119122257,0.10256410256410256,39,0.5555555555555556,9,0.0,7
validation_prolific,full,0.5,0.03,0.03,45,55,0.12727272727272726,319,0.025078369905956112,0.05128205128205128,39,0.5555555555555556,9,0.0,7
validation_prolific,full,0.5,0.03,0.03,46,52,0.19230769230769232,322,0.015527950310559006,0.05405405405405406,37,0.6666666666666666,9,0.0,4
validation_prolific,full,0.5,0.03,0.03,47,55,0.07272727272727272,319,0.0219435736677116,0.02564102564102564,39,0.3333333333333333,9,0.0,7
validation_prolific,full,0.5,0.03,0.03,48,79,0.16455696202531644,295,0.02711864406779661,0.1111111111111111,36,0.625,8,0.03225806451612903,31
validation_prolific,full,0.5,0.03,0.03,49,54,0.2037037037037037,320,0.025,0.07692307692307693,39,0.875,8,0.0,6
validation_prolific,full,0.75,0.03,0.03,0,73,0.0684931506849315,301,0.006644518272425249,0.0,58,0.5555555555555556,9,0.0,6
validation_prolific,full,0.75,0.03,0.03,1,77,0.06493506493506493,297,0.016835016835016835,0.034482758620689655,58,0.375,8,0.0,10
validation_prolific,full,0.75,0.03,0.03,2,75,0.08,299,0.026755852842809364,0.0,55,0.5555555555555556,9,0.0,8
validation_prolific,full,0.75,0.03,0.03,3,76,0.10526315789473684,298,0.026845637583892617,0.01818181818181818,55,0.3333333333333333,9,0.1111111111111111,9
validation_prolific,full,0.75,0.03,0.03,4,74,0.14864864864864866,300,0.023333333333333334,0.05172413793103448,58,0.8888888888888888,9,0.0,7
validation_prolific,full,0.75,0.03,0.03,5,72,0.1527777777777778,302,0.013245033112582781,0.01818181818181818,55,0.6666666666666666,9,0.2,5
validation_prolific,full,0.75,0.03,0.03,6,87,0.10344827586206896,287,0.024390243902439025,0.05172413793103448,58,0.625,8,0.0,20
validation_prolific,full,0.75,0.03,0.03,7,71,0.14084507042253522,303,0.0165016501650165,0.03508771929824561,57,0.7777777777777778,9,0.0,4
validation_prolific,full,0.75,0.03,0.03,8,76,0.07894736842105263,298,0.020134228187919462,0.05172413793103448,58,0.42857142857142855,7,0.0,9
validation_prolific,full,0.75,0.03,0.03,9,76,0.19736842105263158,298,0.013422818791946308,0.04,50,0.75,8,0.0,9
validation_prolific,full,0.75,0.03,0.03,10,70,0.12857142857142856,304,0.023026315789473683,0.03571428571428571,56,0.5555555555555556,9,0.0,3
validation_prolific,full,0.75,0.03,0.03,11,72,0.09722222222222222,302,0.019867549668874173,0.0,57,0.6666666666666666,9,0.0,5
validation_prolific,full,0.75,0.03,0.03,12,72,0.1111111111111111,302,0.013245033112582781,0.034482758620689655,58,0.6666666666666666,9,0.0,5
validation_prolific,full,0.75,0.03,0.03,13,86,0.09302325581395349,288,0.027777777777777776,0.017857142857142856,56,0.5555555555555556,9,0.0,19
validation_prolific,full,0.75,0.03,0.03,14,74,0.24324324324324326,300,0.02,0.07407407407407407,54,1.0,9,0.14285714285714285,7
validation_prolific,full,0.75,0.03,0.03,15,74,0.10810810810810811,300,0.01,0.034482758620689655,58,0.6666666666666666,9,0.0,7
validation_prolific,full,0.75,0.03,0.03,16,81,0.09876543209876543,293,0.023890784982935155,0.034482758620689655,58,0.6666666666666666,9,0.0,14
validation_prolific,full,0.75,0.03,0.03,17,71,0.1267605633802817,303,0.019801980198019802,0.03571428571428571,56,0.5555555555555556,9,0.0,4
validation_prolific,full,0.75,0.03,0.03,18,72,0.125,302,0.033112582781456956,0.03508771929824561,57,0.6666666666666666,9,0.0,5
validation_prolific,full,0.75,0.03,0.03,19,83,0.12048192771084337,291,0.01718213058419244,0.05172413793103448,58,0.6666666666666666,9,0.0625,16
validation_prolific,full,0.75,0.03,0.03,20,74,0.0945945945945946,300,0.03,0.01818181818181818,55,0.2222222222222222,9,0.14285714285714285,7
validation_prolific,full,0.75,0.03,0.03,21,72,0.2361111111111111,302,0.023178807947019868,0.058823529411764705,51,0.6666666666666666,9,0.2,5
validation_prolific,full,0.75,0.03,0.03,22,69,0.17391304347826086,305,0.01639344262295082,0.07272727272727272,55,0.5555555555555556,9,0.0,2
validation_prolific,full,0.75,0.03,0.03,23,79,0.189873417721519,295,0.01694915254237288,0.05555555555555555,54,0.5555555555555556,9,0.25,12
validation_prolific,full,0.75,0.03,0.03,24,71,0.09859154929577464,303,0.026402640264026403,0.01818181818181818,55,0.2222222222222222,9,0.25,4
validation_prolific,full,0.75,0.03,0.03,25,86,0.11627906976744186,288,0.024305555555555556,0.03508771929824561,57,0.7777777777777778,9,0.0,19
validation_prolific,full,0.75,0.03,0.03,26,73,0.1232876712328767,301,0.03322259136212625,0.03508771929824561,57,0.6666666666666666,9,0.0,6
validation_prolific,full,0.75,0.03,0.03,27,72,0.1388888888888889,302,0.019867549668874173,0.03508771929824561,57,0.7777777777777778,9,0.0,5
validation_prolific,full,0.75,0.03,0.03,28,71,0.16901408450704225,303,0.0231023102310231,0.017857142857142856,56,1.0,9,0.0,4
validation_prolific,full,0.75,0.03,0.03,29,80,0.2625,294,0.013605442176870748,0.06,50,0.875,8,0.23076923076923078,13
validation_prolific,full,0.75,0.03,0.03,30,72,0.09722222222222222,302,0.026490066225165563,0.034482758620689655,58,0.5555555555555556,9,0.0,5
validation_prolific,full,0.75,0.03,0.03,31,86,0.11627906976744186,288,0.017361111111111112,0.03508771929824561,57,0.7777777777777778,9,0.0,19
validation_prolific,full,0.75,0.03,0.03,32,72,0.08333333333333333,302,0.029801324503311258,0.05172413793103448,58,0.25,8,0.0,5
validation_prolific,full,0.75,0.03,0.03,33,74,0.12162162162162163,300,0.01,0.017241379310344827,58,0.8888888888888888,9,0.0,7
validation_prolific,full,0.75,0.03,0.03,34,70,0.18571428571428572,304,0.02631578947368421,0.05263157894736842,57,1.0,9,0.0,3
validation_prolific,full,0.75,0.03,0.03,35,76,0.11842105263157894,298,0.026845637583892617,0.07017543859649122,57,0.4444444444444444,9,0.0,9
validation_prolific,full,0.75,0.03,0.03,36,72,0.125,302,0.029801324503311258,0.017241379310344827,58,0.8888888888888888,9,0.0,5
validation_prolific,full,0.75,0.03,0.03,37,74,0.12162162162162163,300,0.013333333333333334,0.06896551724137931,58,0.5555555555555556,9,0.0,7
validation_prolific,full,0.75,0.03,0.03,38,72,0.125,302,0.029801324503311258,0.03571428571428571,56,0.5555555555555556,9,0.0,5
validation_prolific,full,0.75,0.03,0.03,39,70,0.12857142857142856,304,0.023026315789473683,0.05263157894736842,57,0.5555555555555556,9,0.0,3
validation_prolific,full,0.75,0.03,0.03,40,77,0.06493506493506493,297,0.016835016835016835,0.034482758620689655,58,0.375,8,0.0,10
validation_prolific,full,0.75,0.03,0.03,41,77,0.11688311688311688,297,0.02356902356902357,0.05357142857142857,56,0.4444444444444444,9,0.0,10
validation_prolific,full,0.75,0.03,0.03,42,68,0.17647058823529413,306,0.0196078431372549,0.018867924528301886,53,0.6666666666666666,9,0.0,1
validation_prolific,full,0.75,0.03,0.03,43,69,0.13043478260869565,305,0.019672131147540985,0.05357142857142857,56,0.375,8,0.0,2
validation_prolific,full,0.75,0.03,0.03,44,71,0.14084507042253522,303,0.0165016501650165,0.05357142857142857,56,0.5555555555555556,9,0.0,4
validation_prolific,full,0.75,0.03,0.03,45,89,0.14606741573033707,285,0.014035087719298246,0.07407407407407407,54,0.4444444444444444,9,0.045454545454545456,22
validation_prolific,full,0.75,0.03,0.03,46,72,0.1527777777777778,302,0.026490066225165563,0.05263157894736842,57,0.7777777777777778,9,0.0,5
validation_prolific,full,0.75,0.03,0.03,47,72,0.1111111111111111,302,0.026490066225165563,0.034482758620689655,58,0.6666666666666666,9,0.0,5
validation_prolific,full,0.75,0.03,0.03,48,73,0.1095890410958904,301,0.026578073089700997,0.05263157894736842,57,0.4444444444444444,9,0.0,6
validation_prolific,full,0.75,0.03,0.03,49,81,0.16049382716049382,293,0.010238907849829351,0.019230769230769232,52,0.5555555555555556,9,0.07142857142857142,14
validation_prolific,full,1.0,0.03,0.03,0,94,0.14893617021276595,280,0.0035714285714285713,0.02857142857142857,70,0.5,8,0.0,7
validation_prolific,full,1.0,0.03,0.03,1,92,0.08695652173913043,282,0.0035460992907801418,0.02564102564102564,78,0.6666666666666666,9,0.0,5
validation_prolific,full,1.0,0.03,0.03,2,91,0.06593406593406594,283,0.0035335689045936395,0.02564102564102564,78,0.4444444444444444,9,0.0,4
validation_prolific,full,1.0,0.03,0.03,3,100,0.03,274,0.0072992700729927005,0.02564102564102564,78,0.1111111111111111,9,0.0,13
validation_prolific,full,1.0,0.03,0.03,4,91,0.0989010989010989,283,0.0035335689045936395,0.025974025974025976,77,0.6666666666666666,9,0.0,4
validation_prolific,full,1.0,0.03,0.03,5,93,0.06451612903225806,281,0.0035587188612099642,0.02564102564102564,78,0.5,8,0.0,6
validation_prolific,full,1.0,0.03,0.03,6,92,0.06521739130434782,282,0.0035460992907801418,0.02564102564102564,78,0.4444444444444444,9,0.0,5
validation_prolific,full,1.0,0.03,0.03,7,92,0.07608695652173914,282,0.0035460992907801418,0.02564102564102564,78,0.5555555555555556,9,0.0,5
validation_prolific,full,1.0,0.03,0.03,8,99,0.050505050505050504,275,0.0036363636363636364,0.02564102564102564,78,0.25,8,0.0,12
validation_prolific,full,1.0,0.03,0.03,9,91,0.06593406593406594,283,0.0035335689045936395,0.025974025974025976,77,0.3333333333333333,9,0.0,4
validation_prolific,full,1.0,0.03,0.03,10,93,0.17204301075268819,281,0.0035587188612099642,0.027777777777777776,72,0.8888888888888888,9,0.0,6
validation_prolific,full,1.0,0.03,0.03,11,93,0.07526881720430108,281,0.0035587188612099642,0.02564102564102564,78,0.5555555555555556,9,0.0,6
validation_prolific,full,1.0,0.03,0.03,12,98,0.14285714285714285,276,0.0036231884057971015,0.027777777777777776,72,0.6666666666666666,9,0.0,11
validation_prolific,full,1.0,0.03,0.03,13,91,0.12087912087912088,283,0.0035335689045936395,0.02631578947368421,76,0.7777777777777778,9,0.0,4
validation_prolific,full,1.0,0.03,0.03,14,93,0.13978494623655913,281,0.0035587188612099642,0.027777777777777776,72,0.5555555555555556,9,0.0,6
validation_prolific,full,1.0,0.03,0.03,15,94,0.07446808510638298,280,0.0035714285714285713,0.02564102564102564,78,0.5555555555555556,9,0.0,7
validation_prolific,full,1.0,0.03,0.03,16,90,0.07777777777777778,284,0.0035211267605633804,0.0,78,0.75,8,0.0,3
validation_prolific,full,1.0,0.03,0.03,17,92,0.09782608695652174,282,0.0035460992907801418,0.025974025974025976,77,0.6666666666666666,9,0.0,5
validation_prolific,full,1.0,0.03,0.03,18,95,0.08421052631578947,279,0.0035842293906810036,0.02564102564102564,78,0.6666666666666666,9,0.0,8
validation_prolific,full,1.0,0.03,0.03,19,90,0.08888888888888889,284,0.0035211267605633804,0.025974025974025976,77,0.5555555555555556,9,0.0,3
validation_prolific,full,1.0,0.03,0.03,20,93,0.07526881720430108,281,0.0035587188612099642,0.02564102564102564,78,0.5555555555555556,9,0.0,6
validation_prolific,full,1.0,0.03,0.03,21,97,0.14432989690721648,277,0.0036101083032490976,0.02857142857142857,70,0.4444444444444444,9,0.0,10
validation_prolific,full,1.0,0.03,0.03,22,96,0.07291666666666667,278,0.0035971223021582736,0.02564102564102564,78,0.5555555555555556,9,0.0,9
validation_prolific,full,1.0,0.03,0.03,23,92,0.09782608695652174,282,0.0035460992907801418,0.02564102564102564,78,0.75,8,0.0,5
validation_prolific,full,1.0,0.03,0.03,24,103,0.07766990291262135,271,0.0036900369003690036,0.02631578947368421,76,0.5,8,0.0,16
validation_prolific,full,1.0,0.03,0.03,25,91,0.07692307692307693,283,0.0035335689045936395,0.025974025974025976,77,0.4444444444444444,9,0.0,4
validation_prolific,full,1.0,0.03,0.03,26,92,0.07608695652173914,282,0.0035460992907801418,0.02564102564102564,78,0.5555555555555556,9,0.0,5
validation_prolific,full,1.0,0.03,0.03,27,94,0.0851063829787234,280,0.0035714285714285713,0.0,76,0.625,8,0.0,7
validation_prolific,full,1.0,0.03,0.03,28,90,0.1,284,0.0035211267605633804,0.025974025974025976,77,0.6666666666666666,9,0.0,3
validation_prolific,full,1.0,0.03,0.03,29,91,0.0989010989010989,283,0.007067137809187279,0.02666666666666667,75,0.4444444444444444,9,0.0,4
validation_prolific,full,1.0,0.03,0.03,30,93,0.08602150537634409,281,0.0071174377224199285,0.02564102564102564,78,0.6666666666666666,9,0.0,6
validation_prolific,full,1.0,0.03,0.03,31,91,0.08791208791208792,283,0.0035335689045936395,0.0,77,0.7777777777777778,9,0.0,4
validation_prolific,full,1.0,0.03,0.03,32,109,0.10091743119266056,265,0.0037735849056603774,0.02702702702702703,74,0.625,8,0.0,22
validation_prolific,full,1.0,0.03,0.03,33,96,0.14583333333333334,278,0.0035971223021582736,0.027777777777777776,72,0.7142857142857143,7,0.0,9
validation_prolific,full,1.0,0.03,0.03,34,92,0.09782608695652174,282,0.0070921985815602835,0.025974025974025976,77,0.6666666666666666,9,0.0,5
validation_prolific,full,1.0,0.03,0.03,35,101,0.12871287128712872,273,0.003663003663003663,0.027777777777777776,72,0.5555555555555556,9,0.0,14
validation_prolific,full,1.0,0.03,0.03,36,91,0.10989010989010989,283,0.0035335689045936395,0.02631578947368421,76,0.6666666666666666,9,0.0,4
validation_prolific,full,1.0,0.03,0.03,37,90,0.07777777777777778,284,0.0035211267605633804,0.0,75,0.4444444444444444,9,0.0,3
validation_prolific,full,1.0,0.03,0.03,38,96,0.13541666666666666,278,0.0035971223021582736,0.02702702702702703,74,0.7777777777777778,9,0.0,9
validation_prolific,full,1.0,0.03,0.03,39,92,0.09782608695652174,282,0.0035460992907801418,0.02631578947368421,76,0.5555555555555556,9,0.0,5
validation_prolific,full,1.0,0.03,0.03,40,93,0.17204301075268819,281,0.0035587188612099642,0.027777777777777776,72,0.875,8,0.0,6
validation_prolific,full,1.0,0.03,0.03,41,92,0.043478260869565216,282,0.0035460992907801418,0.0,78,0.4444444444444444,9,0.0,5
validation_prolific,full,1.0,0.03,0.03,42,92,0.13043478260869565,282,0.0035460992907801418,0.02631578947368421,76,0.8888888888888888,9,0.0,5
validation_prolific,full,1.0,0.03,0.03,43,90,0.1,284,0.0035211267605633804,0.025974025974025976,77,0.6666666666666666,9,0.0,3
validation_prolific,full,1.0,0.03,0.03,44,97,0.14432989690721648,277,0.0036101083032490976,0.028169014084507043,71,0.5,8,0.0,10
validation_prolific,full,1.0,0.03,0.03,45,91,0.07692307692307693,283,0.007067137809187279,0.02564102564102564,78,0.42857142857142855,7,0.0,4
validation_prolific,full,1.0,0.03,0.03,46,92,0.08695652173913043,282,0.0035460992907801418,0.025974025974025976,77,0.5555555555555556,9,0.0,5
validation_prolific,full,1.0,0.03,0.03,47,90,0.08888888888888889,284,0.0035211267605633804,0.025974025974025976,77,0.625,8,0.0,3
validation_prolific,full,1.0,0.03,0.03,48,104,0.07692307692307693,270,0.003703703703703704,0.02564102564102564,78,0.6666666666666666,9,0.0,17
validation_prolific,full,1.0,0.03,0.03,49,97,0.061855670103092786,277,0.0036101083032490976,0.02564102564102564,78,0.4444444444444444,9,0.0,10
validation_prolific,missing_only,0.0,0.0,0.0,0,0,,374,0.0106951871657754,,0,,0,,0
validation_prolific,missing_only,0.0,0.0,0.0,1,0,,374,0.0106951871657754,,0,,0,,0
validation_prolific,missing_only,0.0,0.0,0.0,2,0,,374,0.0106951871657754,,0,,0,,0
validation_prolific,missing_only,0.0,0.0,0.0,3,0,,374,0.0106951871657754,,0,,0,,0
validation_prolific,missing_only,0.0,0.0,0.0,4,0,,374,0.0106951871657754,,0,,0,,0
validation_prolific,missing_only,0.0,0.0,0.0,5,0,,374,0.0106951871657754,,0,,0,,0
validation_prolific,missing_only,0.0,0.0,0.0,6,0,,374,0.0106951871657754,,0,,0,,0
validation_prolific,missing_only,0.0,0.0,0.0,7,0,,374,0.0106951871657754,,0,,0,,0
validation_prolific,missing_only,0.0,0.0,0.0,8,0,,374,0.0106951871657754,,0,,0,,0
validation_prolific,missing_only,0.0,0.0,0.0,9,0,,374,0.0106951871657754,,0,,0,,0
validation_prolific,missing_only,0.0,0.0,0.0,10,0,,374,0.0106951871657754,,0,,0,,0
validation_prolific,missing_only,0.0,0.0,0.0,11,0,,374,0.0106951871657754,,0,,0,,0
validation_prolific,missing_only,0.0,0.0,0.0,12,0,,374,0.0106951871657754,,0,,0,,0
validation_prolific,missing_only,0.0,0.0,0.0,13,0,,374,0.0106951871657754,,0,,0,,0
validation_prolific,missing_only,0.0,0.0,0.0,14,0,,374,0.0106951871657754,,0,,0,,0
validation_prolific,missing_only,0.0,0.0,0.0,15,0,,374,0.0106951871657754,,0,,0,,0
validation_prolific,missing_only,0.0,0.0,0.0,16,0,,374,0.0106951871657754,,0,,0,,0
validation_prolific,missing_only,0.0,0.0,0.0,17,0,,374,0.0106951871657754,,0,,0,,0
validation_prolific,missing_only,0.0,0.0,0.0,18,0,,374,0.0106951871657754,,0,,0,,0
validation_prolific,missing_only,0.0,0.0,0.0,19,0,,374,0.0106951871657754,,0,,0,,0
validation_prolific,missing_only,0.0,0.0,0.0,20,0,,374,0.0106951871657754,,0,,0,,0
validation_prolific,missing_only,0.0,0.0,0.0,21,0,,374,0.0106951871657754,,0,,0,,0
validation_prolific,missing_only,0.0,0.0,0.0,22,0,,374,0.0106951871657754,,0,,0,,0
validation_prolific,missing_only,0.0,0.0,0.0,23,0,,374,0.0106951871657754,,0,,0,,0
validation_prolific,missing_only,0.0,0.0,0.0,24,0,,374,0.0106951871657754,,0,,0,,0
validation_prolific,missing_only,0.0,0.0,0.0,25,0,,374,0.0106951871657754,,0,,0,,0
validation_prolific,missing_only,0.0,0.0,0.0,26,0,,374,0.0106951871657754,,0,,0,,0
validation_prolific,missing_only,0.0,0.0,0.0,27,0,,374,0.0106951871657754,,0,,0,,0
validation_prolific,missing_only,0.0,0.0,0.0,28,0,,374,0.0106951871657754,,0,,0,,0
validation_prolific,missing_only,0.0,0.0,0.0,29,0,,374,0.0106951871657754,,0,,0,,0
validation_prolific,missing_only,0.0,0.0,0.0,30,0,,374,0.0106951871657754,,0,,0,,0
validation_prolific,missing_only,0.0,0.0,0.0,31,0,,374,0.0106951871657754,,0,,0,,0
validation_prolific,missing_only,0.0,0.0,0.0,32,0,,374,0.0106951871657754,,0,,0,,0
validation_prolific,missing_only,0.0,0.0,0.0,33,0,,374,0.0106951871657754,,0,,0,,0
validation_prolific,missing_only,0.0,0.0,0.0,34,0,,374,0.0106951871657754,,0,,0,,0
validation_prolific,missing_only,0.0,0.0,0.0,35,0,,374,0.0106951871657754,,0,,0,,0
validation_prolific,missing_only,0.0,0.0,0.0,36,0,,374,0.0106951871657754,,0,,0,,0
validation_prolific,missing_only,0.0,0.0,0.0,37,0,,374,0.0106951871657754,,0,,0,,0
validation_prolific,missing_only,0.0,0.0,0.0,38,0,,374,0.0106951871657754,,0,,0,,0
validation_prolific,missing_only,0.0,0.0,0.0,39,0,,374,0.0106951871657754,,0,,0,,0
validation_prolific,missing_only,0.0,0.0,0.0,40,0,,374,0.0106951871657754,,0,,0,,0
validation_prolific,missing_only,0.0,0.0,0.0,41,0,,374,0.0106951871657754,,0,,0,,0
validation_prolific,missing_only,0.0,0.0,0.0,42,0,,374,0.0106951871657754,,0,,0,,0
validation_prolific,missing_only,0.0,0.0,0.0,43,0,,374,0.0106951871657754,,0,,0,,0
validation_prolific,missing_only,0.0,0.0,0.0,44,0,,374,0.0106951871657754,,0,,0,,0
validation_prolific,missing_only,0.0,0.0,0.0,45,0,,374,0.0106951871657754,,0,,0,,0
validation_prolific,missing_only,0.0,0.0,0.0,46,0,,374,0.0106951871657754,,0,,0,,0
validation_prolific,missing_only,0.0,0.0,0.0,47,0,,374,0.0106951871657754,,0,,0,,0
validation_prolific,missing_only,0.0,0.0,0.0,48,0,,374,0.0106951871657754,,0,,0,,0
validation_prolific,missing_only,0.0,0.0,0.0,49,0,,374,0.0106951871657754,,0,,0,,0
validation_prolific,missing_only,0.1,0.0,0.0,0,8,0.25,366,0.02459016393442623,0.25,8,,0,,0
validation_prolific,missing_only,0.1,0.0,0.0,1,8,0.125,366,0.00819672131147541,0.125,8,,0,,0
validation_prolific,missing_only,0.1,0.0,0.0,2,8,0.25,366,0.00546448087431694,0.25,8,,0,,0
validation_prolific,missing_only,0.1,0.0,0.0,3,8,0.25,366,0.01092896174863388,0.25,8,,0,,0
validation_prolific,missing_only,0.1,0.0,0.0,4,8,0.375,366,0.02459016393442623,0.375,8,,0,,0
validation_prolific,missing_only,0.1,0.0,0.0,5,8,0.375,366,0.01092896174863388,0.375,8,,0,,0
validation_prolific,missing_only,0.1,0.0,0.0,6,8,0.25,366,0.00546448087431694,0.25,8,,0,,0
validation_prolific,missing_only,0.1,0.0,0.0,7,8,0.375,366,0.00819672131147541,0.375,8,,0,,0
validation_prolific,missing_only,0.1,0.0,0.0,8,8,0.125,366,0.00819672131147541,0.125,8,,0,,0
validation_prolific,missing_only,0.1,0.0,0.0,9,8,0.0,366,0.02185792349726776,0.0,8,,0,,0
validation_prolific,missing_only,0.1,0.0,0.0,10,8,0.625,366,0.01092896174863388,0.625,8,,0,,0
validation_prolific,missing_only,0.1,0.0,0.0,11,8,0.25,366,0.02459016393442623,0.25,8,,0,,0
validation_prolific,missing_only,0.1,0.0,0.0,12,8,0.125,366,0.02185792349726776,0.125,8,,0,,0
validation_prolific,missing_only,0.1,0.0,0.0,13,8,0.25,366,0.02185792349726776,0.25,8,,0,,0
validation_prolific,missing_only,0.1,0.0,0.0,14,8,0.25,366,0.02185792349726776,0.25,8,,0,,0
validation_prolific,missing_only,0.1,0.0,0.0,15,8,0.125,366,0.01092896174863388,0.125,8,,0,,0
validation_prolific,missing_only,0.1,0.0,0.0,16,8,0.0,366,0.01912568306010929,0.0,8,,0,,0
validation_prolific,missing_only,0.1,0.0,0.0,17,8,0.125,366,0.02459016393442623,0.125,8,,0,,0
validation_prolific,missing_only,0.1,0.0,0.0,18,8,0.25,366,0.01092896174863388,0.25,8,,0,,0
validation_prolific,missing_only,0.1,0.0,0.0,19,8,0.125,366,0.0273224043715847,0.125,8,,0,,0
validation_prolific,missing_only,0.1,0.0,0.0,20,8,0.375,366,0.02459016393442623,0.375,8,,0,,0
validation_prolific,missing_only,0.1,0.0,0.0,21,8,0.25,366,0.02185792349726776,0.25,8,,0,,0
validation_prolific,missing_only,0.1,0.0,0.0,22,8,0.25,366,0.00819672131147541,0.25,8,,0,,0
validation_prolific,missing_only,0.1,0.0,0.0,23,8,0.25,366,0.00819672131147541,0.25,8,,0,,0
validation_prolific,missing_only,0.1,0.0,0.0,24,8,0.25,366,0.01092896174863388,0.25,8,,0,,0
validation_prolific,missing_only,0.1,0.0,0.0,25,8,0.5,366,0.01092896174863388,0.5,8,,0,,0
validation_prolific,missing_only,0.1,0.0,0.0,26,8,0.125,366,0.02459016393442623,0.125,8,,0,,0
validation_prolific,missing_only,0.1,0.0,0.0,27,8,0.25,366,0.00819672131147541,0.25,8,,0,,0
validation_prolific,missing_only,0.1,0.0,0.0,28,8,0.375,366,0.01912568306010929,0.375,8,,0,,0
validation_prolific,missing_only,0.1,0.0,0.0,29,8,0.25,366,0.00819672131147541,0.25,8,,0,,0
validation_prolific,missing_only,0.1,0.0,0.0,30,8,0.125,366,0.02185792349726776,0.125,8,,0,,0
validation_prolific,missing_only,0.1,0.0,0.0,31,8,0.25,366,0.02185792349726776,0.25,8,,0,,0
validation_prolific,missing_only,0.1,0.0,0.0,32,8,0.0,366,0.02185792349726776,0.0,8,,0,,0
validation_prolific,missing_only,0.1,0.0,0.0,33,8,0.375,366,0.01092896174863388,0.375,8,,0,,0
validation_prolific,missing_only,0.1,0.0,0.0,34,8,0.5,366,0.01639344262295082,0.5,8,,0,,0
validation_prolific,missing_only,0.1,0.0,0.0,35,8,0.375,366,0.01912568306010929,0.375,8,,0,,0
validation_prolific,missing_only,0.1,0.0,0.0,36,8,0.125,366,0.02459016393442623,0.125,8,,0,,0
validation_prolific,missing_only,0.1,0.0,0.0,37,8,0.375,366,0.01092896174863388,0.375,8,,0,,0
validation_prolific,missing_only,0.1,0.0,0.0,38,8,0.125,366,0.02185792349726776,0.125,8,,0,,0
validation_prolific,missing_only,0.1,0.0,0.0,39,8,0.375,366,0.00819672131147541,0.375,8,,0,,0
validation_prolific,missing_only,0.1,0.0,0.0,40,8,0.25,366,0.01092896174863388,0.25,8,,0,,0
validation_prolific,missing_only,0.1,0.0,0.0,41,8,0.125,366,0.02185792349726776,0.125,8,,0,,0
validation_prolific,missing_only,0.1,0.0,0.0,42,8,0.25,366,0.01092896174863388,0.25,8,,0,,0
validation_prolific,missing_only,0.1,0.0,0.0,43,8,0.375,366,0.02185792349726776,0.375,8,,0,,0
validation_prolific,missing_only,0.1,0.0,0.0,44,8,0.0,366,0.01912568306010929,0.0,8,,0,,0
validation_prolific,missing_only,0.1,0.0,0.0,45,8,0.375,366,0.02185792349726776,0.375,8,,0,,0
validation_prolific,missing_only,0.1,0.0,0.0,46,8,0.5,366,0.02185792349726776,0.5,8,,0,,0
validation_prolific,missing_only,0.1,0.0,0.0,47,8,0.125,366,0.01912568306010929,0.125,8,,0,,0
validation_prolific,missing_only,0.1,0.0,0.0,48,8,0.0,366,0.02459016393442623,0.0,8,,0,,0
validation_prolific,missing_only,0.1,0.0,0.0,49,8,0.25,366,0.02185792349726776,0.25,8,,0,,0
validation_prolific,missing_only,0.25,0.0,0.0,0,20,0.25,354,0.01977401129943503,0.25,20,,0,,0
validation_prolific,missing_only,0.25,0.0,0.0,1,20,0.05,354,0.022598870056497175,0.05,20,,0,,0
validation_prolific,missing_only,0.25,0.0,0.0,2,20,0.2,354,0.02824858757062147,0.2,20,,0,,0
validation_prolific,missing_only,0.25,0.0,0.0,3,20,0.05,354,0.01977401129943503,0.05,20,,0,,0
validation_prolific,missing_only,0.25,0.0,0.0,4,20,0.05,354,0.011299435028248588,0.05,20,,0,,0
validation_prolific,missing_only,0.25,0.0,0.0,5,20,0.2,354,0.01977401129943503,0.2,20,,0,,0
validation_prolific,missing_only,0.25,0.0,0.0,6,20,0.15,354,0.01694915254237288,0.15,20,,0,,0
validation_prolific,missing_only,0.25,0.0,0.0,7,20,0.05,354,0.01694915254237288,0.05,20,,0,,0
validation_prolific,missing_only,0.25,0.0,0.0,8,20,0.15,354,0.02824858757062147,0.15,20,,0,,0
validation_prolific,missing_only,0.25,0.0,0.0,9,20,0.2,354,0.022598870056497175,0.2,20,,0,,0
validation_prolific,missing_only,0.25,0.0,0.0,10,20,0.2,354,0.022598870056497175,0.2,20,,0,,0
validation_prolific,missing_only,0.25,0.0,0.0,11,20,0.15,354,0.00847457627118644,0.15,20,,0,,0
validation_prolific,missing_only,0.25,0.0,0.0,12,20,0.25,354,0.00847457627118644,0.25,20,,0,,0
validation_prolific,missing_only,0.25,0.0,0.0,13,20,0.15,354,0.01977401129943503,0.15,20,,0,,0
validation_prolific,missing_only,0.25,0.0,0.0,14,20,0.1,354,0.002824858757062147,0.1,20,,0,,0
validation_prolific,missing_only,0.25,0.0,0.0,15,20,0.1,354,0.022598870056497175,0.1,20,,0,,0
validation_prolific,missing_only,0.25,0.0,0.0,16,20,0.1,354,0.01977401129943503,0.1,20,,0,,0
validation_prolific,missing_only,0.25,0.0,0.0,17,20,0.15,354,0.00847457627118644,0.15,20,,0,,0
validation_prolific,missing_only,0.25,0.0,0.0,18,20,0.3,354,0.01977401129943503,0.3,20,,0,,0
validation_prolific,missing_only,0.25,0.0,0.0,19,20,0.05,354,0.005649717514124294,0.05,20,,0,,0
validation_prolific,missing_only,0.25,0.0,0.0,20,20,0.15,354,0.022598870056497175,0.15,20,,0,,0
validation_prolific,missing_only,0.25,0.0,0.0,21,20,0.1,354,0.022598870056497175,0.1,20,,0,,0
validation_prolific,missing_only,0.25,0.0,0.0,22,20,0.3,354,0.005649717514124294,0.3,20,,0,,0
validation_prolific,missing_only,0.25,0.0,0.0,23,20,0.05,354,0.01694915254237288,0.05,20,,0,,0
validation_prolific,missing_only,0.25,0.0,0.0,24,20,0.1,354,0.01694915254237288,0.1,20,,0,,0
validation_prolific,missing_only,0.25,0.0,0.0,25,20,0.35,354,0.011299435028248588,0.35,20,,0,,0
validation_prolific,missing_only,0.25,0.0,0.0,26,20,0.15,354,0.01977401129943503,0.15,20,,0,,0
validation_prolific,missing_only,0.25,0.0,0.0,27,20,0.1,354,0.01977401129943503,0.1,20,,0,,0
validation_prolific,missing_only,0.25,0.0,0.0,28,20,0.0,354,0.01694915254237288,0.0,20,,0,,0
validation_prolific,missing_only,0.25,0.0,0.0,29,20,0.2,354,0.031073446327683617,0.2,20,,0,,0
validation_prolific,missing_only,0.25,0.0,0.0,30,20,0.1,354,0.022598870056497175,0.1,20,,0,,0
validation_prolific,missing_only,0.25,0.0,0.0,31,20,0.25,354,0.02824858757062147,0.25,20,,0,,0
validation_prolific,missing_only,0.25,0.0,0.0,32,20,0.25,354,0.025423728813559324,0.25,20,,0,,0
validation_prolific,missing_only,0.25,0.0,0.0,33,20,0.1,354,0.014124293785310734,0.1,20,,0,,0
validation_prolific,missing_only,0.25,0.0,0.0,34,20,0.2,354,0.022598870056497175,0.2,20,,0,,0
validation_prolific,missing_only,0.25,0.0,0.0,35,20,0.2,354,0.014124293785310734,0.2,20,,0,,0
validation_prolific,missing_only,0.25,0.0,0.0,36,20,0.15,354,0.014124293785310734,0.15,20,,0,,0
validation_prolific,missing_only,0.25,0.0,0.0,37,20,0.2,354,0.022598870056497175,0.2,20,,0,,0
validation_prolific,missing_only,0.25,0.0,0.0,38,20,0.25,354,0.022598870056497175,0.25,20,,0,,0
validation_prolific,missing_only,0.25,0.0,0.0,39,20,0.1,354,0.025423728813559324,0.1,20,,0,,0
validation_prolific,missing_only,0.25,0.0,0.0,40,20,0.25,354,0.01694915254237288,0.25,20,,0,,0
validation_prolific,missing_only,0.25,0.0,0.0,41,20,0.1,354,0.022598870056497175,0.1,20,,0,,0
validation_prolific,missing_only,0.25,0.0,0.0,42,20,0.25,354,0.02824858757062147,0.25,20,,0,,0
validation_prolific,missing_only,0.25,0.0,0.0,43,20,0.15,354,0.014124293785310734,0.15,20,,0,,0
validation_prolific,missing_only,0.25,0.0,0.0,44,20,0.05,354,0.01977401129943503,0.05,20,,0,,0
validation_prolific,missing_only,0.25,0.0,0.0,45,20,0.25,354,0.02824858757062147,0.25,20,,0,,0
validation_prolific,missing_only,0.25,0.0,0.0,46,20,0.1,354,0.02824858757062147,0.1,20,,0,,0
validation_prolific,missing_only,0.25,0.0,0.0,47,20,0.25,354,0.01694915254237288,0.25,20,,0,,0
validation_prolific,missing_only,0.25,0.0,0.0,48,20,0.1,354,0.01977401129943503,0.1,20,,0,,0
validation_prolific,missing_only,0.25,0.0,0.0,49,20,0.1,354,0.022598870056497175,0.1,20,,0,,0
validation_prolific,missing_only,0.5,0.0,0.0,0,39,0.07692307692307693,335,0.023880597014925373,0.07692307692307693,39,,0,,0
validation_prolific,missing_only,0.5,0.0,0.0,1,39,0.15384615384615385,335,0.029850746268656716,0.15384615384615385,39,,0,,0
validation_prolific,missing_only,0.5,0.0,0.0,2,39,0.10256410256410256,335,0.023880597014925373,0.10256410256410256,39,,0,,0
validation_prolific,missing_only,0.5,0.0,0.0,3,39,0.1282051282051282,335,0.020895522388059702,0.1282051282051282,39,,0,,0
validation_prolific,missing_only,0.5,0.0,0.0,4,39,0.05128205128205128,335,0.020895522388059702,0.05128205128205128,39,,0,,0
validation_prolific,missing_only,0.5,0.0,0.0,5,39,0.1282051282051282,335,0.011940298507462687,0.1282051282051282,39,,0,,0
validation_prolific,missing_only,0.5,0.0,0.0,6,39,0.05128205128205128,335,0.014925373134328358,0.05128205128205128,39,,0,,0
validation_prolific,missing_only,0.5,0.0,0.0,7,39,0.10256410256410256,335,0.020895522388059702,0.10256410256410256,39,,0,,0
validation_prolific,missing_only,0.5,0.0,0.0,8,39,0.10256410256410256,335,0.011940298507462687,0.10256410256410256,39,,0,,0
validation_prolific,missing_only,0.5,0.0,0.0,9,39,0.07692307692307693,335,0.023880597014925373,0.07692307692307693,39,,0,,0
validation_prolific,missing_only,0.5,0.0,0.0,10,39,0.15384615384615385,335,0.023880597014925373,0.15384615384615385,39,,0,,0
validation_prolific,missing_only,0.5,0.0,0.0,11,39,0.07692307692307693,335,0.03283582089552239,0.07692307692307693,39,,0,,0
validation_prolific,missing_only,0.5,0.0,0.0,12,39,0.07692307692307693,335,0.020895522388059702,0.07692307692307693,39,,0,,0
validation_prolific,missing_only,0.5,0.0,0.0,13,39,0.05128205128205128,335,0.01791044776119403,0.05128205128205128,39,,0,,0
validation_prolific,missing_only,0.5,0.0,0.0,14,39,0.10256410256410256,335,0.014925373134328358,0.10256410256410256,39,,0,,0
validation_prolific,missing_only,0.5,0.0,0.0,15,39,0.05128205128205128,335,0.020895522388059702,0.05128205128205128,39,,0,,0
validation_prolific,missing_only,0.5,0.0,0.0,16,39,0.0,335,0.026865671641791045,0.0,39,,0,,0
validation_prolific,missing_only,0.5,0.0,0.0,17,39,0.02564102564102564,335,0.020895522388059702,0.02564102564102564,39,,0,,0
validation_prolific,missing_only,0.5,0.0,0.0,18,39,0.10256410256410256,335,0.01791044776119403,0.10256410256410256,39,,0,,0
validation_prolific,missing_only,0.5,0.0,0.0,19,39,0.10256410256410256,335,0.01791044776119403,0.10256410256410256,39,,0,,0
validation_prolific,missing_only,0.5,0.0,0.0,20,39,0.05128205128205128,335,0.014925373134328358,0.05128205128205128,39,,0,,0
validation_prolific,missing_only,0.5,0.0,0.0,21,39,0.10256410256410256,335,0.029850746268656716,0.10256410256410256,39,,0,,0
validation_prolific,missing_only,0.5,0.0,0.0,22,39,0.1282051282051282,335,0.023880597014925373,0.1282051282051282,39,,0,,0
validation_prolific,missing_only,0.5,0.0,0.0,23,39,0.02564102564102564,335,0.01791044776119403,0.02564102564102564,39,,0,,0
validation_prolific,missing_only,0.5,0.0,0.0,24,39,0.10256410256410256,335,0.014925373134328358,0.10256410256410256,39,,0,,0
validation_prolific,missing_only,0.5,0.0,0.0,25,39,0.1282051282051282,335,0.023880597014925373,0.1282051282051282,39,,0,,0
validation_prolific,missing_only,0.5,0.0,0.0,26,39,0.0,335,0.01791044776119403,0.0,39,,0,,0
validation_prolific,missing_only,0.5,0.0,0.0,27,39,0.10256410256410256,335,0.023880597014925373,0.10256410256410256,39,,0,,0
validation_prolific,missing_only,0.5,0.0,0.0,28,39,0.02564102564102564,335,0.014925373134328358,0.02564102564102564,39,,0,,0
validation_prolific,missing_only,0.5,0.0,0.0,29,39,0.10256410256410256,335,0.03283582089552239,0.10256410256410256,39,,0,,0
validation_prolific,missing_only,0.5,0.0,0.0,30,39,0.10256410256410256,335,0.014925373134328358,0.10256410256410256,39,,0,,0
validation_prolific,missing_only,0.5,0.0,0.0,31,39,0.05128205128205128,335,0.01791044776119403,0.05128205128205128,39,,0,,0
validation_prolific,missing_only,0.5,0.0,0.0,32,39,0.10256410256410256,335,0.026865671641791045,0.10256410256410256,39,,0,,0
validation_prolific,missing_only,0.5,0.0,0.0,33,39,0.07692307692307693,335,0.029850746268656716,0.07692307692307693,39,,0,,0
validation_prolific,missing_only,0.5,0.0,0.0,34,39,0.05128205128205128,335,0.029850746268656716,0.05128205128205128,39,,0,,0
validation_prolific,missing_only,0.5,0.0,0.0,35,39,0.10256410256410256,335,0.029850746268656716,0.10256410256410256,39,,0,,0
validation_prolific,missing_only,0.5,0.0,0.0,36,39,0.07692307692307693,335,0.011940298507462687,0.07692307692307693,39,,0,,0
validation_prolific,missing_only,0.5,0.0,0.0,37,39,0.07692307692307693,335,0.026865671641791045,0.07692307692307693,39,,0,,0
validation_prolific,missing_only,0.5,0.0,0.0,38,39,0.10256410256410256,335,0.01791044776119403,0.10256410256410256,39,,0,,0
validation_prolific,missing_only,0.5,0.0,0.0,39,39,0.10256410256410256,335,0.020895522388059702,0.10256410256410256,39,,0,,0
validation_prolific,missing_only,0.5,0.0,0.0,40,39,0.10256410256410256,335,0.020895522388059702,0.10256410256410256,39,,0,,0
validation_prolific,missing_only,0.5,0.0,0.0,41,39,0.07692307692307693,335,0.01791044776119403,0.07692307692307693,39,,0,,0
validation_prolific,missing_only,0.5,0.0,0.0,42,39,0.07692307692307693,335,0.03283582089552239,0.07692307692307693,39,,0,,0
validation_prolific,missing_only,0.5,0.0,0.0,43,39,0.1282051282051282,335,0.014925373134328358,0.1282051282051282,39,,0,,0
validation_prolific,missing_only,0.5,0.0,0.0,44,39,0.05128205128205128,335,0.023880597014925373,0.05128205128205128,39,,0,,0
validation_prolific,missing_only,0.5,0.0,0.0,45,39,0.05128205128205128,335,0.023880597014925373,0.05128205128205128,39,,0,,0
validation_prolific,missing_only,0.5,0.0,0.0,46,39,0.05128205128205128,335,0.014925373134328358,0.05128205128205128,39,,0,,0
validation_prolific,missing_only,0.5,0.0,0.0,47,39,0.05128205128205128,335,0.020895522388059702,0.05128205128205128,39,,0,,0
validation_prolific,missing_only,0.5,0.0,0.0,48,39,0.05128205128205128,335,0.014925373134328358,0.05128205128205128,39,,0,,0
validation_prolific,missing_only,0.5,0.0,0.0,49,39,0.10256410256410256,335,0.023880597014925373,0.10256410256410256,39,,0,,0
validation_prolific,missing_only,0.75,0.0,0.0,0,58,0.05172413793103448,316,0.022151898734177215,0.05172413793103448,58,,0,,0
validation_prolific,missing_only,0.75,0.0,0.0,1,58,0.034482758620689655,316,0.028481012658227847,0.034482758620689655,58,,0,,0
validation_prolific,missing_only,0.75,0.0,0.0,2,58,0.034482758620689655,316,0.012658227848101266,0.034482758620689655,58,,0,,0
validation_prolific,missing_only,0.75,0.0,0.0,3,58,0.034482758620689655,316,0.022151898734177215,0.034482758620689655,58,,0,,0
validation_prolific,missing_only,0.75,0.0,0.0,4,58,0.034482758620689655,316,0.012658227848101266,0.034482758620689655,58,,0,,0
validation_prolific,missing_only,0.75,0.0,0.0,5,58,0.017241379310344827,316,0.02531645569620253,0.017241379310344827,58,,0,,0
validation_prolific,missing_only,0.75,0.0,0.0,6,58,0.05172413793103448,316,0.03164556962025317,0.05172413793103448,58,,0,,0
validation_prolific,missing_only,0.75,0.0,0.0,7,58,0.034482758620689655,316,0.02531645569620253,0.034482758620689655,58,,0,,0
validation_prolific,missing_only,0.75,0.0,0.0,8,58,0.034482758620689655,316,0.028481012658227847,0.034482758620689655,58,,0,,0
validation_prolific,missing_only,0.75,0.0,0.0,9,58,0.034482758620689655,316,0.02531645569620253,0.034482758620689655,58,,0,,0
validation_prolific,missing_only,0.75,0.0,0.0,10,58,0.017241379310344827,316,0.015822784810126583,0.017241379310344827,58,,0,,0
validation_prolific,missing_only,0.75,0.0,0.0,11,58,0.0,316,0.0189873417721519,0.0,58,,0,,0
validation_prolific,missing_only,0.75,0.0,0.0,12,58,0.017241379310344827,316,0.012658227848101266,0.017241379310344827,58,,0,,0
validation_prolific,missing_only,0.75,0.0,0.0,13,58,0.06896551724137931,316,0.022151898734177215,0.06896551724137931,58,,0,,0
validation_prolific,missing_only,0.75,0.0,0.0,14,58,0.05172413793103448,316,0.0189873417721519,0.05172413793103448,58,,0,,0
validation_prolific,missing_only,0.75,0.0,0.0,15,58,0.034482758620689655,316,0.012658227848101266,0.034482758620689655,58,,0,,0
validation_prolific,missing_only,0.75,0.0,0.0,16,58,0.05172413793103448,316,0.012658227848101266,0.05172413793103448,58,,0,,0
validation_prolific,missing_only,0.75,0.0,0.0,17,58,0.05172413793103448,316,0.0189873417721519,0.05172413793103448,58,,0,,0
validation_prolific,missing_only,0.75,0.0,0.0,18,58,0.034482758620689655,316,0.015822784810126583,0.034482758620689655,58,,0,,0
validation_prolific,missing_only,0.75,0.0,0.0,19,58,0.034482758620689655,316,0.0189873417721519,0.034482758620689655,58,,0,,0
validation_prolific,missing_only,0.75,0.0,0.0,20,58,0.05172413793103448,316,0.012658227848101266,0.05172413793103448,58,,0,,0
validation_prolific,missing_only,0.75,0.0,0.0,21,58,0.034482758620689655,316,0.02531645569620253,0.034482758620689655,58,,0,,0
validation_prolific,missing_only,0.75,0.0,0.0,22,58,0.017241379310344827,316,0.0189873417721519,0.017241379310344827,58,,0,,0
validation_prolific,missing_only,0.75,0.0,0.0,23,58,0.017241379310344827,316,0.015822784810126583,0.017241379310344827,58,,0,,0
validation_prolific,missing_only,0.75,0.0,0.0,24,58,0.06896551724137931,316,0.00949367088607595,0.06896551724137931,58,,0,,0
validation_prolific,missing_only,0.75,0.0,0.0,25,58,0.034482758620689655,316,0.0189873417721519,0.034482758620689655,58,,0,,0
validation_prolific,missing_only,0.75,0.0,0.0,26,58,0.017241379310344827,316,0.0189873417721519,0.017241379310344827,58,,0,,0
validation_prolific,missing_only,0.75,0.0,0.0,27,58,0.08620689655172414,316,0.015822784810126583,0.08620689655172414,58,,0,,0
validation_prolific,missing_only,0.75,0.0,0.0,28,58,0.05172413793103448,316,0.02531645569620253,0.05172413793103448,58,,0,,0
validation_prolific,missing_only,0.75,0.0,0.0,29,58,0.05172413793103448,316,0.0189873417721519,0.05172413793103448,58,,0,,0
validation_prolific,missing_only,0.75,0.0,0.0,30,58,0.06896551724137931,316,0.0189873417721519,0.06896551724137931,58,,0,,0
validation_prolific,missing_only,0.75,0.0,0.0,31,58,0.034482758620689655,316,0.028481012658227847,0.034482758620689655,58,,0,,0
validation_prolific,missing_only,0.75,0.0,0.0,32,58,0.034482758620689655,316,0.0189873417721519,0.034482758620689655,58,,0,,0
validation_prolific,missing_only,0.75,0.0,0.0,33,58,0.017241379310344827,316,0.00949367088607595,0.017241379310344827,58,,0,,0
validation_prolific,missing_only,0.75,0.0,0.0,34,58,0.05172413793103448,316,0.012658227848101266,0.05172413793103448,58,,0,,0
validation_prolific,missing_only,0.75,0.0,0.0,35,58,0.017241379310344827,316,0.03164556962025317,0.017241379310344827,58,,0,,0
validation_prolific,missing_only,0.75,0.0,0.0,36,58,0.034482758620689655,316,0.02531645569620253,0.034482758620689655,58,,0,,0
validation_prolific,missing_only,0.75,0.0,0.0,37,58,0.05172413793103448,316,0.022151898734177215,0.05172413793103448,58,,0,,0
validation_prolific,missing_only,0.75,0.0,0.0,38,58,0.05172413793103448,316,0.015822784810126583,0.05172413793103448,58,,0,,0
validation_prolific,missing_only,0.75,0.0,0.0,39,58,0.034482758620689655,316,0.02531645569620253,0.034482758620689655,58,,0,,0
validation_prolific,missing_only,0.75,0.0,0.0,40,58,0.034482758620689655,316,0.015822784810126583,0.034482758620689655,58,,0,,0
validation_prolific,missing_only,0.75,0.0,0.0,41,58,0.034482758620689655,316,0.022151898734177215,0.034482758620689655,58,,0,,0
validation_prolific,missing_only,0.75,0.0,0.0,42,58,0.034482758620689655,316,0.022151898734177215,0.034482758620689655,58,,0,,0
validation_prolific,missing_only,0.75,0.0,0.0,43,58,0.017241379310344827,316,0.0189873417721519,0.017241379310344827,58,,0,,0
validation_prolific,missing_only,0.75,0.0,0.0,44,58,0.034482758620689655,316,0.012658227848101266,0.034482758620689655,58,,0,,0
validation_prolific,missing_only,0.75,0.0,0.0,45,58,0.034482758620689655,316,0.012658227848101266,0.034482758620689655,58,,0,,0
validation_prolific,missing_only,0.75,0.0,0.0,46,58,0.05172413793103448,316,0.02531645569620253,0.05172413793103448,58,,0,,0
validation_prolific,missing_only,0.75,0.0,0.0,47,58,0.05172413793103448,316,0.015822784810126583,0.05172413793103448,58,,0,,0
validation_prolific,missing_only,0.75,0.0,0.0,48,58,0.05172413793103448,316,0.012658227848101266,0.05172413793103448,58,,0,,0
validation_prolific,missing_only,0.75,0.0,0.0,49,58,0.0,316,0.02531645569620253,0.0,58,,0,,0
validation_prolific,missing_only,1.0,0.0,0.0,0,78,0.02564102564102564,296,0.0033783783783783786,0.02564102564102564,78,,0,,0
validation_prolific,missing_only,1.0,0.0,0.0,1,78,0.02564102564102564,296,0.0033783783783783786,0.02564102564102564,78,,0,,0
validation_prolific,missing_only,1.0,0.0,0.0,2,78,0.02564102564102564,296,0.0033783783783783786,0.02564102564102564,78,,0,,0
validation_prolific,missing_only,1.0,0.0,0.0,3,78,0.02564102564102564,296,0.0033783783783783786,0.02564102564102564,78,,0,,0
validation_prolific,missing_only,1.0,0.0,0.0,4,78,0.02564102564102564,296,0.0033783783783783786,0.02564102564102564,78,,0,,0
validation_prolific,missing_only,1.0,0.0,0.0,5,78,0.02564102564102564,296,0.0033783783783783786,0.02564102564102564,78,,0,,0
validation_prolific,missing_only,1.0,0.0,0.0,6,78,0.02564102564102564,296,0.0033783783783783786,0.02564102564102564,78,,0,,0
validation_prolific,missing_only,1.0,0.0,0.0,7,78,0.02564102564102564,296,0.0033783783783783786,0.02564102564102564,78,,0,,0
validation_prolific,missing_only,1.0,0.0,0.0,8,78,0.02564102564102564,296,0.0033783783783783786,0.02564102564102564,78,,0,,0
validation_prolific,missing_only,1.0,0.0,0.0,9,78,0.02564102564102564,296,0.0033783783783783786,0.02564102564102564,78,,0,,0
validation_prolific,missing_only,1.0,0.0,0.0,10,78,0.02564102564102564,296,0.0033783783783783786,0.02564102564102564,78,,0,,0
validation_prolific,missing_only,1.0,0.0,0.0,11,78,0.02564102564102564,296,0.0033783783783783786,0.02564102564102564,78,,0,,0
validation_prolific,missing_only,1.0,0.0,0.0,12,78,0.02564102564102564,296,0.0033783783783783786,0.02564102564102564,78,,0,,0
validation_prolific,missing_only,1.0,0.0,0.0,13,78,0.02564102564102564,296,0.0033783783783783786,0.02564102564102564,78,,0,,0
validation_prolific,missing_only,1.0,0.0,0.0,14,78,0.02564102564102564,296,0.0033783783783783786,0.02564102564102564,78,,0,,0
validation_prolific,missing_only,1.0,0.0,0.0,15,78,0.02564102564102564,296,0.0033783783783783786,0.02564102564102564,78,,0,,0
validation_prolific,missing_only,1.0,0.0,0.0,16,78,0.02564102564102564,296,0.0033783783783783786,0.02564102564102564,78,,0,,0
validation_prolific,missing_only,1.0,0.0,0.0,17,78,0.02564102564102564,296,0.0033783783783783786,0.02564102564102564,78,,0,,0
validation_prolific,missing_only,1.0,0.0,0.0,18,78,0.02564102564102564,296,0.0033783783783783786,0.02564102564102564,78,,0,,0
validation_prolific,missing_only,1.0,0.0,0.0,19,78,0.02564102564102564,296,0.0033783783783783786,0.02564102564102564,78,,0,,0
validation_prolific,missing_only,1.0,0.0,0.0,20,78,0.02564102564102564,296,0.0033783783783783786,0.02564102564102564,78,,0,,0
validation_prolific,missing_only,1.0,0.0,0.0,21,78,0.02564102564102564,296,0.0033783783783783786,0.02564102564102564,78,,0,,0
validation_prolific,missing_only,1.0,0.0,0.0,22,78,0.02564102564102564,296,0.0033783783783783786,0.02564102564102564,78,,0,,0
validation_prolific,missing_only,1.0,0.0,0.0,23,78,0.02564102564102564,296,0.0033783783783783786,0.02564102564102564,78,,0,,0
validation_prolific,missing_only,1.0,0.0,0.0,24,78,0.02564102564102564,296,0.0033783783783783786,0.02564102564102564,78,,0,,0
validation_prolific,missing_only,1.0,0.0,0.0,25,78,0.02564102564102564,296,0.0033783783783783786,0.02564102564102564,78,,0,,0
validation_prolific,missing_only,1.0,0.0,0.0,26,78,0.02564102564102564,296,0.0033783783783783786,0.02564102564102564,78,,0,,0
validation_prolific,missing_only,1.0,0.0,0.0,27,78,0.02564102564102564,296,0.0033783783783783786,0.02564102564102564,78,,0,,0
validation_prolific,missing_only,1.0,0.0,0.0,28,78,0.02564102564102564,296,0.0033783783783783786,0.02564102564102564,78,,0,,0
validation_prolific,missing_only,1.0,0.0,0.0,29,78,0.02564102564102564,296,0.0033783783783783786,0.02564102564102564,78,,0,,0
validation_prolific,missing_only,1.0,0.0,0.0,30,78,0.02564102564102564,296,0.0033783783783783786,0.02564102564102564,78,,0,,0
validation_prolific,missing_only,1.0,0.0,0.0,31,78,0.02564102564102564,296,0.0033783783783783786,0.02564102564102564,78,,0,,0
validation_prolific,missing_only,1.0,0.0,0.0,32,78,0.02564102564102564,296,0.0033783783783783786,0.02564102564102564,78,,0,,0
validation_prolific,missing_only,1.0,0.0,0.0,33,78,0.02564102564102564,296,0.0033783783783783786,0.02564102564102564,78,,0,,0
validation_prolific,missing_only,1.0,0.0,0.0,34,78,0.02564102564102564,296,0.0033783783783783786,0.02564102564102564,78,,0,,0
validation_prolific,missing_only,1.0,0.0,0.0,35,78,0.02564102564102564,296,0.0033783783783783786,0.02564102564102564,78,,0,,0
validation_prolific,missing_only,1.0,0.0,0.0,36,78,0.02564102564102564,296,0.0033783783783783786,0.02564102564102564,78,,0,,0
validation_prolific,missing_only,1.0,0.0,0.0,37,78,0.02564102564102564,296,0.0033783783783783786,0.02564102564102564,78,,0,,0
validation_prolific,missing_only,1.0,0.0,0.0,38,78,0.02564102564102564,296,0.0033783783783783786,0.02564102564102564,78,,0,,0
validation_prolific,missing_only,1.0,0.0,0.0,39,78,0.02564102564102564,296,0.0033783783783783786,0.02564102564102564,78,,0,,0
validation_prolific,missing_only,1.0,0.0,0.0,40,78,0.02564102564102564,296,0.0033783783783783786,0.02564102564102564,78,,0,,0
validation_prolific,missing_only,1.0,0.0,0.0,41,78,0.02564102564102564,296,0.0033783783783783786,0.02564102564102564,78,,0,,0
validation_prolific,missing_only,1.0,0.0,0.0,42,78,0.02564102564102564,296,0.0033783783783783786,0.02564102564102564,78,,0,,0
validation_prolific,missing_only,1.0,0.0,0.0,43,78,0.02564102564102564,296,0.0033783783783783786,0.02564102564102564,78,,0,,0
validation_prolific,missing_only,1.0,0.0,0.0,44,78,0.02564102564102564,296,0.0033783783783783786,0.02564102564102564,78,,0,,0
validation_prolific,missing_only,1.0,0.0,0.0,45,78,0.02564102564102564,296,0.0033783783783783786,0.02564102564102564,78,,0,,0
validation_prolific,missing_only,1.0,0.0,0.0,46,78,0.02564102564102564,296,0.0033783783783783786,0.02564102564102564,78,,0,,0
validation_prolific,missing_only,1.0,0.0,0.0,47,78,0.02564102564102564,296,0.0033783783783783786,0.02564102564102564,78,,0,,0
validation_prolific,missing_only,1.0,0.0,0.0,48,78,0.02564102564102564,296,0.0033783783783783786,0.02564102564102564,78,,0,,0
validation_prolific,missing_only,1.0,0.0,0.0,49,78,0.02564102564102564,296,0.0033783783783783786,0.02564102564102564,78,,0,,0
