dataset,regime,u,f,s,draw,variant,pearson_r,mae,sign_error_rate,rho,p_at_5,p_at_10,ndcg_at_10
pilot_holdout,full,0.0,0.03,0.03,0,plain,0.2325738636684525,0.21208686386230358,0.3630349390117842,0.34470204117850195,0.5663716814159292,0.4646017699115044,0.7450447444646858
pilot_holdout,full,0.0,0.03,0.03,0,documented,0.7593291252602498,0.12559172091697846,0.12673144511060574,0.5905183082474962,0.71858407079646,0.6168141592920354,0.864027852907407
pilot_holdout,full,0.0,0.03,0.03,0,aligned,0.7568741985943739,0.1262697198119847,0.12941906140169526,0.5844565836403945,0.720353982300885,0.6123893805309735,0.8629297693568122
pilot_holdout,full,0.0,0.03,0.03,0,hyperplane_old,0.5133129224878278,0.169565696973031,0.2466404796361381,0.4751288061438616,0.6548672566371682,0.5628318584070796,0.8095116643887372
pilot_holdout,full,0.0,0.03,0.03,1,plain,0.2325738636684525,0.21208686386230358,0.3630349390117842,0.34470204117850195,0.5663716814159292,0.4646017699115044,0.7450447444646858
pilot_holdout,full,0.0,0.03,0.03,1,documented,0.8049873325560783,0.12046139244192443,0.11536076080215009,0.5792320706999028,0.720353982300885,0.6097345132743364,0.858726142878378
pilot_holdout,full,0.0,0.03,0.03,1,aligned,0.8003669710956551,0.1213269931754868,0.11639445937564606,0.5790132821601742,0.720353982300885,0.6017699115044248,0.8600139919878002
pilot_holdout,full,0.0,0.03,0.03,1,hyperplane_old,0.5448769259403029,0.16594871712082668,0.23506305561298324,0.4677684735696362,0.6619469026548673,0.5654867256637168,0.812984247979966
pilot_holdout,full,0.0,0.03,0.03,2,plain,0.2325738636684525,0.21208686386230358,0.3630349390117842,0.34470204117850195,0.5663716814159292,0.4646017699115044,0.7450447444646858
pilot_holdout,full,0.0,0.03,0.03,2,documented,0.7999275075507533,0.1191758869215856,0.1085383502170767,0.59868947514391,0.7256637168141593,0.6106194690265488,0.8634547092576116
pilot_holdout,full,0.0,0.03,0.03,2,aligned,0.8029005954309436,0.11818685537805743,0.10895182964647508,0.6003065388525268,0.7327433628318585,0.6150442477876106,0.8672092079856326
pilot_holdout,full,0.0,0.03,0.03,2,hyperplane_old,0.5498984956991921,0.1648384417112155,0.2336158776100889,0.47882624896366366,0.6619469026548671,0.5663716814159292,0.8142461690315873
pilot_holdout,full,0.0,0.03,0.03,3,plain,0.2325738636684525,0.21208686386230358,0.3630349390117842,0.34470204117850195,0.5663716814159292,0.4646017699115044,0.7450447444646858
pilot_holdout,full,0.0,0.03,0.03,3,documented,0.790892061155451,0.11978069999950107,0.10833161050237751,0.5960786028387351,0.7274336283185839,0.611504424778761,0.8653315610946498
pilot_holdout,full,0.0,0.03,0.03,3,aligned,0.7931975024319968,0.11910533434896674,0.10667769278478395,0.5979529332497322,0.7309734513274336,0.6123893805309735,0.8674598580256079
pilot_holdout,full,0.0,0.03,0.03,3,hyperplane_old,0.5071226905529895,0.17059603184285774,0.2536696299359107,0.47275260683622083,0.6530973451327434,0.5566371681415929,0.8082667158313429
pilot_holdout,full,0.0,0.03,0.03,4,plain,0.2325738636684525,0.21208686386230358,0.3630349390117842,0.34470204117850195,0.5663716814159292,0.4646017699115044,0.7450447444646858
pilot_holdout,full,0.0,0.03,0.03,4,documented,0.7806498559773618,0.12038008722349273,0.10998552821997105,0.6086219821120437,0.7362831858407078,0.6212389380530974,0.8678207806029414
pilot_holdout,full,0.0,0.03,0.03,4,aligned,0.7768695486955352,0.12133550287130973,0.11101922679346703,0.603994299893702,0.7292035398230089,0.6115044247787611,0.8657440269117086
pilot_holdout,full,0.0,0.03,0.03,4,hyperplane_old,0.5324289777054187,0.1669880327699613,0.23878437047756873,0.4788113764564207,0.6460176991150443,0.5566371681415929,0.8099400969540925
pilot_holdout,full,0.0,0.03,0.03,5,plain,0.2325738636684525,0.21208686386230358,0.3630349390117842,0.34470204117850195,0.5663716814159292,0.4646017699115044,0.7450447444646858
pilot_holdout,full,0.0,0.03,0.03,5,documented,0.7383746526039271,0.13074496040706288,0.13603473227206947,0.5827635039219262,0.7309734513274336,0.6079646017699115,0.858350116743728
pilot_holdout,full,0.0,0.03,0.03,5,aligned,0.7375432031498141,0.13115116798435109,0.13727517056026461,0.5785928968025285,0.7150442477876106,0.6044247787610619,0.8579490088223326
pilot_holdout,full,0.0,0.03,0.03,5,hyperplane_old,0.5223707803420843,0.16988808950870207,0.24477982220384537,0.4632824720368316,0.6566371681415929,0.5530973451327433,0.8084584997227321
pilot_holdout,full,0.0,0.03,0.03,6,plain,0.2325738636684525,0.21208686386230358,0.3630349390117842,0.34470204117850195,0.5663716814159292,0.4646017699115044,0.7450447444646858
pilot_holdout,full,0.0,0.03,0.03,6,documented,0.7516691059995025,0.127125393102981,0.12321686996071946,0.5836766582814441,0.7238938053097345,0.604424778761062,0.8627649641639751
pilot_holdout,full,0.0,0.03,0.03,6,aligned,0.7512797928027283,0.12729133692236885,0.1250775273930122,0.5805503101618797,0.7185840707964603,0.6017699115044248,0.8610893592810376
pilot_holdout,full,0.0,0.03,0.03,6,hyperplane_old,0.5123891798334533,0.16891866986617127,0.24291916477155262,0.47037768373615535,0.6584070796460177,0.5539823008849558,0.810694084142671
pilot_holdout,full,0.0,0.03,0.03,7,plain,0.2325738636684525,0.21208686386230358,0.3630349390117842,0.34470204117850195,0.5663716814159292,0.4646017699115044,0.7450447444646858
pilot_holdout,full,0.0,0.03,0.03,7,documented,0.7544325160006162,0.12828247854650077,0.13934256770725656,0.5681387816138606,0.7185840707964603,0.607079646017699,0.8577718030961133
pilot_holdout,full,0.0,0.03,0.03,7,aligned,0.7564520469574154,0.12786136204921142,0.1385156088484598,0.5684453325235282,0.7168141592920354,0.6053097345132744,0.8603700769858261
pilot_holdout,full,0.0,0.03,0.03,7,hyperplane_old,0.5477939075107049,0.16496578992357494,0.23072152160430018,0.4794176761495155,0.672566371681416,0.5734513274336284,0.817505615689015
pilot_holdout,full,0.0,0.03,0.03,8,plain,0.2325738636684525,0.21208686386230358,0.3630349390117842,0.34470204117850195,0.5663716814159292,0.4646017699115044,0.7450447444646858
pilot_holdout,full,0.0,0.03,0.03,8,documented,0.7342076110762245,0.1306823733058599,0.1350010336985735,0.5694774629265418,0.7132743362831858,0.6070796460176991,0.855640894425646
pilot_holdout,full,0.0,0.03,0.03,8,aligned,0.7424048870828686,0.12781923575092496,0.12983254083109366,0.5872748805399172,0.7238938053097346,0.6123893805309735,0.8622597952105308
pilot_holdout,full,0.0,0.03,0.03,8,hyperplane_old,0.5189454815202663,0.16956073253334497,0.24477982220384537,0.4683798935131683,0.6530973451327434,0.5530973451327433,0.8058529387371421
pilot_holdout,full,0.0,0.03,0.03,9,plain,0.2325738636684525,0.21208686386230358,0.3630349390117842,0.34470204117850195,0.5663716814159292,0.4646017699115044,0.7450447444646858
pilot_holdout,full,0.0,0.03,0.03,9,documented,0.7822567908698842,0.12403999948398896,0.11928881538143478,0.5721545529849373,0.7150442477876106,0.6079646017699115,0.8541707190708637
pilot_holdout,full,0.0,0.03,0.03,9,aligned,0.7846527187744208,0.12339483609564474,0.11701467851974365,0.5759840718915095,0.7115044247787611,0.6008849557522125,0.8550634403908607
pilot_holdout,full,0.0,0.03,0.03,9,hyperplane_old,0.5305227158273014,0.16790427972824576,0.2439528633450486,0.469657948313227,0.6548672566371682,0.5601769911504425,0.8121453544936552
pilot_holdout,full,0.0,0.03,0.03,10,plain,0.2325738636684525,0.21208686386230358,0.3630349390117842,0.34470204117850195,0.5663716814159292,0.4646017699115044,0.7450447444646858
pilot_holdout,full,0.0,0.03,0.03,10,documented,0.8040368528687989,0.12022170701570901,0.11784163737854042,0.5827678235911637,0.7221238938053098,0.6079646017699115,0.8616366609768853
pilot_holdout,full,0.0,0.03,0.03,10,aligned,0.804344897343763,0.12023125373212297,0.11866859623733719,0.5787556201141822,0.7256637168141593,0.6141592920353983,0.8634625210691518
pilot_holdout,full,0.0,0.03,0.03,10,hyperplane_old,0.5389693537962559,0.16629784868066652,0.23713045275997519,0.46695281867217314,0.6601769911504426,0.5610619469026549,0.8119248760449055
pilot_holdout,full,0.0,0.03,0.03,11,plain,0.2325738636684525,0.21208686386230358,0.3630349390117842,0.34470204117850195,0.5663716814159292,0.4646017699115044,0.7450447444646858
pilot_holdout,full,0.0,0.03,0.03,11,documented,0.776284438652877,0.1232352315401956,0.12073599338432912,0.5903916311739269,0.7097345132743363,0.611504424778761,0.8630619512610457
pilot_holdout,full,0.0,0.03,0.03,11,aligned,0.7810585543058518,0.12178167655609379,0.11701467851974365,0.594810394244236,0.720353982300885,0.6079646017699115,0.8649680135849651
pilot_holdout,full,0.0,0.03,0.03,11,hyperplane_old,0.5335810364309652,0.167990163798902,0.24457308248914617,0.4688940612303002,0.6442477876106194,0.5601769911504425,0.8094545178852053
pilot_holdout,full,0.0,0.03,0.03,12,plain,0.2325738636684525,0.21208686386230358,0.3630349390117842,0.34470204117850195,0.5663716814159292,0.4646017699115044,0.7450447444646858
pilot_holdout,full,0.0,0.03,0.03,12,documented,0.7856855173395992,0.12419222431114259,0.12549100682241057,0.5836295863420805,0.7221238938053097,0.604424778761062,0.8586413307421406
pilot_holdout,full,0.0,0.03,0.03,12,aligned,0.7849714726351192,0.12472720519346846,0.12569774653710977,0.5773666625401422,0.7079646017699115,0.6,0.8567477405717211
pilot_holdout,full,0.0,0.03,0.03,12,hyperplane_old,0.5124615201546117,0.172518120814819,0.2565639859416994,0.46276052554269675,0.6513274336283186,0.5566371681415929,0.8015301430326359
pilot_holdout,full,0.0,0.03,0.03,13,plain,0.2325738636684525,0.21208686386230358,0.3630349390117842,0.34470204117850195,0.5663716814159292,0.4646017699115044,0.7450447444646858
pilot_holdout,full,0.0,0.03,0.03,13,documented,0.7505954054074507,0.13076525291397603,0.13975604713665496,0.571441017280836,0.7185840707964603,0.5982300884955754,0.8550609495052507
pilot_holdout,full,0.0,0.03,0.03,13,aligned,0.7586838284370843,0.1285428843231329,0.13789538970436221,0.5783491673492892,0.7256637168141593,0.6106194690265486,0.861741292936914
pilot_holdout,full,0.0,0.03,0.03,13,hyperplane_old,0.4854000188930003,0.1752576961923467,0.2664874922472607,0.467704290491031,0.6407079646017699,0.5442477876106195,0.8002147085615731
pilot_holdout,full,0.0,0.03,0.03,14,plain,0.2325738636684525,0.21208686386230358,0.3630349390117842,0.34470204117850195,0.5663716814159292,0.4646017699115044,0.7450447444646858
pilot_holdout,full,0.0,0.03,0.03,14,documented,0.7454580738861973,0.12897649122182295,0.1316931982633864,0.5793668059464332,0.7061946902654866,0.6079646017699115,0.8543365358501994
pilot_holdout,full,0.0,0.03,0.03,14,aligned,0.7477809472272786,0.1286733305471128,0.13065949968989043,0.5793869578577977,0.7132743362831859,0.6123893805309736,0.8566038829561389
pilot_holdout,full,0.0,0.03,0.03,14,hyperplane_old,0.5519018248076777,0.1646107974147525,0.230514781889601,0.4781481213135851,0.6601769911504426,0.5663716814159292,0.8162149511701374
pilot_holdout,full,0.0,0.03,0.03,15,plain,0.2325738636684525,0.21208686386230358,0.3630349390117842,0.34470204117850195,0.5663716814159292,0.4646017699115044,0.7450447444646858
pilot_holdout,full,0.0,0.03,0.03,15,documented,0.730126354386093,0.1312318499180399,0.1414099648542485,0.5797422083504632,0.7185840707964604,0.611504424778761,0.8563331382101854
pilot_holdout,full,0.0,0.03,0.03,15,aligned,0.7344327707562417,0.13046176535161313,0.13727517056026461,0.5867418598285582,0.7238938053097345,0.6097345132743364,0.8609292412246747
pilot_holdout,full,0.0,0.03,0.03,15,hyperplane_old,0.5396463922564203,0.16572826799141308,0.23713045275997519,0.48078688202714415,0.6707964601769911,0.5699115044247788,0.8182880630300827
pilot_holdout,full,0.0,0.03,0.03,16,plain,0.2325738636684525,0.21208686386230358,0.3630349390117842,0.34470204117850195,0.5663716814159292,0.4646017699115044,0.7450447444646858
pilot_holdout,full,0.0,0.03,0.03,16,documented,0.7860435530415213,0.12158043479730389,0.1118461856522638,0.5990563173749972,0.7115044247787611,0.611504424778761,0.8617642851300862
pilot_holdout,full,0.0,0.03,0.03,16,aligned,0.7824960800592626,0.12298133527460486,0.11453380194335332,0.5876678149810792,0.7132743362831858,0.5991150442477877,0.8570325198706606
pilot_holdout,full,0.0,0.03,0.03,16,hyperplane_old,0.509001114295498,0.1708839821179877,0.2538763696506099,0.466124693352965,0.6442477876106194,0.5601769911504425,0.8047481518459436
pilot_holdout,full,0.0,0.03,0.03,17,plain,0.2325738636684525,0.21208686386230358,0.3630349390117842,0.34470204117850195,0.5663716814159292,0.4646017699115044,0.7450447444646858
pilot_holdout,full,0.0,0.03,0.03,17,documented,0.7597826942386812,0.12575026797168676,0.13293363655158155,0.5974575962182475,0.7238938053097345,0.6026548672566371,0.8606989873186772
pilot_holdout,full,0.0,0.03,0.03,17,aligned,0.7614949544782708,0.1255629695794796,0.13065949968989043,0.5946574448267262,0.7221238938053097,0.6061946902654868,0.8615294374612309
pilot_holdout,full,0.0,0.03,0.03,17,hyperplane_old,0.4982036830911983,0.1729049229121465,0.2578044242298946,0.46824131707492916,0.6530973451327434,0.5548672566371681,0.8059103498827379
pilot_holdout,full,0.0,0.03,0.03,18,plain,0.2325738636684525,0.21208686386230358,0.3630349390117842,0.34470204117850195,0.5663716814159292,0.4646017699115044,0.7450447444646858
pilot_holdout,full,0.0,0.03,0.03,18,documented,0.744555100880159,0.13022060763224758,0.13727517056026461,0.5791770435796916,0.7221238938053098,0.6150442477876106,0.8609859694325278
pilot_holdout,full,0.0,0.03,0.03,18,aligned,0.7477458071603579,0.12931815166466867,0.13355385569567915,0.5810558869130668,0.7309734513274336,0.6150442477876106,0.8637537930049671
pilot_holdout,full,0.0,0.03,0.03,18,hyperplane_old,0.5085677975945226,0.17201909271271235,0.2578044242298946,0.44847370928573155,0.6460176991150443,0.5513274336283186,0.80404799259621
pilot_holdout,full,0.0,0.03,0.03,19,plain,0.2325738636684525,0.21208686386230358,0.3630349390117842,0.34470204117850195,0.5663716814159292,0.4646017699115044,0.7450447444646858
pilot_holdout,full,0.0,0.03,0.03,19,documented,0.7509212178920026,0.12560210382954107,0.12962580111639446,0.6020587764522305,0.7256637168141593,0.6176991150442479,0.8618440400411211
pilot_holdout,full,0.0,0.03,0.03,19,aligned,0.7494336907137529,0.1263568557739486,0.1310729791192888,0.5970812630911371,0.7203539823008849,0.6106194690265486,0.8609754501314689
pilot_holdout,full,0.0,0.03,0.03,19,hyperplane_old,0.5358964001388857,0.16727684910999796,0.2404382881951623,0.4740937844603043,0.6530973451327434,0.5557522123893806,0.8082323841581263
pilot_holdout,full,0.0,0.03,0.03,20,plain,0.2325738636684525,0.21208686386230358,0.3630349390117842,0.34470204117850195,0.5663716814159292,0.4646017699115044,0.7450447444646858
pilot_holdout,full,0.0,0.03,0.03,20,documented,0.7491819828005579,0.12706992003346854,0.124870787678313,0.5961720388275209,0.7238938053097345,0.6194690265486725,0.8696402716155907
pilot_holdout,full,0.0,0.03,0.03,20,aligned,0.7511358291482878,0.12685334191866945,0.12218317138722348,0.5934322815256504,0.7309734513274336,0.6141592920353983,0.8696434368668811
pilot_holdout,full,0.0,0.03,0.03,20,hyperplane_old,0.5126322633870403,0.17079594861566122,0.24870787678313003,0.47035812457454973,0.6477876106194691,0.5530973451327434,0.8072806323999987
pilot_holdout,full,0.0,0.03,0.03,21,plain,0.2325738636684525,0.21208686386230358,0.3630349390117842,0.34470204117850195,0.5663716814159292,0.4646017699115044,0.7450447444646858
pilot_holdout,full,0.0,0.03,0.03,21,documented,0.7364414544645193,0.12895474076338675,0.13438081455447592,0.5888910113871533,0.7274336283185839,0.6176991150442479,0.8607314034314376
pilot_holdout,full,0.0,0.03,0.03,21,aligned,0.7423803025450639,0.12751924029617082,0.12797188339880092,0.5962469215048039,0.7238938053097345,0.611504424778761,0.8644491784362375
pilot_holdout,full,0.0,0.03,0.03,21,hyperplane_old,0.4596993536010973,0.17604686055376884,0.2633863965267728,0.4758168165635634,0.6654867256637167,0.5584070796460177,0.8083757799189715
pilot_holdout,full,0.0,0.03,0.03,22,plain,0.2325738636684525,0.21208686386230358,0.3630349390117842,0.34470204117850195,0.5663716814159292,0.4646017699115044,0.7450447444646858
pilot_holdout,full,0.0,0.03,0.03,22,documented,0.7383904256875544,0.12636284786720794,0.12073599338432912,0.5998653908780975,0.7309734513274336,0.615929203539823,0.8675648183706577
pilot_holdout,full,0.0,0.03,0.03,22,aligned,0.7362831880709597,0.1263481716344686,0.11866859623733719,0.6047428386982499,0.7327433628318585,0.6123893805309736,0.8673726920240098
pilot_holdout,full,0.0,0.03,0.03,22,hyperplane_old,0.48559270618155204,0.17238424345723288,0.25491006822410583,0.4819470936281173,0.6601769911504426,0.5566371681415929,0.8100238226593971
pilot_holdout,full,0.0,0.03,0.03,23,plain,0.2325738636684525,0.21208686386230358,0.3630349390117842,0.34470204117850195,0.5663716814159292,0.4646017699115044,0.7450447444646858
pilot_holdout,full,0.0,0.03,0.03,23,documented,0.7710222089327824,0.12269338396346123,0.11722141823444283,0.5997954335600943,0.7274336283185839,0.6212389380530974,0.8682159906955275
pilot_holdout,full,0.0,0.03,0.03,23,aligned,0.773700679649926,0.12206098564152523,0.11163944593756461,0.6039409983410359,0.7327433628318585,0.6176991150442479,0.8696585957636369
pilot_holdout,full,0.0,0.03,0.03,23,hyperplane_old,0.5020186008732682,0.17140768898597067,0.25139549307421954,0.4707924582915829,0.6495575221238938,0.5530973451327434,0.8091290205991999
pilot_holdout,full,0.0,0.03,0.03,24,plain,0.2325738636684525,0.21208686386230358,0.3630349390117842,0.34470204117850195,0.5663716814159292,0.4646017699115044,0.7450447444646858
pilot_holdout,full,0.0,0.03,0.03,24,documented,0.7996700098953768,0.11976784725073761,0.11412032251395493,0.5906610346376228,0.7168141592920354,0.6168141592920355,0.8644358794931584
pilot_holdout,full,0.0,0.03,0.03,24,aligned,0.7987098168278266,0.12002073245637448,0.1149472813727517,0.591063475647084,0.7238938053097345,0.6115044247787611,0.8633625796320865
pilot_holdout,full,0.0,0.03,0.03,24,hyperplane_old,0.525280022460511,0.16912928402993976,0.2466404796361381,0.4718930608906007,0.6477876106194691,0.5539823008849558,0.8058707940063671
pilot_holdout,full,0.0,0.03,0.03,25,plain,0.2325738636684525,0.21208686386230358,0.3630349390117842,0.34470204117850195,0.5663716814159292,0.4646017699115044,0.7450447444646858
pilot_holdout,full,0.0,0.03,0.03,25,documented,0.7712263550868649,0.12309137256585963,0.1151540210874509,0.5988459601514295,0.7292035398230089,0.6176991150442478,0.8669747385310403
pilot_holdout,full,0.0,0.03,0.03,25,aligned,0.7698448995881451,0.12366783237885226,0.1151540210874509,0.5934207852728114,0.7238938053097345,0.6106194690265488,0.8628564100658913
pilot_holdout,full,0.0,0.03,0.03,25,hyperplane_old,0.5115805682488926,0.17082465297306546,0.25263593136241475,0.47209104217100784,0.6584070796460177,0.5646017699115043,0.8112170140829871
pilot_holdout,full,0.0,0.03,0.03,26,plain,0.2325738636684525,0.21208686386230358,0.3630349390117842,0.34470204117850195,0.5663716814159292,0.4646017699115044,0.7450447444646858
pilot_holdout,full,0.0,0.03,0.03,26,documented,0.7646689886514461,0.12927982052502918,0.14244366342774448,0.5723389048045666,0.7079646017699115,0.5964601769911504,0.8473735869410559
pilot_holdout,full,0.0,0.03,0.03,26,aligned,0.7691016215761114,0.12818146662938423,0.1412032251395493,0.5756349001747487,0.7132743362831858,0.6061946902654868,0.856923764159
pilot_holdout,full,0.0,0.03,0.03,26,hyperplane_old,0.49411432854090426,0.17367315411251674,0.2563572462270002,0.45919601889514283,0.6424778761061947,0.5486725663716814,0.8034912736098446
pilot_holdout,full,0.0,0.03,0.03,27,plain,0.2325738636684525,0.21208686386230358,0.3630349390117842,0.34470204117850195,0.5663716814159292,0.4646017699115044,0.7450447444646858
pilot_holdout,full,0.0,0.03,0.03,27,documented,0.7936948928748345,0.1232600818131404,0.11908207566673558,0.5898675651381139,0.7256637168141593,0.604424778761062,0.8594871359206595
pilot_holdout,full,0.0,0.03,0.03,27,aligned,0.8000840276249028,0.1210109975831224,0.11887533595203639,0.60085535542233,0.7238938053097346,0.6150442477876108,0.8667082981856431
pilot_holdout,full,0.0,0.03,0.03,27,hyperplane_old,0.5378107022152429,0.16719766990463672,0.24209220591275585,0.4717163777226857,0.6637168141592921,0.5646017699115043,0.814318843914038
pilot_holdout,full,0.0,0.03,0.03,28,plain,0.2325738636684525,0.21208686386230358,0.3630349390117842,0.34470204117850195,0.5663716814159292,0.4646017699115044,0.7450447444646858
pilot_holdout,full,0.0,0.03,0.03,28,documented,0.7699291276278547,0.12570326807537138,0.12301013024602026,0.5792432026382313,0.71858407079646,0.6079646017699116,0.8585295522531814
pilot_holdout,full,0.0,0.03,0.03,28,aligned,0.7730909641059859,0.12508090663303423,0.12301013024602026,0.5840952403138945,0.7221238938053097,0.6053097345132744,0.8609331476946237
pilot_holdout,full,0.0,0.03,0.03,28,hyperplane_old,0.5466278375421965,0.16574766976257443,0.23423609675418647,0.47411158804455256,0.6584070796460177,0.5646017699115045,0.8130671991962775
pilot_holdout,full,0.0,0.03,0.03,29,plain,0.2325738636684525,0.21208686386230358,0.3630349390117842,0.34470204117850195,0.5663716814159292,0.4646017699115044,0.7450447444646858
pilot_holdout,full,0.0,0.03,0.03,29,documented,0.7626317155763452,0.12590132378150268,0.13065949968989043,0.6042211080586775,0.7327433628318585,0.6185840707964603,0.8668451133668518
pilot_holdout,full,0.0,0.03,0.03,29,aligned,0.7618675012838614,0.1261711416248502,0.131279718833988,0.6004400031704124,0.7309734513274336,0.6141592920353983,0.8689827809130135
pilot_holdout,full,0.0,0.03,0.03,29,hyperplane_old,0.5176791384755345,0.1700605329448148,0.25201571221831714,0.47007713169092996,0.6637168141592921,0.5646017699115045,0.8105158385963275
pilot_holdout,full,0.0,0.03,0.03,30,plain,0.2325738636684525,0.21208686386230358,0.3630349390117842,0.34470204117850195,0.5663716814159292,0.4646017699115044,0.7450447444646858
pilot_holdout,full,0.0,0.03,0.03,30,documented,0.7598636570303513,0.12671322647080127,0.13086623940458963,0.5918964357421687,0.7185840707964603,0.6115044247787611,0.8579547309421435
pilot_holdout,full,0.0,0.03,0.03,30,aligned,0.7526255665283182,0.12685420505901993,0.12693818482530494,0.5964110816521433,0.7256637168141593,0.6106194690265486,0.8624381796814065
pilot_holdout,full,0.0,0.03,0.03,30,hyperplane_old,0.48812419745610613,0.1743597547624704,0.26090551995038247,0.4649624493055341,0.6530973451327434,0.5469026548672566,0.8032798650812606
pilot_holdout,full,0.0,0.03,0.03,31,plain,0.2325738636684525,0.21208686386230358,0.3630349390117842,0.34470204117850195,0.5663716814159292,0.4646017699115044,0.7450447444646858
pilot_holdout,full,0.0,0.03,0.03,31,documented,0.7755163270717483,0.12386411785833085,0.12259665081662187,0.5973438068533967,0.7238938053097345,0.6150442477876106,0.8677966395381327
pilot_holdout,full,0.0,0.03,0.03,31,aligned,0.7734768188450447,0.12497104665991746,0.12404382881951623,0.5850772897759893,0.727433628318584,0.6123893805309735,0.8665073374740017
pilot_holdout,full,0.0,0.03,0.03,31,hyperplane_old,0.5112443211229908,0.17074604051186915,0.2532561505065123,0.4712894232358724,0.6584070796460177,0.5654867256637168,0.8131672670350697
pilot_holdout,full,0.0,0.03,0.03,32,plain,0.2325738636684525,0.21208686386230358,0.3630349390117842,0.34470204117850195,0.5663716814159292,0.4646017699115044,0.7450447444646858
pilot_holdout,full,0.0,0.03,0.03,32,documented,0.7703316080434689,0.12112344336757913,0.11432706222865413,0.5891853360469405,0.7238938053097345,0.611504424778761,0.8629711989956217
pilot_holdout,full,0.0,0.03,0.03,32,aligned,0.7702379495454345,0.1218003578693378,0.11639445937564606,0.5848097451968354,0.7238938053097346,0.6106194690265486,0.862940261027318
pilot_holdout,full,0.0,0.03,0.03,32,hyperplane_old,0.5003104087061047,0.17051546678241228,0.24581352077734134,0.4718674315344463,0.6495575221238938,0.55929203539823,0.8063393694127291
pilot_holdout,full,0.0,0.03,0.03,33,plain,0.2325738636684525,0.21208686386230358,0.3630349390117842,0.34470204117850195,0.5663716814159292,0.4646017699115044,0.7450447444646858
pilot_holdout,full,0.0,0.03,0.03,33,documented,0.7510357673266314,0.12798255727941743,0.12797188339880092,0.5883169143273723,0.7221238938053097,0.6061946902654868,0.8556951025971892
pilot_holdout,full,0.0,0.03,0.03,33,aligned,0.7558684303874863,0.12655599310013746,0.12755840396940252,0.5963494758290028,0.7238938053097346,0.6061946902654869,0.8583251025701341
pilot_holdout,full,0.0,0.03,0.03,33,hyperplane_old,0.5077105637175532,0.17154463896309335,0.25139549307421954,0.4687114831721622,0.6566371681415929,0.5566371681415929,0.8033068935208735
pilot_holdout,full,0.0,0.03,0.03,34,plain,0.2325738636684525,0.21208686386230358,0.3630349390117842,0.34470204117850195,0.5663716814159292,0.4646017699115044,0.7450447444646858
pilot_holdout,full,0.0,0.03,0.03,34,documented,0.788665101953664,0.1217692853888924,0.11928881538143478,0.5883552339099758,0.720353982300885,0.604424778761062,0.8592383814276016
pilot_holdout,full,0.0,0.03,0.03,34,aligned,0.7911357589983046,0.12081300746208211,0.11722141823444283,0.5906511833452293,0.7185840707964603,0.604424778761062,0.8607410828399782
pilot_holdout,full,0.0,0.03,0.03,34,hyperplane_old,0.5473386956511499,0.16573918336927274,0.23423609675418647,0.47184503703564123,0.6584070796460177,0.563716814159292,0.8149607500005647
pilot_holdout,full,0.0,0.03,0.03,35,plain,0.2325738636684525,0.21208686386230358,0.3630349390117842,0.34470204117850195,0.5663716814159292,0.4646017699115044,0.7450447444646858
pilot_holdout,full,0.0,0.03,0.03,35,documented,0.7239359922190609,0.13114519970174074,0.13727517056026461,0.5875780145324412,0.7079646017699115,0.6000000000000001,0.858960232116837
pilot_holdout,full,0.0,0.03,0.03,35,aligned,0.7267227870853802,0.13063857114636476,0.13727517056026461,0.5890545132047026,0.7168141592920354,0.604424778761062,0.8620609962654365
pilot_holdout,full,0.0,0.03,0.03,35,hyperplane_old,0.5194244629209205,0.1688869474671786,0.24457308248914617,0.48229624630420903,0.6619469026548673,0.5672566371681417,0.8148617441518368
pilot_holdout,full,0.0,0.03,0.03,36,plain,0.2325738636684525,0.21208686386230358,0.3630349390117842,0.34470204117850195,0.5663716814159292,0.4646017699115044,0.7450447444646858
pilot_holdout,full,0.0,0.03,0.03,36,documented,0.8066755181997632,0.11916748474767246,0.10977878850527187,0.5993576415800056,0.7221238938053097,0.6123893805309735,0.8625541615015926
pilot_holdout,full,0.0,0.03,0.03,36,aligned,0.8072513844299296,0.1192059291657616,0.11019226793467025,0.5969909591977948,0.7309734513274337,0.6123893805309735,0.8657536025653843
pilot_holdout,full,0.0,0.03,0.03,36,hyperplane_old,0.5354361176211337,0.16759265442223975,0.24457308248914617,0.4651315709661069,0.6513274336283186,0.5557522123893806,0.8075184581116366
pilot_holdout,full,0.0,0.03,0.03,37,plain,0.2325738636684525,0.21208686386230358,0.3630349390117842,0.34470204117850195,0.5663716814159292,0.4646017699115044,0.7450447444646858
pilot_holdout,full,0.0,0.03,0.03,37,documented,0.790915208244539,0.12124286384792692,0.12032251395493074,0.590781715298708,0.7345132743362832,0.6185840707964603,0.8610456067152745
pilot_holdout,full,0.0,0.03,0.03,37,aligned,0.7914075051504779,0.1211880828699134,0.1219764316725243,0.5933095725874654,0.7292035398230089,0.6115044247787611,0.8601142927829575
pilot_holdout,full,0.0,0.03,0.03,37,hyperplane_old,0.5323813604386938,0.167861329684788,0.24560678106264214,0.4719709550239989,0.6584070796460177,0.5628318584070796,0.8115831722916933
pilot_holdout,full,0.0,0.03,0.03,38,plain,0.2325738636684525,0.21208686386230358,0.3630349390117842,0.34470204117850195,0.5663716814159292,0.4646017699115044,0.7450447444646858
pilot_holdout,full,0.0,0.03,0.03,38,documented,0.7961376908133124,0.119623540020829,0.1052305147818896,0.595638430870597,0.7168141592920354,0.6000000000000001,0.8606051390988133
pilot_holdout,full,0.0,0.03,0.03,38,aligned,0.8002577154352049,0.11789921238844428,0.10481703535249122,0.6046571566348603,0.727433628318584,0.613274336283186,0.8669432407210195
pilot_holdout,full,0.0,0.03,0.03,38,hyperplane_old,0.5375816720307852,0.16748582353419644,0.2402315484804631,0.47273621474977945,0.6513274336283186,0.5557522123893806,0.8060068780203334
pilot_holdout,full,0.0,0.03,0.03,39,plain,0.2325738636684525,0.21208686386230358,0.3630349390117842,0.34470204117850195,0.5663716814159292,0.4646017699115044,0.7450447444646858
pilot_holdout,full,0.0,0.03,0.03,39,documented,0.7426253959886077,0.1300010895591969,0.13644821170146784,0.573821437649278,0.7274336283185839,0.6044247787610619,0.8613890922067544
pilot_holdout,full,0.0,0.03,0.03,39,aligned,0.7477605548123236,0.12864004981996782,0.13314037626628075,0.581581624106368,0.720353982300885,0.6061946902654868,0.8637387826301125
pilot_holdout,full,0.0,0.03,0.03,39,hyperplane_old,0.4916635095923313,0.17325366931919992,0.2575976845151954,0.47185807756706305,0.6513274336283186,0.5601769911504425,0.8082219970262682
pilot_holdout,full,0.0,0.03,0.03,40,plain,0.2325738636684525,0.21208686386230358,0.3630349390117842,0.34470204117850195,0.5663716814159292,0.4646017699115044,0.7450447444646858
pilot_holdout,full,0.0,0.03,0.03,40,documented,0.7939990832303129,0.12044469593774268,0.11019226793467025,0.5922954506587851,0.7238938053097346,0.6106194690265486,0.8638898908422383
pilot_holdout,full,0.0,0.03,0.03,40,aligned,0.7957182895685937,0.12004317807204243,0.10750465164358074,0.5923566480826203,0.71858407079646,0.6017699115044248,0.8611626447383288
pilot_holdout,full,0.0,0.03,0.03,40,hyperplane_old,0.5266068250247455,0.16921215349755248,0.24498656191854457,0.46523924224910385,0.6530973451327434,0.5557522123893806,0.8037580126456212
pilot_holdout,full,0.0,0.03,0.03,41,plain,0.2325738636684525,0.21208686386230358,0.3630349390117842,0.34470204117850195,0.5663716814159292,0.4646017699115044,0.7450447444646858
pilot_holdout,full,0.0,0.03,0.03,41,documented,0.7225532218367104,0.13151733117250036,0.13665495141616704,0.5833851740508142,0.727433628318584,0.6159292035398231,0.8618036590425154
pilot_holdout,full,0.0,0.03,0.03,41,aligned,0.7265918668472998,0.1298017388032491,0.12983254083109366,0.5966842878944602,0.727433628318584,0.613274336283186,0.8669723505944547
pilot_holdout,full,0.0,0.03,0.03,41,hyperplane_old,0.5015502604811323,0.17050787932002476,0.24870787678313003,0.47433887453775153,0.6637168141592921,0.5646017699115045,0.8130526045442262
pilot_holdout,full,0.0,0.03,0.03,42,plain,0.2325738636684525,0.21208686386230358,0.3630349390117842,0.34470204117850195,0.5663716814159292,0.4646017699115044,0.7450447444646858
pilot_holdout,full,0.0,0.03,0.03,42,documented,0.7229410886053248,0.13129728924844458,0.13934256770725656,0.5698947649775764,0.7221238938053097,0.6097345132743364,0.8574879542203669
pilot_holdout,full,0.0,0.03,0.03,42,aligned,0.7278515160383691,0.1295470032200627,0.12962580111639446,0.5763377811407067,0.71858407079646,0.6115044247787611,0.86346529507927
pilot_holdout,full,0.0,0.03,0.03,42,hyperplane_old,0.4716330330961845,0.17609070882011105,0.26400661567087036,0.4541779610305135,0.6548672566371682,0.5495575221238939,0.7984509469095628
pilot_holdout,full,0.0,0.03,0.03,43,plain,0.2325738636684525,0.21208686386230358,0.3630349390117842,0.34470204117850195,0.5663716814159292,0.4646017699115044,0.7450447444646858
pilot_holdout,full,0.0,0.03,0.03,43,documented,0.7501314623478377,0.12839315223217657,0.12714492454000415,0.5749054005532385,0.7115044247787611,0.5973451327433629,0.8572128253676728
pilot_holdout,full,0.0,0.03,0.03,43,aligned,0.7506597333595285,0.1286905655124268,0.1310729791192888,0.5746081780687279,0.7185840707964603,0.6017699115044249,0.8598250203317891
pilot_holdout,full,0.0,0.03,0.03,43,hyperplane_old,0.5009930347721483,0.17202928152178418,0.2544965887947075,0.4531678382443557,0.6566371681415929,0.5557522123893806,0.8054237225660329
pilot_holdout,full,0.0,0.03,0.03,44,plain,0.2325738636684525,0.21208686386230358,0.3630349390117842,0.34470204117850195,0.5663716814159292,0.4646017699115044,0.7450447444646858
pilot_holdout,full,0.0,0.03,0.03,44,documented,0.7645098202289492,0.12542106871346811,0.12052925366962994,0.5877158057004258,0.727433628318584,0.611504424778761,0.8630251302298344
pilot_holdout,full,0.0,0.03,0.03,44,aligned,0.768694709731979,0.12388720017617182,0.11928881538143478,0.5890933086519763,0.7256637168141593,0.6150442477876106,0.8638164633936207
pilot_holdout,full,0.0,0.03,0.03,44,hyperplane_old,0.5051473626116096,0.17069778662863153,0.24684721935083728,0.47089599445875135,0.6654867256637168,0.5637168141592921,0.8123109731803356
pilot_holdout,full,0.0,0.03,0.03,45,plain,0.2325738636684525,0.21208686386230358,0.3630349390117842,0.34470204117850195,0.5663716814159292,0.4646017699115044,0.7450447444646858
pilot_holdout,full,0.0,0.03,0.03,45,documented,0.7844870383135545,0.12128928328150267,0.11536076080215009,0.5992714118382748,0.7238938053097346,0.6159292035398231,0.8651444182327378
pilot_holdout,full,0.0,0.03,0.03,45,aligned,0.7868626690730262,0.12102567481151809,0.1149472813727517,0.5993352465759052,0.7256637168141593,0.6141592920353983,0.8670064124700153
pilot_holdout,full,0.0,0.03,0.03,45,hyperplane_old,0.5332182082852357,0.16712852129277891,0.243332644200951,0.4795067125345153,0.6566371681415929,0.563716814159292,0.8127282097136433
pilot_holdout,full,0.0,0.03,0.03,46,plain,0.2325738636684525,0.21208686386230358,0.3630349390117842,0.34470204117850195,0.5663716814159292,0.4646017699115044,0.7450447444646858
pilot_holdout,full,0.0,0.03,0.03,46,documented,0.7662461566441378,0.1253096618463278,0.12342360967541864,0.5934941212369339,0.7221238938053097,0.6106194690265486,0.8613918223513741
pilot_holdout,full,0.0,0.03,0.03,46,aligned,0.7716857914660784,0.1238319637193599,0.12011577424023155,0.5989456812357107,0.7256637168141593,0.613274336283186,0.8653190382252143
pilot_holdout,full,0.0,0.03,0.03,46,hyperplane_old,0.5254695607510044,0.16894236729933992,0.24105850733925988,0.464256421075613,0.6566371681415929,0.5504424778761061,0.8069551813968748
pilot_holdout,full,0.0,0.03,0.03,47,plain,0.2325738636684525,0.21208686386230358,0.3630349390117842,0.34470204117850195,0.5663716814159292,0.4646017699115044,0.7450447444646858
pilot_holdout,full,0.0,0.03,0.03,47,documented,0.7598573554498647,0.1240890495434857,0.11701467851974365,0.5958771322348905,0.7203539823008849,0.6070796460176991,0.8624256951830864
pilot_holdout,full,0.0,0.03,0.03,47,aligned,0.7617163619634628,0.12293629824430516,0.11432706222865413,0.6011124331125891,0.727433628318584,0.6123893805309736,0.8662264309647192
pilot_holdout,full,0.0,0.03,0.03,47,hyperplane_old,0.5031549978600726,0.17151919627134263,0.25180897250361794,0.4676901576065808,0.6442477876106195,0.5513274336283185,0.8032186003960174
pilot_holdout,full,0.0,0.03,0.03,48,plain,0.2325738636684525,0.21208686386230358,0.3630349390117842,0.34470204117850195,0.5663716814159292,0.4646017699115044,0.7450447444646858
pilot_holdout,full,0.0,0.03,0.03,48,documented,0.7652849059182383,0.12241520287568952,0.11474054165805252,0.5890282942478803,0.7221238938053097,0.6106194690265486,0.8614287250710497
pilot_holdout,full,0.0,0.03,0.03,48,aligned,0.7675349464227434,0.12219329670020394,0.11474054165805252,0.5911666991324801,0.7309734513274336,0.608849557522124,0.8628033514790514
pilot_holdout,full,0.0,0.03,0.03,48,hyperplane_old,0.48777674101851937,0.17293268116435456,0.2540831093653091,0.4660272851050541,0.6548672566371682,0.5548672566371682,0.8081224593900923
pilot_holdout,full,0.0,0.03,0.03,49,plain,0.2325738636684525,0.21208686386230358,0.3630349390117842,0.34470204117850195,0.5663716814159292,0.4646017699115044,0.7450447444646858
pilot_holdout,full,0.0,0.03,0.03,49,documented,0.7443482777100254,0.1302849481204819,0.13727517056026461,0.5760597701149409,0.7274336283185839,0.6123893805309734,0.860969730280592
pilot_holdout,full,0.0,0.03,0.03,49,aligned,0.7500592001398493,0.1293312019444239,0.1347942939838743,0.5816203649662196,0.7221238938053097,0.608849557522124,0.8631500484184216
pilot_holdout,full,0.0,0.03,0.03,49,hyperplane_old,0.524930419002655,0.16930520453849424,0.249741575356626,0.45603467926120755,0.6548672566371682,0.55929203539823,0.8056460245729079
pilot_holdout,full,0.1,0.03,0.03,0,plain,0.2325738636684525,0.21208686386230358,0.3630349390117842,0.34470204117850195,0.5663716814159292,0.4646017699115044,0.7450447444646858
pilot_holdout,full,0.1,0.03,0.03,0,documented,0.7399468679056682,0.13084883175107295,0.13003928054579283,0.5515866062399264,0.6920353982300885,0.5743362831858407,0.8339644328686353
pilot_holdout,full,0.1,0.03,0.03,0,aligned,0.721174686391742,0.1299138456589568,0.12776514368410172,0.5752655903206801,0.7168141592920354,0.5982300884955751,0.8529405633639549
pilot_holdout,full,0.1,0.03,0.03,0,hyperplane_old,0.43849716263170746,0.18054791449913235,0.2726896836882365,0.4356412969976413,0.631858407079646,0.5398230088495575,0.7937723041823489
pilot_holdout,full,0.1,0.03,0.03,1,plain,0.2325738636684525,0.21208686386230358,0.3630349390117842,0.34470204117850195,0.5663716814159292,0.4646017699115044,0.7450447444646858
pilot_holdout,full,0.1,0.03,0.03,1,documented,0.7187612396531915,0.13306692302214046,0.12445730824891461,0.5525606554331935,0.7026548672566372,0.5876106194690266,0.8487014044411735
pilot_holdout,full,0.1,0.03,0.03,1,aligned,0.7198901873907161,0.13247589312861013,0.13086623940458963,0.5539659074260799,0.7150442477876107,0.6017699115044249,0.8566591185439086
pilot_holdout,full,0.1,0.03,0.03,1,hyperplane_old,0.4349492756008473,0.1827006862055178,0.2795120942733099,0.4278446911442752,0.6176991150442479,0.5265486725663717,0.7852982206901786
pilot_holdout,full,0.1,0.03,0.03,2,plain,0.2325738636684525,0.21208686386230358,0.3630349390117842,0.34470204117850195,0.5663716814159292,0.4646017699115044,0.7450447444646858
pilot_holdout,full,0.1,0.03,0.03,2,documented,0.7544908542333677,0.1316864093539271,0.1449245400041348,0.5457608142238767,0.6973451327433628,0.5973451327433629,0.8412325470005357
pilot_holdout,full,0.1,0.03,0.03,2,aligned,0.7593611885244486,0.1288126614880117,0.14037626628075253,0.5659820617121406,0.7079646017699115,0.6000000000000001,0.8503198474404073
pilot_holdout,full,0.1,0.03,0.03,2,hyperplane_old,0.41817492744153184,0.1853983864638014,0.29191647715526153,0.4174125408155605,0.6106194690265486,0.5150442477876106,0.7920522044395228
pilot_holdout,full,0.1,0.03,0.03,3,plain,0.2325738636684525,0.21208686386230358,0.3630349390117842,0.34470204117850195,0.5663716814159292,0.4646017699115044,0.7450447444646858
pilot_holdout,full,0.1,0.03,0.03,3,documented,0.7471701943270456,0.1323506085887755,0.14078974571015093,0.5323405876485215,0.6778761061946902,0.5752212389380531,0.83730711839674
pilot_holdout,full,0.1,0.03,0.03,3,aligned,0.760960854229478,0.1286687554512996,0.1352077734132727,0.5538571842533202,0.7185840707964603,0.6000000000000001,0.8575444604225678
pilot_holdout,full,0.1,0.03,0.03,3,hyperplane_old,0.4575113158431037,0.180150332068635,0.27496382054992763,0.42532513304765757,0.6194690265486725,0.5168141592920353,0.7854747638625759
pilot_holdout,full,0.1,0.03,0.03,4,plain,0.2325738636684525,0.21208686386230358,0.3630349390117842,0.34470204117850195,0.5663716814159292,0.4646017699115044,0.7450447444646858
pilot_holdout,full,0.1,0.03,0.03,4,documented,0.7221765246780384,0.13199530434621634,0.14327062228654125,0.5627128355192048,0.6920353982300884,0.588495575221239,0.8442160144419871
pilot_holdout,full,0.1,0.03,0.03,4,aligned,0.7258684625059904,0.13071940061699716,0.138722348563159,0.5714990234500577,0.7097345132743363,0.5973451327433629,0.8534822384181313
pilot_holdout,full,0.1,0.03,0.03,4,hyperplane_old,0.4252710909526313,0.1848676218373516,0.2929501757287575,0.4402031352459628,0.6283185840707964,0.5212389380530973,0.7826578696523103
pilot_holdout,full,0.1,0.03,0.03,5,plain,0.2325738636684525,0.21208686386230358,0.3630349390117842,0.34470204117850195,0.5663716814159292,0.4646017699115044,0.7450447444646858
pilot_holdout,full,0.1,0.03,0.03,5,documented,0.7534751890479685,0.13065914250409483,0.145131279718834,0.569410135770787,0.6920353982300885,0.595575221238938,0.8514297431816045
pilot_holdout,full,0.1,0.03,0.03,5,aligned,0.7622113085691027,0.1276881827116222,0.13417407483977672,0.5881379973071885,0.7168141592920354,0.6026548672566371,0.8599587762135635
pilot_holdout,full,0.1,0.03,0.03,5,hyperplane_old,0.49324278930454596,0.17463135931471457,0.2584246433739921,0.4461534083255794,0.6389380530973452,0.5460176991150442,0.7982392482820339
pilot_holdout,full,0.1,0.03,0.03,6,plain,0.2325738636684525,0.21208686386230358,0.3630349390117842,0.34470204117850195,0.5663716814159292,0.4646017699115044,0.7450447444646858
pilot_holdout,full,0.1,0.03,0.03,6,documented,0.7496827812708513,0.13177176646730152,0.1453380194335332,0.5392882903246236,0.7097345132743363,0.584070796460177,0.8416930026454945
pilot_holdout,full,0.1,0.03,0.03,6,aligned,0.7577478307606167,0.12989933064527848,0.13996278685135413,0.5491865837928716,0.7185840707964603,0.5929203539823009,0.8483691862773307
pilot_holdout,full,0.1,0.03,0.03,6,hyperplane_old,0.47963357892556613,0.17808476186389327,0.26876162910895185,0.42541861743960463,0.6247787610619469,0.5345132743362832,0.7946257238450789
pilot_holdout,full,0.1,0.03,0.03,7,plain,0.2325738636684525,0.21208686386230358,0.3630349390117842,0.34470204117850195,0.5663716814159292,0.4646017699115044,0.7450447444646858
pilot_holdout,full,0.1,0.03,0.03,7,documented,0.755621060836383,0.13323088508452371,0.15588174488319206,0.5216778922979475,0.6761061946902656,0.5628318584070796,0.8238593990464157
pilot_holdout,full,0.1,0.03,0.03,7,aligned,0.7681371847552468,0.13000999214041725,0.14843911515402108,0.5356899922657505,0.6849557522123895,0.5787610619469027,0.8327723448059248
pilot_holdout,full,0.1,0.03,0.03,7,hyperplane_old,0.44380017171208436,0.18347011489169862,0.28530080628488735,0.42121657689642183,0.6230088495575222,0.531858407079646,0.7913814548781372
pilot_holdout,full,0.1,0.03,0.03,8,plain,0.2325738636684525,0.21208686386230358,0.3630349390117842,0.34470204117850195,0.5663716814159292,0.4646017699115044,0.7450447444646858
pilot_holdout,full,0.1,0.03,0.03,8,documented,0.6935358170640841,0.13841177893651457,0.15629522431259044,0.5475390094324162,0.7097345132743363,0.5867256637168141,0.8484467885060973
pilot_holdout,full,0.1,0.03,0.03,8,aligned,0.7003271742597377,0.13674514498112803,0.15381434773620012,0.5544630480024076,0.7026548672566372,0.5911504424778761,0.8552193191936988
pilot_holdout,full,0.1,0.03,0.03,8,hyperplane_old,0.3976162953066971,0.1874533197886639,0.3024602026049204,0.43129534754925114,0.6247787610619469,0.5256637168141592,0.7814613027815981
pilot_holdout,full,0.1,0.03,0.03,9,plain,0.2325738636684525,0.21208686386230358,0.3630349390117842,0.34470204117850195,0.5663716814159292,0.4646017699115044,0.7450447444646858
pilot_holdout,full,0.1,0.03,0.03,9,documented,0.7550282648268999,0.12916586908236172,0.1350010336985735,0.5635914557616595,0.695575221238938,0.5911504424778761,0.8476347514861124
pilot_holdout,full,0.1,0.03,0.03,9,aligned,0.7701000906938299,0.1258371254253531,0.12590448625180897,0.5811052776757465,0.7238938053097346,0.6061946902654868,0.8602869436353217
pilot_holdout,full,0.1,0.03,0.03,9,hyperplane_old,0.46554620123922036,0.17864604209575533,0.27206946454413894,0.44552125387467706,0.6389380530973451,0.5415929203539822,0.7945206300807901
pilot_holdout,full,0.1,0.03,0.03,10,plain,0.2325738636684525,0.21208686386230358,0.3630349390117842,0.34470204117850195,0.5663716814159292,0.4646017699115044,0.7450447444646858
pilot_holdout,full,0.1,0.03,0.03,10,documented,0.674163543877203,0.14372925258123423,0.1709737440562332,0.5165034512854696,0.672566371681416,0.5699115044247788,0.8276653588003825
pilot_holdout,full,0.1,0.03,0.03,10,aligned,0.6822269684611898,0.1415760768216521,0.16828612776514368,0.5449194349055257,0.697345132743363,0.584070796460177,0.8430321536903048
pilot_holdout,full,0.1,0.03,0.03,10,hyperplane_old,0.4753044529648981,0.1779005438366211,0.2708290262559438,0.4376217569802058,0.6353982300884955,0.5353982300884956,0.7842669575372517
pilot_holdout,full,0.1,0.03,0.03,11,plain,0.2325738636684525,0.21208686386230358,0.3630349390117842,0.34470204117850195,0.5663716814159292,0.4646017699115044,0.7450447444646858
pilot_holdout,full,0.1,0.03,0.03,11,documented,0.7295707620362792,0.12996766359929043,0.13272689683688235,0.5502873175123458,0.7097345132743362,0.5867256637168142,0.8471065273626429
pilot_holdout,full,0.1,0.03,0.03,11,aligned,0.7258133453482003,0.1305446210740248,0.13417407483977672,0.5547050548606036,0.7079646017699115,0.5964601769911505,0.854312788590379
pilot_holdout,full,0.1,0.03,0.03,11,hyperplane_old,0.4720287954360964,0.17899718810646723,0.27248294397353734,0.43531102071417005,0.615929203539823,0.5371681415929204,0.78552771683437
pilot_holdout,full,0.1,0.03,0.03,12,plain,0.2325738636684525,0.21208686386230358,0.3630349390117842,0.34470204117850195,0.5663716814159292,0.4646017699115044,0.7450447444646858
pilot_holdout,full,0.1,0.03,0.03,12,documented,0.7780956889968872,0.12775282722626174,0.12962580111639446,0.5146834007769091,0.6690265486725663,0.5716814159292036,0.8314109214181208
pilot_holdout,full,0.1,0.03,0.03,12,aligned,0.7798265913571696,0.12639599502815105,0.12776514368410172,0.5186133065979981,0.688495575221239,0.584070796460177,0.8439669185709291
pilot_holdout,full,0.1,0.03,0.03,12,hyperplane_old,0.44173893332723624,0.1844687373546682,0.2857142857142857,0.4119876787755952,0.6141592920353983,0.5132743362831858,0.77316905126341
pilot_holdout,full,0.1,0.03,0.03,13,plain,0.2325738636684525,0.21208686386230358,0.3630349390117842,0.34470204117850195,0.5663716814159292,0.4646017699115044,0.7450447444646858
pilot_holdout,full,0.1,0.03,0.03,13,documented,0.700155756857103,0.13640854173476658,0.15319412859210255,0.5362952343629536,0.6938053097345134,0.5823008849557523,0.8376916893262757
pilot_holdout,full,0.1,0.03,0.03,13,aligned,0.7070808371891021,0.13483207091067004,0.15381434773620012,0.5411320178986767,0.6831858407079646,0.5823008849557523,0.8415679129801719
pilot_holdout,full,0.1,0.03,0.03,13,hyperplane_old,0.40441905663582195,0.1848865949857258,0.2834401488525946,0.44474693539666893,0.6495575221238938,0.5309734513274337,0.7995958853113886
pilot_holdout,full,0.1,0.03,0.03,14,plain,0.2325738636684525,0.21208686386230358,0.3630349390117842,0.34470204117850195,0.5663716814159292,0.4646017699115044,0.7450447444646858
pilot_holdout,full,0.1,0.03,0.03,14,documented,0.6944553761848763,0.13655380541175643,0.15360760802150092,0.5680821852046974,0.7079646017699115,0.5955752212389381,0.8499746822880592
pilot_holdout,full,0.1,0.03,0.03,14,aligned,0.6981100469646779,0.13561537307614432,0.15278064916270415,0.5793422374089311,0.7115044247787611,0.5991150442477876,0.8561141542278512
pilot_holdout,full,0.1,0.03,0.03,14,hyperplane_old,0.4363464240738078,0.1807692140446674,0.2733099028323341,0.4348404523835902,0.6212389380530974,0.5292035398230088,0.7869767886788253
pilot_holdout,full,0.1,0.03,0.03,15,plain,0.2325738636684525,0.21208686386230358,0.3630349390117842,0.34470204117850195,0.5663716814159292,0.4646017699115044,0.7450447444646858
pilot_holdout,full,0.1,0.03,0.03,15,documented,0.7325266515973665,0.12923280676949733,0.13934256770725656,0.5909816089281219,0.7115044247787611,0.5920353982300885,0.853485739568681
pilot_holdout,full,0.1,0.03,0.03,15,aligned,0.739809639249834,0.12750102049867254,0.13438081455447592,0.5949078030001235,0.7185840707964603,0.6053097345132744,0.8639173256549987
pilot_holdout,full,0.1,0.03,0.03,15,hyperplane_old,0.46938131694979646,0.17928554245942335,0.28385362828199295,0.4396000633054963,0.6442477876106194,0.547787610619469,0.7948900171143676
pilot_holdout,full,0.1,0.03,0.03,16,plain,0.2325738636684525,0.21208686386230358,0.3630349390117842,0.34470204117850195,0.5663716814159292,0.4646017699115044,0.7450447444646858
pilot_holdout,full,0.1,0.03,0.03,16,documented,0.6493051045646699,0.14736728075849687,0.18565226379987596,0.5400206349241117,0.6619469026548672,0.5584070796460177,0.8183215367471034
pilot_holdout,full,0.1,0.03,0.03,16,aligned,0.6519772801289467,0.1464633106704467,0.1775894149266074,0.546242748153649,0.6831858407079646,0.5743362831858406,0.8370146791996833
pilot_holdout,full,0.1,0.03,0.03,16,hyperplane_old,0.40949152448515924,0.18621936285124688,0.29150299772586313,0.4228330188256857,0.6371681415929203,0.5238938053097345,0.776653969926318
pilot_holdout,full,0.1,0.03,0.03,17,plain,0.2325738636684525,0.21208686386230358,0.3630349390117842,0.34470204117850195,0.5663716814159292,0.4646017699115044,0.7450447444646858
pilot_holdout,full,0.1,0.03,0.03,17,documented,0.7639334344714567,0.12995813457570363,0.14327062228654125,0.5414408687591278,0.695575221238938,0.6,0.8417288805558658
pilot_holdout,full,0.1,0.03,0.03,17,aligned,0.7672211447723991,0.12854061481512508,0.13686169113086624,0.5452970506227199,0.7097345132743363,0.5938053097345134,0.8437495464410556
pilot_holdout,full,0.1,0.03,0.03,17,hyperplane_old,0.4489361243718057,0.18244313963564132,0.2821997105643994,0.42368663898425324,0.6141592920353983,0.5292035398230089,0.7835865481984547
pilot_holdout,full,0.1,0.03,0.03,18,plain,0.2325738636684525,0.21208686386230358,0.3630349390117842,0.34470204117850195,0.5663716814159292,0.4646017699115044,0.7450447444646858
pilot_holdout,full,0.1,0.03,0.03,18,documented,0.6873442830058638,0.14208039241305412,0.1674591689063469,0.5360557667558288,0.6637168141592921,0.5699115044247787,0.819128556484693
pilot_holdout,full,0.1,0.03,0.03,18,aligned,0.6993609895679833,0.13908557545943168,0.16311763489766384,0.5526858571389482,0.6884955752212389,0.5823008849557522,0.832897643948881
pilot_holdout,full,0.1,0.03,0.03,18,hyperplane_old,0.4549847769124046,0.17934109199747106,0.2735166425470333,0.43990264131516127,0.6513274336283186,0.5353982300884956,0.7969465717441284
pilot_holdout,full,0.1,0.03,0.03,19,plain,0.2325738636684525,0.21208686386230358,0.3630349390117842,0.34470204117850195,0.5663716814159292,0.4646017699115044,0.7450447444646858
pilot_holdout,full,0.1,0.03,0.03,19,documented,0.7668871745375478,0.13164025359493522,0.145131279718834,0.5365634455282791,0.695575221238938,0.5840707964601771,0.8414792775201343
pilot_holdout,full,0.1,0.03,0.03,19,aligned,0.7796453388626948,0.1283155267478599,0.138722348563159,0.5529498877962115,0.7061946902654869,0.5876106194690265,0.8512297099624825
pilot_holdout,full,0.1,0.03,0.03,19,hyperplane_old,0.46466036114256937,0.1794398708188981,0.2776514368410172,0.41643048903033325,0.6088495575221239,0.5185840707964602,0.7829461563207818
pilot_holdout,full,0.1,0.03,0.03,20,plain,0.2325738636684525,0.21208686386230358,0.3630349390117842,0.34470204117850195,0.5663716814159292,0.4646017699115044,0.7450447444646858
pilot_holdout,full,0.1,0.03,0.03,20,documented,0.6957587617867245,0.13694602066076397,0.15009303287161463,0.5481580247099357,0.6920353982300884,0.5920353982300885,0.8440082788561679
pilot_holdout,full,0.1,0.03,0.03,20,aligned,0.6928199286543173,0.13809833796665863,0.15278064916270415,0.5434777958169843,0.688495575221239,0.584070796460177,0.8424119889112378
pilot_holdout,full,0.1,0.03,0.03,20,hyperplane_old,0.4788849599598795,0.17727278812965366,0.2669009716766591,0.42680707896693404,0.6336283185840708,0.5309734513274336,0.7836105834201207
pilot_holdout,full,0.1,0.03,0.03,21,plain,0.2325738636684525,0.21208686386230358,0.3630349390117842,0.34470204117850195,0.5663716814159292,0.4646017699115044,0.7450447444646858
pilot_holdout,full,0.1,0.03,0.03,21,documented,0.6968002333028942,0.13843444805154256,0.1447178002894356,0.5639708549204827,0.6938053097345134,0.5902654867256638,0.8471251059614172
pilot_holdout,full,0.1,0.03,0.03,21,aligned,0.7130083307416826,0.13402281718581435,0.1414099648542485,0.5812480497365851,0.7256637168141593,0.6106194690265486,0.8653654833632728
pilot_holdout,full,0.1,0.03,0.03,21,hyperplane_old,0.41102098314035473,0.1850470480941806,0.28530080628488735,0.41457404230018174,0.631858407079646,0.5176991150442478,0.78206201714445
pilot_holdout,full,0.1,0.03,0.03,22,plain,0.2325738636684525,0.21208686386230358,0.3630349390117842,0.34470204117850195,0.5663716814159292,0.4646017699115044,0.7450447444646858
pilot_holdout,full,0.1,0.03,0.03,22,documented,0.7246315302506818,0.13765921981592236,0.15918958031837915,0.5126906148662864,0.679646017699115,0.5752212389380532,0.8344601777068306
pilot_holdout,full,0.1,0.03,0.03,22,aligned,0.7312034853940762,0.1353545617388185,0.15257390944800497,0.5287839105874153,0.7026548672566372,0.5796460176991151,0.8413379027663432
pilot_holdout,full,0.1,0.03,0.03,22,hyperplane_old,0.4680014678174578,0.17881114382475935,0.27579077940872443,0.43235546241332606,0.6265486725663717,0.5345132743362832,0.7856174665561335
pilot_holdout,full,0.1,0.03,0.03,23,plain,0.2325738636684525,0.21208686386230358,0.3630349390117842,0.34470204117850195,0.5663716814159292,0.4646017699115044,0.7450447444646858
pilot_holdout,full,0.1,0.03,0.03,23,documented,0.7358358500689368,0.1332514544863815,0.15174695058920817,0.5597569078326544,0.6867256637168141,0.5743362831858407,0.8375810521100665
pilot_holdout,full,0.1,0.03,0.03,23,aligned,0.7424461932216747,0.13147248254501187,0.1548480463096961,0.5635919654862738,0.7079646017699115,0.5964601769911505,0.8506308295757271
pilot_holdout,full,0.1,0.03,0.03,23,hyperplane_old,0.4391146741629862,0.1839017765463777,0.2927434360140583,0.43082288950152514,0.6053097345132744,0.5123893805309735,0.7744636004924734
pilot_holdout,full,0.1,0.03,0.03,24,plain,0.2325738636684525,0.21208686386230358,0.3630349390117842,0.34470204117850195,0.5663716814159292,0.4646017699115044,0.7450447444646858
pilot_holdout,full,0.1,0.03,0.03,24,documented,0.7050693011879805,0.1343415833561105,0.14265040314244368,0.5655632322917661,0.6884955752212389,0.5690265486725663,0.8315724527855479
pilot_holdout,full,0.1,0.03,0.03,24,aligned,0.6969950190089044,0.13464761925599977,0.14285714285714285,0.5694580121845617,0.695575221238938,0.5849557522123895,0.8450237312888186
pilot_holdout,full,0.1,0.03,0.03,24,hyperplane_old,0.4369506653981561,0.18238016607972726,0.28426710771139135,0.4287582840875823,0.6212389380530974,0.5194690265486726,0.7833535268462458
pilot_holdout,full,0.1,0.03,0.03,25,plain,0.2325738636684525,0.21208686386230358,0.3630349390117842,0.34470204117850195,0.5663716814159292,0.4646017699115044,0.7450447444646858
pilot_holdout,full,0.1,0.03,0.03,25,documented,0.7313930835531868,0.13329426500312092,0.14905933429811866,0.5542866921527283,0.7026548672566372,0.5858407079646017,0.8409440710991151
pilot_holdout,full,0.1,0.03,0.03,25,aligned,0.7450456233243334,0.12938936205075158,0.1385156088484598,0.5698804207112368,0.7238938053097345,0.6035398230088497,0.8577849729254531
pilot_holdout,full,0.1,0.03,0.03,25,hyperplane_old,0.4367104204481675,0.18191665224505288,0.28385362828199295,0.443234529262715,0.6230088495575222,0.5238938053097345,0.7885090824449178
pilot_holdout,full,0.1,0.03,0.03,26,plain,0.2325738636684525,0.21208686386230358,0.3630349390117842,0.34470204117850195,0.5663716814159292,0.4646017699115044,0.7450447444646858
pilot_holdout,full,0.1,0.03,0.03,26,documented,0.7077626952528387,0.13476099939199912,0.15257390944800497,0.5516462493775177,0.7044247787610619,0.5991150442477877,0.8444377842242959
pilot_holdout,full,0.1,0.03,0.03,26,aligned,0.7085327399393017,0.1346563298635621,0.1478188960099235,0.5574520815617732,0.7079646017699115,0.5982300884955751,0.8467393848272523
pilot_holdout,full,0.1,0.03,0.03,26,hyperplane_old,0.41619418724381424,0.18392996575952675,0.28530080628488735,0.4396362203953869,0.631858407079646,0.5336283185840708,0.7958482590643468
pilot_holdout,full,0.1,0.03,0.03,27,plain,0.2325738636684525,0.21208686386230358,0.3630349390117842,0.34470204117850195,0.5663716814159292,0.4646017699115044,0.7450447444646858
pilot_holdout,full,0.1,0.03,0.03,27,documented,0.7330222294795374,0.13022899946033775,0.12549100682241057,0.5532860386271359,0.6938053097345134,0.5876106194690265,0.8377782979890086
pilot_holdout,full,0.1,0.03,0.03,27,aligned,0.7333010331473994,0.12878556724222792,0.12714492454000415,0.5736976216322013,0.7097345132743363,0.5982300884955754,0.8492773989798391
pilot_holdout,full,0.1,0.03,0.03,27,hyperplane_old,0.4198590955444553,0.18340302840334277,0.27599751912342363,0.44178193843976277,0.631858407079646,0.531858407079646,0.7946515705366466
pilot_holdout,full,0.1,0.03,0.03,28,plain,0.2325738636684525,0.21208686386230358,0.3630349390117842,0.34470204117850195,0.5663716814159292,0.4646017699115044,0.7450447444646858
pilot_holdout,full,0.1,0.03,0.03,28,documented,0.7351043028866039,0.13168539542208846,0.13954930742195576,0.5646440483060868,0.6849557522123895,0.5893805309734514,0.8423899774752415
pilot_holdout,full,0.1,0.03,0.03,28,aligned,0.7381870363005715,0.1308789485541722,0.1350010336985735,0.5651967661288653,0.6955752212389381,0.5938053097345134,0.8501540013796921
pilot_holdout,full,0.1,0.03,0.03,28,hyperplane_old,0.4250297137955234,0.18599337921544795,0.2935703948728551,0.4277230265652629,0.6247787610619469,0.5221238938053098,0.7892351759233758
pilot_holdout,full,0.1,0.03,0.03,29,plain,0.2325738636684525,0.21208686386230358,0.3630349390117842,0.34470204117850195,0.5663716814159292,0.4646017699115044,0.7450447444646858
pilot_holdout,full,0.1,0.03,0.03,29,documented,0.7589316583258582,0.12789008941573868,0.13603473227206947,0.5396565796641215,0.6849557522123895,0.5699115044247788,0.8258068339185096
pilot_holdout,full,0.1,0.03,0.03,29,aligned,0.756144327053329,0.1280278867974318,0.12755840396940252,0.5388266751782028,0.695575221238938,0.5831858407079645,0.8363915955399758
pilot_holdout,full,0.1,0.03,0.03,29,hyperplane_old,0.4791232295727755,0.17561584874158265,0.26049204052098407,0.4607614411709191,0.6300884955752212,0.536283185840708,0.7901042388978659
pilot_holdout,full,0.1,0.03,0.03,30,plain,0.2325738636684525,0.21208686386230358,0.3630349390117842,0.34470204117850195,0.5663716814159292,0.4646017699115044,0.7450447444646858
pilot_holdout,full,0.1,0.03,0.03,30,documented,0.6940005728150324,0.1417691699384531,0.1711804837709324,0.5347809803803257,0.6902654867256637,0.5805309734513275,0.8423629674138531
pilot_holdout,full,0.1,0.03,0.03,30,aligned,0.7075544280528749,0.13896826291319916,0.16291089518296464,0.5467126111831606,0.6991150442477876,0.588495575221239,0.8500652186565184
pilot_holdout,full,0.1,0.03,0.03,30,hyperplane_old,0.44054269928608397,0.18185430686008464,0.2896423402935704,0.4545687650040244,0.6424778761061947,0.5389380530973451,0.7933631445005837
pilot_holdout,full,0.1,0.03,0.03,31,plain,0.2325738636684525,0.21208686386230358,0.3630349390117842,0.34470204117850195,0.5663716814159292,0.4646017699115044,0.7450447444646858
pilot_holdout,full,0.1,0.03,0.03,31,documented,0.7017243416687854,0.13906358550311107,0.15939632003307835,0.5286589547261701,0.672566371681416,0.5734513274336284,0.8302506266917927
pilot_holdout,full,0.1,0.03,0.03,31,aligned,0.7156779460066667,0.1350338349373112,0.1509199917304114,0.5453226590418255,0.6955752212389381,0.5867256637168142,0.8437026804269869
pilot_holdout,full,0.1,0.03,0.03,31,hyperplane_old,0.4369304695815727,0.18293781698438688,0.28881538143477364,0.4320965587006052,0.6106194690265486,0.5141592920353982,0.7828693146382761
pilot_holdout,full,0.1,0.03,0.03,32,plain,0.2325738636684525,0.21208686386230358,0.3630349390117842,0.34470204117850195,0.5663716814159292,0.4646017699115044,0.7450447444646858
pilot_holdout,full,0.1,0.03,0.03,32,documented,0.7454836817417676,0.12931213807003397,0.14554475914823237,0.5744525282357622,0.7079646017699115,0.6017699115044248,0.8553842876927
pilot_holdout,full,0.1,0.03,0.03,32,aligned,0.7515819161413991,0.1282792229359025,0.14244366342774448,0.5783654513540133,0.7026548672566372,0.5991150442477876,0.8544680358512048
pilot_holdout,full,0.1,0.03,0.03,32,hyperplane_old,0.5081278093697147,0.173092084297921,0.26152573909448007,0.44948653875827665,0.6477876106194689,0.5398230088495575,0.7983893766421291
pilot_holdout,full,0.1,0.03,0.03,33,plain,0.2325738636684525,0.21208686386230358,0.3630349390117842,0.34470204117850195,0.5663716814159292,0.4646017699115044,0.7450447444646858
pilot_holdout,full,0.1,0.03,0.03,33,documented,0.763842409054551,0.12462000407655502,0.12941906140169526,0.592370247371179,0.7132743362831858,0.6008849557522125,0.8578736381658946
pilot_holdout,full,0.1,0.03,0.03,33,aligned,0.774375277636211,0.12275962384222663,0.12363034939011784,0.6009396792009566,0.7292035398230089,0.6132743362831858,0.8684091286997624
pilot_holdout,full,0.1,0.03,0.03,33,hyperplane_old,0.5170057506684684,0.17152009817522768,0.24953483564192683,0.4585891338774434,0.6407079646017699,0.5451327433628319,0.799329262627298
pilot_holdout,full,0.1,0.03,0.03,34,plain,0.2325738636684525,0.21208686386230358,0.3630349390117842,0.34470204117850195,0.5663716814159292,0.4646017699115044,0.7450447444646858
pilot_holdout,full,0.1,0.03,0.03,34,documented,0.7309398888982663,0.13191945991365775,0.13644821170146784,0.5761391564545142,0.6991150442477876,0.5955752212389381,0.8485980371677576
pilot_holdout,full,0.1,0.03,0.03,34,aligned,0.7423828359517626,0.12905683752546562,0.13252015712218318,0.5871598612401783,0.7185840707964603,0.6053097345132744,0.8590628956921127
pilot_holdout,full,0.1,0.03,0.03,34,hyperplane_old,0.4096850058311347,0.18868940059655762,0.3024602026049204,0.41536927368126125,0.6123893805309734,0.5150442477876106,0.7785075983772716
pilot_holdout,full,0.1,0.03,0.03,35,plain,0.2325738636684525,0.21208686386230358,0.3630349390117842,0.34470204117850195,0.5663716814159292,0.4646017699115044,0.7450447444646858
pilot_holdout,full,0.1,0.03,0.03,35,documented,0.6939779036878397,0.13879796288216517,0.15216043001860657,0.5357658508351083,0.6938053097345134,0.5814159292035397,0.8370777612106505
pilot_holdout,full,0.1,0.03,0.03,35,aligned,0.6949177637647662,0.13796144299153237,0.1546413065949969,0.5394423232502595,0.7115044247787611,0.5867256637168142,0.8459213297533621
pilot_holdout,full,0.1,0.03,0.03,35,hyperplane_old,0.42936829158188367,0.18325555667868115,0.2826131899937978,0.44096086663190026,0.6176991150442479,0.5274336283185841,0.7883867114760139
pilot_holdout,full,0.1,0.03,0.03,36,plain,0.2325738636684525,0.21208686386230358,0.3630349390117842,0.34470204117850195,0.5663716814159292,0.4646017699115044,0.7450447444646858
pilot_holdout,full,0.1,0.03,0.03,36,documented,0.7600269737861926,0.12769500411972626,0.1354145131279719,0.5637443094493307,0.7008849557522124,0.5938053097345132,0.8440745045293129
pilot_holdout,full,0.1,0.03,0.03,36,aligned,0.7568125460580336,0.12734376677698553,0.13665495141616704,0.5726655525542937,0.7079646017699115,0.5920353982300885,0.8527733993387947
pilot_holdout,full,0.1,0.03,0.03,36,hyperplane_old,0.4889162341873213,0.17471922796633357,0.2588381228033905,0.44467533838885154,0.6566371681415929,0.5469026548672566,0.7998842081316632
pilot_holdout,full,0.1,0.03,0.03,37,plain,0.2325738636684525,0.21208686386230358,0.3630349390117842,0.34470204117850195,0.5663716814159292,0.4646017699115044,0.7450447444646858
pilot_holdout,full,0.1,0.03,0.03,37,documented,0.7815889890568435,0.12559425746666356,0.1250775273930122,0.5415855266449737,0.6902654867256637,0.5849557522123892,0.8423198820654023
pilot_holdout,full,0.1,0.03,0.03,37,aligned,0.7878853167620244,0.12415836037517632,0.12094273309902832,0.5496449045292539,0.7026548672566372,0.5911504424778761,0.8520671207567823
pilot_holdout,full,0.1,0.03,0.03,37,hyperplane_old,0.4359966985578887,0.18325625179221192,0.28716146371718004,0.4358331391255221,0.6424778761061947,0.5353982300884956,0.7900385789536378
pilot_holdout,full,0.1,0.03,0.03,38,plain,0.2325738636684525,0.21208686386230358,0.3630349390117842,0.34470204117850195,0.5663716814159292,0.4646017699115044,0.7450447444646858
pilot_holdout,full,0.1,0.03,0.03,38,documented,0.7833755585695896,0.1259323121618958,0.14037626628075253,0.5400350074998118,0.7256637168141593,0.5973451327433629,0.8533483637431211
pilot_holdout,full,0.1,0.03,0.03,38,aligned,0.7910645299678338,0.12398518664772462,0.12962580111639446,0.5542247889884931,0.7115044247787611,0.5946902654867258,0.85372359238453
pilot_holdout,full,0.1,0.03,0.03,38,hyperplane_old,0.4927255059110375,0.1740981366110988,0.26069878023568327,0.4621239451402346,0.6584070796460177,0.5539823008849558,0.7987294780529318
pilot_holdout,full,0.1,0.03,0.03,39,plain,0.2325738636684525,0.21208686386230358,0.3630349390117842,0.34470204117850195,0.5663716814159292,0.4646017699115044,0.7450447444646858
pilot_holdout,full,0.1,0.03,0.03,39,documented,0.7394055100976741,0.1337662704368762,0.15298738887740335,0.5277541859282172,0.7026548672566372,0.5831858407079646,0.8404971127461506
pilot_holdout,full,0.1,0.03,0.03,39,aligned,0.7529160577267654,0.1308227909880003,0.14823237543932188,0.5404418440474755,0.7097345132743362,0.5911504424778762,0.8501505831238518
pilot_holdout,full,0.1,0.03,0.03,39,hyperplane_old,0.4590377155888465,0.1779278991255855,0.27165598511474054,0.4437281495961265,0.607079646017699,0.5371681415929204,0.7949523668346605
pilot_holdout,full,0.1,0.03,0.03,40,plain,0.2325738636684525,0.21208686386230358,0.3630349390117842,0.34470204117850195,0.5663716814159292,0.4646017699115044,0.7450447444646858
pilot_holdout,full,0.1,0.03,0.03,40,documented,0.7875212818702564,0.12285510175078374,0.12073599338432912,0.5656088055017487,0.6920353982300885,0.5911504424778762,0.8454167638496222
pilot_holdout,full,0.1,0.03,0.03,40,aligned,0.7924699348420146,0.1217789684683515,0.11474054165805252,0.5690270107774014,0.7132743362831858,0.5938053097345134,0.8566803373017294
pilot_holdout,full,0.1,0.03,0.03,40,hyperplane_old,0.46902170773505236,0.1802594130263164,0.28054579284680586,0.4363498461893917,0.6389380530973452,0.5345132743362833,0.7941043158585929
pilot_holdout,full,0.1,0.03,0.03,41,plain,0.2325738636684525,0.21208686386230358,0.3630349390117842,0.34470204117850195,0.5663716814159292,0.4646017699115044,0.7450447444646858
pilot_holdout,full,0.1,0.03,0.03,41,documented,0.748473645494112,0.12814662277379224,0.1281786231135001,0.5694120927669329,0.6973451327433628,0.5831858407079645,0.8461263980909394
pilot_holdout,full,0.1,0.03,0.03,41,aligned,0.7572347743126849,0.12612727116198386,0.12342360967541864,0.5797664804057785,0.7168141592920354,0.5982300884955754,0.8604800590304863
pilot_holdout,full,0.1,0.03,0.03,41,hyperplane_old,0.4522250387748315,0.1789743741708955,0.2695885879677486,0.45038021266275946,0.6460176991150444,0.5309734513274337,0.793173572606916
pilot_holdout,full,0.1,0.03,0.03,42,plain,0.2325738636684525,0.21208686386230358,0.3630349390117842,0.34470204117850195,0.5663716814159292,0.4646017699115044,0.7450447444646858
pilot_holdout,full,0.1,0.03,0.03,42,documented,0.7867468188945106,0.12543193270330866,0.13210667769278478,0.5672007593827785,0.7026548672566372,0.611504424778761,0.8533912309793645
pilot_holdout,full,0.1,0.03,0.03,42,aligned,0.7897139280835874,0.12476829169808366,0.131279718833988,0.5714347846513788,0.7079646017699115,0.6000000000000001,0.8558015765282693
pilot_holdout,full,0.1,0.03,0.03,42,hyperplane_old,0.44265368577709696,0.18315470056731734,0.2819929708497002,0.42214040296555677,0.6194690265486725,0.5221238938053098,0.7832650983593782
pilot_holdout,full,0.1,0.03,0.03,43,plain,0.2325738636684525,0.21208686386230358,0.3630349390117842,0.34470204117850195,0.5663716814159292,0.4646017699115044,0.7450447444646858
pilot_holdout,full,0.1,0.03,0.03,43,documented,0.7467858880837421,0.13035836318927924,0.1383088691337606,0.563150908541762,0.7008849557522123,0.5929203539823009,0.8451382093666274
pilot_holdout,full,0.1,0.03,0.03,43,aligned,0.7480502175742602,0.1305839438257275,0.14306388257184205,0.5625822696366857,0.7115044247787611,0.5911504424778762,0.8454379123932032
pilot_holdout,full,0.1,0.03,0.03,43,hyperplane_old,0.47344635403734303,0.17720352486312324,0.26483357452966716,0.4442434452355768,0.6283185840707964,0.5345132743362832,0.7957495111123554
pilot_holdout,full,0.1,0.03,0.03,44,plain,0.2325738636684525,0.21208686386230358,0.3630349390117842,0.34470204117850195,0.5663716814159292,0.4646017699115044,0.7450447444646858
pilot_holdout,full,0.1,0.03,0.03,44,documented,0.7020035802193619,0.13848597451812567,0.15877610088898078,0.5297152509749583,0.6796460176991151,0.572566371681416,0.8350113146048866
pilot_holdout,full,0.1,0.03,0.03,44,aligned,0.7161867907477313,0.13424629030134122,0.14843911515402108,0.5570144740452859,0.711504424778761,0.588495575221239,0.8484679581575869
pilot_holdout,full,0.1,0.03,0.03,44,hyperplane_old,0.4135944256041209,0.18511153631911226,0.2861277651436841,0.440912299971821,0.6318584070796459,0.523008849557522,0.7837742584183083
pilot_holdout,full,0.1,0.03,0.03,45,plain,0.2325738636684525,0.21208686386230358,0.3630349390117842,0.34470204117850195,0.5663716814159292,0.4646017699115044,0.7450447444646858
pilot_holdout,full,0.1,0.03,0.03,45,documented,0.748047224110207,0.12900862454135828,0.1453380194335332,0.5751859820244906,0.7008849557522123,0.5973451327433629,0.8466145335873579
pilot_holdout,full,0.1,0.03,0.03,45,aligned,0.7492990342104465,0.12913747079613486,0.14347736200124045,0.5729787841788873,0.7097345132743362,0.6,0.8518543701885672
pilot_holdout,full,0.1,0.03,0.03,45,hyperplane_old,0.4571085335483478,0.17953584693573607,0.2784783956998139,0.4258364689416302,0.6176991150442478,0.5221238938053098,0.7758017197198703
pilot_holdout,full,0.1,0.03,0.03,46,plain,0.2325738636684525,0.21208686386230358,0.3630349390117842,0.34470204117850195,0.5663716814159292,0.4646017699115044,0.7450447444646858
pilot_holdout,full,0.1,0.03,0.03,46,documented,0.6450090746693165,0.1435858174532195,0.1575356626007856,0.5666918835936956,0.7008849557522123,0.5982300884955754,0.8505184937482441
pilot_holdout,full,0.1,0.03,0.03,46,aligned,0.6543969335499021,0.14216449320563365,0.15898284060367995,0.5844002644539854,0.7292035398230089,0.613274336283186,0.8663335587625107
pilot_holdout,full,0.1,0.03,0.03,46,hyperplane_old,0.37436550351880526,0.18889669849241064,0.29625801116394457,0.43513128360132164,0.6389380530973452,0.5203539823008849,0.7881545104639698
pilot_holdout,full,0.1,0.03,0.03,47,plain,0.2325738636684525,0.21208686386230358,0.3630349390117842,0.34470204117850195,0.5663716814159292,0.4646017699115044,0.7450447444646858
pilot_holdout,full,0.1,0.03,0.03,47,documented,0.7355370572242934,0.13372923673009537,0.16291089518296464,0.5354568687055963,0.6884955752212389,0.584070796460177,0.8412242380603155
pilot_holdout,full,0.1,0.03,0.03,47,aligned,0.7354607502358,0.1338669749152828,0.15918958031837915,0.5382879585527688,0.6991150442477876,0.5902654867256636,0.8454033007175689
pilot_holdout,full,0.1,0.03,0.03,47,hyperplane_old,0.4775124856920501,0.17792111118820275,0.2669009716766591,0.4373705841432483,0.6442477876106195,0.5380530973451327,0.7929724836560638
pilot_holdout,full,0.1,0.03,0.03,48,plain,0.2325738636684525,0.21208686386230358,0.3630349390117842,0.34470204117850195,0.5663716814159292,0.4646017699115044,0.7450447444646858
pilot_holdout,full,0.1,0.03,0.03,48,documented,0.7351399988441166,0.13128520622512224,0.14223692371304528,0.567414211795652,0.720353982300885,0.6026548672566372,0.8539207687710834
pilot_holdout,full,0.1,0.03,0.03,48,aligned,0.7407943860889619,0.12980297650388445,0.13210667769278478,0.5751084253724984,0.7256637168141593,0.608849557522124,0.8613680702492633
pilot_holdout,full,0.1,0.03,0.03,48,hyperplane_old,0.46212679556955594,0.1788503774215788,0.2731031631176349,0.4411617907113097,0.6495575221238938,0.5371681415929204,0.7958770635805856
pilot_holdout,full,0.1,0.03,0.03,49,plain,0.2325738636684525,0.21208686386230358,0.3630349390117842,0.34470204117850195,0.5663716814159292,0.4646017699115044,0.7450447444646858
pilot_holdout,full,0.1,0.03,0.03,49,documented,0.6866891511519528,0.13859372269537673,0.15877610088898078,0.5450694808473627,0.6991150442477876,0.5982300884955751,0.8495483270886764
pilot_holdout,full,0.1,0.03,0.03,49,aligned,0.6907445047764654,0.13752622538507472,0.15009303287161463,0.5560040770436724,0.7132743362831858,0.6008849557522125,0.8578118701524822
pilot_holdout,full,0.1,0.03,0.03,49,hyperplane_old,0.43812055492489194,0.18210842481248765,0.28033905313210666,0.42738676289852345,0.6300884955752213,0.5336283185840708,0.7849438183914154
pilot_holdout,full,0.25,0.03,0.03,0,plain,0.2325738636684525,0.21208686386230358,0.3630349390117842,0.34470204117850195,0.5663716814159292,0.4646017699115044,0.7450447444646858
pilot_holdout,full,0.25,0.03,0.03,0,documented,0.686990835339607,0.14218821363416864,0.16890634690924128,0.4972702854811484,0.6707964601769912,0.5592920353982301,0.8180058645403041
pilot_holdout,full,0.25,0.03,0.03,0,aligned,0.6983435800805945,0.13809994027408926,0.15898284060367995,0.5267940321514692,0.688495575221239,0.5831858407079645,0.8341968164952881
pilot_holdout,full,0.25,0.03,0.03,0,hyperplane_old,0.3913496206919637,0.18906699324762305,0.29708497002274137,0.42738385606703266,0.6106194690265486,0.511504424778761,0.7784523270827396
pilot_holdout,full,0.25,0.03,0.03,1,plain,0.2325738636684525,0.21208686386230358,0.3630349390117842,0.34470204117850195,0.5663716814159292,0.4646017699115044,0.7450447444646858
pilot_holdout,full,0.25,0.03,0.03,1,documented,0.6795484724793758,0.14226664784009954,0.16394459375646062,0.5050892095513208,0.6637168141592921,0.5566371681415929,0.8145280587806515
pilot_holdout,full,0.25,0.03,0.03,1,aligned,0.683542637000027,0.13971046244797625,0.16394459375646062,0.5226026561485305,0.6884955752212389,0.5778761061946903,0.8275548790788014
pilot_holdout,full,0.25,0.03,0.03,1,hyperplane_old,0.35130746493254156,0.1945218846203008,0.32065329749844945,0.4025564655113372,0.5982300884955751,0.4982300884955752,0.7672395594770259
pilot_holdout,full,0.25,0.03,0.03,2,plain,0.2325738636684525,0.21208686386230358,0.3630349390117842,0.34470204117850195,0.5663716814159292,0.4646017699115044,0.7450447444646858
pilot_holdout,full,0.25,0.03,0.03,2,documented,0.6323276117966579,0.15353978607004246,0.1908207566673558,0.4757201054378966,0.6619469026548672,0.5548672566371682,0.821315726074347
pilot_holdout,full,0.25,0.03,0.03,2,aligned,0.6389095803524512,0.1504802803094694,0.183584866652884,0.5167487979459615,0.7150442477876106,0.5902654867256637,0.8459440427898531
pilot_holdout,full,0.25,0.03,0.03,2,hyperplane_old,0.4035889383842148,0.18874800825743143,0.2995658465991317,0.40179651626824725,0.6123893805309734,0.5123893805309734,0.7747479334134992
pilot_holdout,full,0.25,0.03,0.03,3,plain,0.2325738636684525,0.21208686386230358,0.3630349390117842,0.34470204117850195,0.5663716814159292,0.4646017699115044,0.7450447444646858
pilot_holdout,full,0.25,0.03,0.03,3,documented,0.6644786933102025,0.15069966265432566,0.20570601612569775,0.4923728084392615,0.6654867256637168,0.5495575221238937,0.8095330558838444
pilot_holdout,full,0.25,0.03,0.03,3,aligned,0.6742866277052025,0.14865186299225552,0.20012404382881951,0.5014907515296901,0.6867256637168141,0.5690265486725663,0.8220869594280164
pilot_holdout,full,0.25,0.03,0.03,3,hyperplane_old,0.38076550571652024,0.19321554891476495,0.3092826131899938,0.3953430338780801,0.5911504424778761,0.49469026548672573,0.7627508437987676
pilot_holdout,full,0.25,0.03,0.03,4,plain,0.2325738636684525,0.21208686386230358,0.3630349390117842,0.34470204117850195,0.5663716814159292,0.4646017699115044,0.7450447444646858
pilot_holdout,full,0.25,0.03,0.03,4,documented,0.6882724289688336,0.14422073305765856,0.18027703121769692,0.5038681650546338,0.6513274336283186,0.5495575221238937,0.813292083251067
pilot_holdout,full,0.25,0.03,0.03,4,aligned,0.6790990813370674,0.14491756747545229,0.18585900351457516,0.5241125528354471,0.670796460176991,0.5761061946902656,0.8352376173449778
pilot_holdout,full,0.25,0.03,0.03,4,hyperplane_old,0.40983628144683265,0.18727849500829846,0.29708497002274137,0.43086047132876565,0.5982300884955751,0.5141592920353982,0.7780787322901762
pilot_holdout,full,0.25,0.03,0.03,5,plain,0.2325738636684525,0.21208686386230358,0.3630349390117842,0.34470204117850195,0.5663716814159292,0.4646017699115044,0.7450447444646858
pilot_holdout,full,0.25,0.03,0.03,5,documented,0.6591220674670749,0.14922044540826104,0.19557577010543725,0.4899991501232091,0.6477876106194691,0.5495575221238937,0.808703921528489
pilot_holdout,full,0.25,0.03,0.03,5,aligned,0.6745238501064036,0.1464714120097491,0.1914409758114534,0.4959692113342521,0.672566371681416,0.5628318584070796,0.8186211777268511
pilot_holdout,full,0.25,0.03,0.03,5,hyperplane_old,0.3565163273702001,0.19369244007170547,0.30721521604300184,0.41470766883391497,0.6123893805309735,0.5070796460176991,0.7795808699798424
pilot_holdout,full,0.25,0.03,0.03,6,plain,0.2325738636684525,0.21208686386230358,0.3630349390117842,0.34470204117850195,0.5663716814159292,0.4646017699115044,0.7450447444646858
pilot_holdout,full,0.25,0.03,0.03,6,documented,0.6156570190317886,0.15266306116537487,0.18958031837916064,0.48913944086332517,0.6566371681415929,0.547787610619469,0.8064994379666662
pilot_holdout,full,0.25,0.03,0.03,6,aligned,0.6443465951859897,0.14607659938061748,0.17572875749431466,0.519958785209946,0.6831858407079646,0.5752212389380531,0.8331047937905295
pilot_holdout,full,0.25,0.03,0.03,6,hyperplane_old,0.3029167493461424,0.20073234541275595,0.33760595410378336,0.3896498905599691,0.6035398230088496,0.4929203539823009,0.7652097804028806
pilot_holdout,full,0.25,0.03,0.03,7,plain,0.2325738636684525,0.21208686386230358,0.3630349390117842,0.34470204117850195,0.5663716814159292,0.4646017699115044,0.7450447444646858
pilot_holdout,full,0.25,0.03,0.03,7,documented,0.6928817535759934,0.1453773415167965,0.17696919578250983,0.4806889514815048,0.6318584070796459,0.5451327433628319,0.8089094102463661
pilot_holdout,full,0.25,0.03,0.03,7,aligned,0.7123734927681253,0.14066959652201966,0.170767004341534,0.5027040293313714,0.6743362831858407,0.5646017699115043,0.829020766635725
pilot_holdout,full,0.25,0.03,0.03,7,hyperplane_old,0.34421735621100075,0.1981079018778721,0.32747570808352283,0.38629499265945055,0.6017699115044248,0.488495575221239,0.7635387117627815
pilot_holdout,full,0.25,0.03,0.03,8,plain,0.2325738636684525,0.21208686386230358,0.3630349390117842,0.34470204117850195,0.5663716814159292,0.4646017699115044,0.7450447444646858
pilot_holdout,full,0.25,0.03,0.03,8,documented,0.7448852156530305,0.13496705539519066,0.14678519743642754,0.522416169781279,0.6566371681415929,0.5734513274336284,0.8273657512566472
pilot_holdout,full,0.25,0.03,0.03,8,aligned,0.7449312373423717,0.1319208501229573,0.1471986768658259,0.5499059067085652,0.6831858407079646,0.5858407079646017,0.8445166332635679
pilot_holdout,full,0.25,0.03,0.03,8,hyperplane_old,0.38995924647248686,0.1924759914064018,0.3115567500516849,0.38308501530906036,0.5823008849557522,0.488495575221239,0.7631016519628436
pilot_holdout,full,0.25,0.03,0.03,9,plain,0.2325738636684525,0.21208686386230358,0.3630349390117842,0.34470204117850195,0.5663716814159292,0.4646017699115044,0.7450447444646858
pilot_holdout,full,0.25,0.03,0.03,9,documented,0.6538964982691675,0.14884181026236962,0.19164771552615256,0.49531355058991544,0.6530973451327433,0.5557522123893806,0.8024287445477168
pilot_holdout,full,0.25,0.03,0.03,9,aligned,0.6222738306275203,0.15177175659800643,0.20611949555509612,0.5236090878083705,0.672566371681416,0.5769911504424781,0.825800172798781
pilot_holdout,full,0.25,0.03,0.03,9,hyperplane_old,0.4132741884426797,0.18614330864643666,0.2906760388670664,0.4134452523905195,0.631858407079646,0.5256637168141592,0.7821452091025676
pilot_holdout,full,0.25,0.03,0.03,10,plain,0.2325738636684525,0.21208686386230358,0.3630349390117842,0.34470204117850195,0.5663716814159292,0.4646017699115044,0.7450447444646858
pilot_holdout,full,0.25,0.03,0.03,10,documented,0.5951090936437154,0.16072700625992553,0.2197643167252429,0.47398305877407887,0.6460176991150443,0.5407079646017698,0.8071335889290222
pilot_holdout,full,0.25,0.03,0.03,10,aligned,0.5958513901459501,0.1584575202169631,0.21314864585486873,0.5196194296054855,0.6867256637168141,0.5769911504424781,0.8330685018090063
pilot_holdout,full,0.25,0.03,0.03,10,hyperplane_old,0.3558691499472386,0.19502857658657308,0.3119702294810833,0.38143945491282955,0.5858407079646017,0.4911504424778761,0.769738264183696
pilot_holdout,full,0.25,0.03,0.03,11,plain,0.2325738636684525,0.21208686386230358,0.3630349390117842,0.34470204117850195,0.5663716814159292,0.4646017699115044,0.7450447444646858
pilot_holdout,full,0.25,0.03,0.03,11,documented,0.7012325165498426,0.14241242790052663,0.16807938805044448,0.4829278899879619,0.6389380530973451,0.5353982300884956,0.7995086363803448
pilot_holdout,full,0.25,0.03,0.03,11,aligned,0.6832418989924528,0.14287878431835127,0.16415133347115982,0.4985553754856413,0.695575221238938,0.5663716814159292,0.8296540984750739
pilot_holdout,full,0.25,0.03,0.03,11,hyperplane_old,0.3659512727093118,0.1938089474687952,0.3111432706222865,0.39364436675834996,0.5876106194690266,0.47699115044247786,0.7570288664786196
pilot_holdout,full,0.25,0.03,0.03,12,plain,0.2325738636684525,0.21208686386230358,0.3630349390117842,0.34470204117850195,0.5663716814159292,0.4646017699115044,0.7450447444646858
pilot_holdout,full,0.25,0.03,0.03,12,documented,0.6427484521464604,0.15135886781688462,0.19847012611122597,0.5058891987382584,0.6707964601769911,0.5530973451327433,0.8087737758712741
pilot_holdout,full,0.25,0.03,0.03,12,aligned,0.6675512828302121,0.14706443960175225,0.19288815381434773,0.5258838114559256,0.6831858407079646,0.5699115044247788,0.826230661841586
pilot_holdout,full,0.25,0.03,0.03,12,hyperplane_old,0.3666515038743265,0.19325300206013202,0.3111432706222865,0.407963869071858,0.6123893805309735,0.5141592920353982,0.7759296643210937
pilot_holdout,full,0.25,0.03,0.03,13,plain,0.2325738636684525,0.21208686386230358,0.3630349390117842,0.34470204117850195,0.5663716814159292,0.4646017699115044,0.7450447444646858
pilot_holdout,full,0.25,0.03,0.03,13,documented,0.6617381426325676,0.1492883270670508,0.19743642753773,0.4800331963576318,0.6300884955752212,0.5495575221238939,0.8070687697731729
pilot_holdout,full,0.25,0.03,0.03,13,aligned,0.6773641890506462,0.14553353002472855,0.19516229067603888,0.5019873460313354,0.6654867256637167,0.5663716814159292,0.8271692495687595
pilot_holdout,full,0.25,0.03,0.03,13,hyperplane_old,0.38020817837966153,0.19240540802779418,0.30473433946661155,0.3932308958128189,0.5911504424778761,0.5,0.768695115391123
pilot_holdout,full,0.25,0.03,0.03,14,plain,0.2325738636684525,0.21208686386230358,0.3630349390117842,0.34470204117850195,0.5663716814159292,0.4646017699115044,0.7450447444646858
pilot_holdout,full,0.25,0.03,0.03,14,documented,0.7112801084622482,0.14002039181872616,0.16022327889187513,0.5033106744177367,0.6637168141592921,0.563716814159292,0.8276589811149847
pilot_holdout,full,0.25,0.03,0.03,14,aligned,0.7018732551621403,0.14065694350803265,0.17200744262972917,0.510847183466279,0.6884955752212389,0.5752212389380531,0.835361639512079
pilot_holdout,full,0.25,0.03,0.03,14,hyperplane_old,0.3907849150845411,0.19164130646484714,0.3096960926193922,0.40742655660748583,0.615929203539823,0.49646017699115047,0.7662322392455099
pilot_holdout,full,0.25,0.03,0.03,15,plain,0.2325738636684525,0.21208686386230358,0.3630349390117842,0.34470204117850195,0.5663716814159292,0.4646017699115044,0.7450447444646858
pilot_holdout,full,0.25,0.03,0.03,15,documented,0.6890615323832586,0.14577162955693512,0.177175935497209,0.48857131442810076,0.6477876106194689,0.5504424778761061,0.8135091378505173
pilot_holdout,full,0.25,0.03,0.03,15,aligned,0.6980360192432166,0.1429241505254246,0.17634897663841223,0.4979275592934258,0.6637168141592921,0.5584070796460177,0.8213367326845554
pilot_holdout,full,0.25,0.03,0.03,15,hyperplane_old,0.39164563687420867,0.190521284418808,0.3028736820343188,0.40457131942409685,0.6176991150442479,0.5035398230088496,0.7765982106294412
pilot_holdout,full,0.25,0.03,0.03,16,plain,0.2325738636684525,0.21208686386230358,0.3630349390117842,0.34470204117850195,0.5663716814159292,0.4646017699115044,0.7450447444646858
pilot_holdout,full,0.25,0.03,0.03,16,documented,0.6648536161461882,0.14835018734104155,0.18523878437047755,0.5047186266699518,0.6566371681415928,0.5451327433628319,0.811483952307525
pilot_holdout,full,0.25,0.03,0.03,16,aligned,0.6752448555725538,0.14500474501281654,0.1811039900764937,0.5182388895529131,0.6672566371681417,0.5716814159292036,0.8239664922573529
pilot_holdout,full,0.25,0.03,0.03,16,hyperplane_old,0.3834755255644492,0.1913851210276697,0.30742195575770104,0.4064387077403566,0.6194690265486725,0.5079646017699115,0.778747874713744
pilot_holdout,full,0.25,0.03,0.03,17,plain,0.2325738636684525,0.21208686386230358,0.3630349390117842,0.34470204117850195,0.5663716814159292,0.4646017699115044,0.7450447444646858
pilot_holdout,full,0.25,0.03,0.03,17,documented,0.6494317169225722,0.14792138515699185,0.19660946867893322,0.5031717881961402,0.6336283185840708,0.5398230088495575,0.802148368752027
pilot_holdout,full,0.25,0.03,0.03,17,aligned,0.6296826136434868,0.14796227803564535,0.19020053752325822,0.5336569436950235,0.6530973451327433,0.552212389380531,0.8189327223816596
pilot_holdout,full,0.25,0.03,0.03,17,hyperplane_old,0.35062982859547803,0.19385917619003487,0.30804217490179864,0.39678922876112965,0.5946902654867257,0.5017699115044248,0.7606150524264672
pilot_holdout,full,0.25,0.03,0.03,18,plain,0.2325738636684525,0.21208686386230358,0.3630349390117842,0.34470204117850195,0.5663716814159292,0.4646017699115044,0.7450447444646858
pilot_holdout,full,0.25,0.03,0.03,18,documented,0.6628183560110666,0.149693171762485,0.20508579698160018,0.4835866888802167,0.6672566371681417,0.563716814159292,0.8091226905931581
pilot_holdout,full,0.25,0.03,0.03,18,aligned,0.6567131313398595,0.14980932933220847,0.20012404382881951,0.48983695359438395,0.6761061946902656,0.5699115044247788,0.8210769977190354
pilot_holdout,full,0.25,0.03,0.03,18,hyperplane_old,0.3954904975469828,0.19053040434627908,0.3055612983254083,0.4064349954738369,0.6283185840707964,0.5106194690265486,0.7738724548516412
pilot_holdout,full,0.25,0.03,0.03,19,plain,0.2325738636684525,0.21208686386230358,0.3630349390117842,0.34470204117850195,0.5663716814159292,0.4646017699115044,0.7450447444646858
pilot_holdout,full,0.25,0.03,0.03,19,documented,0.6469444728636975,0.14976214701482035,0.18337812693818484,0.47956133711511395,0.6761061946902656,0.5663716814159292,0.8249939852954951
pilot_holdout,full,0.25,0.03,0.03,19,aligned,0.6663510105709555,0.14586871939078805,0.177175935497209,0.4921566159635224,0.6920353982300885,0.5805309734513274,0.8359734353317959
pilot_holdout,full,0.25,0.03,0.03,19,hyperplane_old,0.37066154939480683,0.19396036896579966,0.3146578457721728,0.40551085161918243,0.6035398230088496,0.49823008849557515,0.7681042412967901
pilot_holdout,full,0.25,0.03,0.03,20,plain,0.2325738636684525,0.21208686386230358,0.3630349390117842,0.34470204117850195,0.5663716814159292,0.4646017699115044,0.7450447444646858
pilot_holdout,full,0.25,0.03,0.03,20,documented,0.7118003579946385,0.14336155081350774,0.1870994418027703,0.4990565996911608,0.6566371681415929,0.5592920353982301,0.820100874783
pilot_holdout,full,0.25,0.03,0.03,20,aligned,0.7350070526161196,0.1375641858417097,0.17304114120322514,0.5213799946712292,0.6831858407079646,0.5734513274336283,0.83858408393369
pilot_holdout,full,0.25,0.03,0.03,20,hyperplane_old,0.37256151763010986,0.19292465157266694,0.3113500103369857,0.40462354703154035,0.6247787610619469,0.5017699115044247,0.7697916938366004
pilot_holdout,full,0.25,0.03,0.03,21,plain,0.2325738636684525,0.21208686386230358,0.3630349390117842,0.34470204117850195,0.5663716814159292,0.4646017699115044,0.7450447444646858
pilot_holdout,full,0.25,0.03,0.03,21,documented,0.643312519591504,0.14999583760520138,0.19619598924953482,0.49413079952800654,0.672566371681416,0.5584070796460177,0.8226038368576943
pilot_holdout,full,0.25,0.03,0.03,21,aligned,0.6403341670569125,0.14805144024841355,0.1908207566673558,0.5192131750470108,0.6991150442477876,0.5769911504424781,0.8400222358596353
pilot_holdout,full,0.25,0.03,0.03,21,hyperplane_old,0.3310064251132606,0.19856098307663225,0.32788918751292123,0.38695867675550566,0.5734513274336283,0.47699115044247786,0.7524322313959368
pilot_holdout,full,0.25,0.03,0.03,22,plain,0.2325738636684525,0.21208686386230358,0.3630349390117842,0.34470204117850195,0.5663716814159292,0.4646017699115044,0.7450447444646858
pilot_holdout,full,0.25,0.03,0.03,22,documented,0.6556090742180164,0.15247303315427785,0.19681620839363242,0.4571812654203857,0.6300884955752213,0.54070796460177,0.8135605641344433
pilot_holdout,full,0.25,0.03,0.03,22,aligned,0.6826163034380428,0.1465591593632535,0.18813314037626627,0.48338664264460696,0.6654867256637168,0.5548672566371682,0.8243352855916092
pilot_holdout,full,0.25,0.03,0.03,22,hyperplane_old,0.3899811544530842,0.1896830942347798,0.29770518916683897,0.396320561330199,0.6141592920353983,0.5008849557522124,0.7713830903265845
pilot_holdout,full,0.25,0.03,0.03,23,plain,0.2325738636684525,0.21208686386230358,0.3630349390117842,0.34470204117850195,0.5663716814159292,0.4646017699115044,0.7450447444646858
pilot_holdout,full,0.25,0.03,0.03,23,documented,0.6621909946120136,0.14859510703668638,0.18585900351457516,0.47994030805482873,0.6371681415929203,0.5380530973451327,0.7964633484033233
pilot_holdout,full,0.25,0.03,0.03,23,aligned,0.6732341123862566,0.14723354097674898,0.18213768864998967,0.49360084242049407,0.6530973451327434,0.5557522123893806,0.8151671794397507
pilot_holdout,full,0.25,0.03,0.03,23,hyperplane_old,0.40160057870417143,0.1903432886944223,0.3092826131899938,0.39765632674553336,0.5911504424778762,0.5035398230088496,0.7681609939268372
pilot_holdout,full,0.25,0.03,0.03,24,plain,0.2325738636684525,0.21208686386230358,0.3630349390117842,0.34470204117850195,0.5663716814159292,0.4646017699115044,0.7450447444646858
pilot_holdout,full,0.25,0.03,0.03,24,documented,0.6698305444061977,0.1450012335492478,0.17262766177382674,0.5160540825376623,0.6513274336283186,0.5575221238938054,0.8130028472390927
pilot_holdout,full,0.25,0.03,0.03,24,aligned,0.682277924797455,0.14222278854687925,0.16683894976224933,0.5279457950137303,0.7044247787610619,0.5778761061946903,0.8390524982661497
pilot_holdout,full,0.25,0.03,0.03,24,hyperplane_old,0.39882224444914116,0.19023923063291415,0.3061815174695059,0.4032082936098086,0.6053097345132744,0.5017699115044248,0.7730696771777188
pilot_holdout,full,0.25,0.03,0.03,25,plain,0.2325738636684525,0.21208686386230358,0.3630349390117842,0.34470204117850195,0.5663716814159292,0.4646017699115044,0.7450447444646858
pilot_holdout,full,0.25,0.03,0.03,25,documented,0.7016364863249667,0.14191498296471697,0.1738681000620219,0.494959396895906,0.6442477876106194,0.5530973451327433,0.8080663014761089
pilot_holdout,full,0.25,0.03,0.03,25,aligned,0.6921927337620516,0.14169682190292496,0.16580525118875336,0.5201805036930323,0.6867256637168141,0.5796460176991151,0.8294383157036458
pilot_holdout,full,0.25,0.03,0.03,25,hyperplane_old,0.4101827942454232,0.18757987598194373,0.2993591068844325,0.4176476924986963,0.631858407079646,0.5336283185840708,0.7899660243588216
pilot_holdout,full,0.25,0.03,0.03,26,plain,0.2325738636684525,0.21208686386230358,0.3630349390117842,0.34470204117850195,0.5663716814159292,0.4646017699115044,0.7450447444646858
pilot_holdout,full,0.25,0.03,0.03,26,documented,0.6592392438568655,0.14846083687645031,0.19950382468472194,0.4958018159647164,0.6637168141592921,0.5575221238938053,0.815079687977025
pilot_holdout,full,0.25,0.03,0.03,26,aligned,0.6513088661670426,0.14666909122291835,0.1939218523878437,0.5319541882255484,0.6902654867256637,0.5876106194690266,0.8422437896237369
pilot_holdout,full,0.25,0.03,0.03,26,hyperplane_old,0.3833101525533903,0.192347511764943,0.3136241471986769,0.3982425887247796,0.5893805309734512,0.4982300884955752,0.7685946893613097
pilot_holdout,full,0.25,0.03,0.03,27,plain,0.2325738636684525,0.21208686386230358,0.3630349390117842,0.34470204117850195,0.5663716814159292,0.4646017699115044,0.7450447444646858
pilot_holdout,full,0.25,0.03,0.03,27,documented,0.6676331162667458,0.14726374680123638,0.17945007235890015,0.47388818488177975,0.631858407079646,0.5389380530973451,0.7950439992218807
pilot_holdout,full,0.25,0.03,0.03,27,aligned,0.6683186714629641,0.14649983107035972,0.1813107297911929,0.4820679313111521,0.6707964601769911,0.5575221238938053,0.8139106893031286
pilot_holdout,full,0.25,0.03,0.03,27,hyperplane_old,0.3850160166495166,0.19154786050564543,0.3090758734752946,0.40708293231195963,0.615929203539823,0.5088495575221239,0.7779961991403863
pilot_holdout,full,0.25,0.03,0.03,28,plain,0.2325738636684525,0.21208686386230358,0.3630349390117842,0.34470204117850195,0.5663716814159292,0.4646017699115044,0.7450447444646858
pilot_holdout,full,0.25,0.03,0.03,28,documented,0.6637093121443631,0.14851442916500748,0.19536903039073805,0.49599347895803225,0.6619469026548672,0.5619469026548672,0.8150132778969066
pilot_holdout,full,0.25,0.03,0.03,28,aligned,0.6717594001997433,0.1452396796438126,0.18937357866446144,0.5105609969874406,0.6796460176991151,0.5672566371681417,0.8301257671748091
pilot_holdout,full,0.25,0.03,0.03,28,hyperplane_old,0.3492037194164614,0.19521707108406697,0.31755220177796156,0.3883655822383878,0.6,0.5017699115044247,0.771495895350335
pilot_holdout,full,0.25,0.03,0.03,29,plain,0.2325738636684525,0.21208686386230358,0.3630349390117842,0.34470204117850195,0.5663716814159292,0.4646017699115044,0.7450447444646858
pilot_holdout,full,0.25,0.03,0.03,29,documented,0.677977169983631,0.14981814282864653,0.20467231755220178,0.47621065230942855,0.6353982300884955,0.5442477876106194,0.8086692025738829
pilot_holdout,full,0.25,0.03,0.03,29,aligned,0.6978447651289005,0.14469608874351586,0.20239818069051066,0.4988515480087099,0.6743362831858406,0.576991150442478,0.8321856422533376
pilot_holdout,full,0.25,0.03,0.03,29,hyperplane_old,0.4042338788326515,0.1889070088513127,0.3068017366136035,0.42167185088658893,0.6230088495575222,0.515929203539823,0.7865792900756939
pilot_holdout,full,0.25,0.03,0.03,30,plain,0.2325738636684525,0.21208686386230358,0.3630349390117842,0.34470204117850195,0.5663716814159292,0.4646017699115044,0.7450447444646858
pilot_holdout,full,0.25,0.03,0.03,30,documented,0.7459602746112219,0.1354764237619416,0.15898284060367995,0.5128141378462898,0.6902654867256637,0.5690265486725663,0.8219023993565655
pilot_holdout,full,0.25,0.03,0.03,30,aligned,0.7637374330890353,0.13043332416045805,0.14988629315691546,0.5453971165321327,0.6884955752212389,0.5805309734513276,0.8389471827998973
pilot_holdout,full,0.25,0.03,0.03,30,hyperplane_old,0.405019609986922,0.19058923704860356,0.3063882571842051,0.4034342755867086,0.6141592920353983,0.5097345132743363,0.7705084042885414
pilot_holdout,full,0.25,0.03,0.03,31,plain,0.2325738636684525,0.21208686386230358,0.3630349390117842,0.34470204117850195,0.5663716814159292,0.4646017699115044,0.7450447444646858
pilot_holdout,full,0.25,0.03,0.03,31,documented,0.6615884607865932,0.14507768645864255,0.17490179863551789,0.5287625489662735,0.6761061946902656,0.5672566371681416,0.823342200400908
pilot_holdout,full,0.25,0.03,0.03,31,aligned,0.6647100401279188,0.14356647032296818,0.17221418234442837,0.5429660824234595,0.7221238938053098,0.5893805309734514,0.8489168443240374
pilot_holdout,full,0.25,0.03,0.03,31,hyperplane_old,0.3484091888174749,0.19488630395478782,0.3194128592102543,0.40116893801038084,0.6053097345132744,0.4920353982300885,0.7700488787477
pilot_holdout,full,0.25,0.03,0.03,32,plain,0.2325738636684525,0.21208686386230358,0.3630349390117842,0.34470204117850195,0.5663716814159292,0.4646017699115044,0.7450447444646858
pilot_holdout,full,0.25,0.03,0.03,32,documented,0.7165574793543381,0.14172057305552802,0.183584866652884,0.4979123577248364,0.6707964601769912,0.5601769911504424,0.832160208397662
pilot_holdout,full,0.25,0.03,0.03,32,aligned,0.7288101060701458,0.13758244192271402,0.17490179863551789,0.5127924001541825,0.688495575221239,0.568141592920354,0.8402611141900852
pilot_holdout,full,0.25,0.03,0.03,32,hyperplane_old,0.3680117698012084,0.19452179975653847,0.32023981806905105,0.39963711094147814,0.6035398230088495,0.49469026548672573,0.7651025281670168
pilot_holdout,full,0.25,0.03,0.03,33,plain,0.2325738636684525,0.21208686386230358,0.3630349390117842,0.34470204117850195,0.5663716814159292,0.4646017699115044,0.7450447444646858
pilot_holdout,full,0.25,0.03,0.03,33,documented,0.7358373836721125,0.1361498427085495,0.1608434980359727,0.5176940279303489,0.6477876106194689,0.5637168141592921,0.8219039255788949
pilot_holdout,full,0.25,0.03,0.03,33,aligned,0.7315332458976636,0.13495963200203795,0.15257390944800497,0.536988786730806,0.695575221238938,0.5858407079646017,0.8432747367226066
pilot_holdout,full,0.25,0.03,0.03,33,hyperplane_old,0.4208151310692763,0.18822143171192343,0.30390738060781475,0.40677047383905096,0.6194690265486726,0.5212389380530973,0.7811553492454597
pilot_holdout,full,0.25,0.03,0.03,34,plain,0.2325738636684525,0.21208686386230358,0.3630349390117842,0.34470204117850195,0.5663716814159292,0.4646017699115044,0.7450447444646858
pilot_holdout,full,0.25,0.03,0.03,34,documented,0.6719448399625843,0.14845393464695014,0.19971056439942114,0.4990221821026058,0.6761061946902656,0.5690265486725663,0.8222342883026602
pilot_holdout,full,0.25,0.03,0.03,34,aligned,0.6920610068696869,0.14314850502520332,0.18916683894976224,0.537876269903443,0.6955752212389381,0.5911504424778762,0.8442117030605742
pilot_holdout,full,0.25,0.03,0.03,34,hyperplane_old,0.3845796558199625,0.1915752572946067,0.3142443663427745,0.4138761416857151,0.5964601769911504,0.5106194690265486,0.7724787513797562
pilot_holdout,full,0.25,0.03,0.03,35,plain,0.2325738636684525,0.21208686386230358,0.3630349390117842,0.34470204117850195,0.5663716814159292,0.4646017699115044,0.7450447444646858
pilot_holdout,full,0.25,0.03,0.03,35,documented,0.6758258556108165,0.14718835239762496,0.19268141409964853,0.49062247286923005,0.6495575221238938,0.5557522123893806,0.809278120698478
pilot_holdout,full,0.25,0.03,0.03,35,aligned,0.6800102336388918,0.1434523639815873,0.18337812693818484,0.5277600731123029,0.6672566371681415,0.576991150442478,0.8279216358877868
pilot_holdout,full,0.25,0.03,0.03,35,hyperplane_old,0.3840679745706934,0.19213672045871222,0.3065949968989043,0.3987803222317496,0.5858407079646016,0.5070796460176991,0.7658446723367905
pilot_holdout,full,0.25,0.03,0.03,36,plain,0.2325738636684525,0.21208686386230358,0.3630349390117842,0.34470204117850195,0.5663716814159292,0.4646017699115044,0.7450447444646858
pilot_holdout,full,0.25,0.03,0.03,36,documented,0.7210684284404408,0.139956656568764,0.17014678519743642,0.5162728481421822,0.6566371681415929,0.5619469026548672,0.8180216048001191
pilot_holdout,full,0.25,0.03,0.03,36,aligned,0.7158658820915689,0.13770960559088818,0.1651850320446558,0.5470548940850102,0.7061946902654869,0.5911504424778761,0.8463111210000898
pilot_holdout,full,0.25,0.03,0.03,36,hyperplane_old,0.3577525939714261,0.19439645255991625,0.32086003721314865,0.4025654120933438,0.6053097345132744,0.49203539823008846,0.7665341011621499
pilot_holdout,full,0.25,0.03,0.03,37,plain,0.2325738636684525,0.21208686386230358,0.3630349390117842,0.34470204117850195,0.5663716814159292,0.4646017699115044,0.7450447444646858
pilot_holdout,full,0.25,0.03,0.03,37,documented,0.6675931212589399,0.15020520464535603,0.1914409758114534,0.47676640772951506,0.6300884955752212,0.5292035398230088,0.7926931251506192
pilot_holdout,full,0.25,0.03,0.03,37,aligned,0.6854093319881448,0.1458720061927634,0.18048377093239612,0.4904144621477309,0.6584070796460177,0.5601769911504425,0.8137280452695915
pilot_holdout,full,0.25,0.03,0.03,37,hyperplane_old,0.3916494328228667,0.19278626449412986,0.3113500103369857,0.39751683804928123,0.5946902654867257,0.49646017699115047,0.7682403110141848
pilot_holdout,full,0.25,0.03,0.03,38,plain,0.2325738636684525,0.21208686386230358,0.3630349390117842,0.34470204117850195,0.5663716814159292,0.4646017699115044,0.7450447444646858
pilot_holdout,full,0.25,0.03,0.03,38,documented,0.6134016752230087,0.15471450814838975,0.21066776927847838,0.48447577788986745,0.6619469026548671,0.5442477876106194,0.8041309469214283
pilot_holdout,full,0.25,0.03,0.03,38,aligned,0.6027086279402837,0.15640614112211468,0.20922059127558404,0.4856399665805947,0.6867256637168141,0.5707964601769911,0.8305854906458691
pilot_holdout,full,0.25,0.03,0.03,38,hyperplane_old,0.4033576203606014,0.1882378875489374,0.30121976431672526,0.4055640508080026,0.6053097345132744,0.5079646017699115,0.779047186946603
pilot_holdout,full,0.25,0.03,0.03,39,plain,0.2325738636684525,0.21208686386230358,0.3630349390117842,0.34470204117850195,0.5663716814159292,0.4646017699115044,0.7450447444646858
pilot_holdout,full,0.25,0.03,0.03,39,documented,0.6900690948743448,0.14619119799487149,0.177175935497209,0.476076975114771,0.679646017699115,0.5557522123893806,0.8134768210519621
pilot_holdout,full,0.25,0.03,0.03,39,aligned,0.6945594322164804,0.14173862491417052,0.17572875749431466,0.5333587863948975,0.7132743362831858,0.5964601769911505,0.8464143143750248
pilot_holdout,full,0.25,0.03,0.03,39,hyperplane_old,0.383807463320581,0.19026027792457262,0.3024602026049204,0.4181700123554501,0.6212389380530973,0.5106194690265486,0.7724264873665981
pilot_holdout,full,0.25,0.03,0.03,40,plain,0.2325738636684525,0.21208686386230358,0.3630349390117842,0.34470204117850195,0.5663716814159292,0.4646017699115044,0.7450447444646858
pilot_holdout,full,0.25,0.03,0.03,40,documented,0.6786678095701553,0.14236459720361422,0.1649782923299566,0.5093304705786272,0.6672566371681417,0.5575221238938053,0.81624820526496
pilot_holdout,full,0.25,0.03,0.03,40,aligned,0.683850711514338,0.14083535355063487,0.1647715526152574,0.5261287853170397,0.6707964601769911,0.5734513274336284,0.8285963592507587
pilot_holdout,full,0.25,0.03,0.03,40,hyperplane_old,0.3981855049117556,0.19050446397140938,0.30742195575770104,0.4158567810616987,0.607079646017699,0.5053097345132743,0.7802932758118327
pilot_holdout,full,0.25,0.03,0.03,41,plain,0.2325738636684525,0.21208686386230358,0.3630349390117842,0.34470204117850195,0.5663716814159292,0.4646017699115044,0.7450447444646858
pilot_holdout,full,0.25,0.03,0.03,41,documented,0.6653283211728026,0.14812253468873657,0.19040727723795742,0.500609150865331,0.6637168141592921,0.5601769911504425,0.8282528707824993
pilot_holdout,full,0.25,0.03,0.03,41,aligned,0.6512670895365309,0.14975781221761522,0.1908207566673558,0.5204922494898009,0.7008849557522123,0.5831858407079646,0.8473390448005611
pilot_holdout,full,0.25,0.03,0.03,41,hyperplane_old,0.3742698241754565,0.19166927559967914,0.3111432706222865,0.4173005350953496,0.6053097345132744,0.5026548672566372,0.7663918873561344
pilot_holdout,full,0.25,0.03,0.03,42,plain,0.2325738636684525,0.21208686386230358,0.3630349390117842,0.34470204117850195,0.5663716814159292,0.4646017699115044,0.7450447444646858
pilot_holdout,full,0.25,0.03,0.03,42,documented,0.6588115850442235,0.1504451042250878,0.19929708497002274,0.5006606293717668,0.6548672566371682,0.5637168141592921,0.8179319129552249
pilot_holdout,full,0.25,0.03,0.03,42,aligned,0.6869285642319262,0.1435936861641021,0.19061401695265662,0.5292541347187963,0.6938053097345134,0.58141592920354,0.8385128663069877
pilot_holdout,full,0.25,0.03,0.03,42,hyperplane_old,0.37431711609291024,0.19195164586487223,0.3123837089104817,0.39438016170597373,0.607079646017699,0.488495575221239,0.7606552389120586
pilot_holdout,full,0.25,0.03,0.03,43,plain,0.2325738636684525,0.21208686386230358,0.3630349390117842,0.34470204117850195,0.5663716814159292,0.4646017699115044,0.7450447444646858
pilot_holdout,full,0.25,0.03,0.03,43,documented,0.682293486821645,0.14669757768095207,0.19619598924953482,0.4966393769608712,0.6796460176991151,0.5504424778761061,0.8094279165701975
pilot_holdout,full,0.25,0.03,0.03,43,aligned,0.6736346223457079,0.14556712359574886,0.19247467438494936,0.5164207221857309,0.695575221238938,0.576991150442478,0.8312284602482074
pilot_holdout,full,0.25,0.03,0.03,43,hyperplane_old,0.3629432904959082,0.19387553091576248,0.31631176348976636,0.40067749690529725,0.6088495575221239,0.5194690265486726,0.7789065918486671
pilot_holdout,full,0.25,0.03,0.03,44,plain,0.2325738636684525,0.21208686386230358,0.3630349390117842,0.34470204117850195,0.5663716814159292,0.4646017699115044,0.7450447444646858
pilot_holdout,full,0.25,0.03,0.03,44,documented,0.6885394770512522,0.14353360779962157,0.1773826752119082,0.5082551460926256,0.6548672566371682,0.5530973451327433,0.8200738568818785
pilot_holdout,full,0.25,0.03,0.03,44,aligned,0.6768802548347456,0.14353117121796286,0.17614223692371306,0.531632473507854,0.7026548672566372,0.584070796460177,0.838878555500326
pilot_holdout,full,0.25,0.03,0.03,44,hyperplane_old,0.40270845248152637,0.19043900301808117,0.2993591068844325,0.3786175940057275,0.5787610619469027,0.4814159292035398,0.7544127949545032
pilot_holdout,full,0.25,0.03,0.03,45,plain,0.2325738636684525,0.21208686386230358,0.3630349390117842,0.34470204117850195,0.5663716814159292,0.4646017699115044,0.7450447444646858
pilot_holdout,full,0.25,0.03,0.03,45,documented,0.717882371101057,0.14195000063800212,0.17965681207359935,0.489984486429024,0.6283185840707964,0.5380530973451327,0.7986916134231778
pilot_holdout,full,0.25,0.03,0.03,45,aligned,0.7395362437008492,0.1354771565901063,0.16373785404176142,0.519415071688813,0.6548672566371682,0.5584070796460177,0.8265197939259933
pilot_holdout,full,0.25,0.03,0.03,45,hyperplane_old,0.38905960927999633,0.1913765550001799,0.30804217490179864,0.40212513461594873,0.6230088495575222,0.5070796460176992,0.7774636263382522
pilot_holdout,full,0.25,0.03,0.03,46,plain,0.2325738636684525,0.21208686386230358,0.3630349390117842,0.34470204117850195,0.5663716814159292,0.4646017699115044,0.7450447444646858
pilot_holdout,full,0.25,0.03,0.03,46,documented,0.6737384391684558,0.1459667271563505,0.18255116807938804,0.5007903720658587,0.6637168141592921,0.5628318584070796,0.8204264646722658
pilot_holdout,full,0.25,0.03,0.03,46,aligned,0.6893269108584449,0.14237854524547142,0.177175935497209,0.5135549221016733,0.6796460176991151,0.5725663716814161,0.8400083455413574
pilot_holdout,full,0.25,0.03,0.03,46,hyperplane_old,0.3437980192063615,0.19656847945268388,0.32768244779822203,0.39973264554923427,0.5982300884955751,0.49823008849557526,0.7750809881302403
pilot_holdout,full,0.25,0.03,0.03,47,plain,0.2325738636684525,0.21208686386230358,0.3630349390117842,0.34470204117850195,0.5663716814159292,0.4646017699115044,0.7450447444646858
pilot_holdout,full,0.25,0.03,0.03,47,documented,0.7218717822972459,0.14095484418685894,0.1742815794914203,0.4868360788937682,0.6477876106194691,0.5557522123893806,0.8188995606263221
pilot_holdout,full,0.25,0.03,0.03,47,aligned,0.7210907334264759,0.1394042323419137,0.16952656605333885,0.5059813031405412,0.6955752212389381,0.5814159292035398,0.840919296766256
pilot_holdout,full,0.25,0.03,0.03,47,hyperplane_old,0.415918546571842,0.18707972249378102,0.29253669629935913,0.39421556670442215,0.6053097345132744,0.4973451327433628,0.7788465487203389
pilot_holdout,full,0.25,0.03,0.03,48,plain,0.2325738636684525,0.21208686386230358,0.3630349390117842,0.34470204117850195,0.5663716814159292,0.4646017699115044,0.7450447444646858
pilot_holdout,full,0.25,0.03,0.03,48,documented,0.6757487264670403,0.142696143450979,0.17324788091792434,0.511576640995284,0.6672566371681417,0.5663716814159292,0.8183090621139439
pilot_holdout,full,0.25,0.03,0.03,48,aligned,0.6868007799231808,0.14010885916544294,0.17242092205912757,0.5274282347666748,0.6849557522123895,0.5716814159292035,0.8288273781265854
pilot_holdout,full,0.25,0.03,0.03,48,hyperplane_old,0.37441994897543074,0.19187965105463717,0.30845565433119704,0.40006261832617457,0.6,0.4991150442477876,0.7638595214686086
pilot_holdout,full,0.25,0.03,0.03,49,plain,0.2325738636684525,0.21208686386230358,0.3630349390117842,0.34470204117850195,0.5663716814159292,0.4646017699115044,0.7450447444646858
pilot_holdout,full,0.25,0.03,0.03,49,documented,0.6891525019833569,0.14592159244215885,0.19619598924953482,0.5155057803086841,0.6548672566371682,0.5646017699115043,0.8224227563550743
pilot_holdout,full,0.25,0.03,0.03,49,aligned,0.6720906163296326,0.1472205623597556,0.1978499069671284,0.535729392007496,0.6920353982300884,0.585840707964602,0.8370130906790254
pilot_holdout,full,0.25,0.03,0.03,49,hyperplane_old,0.40963715924724736,0.18935411954619563,0.30494107918131075,0.41694787655920246,0.6000000000000001,0.5168141592920353,0.779433269181486
pilot_holdout,full,0.5,0.03,0.03,0,plain,0.2325738636684525,0.21208686386230358,0.3630349390117842,0.34470204117850195,0.5663716814159292,0.4646017699115044,0.7450447444646858
pilot_holdout,full,0.5,0.03,0.03,0,documented,0.6282059120574882,0.1586468383796974,0.21542278271655985,0.39833878077034546,0.5893805309734512,0.49292035398230083,0.7692935053634207
pilot_holdout,full,0.5,0.03,0.03,0,aligned,0.5970689042520243,0.16075310833233225,0.2238991110192268,0.42654801652773716,0.6265486725663717,0.5265486725663717,0.7925118294372804
pilot_holdout,full,0.5,0.03,0.03,0,hyperplane_old,0.33773952747219266,0.19887801331537627,0.3305768038040108,0.37955723987034407,0.568141592920354,0.47256637168141585,0.749906336671519
pilot_holdout,full,0.5,0.03,0.03,1,plain,0.2325738636684525,0.21208686386230358,0.3630349390117842,0.34470204117850195,0.5663716814159292,0.4646017699115044,0.7450447444646858
pilot_holdout,full,0.5,0.03,0.03,1,documented,0.5052468485297108,0.17729017818462592,0.26069878023568327,0.37657516286530723,0.5557522123893806,0.4725663716814159,0.7500097479425869
pilot_holdout,full,0.5,0.03,0.03,1,aligned,0.5063178530050882,0.17759326196005054,0.27165598511474054,0.3918900112939189,0.6053097345132744,0.5026548672566371,0.7723947605863706
pilot_holdout,full,0.5,0.03,0.03,1,hyperplane_old,0.31230035811424245,0.2030634552083949,0.3382261732478809,0.36779946742294806,0.5858407079646016,0.4787610619469026,0.7585584936018923
pilot_holdout,full,0.5,0.03,0.03,2,plain,0.2325738636684525,0.21208686386230358,0.3630349390117842,0.34470204117850195,0.5663716814159292,0.4646017699115044,0.7450447444646858
pilot_holdout,full,0.5,0.03,0.03,2,documented,0.5672335682218969,0.16717134427354013,0.23775067190407279,0.40733713104172375,0.6123893805309735,0.5044247787610621,0.7695421947239156
pilot_holdout,full,0.5,0.03,0.03,2,aligned,0.5607160998395915,0.16764064006519,0.24540004134794294,0.4194185870762853,0.615929203539823,0.5123893805309735,0.7719527247725828
pilot_holdout,full,0.5,0.03,0.03,2,hyperplane_old,0.31847730510947114,0.20208381864445354,0.33988009096547445,0.371743395951212,0.5964601769911505,0.47699115044247786,0.7609806906429909
pilot_holdout,full,0.5,0.03,0.03,3,plain,0.2325738636684525,0.21208686386230358,0.3630349390117842,0.34470204117850195,0.5663716814159292,0.4646017699115044,0.7450447444646858
pilot_holdout,full,0.5,0.03,0.03,3,documented,0.6055458373163234,0.16535756498774073,0.23092826131899938,0.37396074280418773,0.576991150442478,0.4884955752212388,0.7540270592126131
pilot_holdout,full,0.5,0.03,0.03,3,aligned,0.5779646567219752,0.16604898499877743,0.24105850733925988,0.4281309307134538,0.615929203539823,0.523008849557522,0.7873239010630916
pilot_holdout,full,0.5,0.03,0.03,3,hyperplane_old,0.3179427191210409,0.2005214638910932,0.3293363655158156,0.3598451929906686,0.5893805309734514,0.47610619469026544,0.7585524659262192
pilot_holdout,full,0.5,0.03,0.03,4,plain,0.2325738636684525,0.21208686386230358,0.3630349390117842,0.34470204117850195,0.5663716814159292,0.4646017699115044,0.7450447444646858
pilot_holdout,full,0.5,0.03,0.03,4,documented,0.5844739456974462,0.16426286209656515,0.2234856315898284,0.42274741676664584,0.5876106194690266,0.5026548672566371,0.7693932650304497
pilot_holdout,full,0.5,0.03,0.03,4,aligned,0.6041020223875432,0.15753352448136512,0.2098408104196816,0.4777443578217098,0.6530973451327433,0.5486725663716815,0.8141331474289111
pilot_holdout,full,0.5,0.03,0.03,4,hyperplane_old,0.30775688868189083,0.2032767980366175,0.34360140583005994,0.38163505599961556,0.6106194690265486,0.4902654867256637,0.7636110051180763
pilot_holdout,full,0.5,0.03,0.03,5,plain,0.2325738636684525,0.21208686386230358,0.3630349390117842,0.34470204117850195,0.5663716814159292,0.4646017699115044,0.7450447444646858
pilot_holdout,full,0.5,0.03,0.03,5,documented,0.47122581711434525,0.18236865159459004,0.2855075459995865,0.3533917058580482,0.5451327433628319,0.46637168141592916,0.7381729274480977
pilot_holdout,full,0.5,0.03,0.03,5,aligned,0.42756467948900273,0.18563651306414905,0.29687823030804217,0.4043481571290007,0.6000000000000001,0.5132743362831859,0.7708558507711423
pilot_holdout,full,0.5,0.03,0.03,5,hyperplane_old,0.2890488715177991,0.2056837686157943,0.34380814554475914,0.3526014404731954,0.5805309734513274,0.48407079646017687,0.7545473260484021
pilot_holdout,full,0.5,0.03,0.03,6,plain,0.2325738636684525,0.21208686386230358,0.3630349390117842,0.34470204117850195,0.5663716814159292,0.4646017699115044,0.7450447444646858
pilot_holdout,full,0.5,0.03,0.03,6,documented,0.5001245868694606,0.17417663486120205,0.27248294397353734,0.41892817596188686,0.5929203539823009,0.5044247787610621,0.7673979385211565
pilot_holdout,full,0.5,0.03,0.03,6,aligned,0.44835548644801787,0.1803880244894243,0.2857142857142857,0.4460099741421782,0.6407079646017699,0.5327433628318584,0.7931736479458804
pilot_holdout,full,0.5,0.03,0.03,6,hyperplane_old,0.30893197296245284,0.20285784592416176,0.3390531321066777,0.3696341280370191,0.5946902654867257,0.4778761061946903,0.750343986671394
pilot_holdout,full,0.5,0.03,0.03,7,plain,0.2325738636684525,0.21208686386230358,0.3630349390117842,0.34470204117850195,0.5663716814159292,0.4646017699115044,0.7450447444646858
pilot_holdout,full,0.5,0.03,0.03,7,documented,0.5276360785112337,0.17464952196500397,0.26834814967955345,0.36320864610119247,0.5805309734513274,0.49292035398230083,0.756352953612155
pilot_holdout,full,0.5,0.03,0.03,7,aligned,0.5179546328579816,0.1749747603131954,0.26855488939425265,0.3813234810885683,0.6141592920353983,0.5097345132743363,0.7790613488152763
pilot_holdout,full,0.5,0.03,0.03,7,hyperplane_old,0.3165822937092285,0.20213677158958634,0.3353318172420922,0.36451602717919357,0.5893805309734512,0.4778761061946903,0.7564263658507601
pilot_holdout,full,0.5,0.03,0.03,8,plain,0.2325738636684525,0.21208686386230358,0.3630349390117842,0.34470204117850195,0.5663716814159292,0.4646017699115044,0.7450447444646858
pilot_holdout,full,0.5,0.03,0.03,8,documented,0.455772721423713,0.1796338487710038,0.26793467025015505,0.3933028889366596,0.5451327433628318,0.4778761061946903,0.7435332073792862
pilot_holdout,full,0.5,0.03,0.03,8,aligned,0.4672446138800443,0.17683260596967418,0.26131899937978087,0.4258090625527004,0.6230088495575222,0.5168141592920354,0.781281803124589
pilot_holdout,full,0.5,0.03,0.03,8,hyperplane_old,0.2736704753485687,0.2065879426054399,0.35331817242092206,0.358077483646972,0.5610619469026549,0.463716814159292,0.7445530586399792
pilot_holdout,full,0.5,0.03,0.03,9,plain,0.2325738636684525,0.21208686386230358,0.3630349390117842,0.34470204117850195,0.5663716814159292,0.4646017699115044,0.7450447444646858
pilot_holdout,full,0.5,0.03,0.03,9,documented,0.536095411638551,0.172695172506909,0.2540831093653091,0.3513467824954317,0.5663716814159292,0.4725663716814159,0.7384459490753608
pilot_holdout,full,0.5,0.03,0.03,9,aligned,0.544810624286086,0.16829068045932044,0.2404382881951623,0.38177603086026907,0.6,0.4893805309734513,0.7605546171809614
pilot_holdout,full,0.5,0.03,0.03,9,hyperplane_old,0.30278968525464567,0.20141619517907572,0.33409137895389707,0.3724629258308275,0.607079646017699,0.48672566371681414,0.7710907926002354
pilot_holdout,full,0.5,0.03,0.03,10,plain,0.2325738636684525,0.21208686386230358,0.3630349390117842,0.34470204117850195,0.5663716814159292,0.4646017699115044,0.7450447444646858
pilot_holdout,full,0.5,0.03,0.03,10,documented,0.5393691969329377,0.17309361267633924,0.2728964234029357,0.39903122158245274,0.5716814159292035,0.4884955752212389,0.7502920231759583
pilot_holdout,full,0.5,0.03,0.03,10,aligned,0.5430917754489731,0.1707090054781843,0.26173247880917927,0.44455392545830735,0.6371681415929205,0.5292035398230089,0.7928048106292584
pilot_holdout,full,0.5,0.03,0.03,10,hyperplane_old,0.31373374438284296,0.2029925630896231,0.342567707256564,0.3866864156820209,0.5805309734513274,0.47433628318584065,0.7530724420824528
pilot_holdout,full,0.5,0.03,0.03,11,plain,0.2325738636684525,0.21208686386230358,0.3630349390117842,0.34470204117850195,0.5663716814159292,0.4646017699115044,0.7450447444646858
pilot_holdout,full,0.5,0.03,0.03,11,documented,0.5293851911020755,0.17267878895980918,0.2623526979532768,0.41726917442271844,0.5946902654867255,0.4929203539823009,0.7631549635316008
pilot_holdout,full,0.5,0.03,0.03,11,aligned,0.5275193428829741,0.17256129665283634,0.26524705395906556,0.43948270886346535,0.6389380530973452,0.5309734513274337,0.7953624471279727
pilot_holdout,full,0.5,0.03,0.03,11,hyperplane_old,0.35082818512910285,0.1961620373498319,0.31982633863965265,0.4092298749626371,0.6,0.4946902654867257,0.7678511245242066
pilot_holdout,full,0.5,0.03,0.03,12,plain,0.2325738636684525,0.21208686386230358,0.3630349390117842,0.34470204117850195,0.5663716814159292,0.4646017699115044,0.7450447444646858
pilot_holdout,full,0.5,0.03,0.03,12,documented,0.4554254074067176,0.18593201229034015,0.3022534628902212,0.3338965443200386,0.5522123893805311,0.46283185840707963,0.7313075718034192
pilot_holdout,full,0.5,0.03,0.03,12,aligned,0.43168006359183103,0.18948463385634548,0.3152780649162704,0.33739775591921883,0.5787610619469027,0.47256637168141585,0.7509194476508302
pilot_holdout,full,0.5,0.03,0.03,12,hyperplane_old,0.25592729815398263,0.20770643057765786,0.3545586107091172,0.3690371582983437,0.6017699115044248,0.4805309734513274,0.7616366708789998
pilot_holdout,full,0.5,0.03,0.03,13,plain,0.2325738636684525,0.21208686386230358,0.3630349390117842,0.34470204117850195,0.5663716814159292,0.4646017699115044,0.7450447444646858
pilot_holdout,full,0.5,0.03,0.03,13,documented,0.5154949812912447,0.1762840325016236,0.27558403969402523,0.4039214844048394,0.576991150442478,0.4725663716814159,0.7524578744712846
pilot_holdout,full,0.5,0.03,0.03,13,aligned,0.5203566853948779,0.17394429061092725,0.2778581765557164,0.4324606247117354,0.6106194690265486,0.5115044247787611,0.7781636992504793
pilot_holdout,full,0.5,0.03,0.03,13,hyperplane_old,0.3147697418948359,0.20136573119819726,0.33615877610088896,0.3793695249639279,0.6035398230088496,0.4787610619469026,0.7599978532707791
pilot_holdout,full,0.5,0.03,0.03,14,plain,0.2325738636684525,0.21208686386230358,0.3630349390117842,0.34470204117850195,0.5663716814159292,0.4646017699115044,0.7450447444646858
pilot_holdout,full,0.5,0.03,0.03,14,documented,0.5409152263111912,0.1760234884863256,0.2772379574116188,0.38593871870197854,0.5734513274336283,0.48672566371681414,0.7563018765236612
pilot_holdout,full,0.5,0.03,0.03,14,aligned,0.5440242196833897,0.17480548423337428,0.28033905313210666,0.38651561769681214,0.5946902654867257,0.5026548672566371,0.7744016799203981
pilot_holdout,full,0.5,0.03,0.03,14,hyperplane_old,0.3101191335711964,0.20230801362513798,0.3417407483977672,0.3699411494218856,0.5716814159292035,0.463716814159292,0.7490512049370371
pilot_holdout,full,0.5,0.03,0.03,15,plain,0.2325738636684525,0.21208686386230358,0.3630349390117842,0.34470204117850195,0.5663716814159292,0.4646017699115044,0.7450447444646858
pilot_holdout,full,0.5,0.03,0.03,15,documented,0.5157831210342518,0.1761138557514123,0.27248294397353734,0.37285752288406904,0.5451327433628318,0.4637168141592921,0.7330062605513474
pilot_holdout,full,0.5,0.03,0.03,15,aligned,0.49070738093926375,0.17898195634291403,0.28468058714078975,0.4002092704064372,0.5929203539823009,0.5008849557522125,0.7714177586417
pilot_holdout,full,0.5,0.03,0.03,15,hyperplane_old,0.2830751807586659,0.20528819134049836,0.34959685755633657,0.372610813346409,0.5628318584070797,0.4584070796460177,0.7441701103607843
pilot_holdout,full,0.5,0.03,0.03,16,plain,0.2325738636684525,0.21208686386230358,0.3630349390117842,0.34470204117850195,0.5663716814159292,0.4646017699115044,0.7450447444646858
pilot_holdout,full,0.5,0.03,0.03,16,documented,0.5089203358950435,0.17667105049599638,0.24540004134794294,0.39458457447192274,0.5787610619469027,0.488495575221239,0.7566733311720387
pilot_holdout,full,0.5,0.03,0.03,16,aligned,0.5401508613000553,0.16966148627248223,0.2435393839156502,0.4379327415496615,0.6336283185840708,0.5433628318584071,0.797426663362488
pilot_holdout,full,0.5,0.03,0.03,16,hyperplane_old,0.2804761540732909,0.20457593002611982,0.3419474881124664,0.372218109513081,0.5805309734513274,0.46991150442477875,0.753118521943365
pilot_holdout,full,0.5,0.03,0.03,17,plain,0.2325738636684525,0.21208686386230358,0.3630349390117842,0.34470204117850195,0.5663716814159292,0.4646017699115044,0.7450447444646858
pilot_holdout,full,0.5,0.03,0.03,17,documented,0.5393269564362825,0.1700141154685862,0.25180897250361794,0.39708379435795876,0.5911504424778761,0.49026548672566367,0.7655077873296174
pilot_holdout,full,0.5,0.03,0.03,17,aligned,0.5240818699237868,0.16955976600712844,0.2503617945007236,0.42984357651480953,0.6265486725663717,0.5238938053097345,0.7938885754511154
pilot_holdout,full,0.5,0.03,0.03,17,hyperplane_old,0.2901170972197784,0.20362881097715707,0.342567707256564,0.3808045801777719,0.584070796460177,0.4778761061946903,0.7616380769845144
pilot_holdout,full,0.5,0.03,0.03,18,plain,0.2325738636684525,0.21208686386230358,0.3630349390117842,0.34470204117850195,0.5663716814159292,0.4646017699115044,0.7450447444646858
pilot_holdout,full,0.5,0.03,0.03,18,documented,0.5447051438723859,0.16948547776876005,0.2499483150713252,0.42289423938511367,0.6176991150442479,0.5265486725663717,0.7847526073674299
pilot_holdout,full,0.5,0.03,0.03,18,aligned,0.5338384830716281,0.16809917221205875,0.25242919164771555,0.4552918897692238,0.6601769911504425,0.5504424778761062,0.8061180955315048
pilot_holdout,full,0.5,0.03,0.03,18,hyperplane_old,0.2921892069194348,0.20393950544349623,0.3386396526772793,0.3673359810332631,0.5734513274336284,0.46371681415929195,0.7509878361152801
pilot_holdout,full,0.5,0.03,0.03,19,plain,0.2325738636684525,0.21208686386230358,0.3630349390117842,0.34470204117850195,0.5663716814159292,0.4646017699115044,0.7450447444646858
pilot_holdout,full,0.5,0.03,0.03,19,documented,0.5330708991496395,0.17278808773432722,0.26731445110605745,0.3944875728616875,0.5982300884955751,0.5008849557522124,0.7695815839186368
pilot_holdout,full,0.5,0.03,0.03,19,aligned,0.5354005583086603,0.1711563399171154,0.26793467025015505,0.41352249069812513,0.6123893805309734,0.5123893805309735,0.7767490220101677
pilot_holdout,full,0.5,0.03,0.03,19,hyperplane_old,0.31240904697168537,0.20241551885195366,0.32871614637171803,0.35858972085013613,0.5911504424778762,0.4734513274336283,0.7507871014442788
pilot_holdout,full,0.5,0.03,0.03,20,plain,0.2325738636684525,0.21208686386230358,0.3630349390117842,0.34470204117850195,0.5663716814159292,0.4646017699115044,0.7450447444646858
pilot_holdout,full,0.5,0.03,0.03,20,documented,0.6055380537495193,0.16352351848589844,0.2360967541864792,0.4312832101534354,0.5787610619469027,0.5061946902654868,0.7645603764623151
pilot_holdout,full,0.5,0.03,0.03,20,aligned,0.5998351698638887,0.16308966930172178,0.23485631589828407,0.4394327639892116,0.6194690265486725,0.5212389380530973,0.7834505152253914
pilot_holdout,full,0.5,0.03,0.03,20,hyperplane_old,0.3252892605571085,0.20129237339709954,0.33243746123630347,0.3793829400479985,0.6,0.4867256637168141,0.7624139501086147
pilot_holdout,full,0.5,0.03,0.03,21,plain,0.2325738636684525,0.21208686386230358,0.3630349390117842,0.34470204117850195,0.5663716814159292,0.4646017699115044,0.7450447444646858
pilot_holdout,full,0.5,0.03,0.03,21,documented,0.5132261214610783,0.17540659015500967,0.2739301219764317,0.39754289983708907,0.5805309734513274,0.5,0.7555835118768729
pilot_holdout,full,0.5,0.03,0.03,21,aligned,0.4864677318644443,0.17762263812463303,0.276410998552822,0.4139121298701719,0.6247787610619469,0.5274336283185841,0.7838061540566603
pilot_holdout,full,0.5,0.03,0.03,21,hyperplane_old,0.2715587110351308,0.20718462751530412,0.3508372958445317,0.3537730542526657,0.5911504424778762,0.484070796460177,0.7612041876724458
pilot_holdout,full,0.5,0.03,0.03,22,plain,0.2325738636684525,0.21208686386230358,0.3630349390117842,0.34470204117850195,0.5663716814159292,0.4646017699115044,0.7450447444646858
pilot_holdout,full,0.5,0.03,0.03,22,documented,0.5265641262169074,0.17381405836520847,0.26173247880917927,0.38849428976137484,0.5876106194690266,0.4902654867256638,0.7574836616350477
pilot_holdout,full,0.5,0.03,0.03,22,aligned,0.5050902738636429,0.1778669710119734,0.2772379574116188,0.41091132508590245,0.6336283185840708,0.5238938053097345,0.7901401874439483
pilot_holdout,full,0.5,0.03,0.03,22,hyperplane_old,0.34791995602707276,0.19671570503758043,0.31775894149266076,0.37959266059333924,0.5858407079646017,0.4902654867256637,0.7578067293814899
pilot_holdout,full,0.5,0.03,0.03,23,plain,0.2325738636684525,0.21208686386230358,0.3630349390117842,0.34470204117850195,0.5663716814159292,0.4646017699115044,0.7450447444646858
pilot_holdout,full,0.5,0.03,0.03,23,documented,0.5320260322489135,0.17319746876598552,0.2619392185238784,0.4319456302983914,0.5929203539823009,0.504424778761062,0.7707004038814659
pilot_holdout,full,0.5,0.03,0.03,23,aligned,0.5451508294190801,0.16987379847913503,0.26359313624147196,0.4651605716121912,0.6353982300884955,0.5424778761061946,0.806722039802713
pilot_holdout,full,0.5,0.03,0.03,23,hyperplane_old,0.2865129017814231,0.20510352829150225,0.3485631589828406,0.3760499533317011,0.5964601769911505,0.4681415929203539,0.753788814127559
pilot_holdout,full,0.5,0.03,0.03,24,plain,0.2325738636684525,0.21208686386230358,0.3630349390117842,0.34470204117850195,0.5663716814159292,0.4646017699115044,0.7450447444646858
pilot_holdout,full,0.5,0.03,0.03,24,documented,0.5255212027390216,0.1740568459953696,0.2741368616911309,0.4220422851654108,0.607079646017699,0.5088495575221239,0.77298947384344
pilot_holdout,full,0.5,0.03,0.03,24,aligned,0.475090710703946,0.17983451393533625,0.29129625801116393,0.4628461847073633,0.6442477876106195,0.5469026548672566,0.8096221826041475
pilot_holdout,full,0.5,0.03,0.03,24,hyperplane_old,0.3160795857184695,0.20221457656204364,0.3394666115360761,0.37898477775468614,0.6123893805309735,0.4805309734513274,0.7672049622028111
pilot_holdout,full,0.5,0.03,0.03,25,plain,0.2325738636684525,0.21208686386230358,0.3630349390117842,0.34470204117850195,0.5663716814159292,0.4646017699115044,0.7450447444646858
pilot_holdout,full,0.5,0.03,0.03,25,documented,0.5155787975808691,0.17282040205397997,0.2588381228033905,0.4298584236036158,0.5982300884955751,0.5061946902654867,0.7767851657011507
pilot_holdout,full,0.5,0.03,0.03,25,aligned,0.4876060444167145,0.17460133385695656,0.2629729170973744,0.45628349096066045,0.6442477876106194,0.5292035398230089,0.8030095506351735
pilot_holdout,full,0.5,0.03,0.03,25,hyperplane_old,0.30574777164934364,0.20116071498084423,0.3262352697953277,0.3895071121980618,0.5858407079646017,0.4823008849557523,0.7562363320773595
pilot_holdout,full,0.5,0.03,0.03,26,plain,0.2325738636684525,0.21208686386230358,0.3630349390117842,0.34470204117850195,0.5663716814159292,0.4646017699115044,0.7450447444646858
pilot_holdout,full,0.5,0.03,0.03,26,documented,0.5222822348156866,0.1756519556341446,0.2660740128178623,0.378153656689203,0.5646017699115043,0.479646017699115,0.7496615560861233
pilot_holdout,full,0.5,0.03,0.03,26,aligned,0.5475902994826571,0.16980652457026674,0.2588381228033905,0.43665218624327634,0.6035398230088496,0.5194690265486726,0.7853430819066591
pilot_holdout,full,0.5,0.03,0.03,26,hyperplane_old,0.32344485256910904,0.2006606039185355,0.33305768038040107,0.3743279494443734,0.5946902654867258,0.48584070796460177,0.7644561260828311
pilot_holdout,full,0.5,0.03,0.03,27,plain,0.2325738636684525,0.21208686386230358,0.3630349390117842,0.34470204117850195,0.5663716814159292,0.4646017699115044,0.7450447444646858
pilot_holdout,full,0.5,0.03,0.03,27,documented,0.46401583690706866,0.18145350850514488,0.28778168286127764,0.37965351473386666,0.6053097345132744,0.5061946902654867,0.7686672641148523
pilot_holdout,full,0.5,0.03,0.03,27,aligned,0.4633160598509395,0.1820434208109715,0.295637792019847,0.42749427370035786,0.6265486725663717,0.5221238938053098,0.7851836430695872
pilot_holdout,full,0.5,0.03,0.03,27,hyperplane_old,0.3066696456637806,0.2026132186292428,0.3390531321066777,0.38360423317895964,0.5964601769911505,0.48672566371681414,0.7669095827484272
pilot_holdout,full,0.5,0.03,0.03,28,plain,0.2325738636684525,0.21208686386230358,0.3630349390117842,0.34470204117850195,0.5663716814159292,0.4646017699115044,0.7450447444646858
pilot_holdout,full,0.5,0.03,0.03,28,documented,0.5263541408834019,0.17409364625870072,0.27103576597064294,0.3881535710600191,0.5893805309734512,0.5017699115044247,0.7597134444413957
pilot_holdout,full,0.5,0.03,0.03,28,aligned,0.5261768870805585,0.17350469006895036,0.2733099028323341,0.41692158806769297,0.6300884955752213,0.5309734513274337,0.7908978665787613
pilot_holdout,full,0.5,0.03,0.03,28,hyperplane_old,0.3347446338333908,0.19886190408507076,0.32871614637171803,0.374088251853377,0.5893805309734514,0.4814159292035398,0.762798721505942
pilot_holdout,full,0.5,0.03,0.03,29,plain,0.2325738636684525,0.21208686386230358,0.3630349390117842,0.34470204117850195,0.5663716814159292,0.4646017699115044,0.7450447444646858
pilot_holdout,full,0.5,0.03,0.03,29,documented,0.5705083333348752,0.16459030084147688,0.24498656191854457,0.42027479362117537,0.5911504424778762,0.5150442477876106,0.7718605917511626
pilot_holdout,full,0.5,0.03,0.03,29,aligned,0.5332984926306559,0.16845869292009152,0.24767417820963408,0.4236554039391506,0.6230088495575222,0.5265486725663717,0.7834594403528696
pilot_holdout,full,0.5,0.03,0.03,29,hyperplane_old,0.29931856935826506,0.20329886416053514,0.33760595410378336,0.37374787151193645,0.5893805309734514,0.48584070796460177,0.7632302223793762
pilot_holdout,full,0.5,0.03,0.03,30,plain,0.2325738636684525,0.21208686386230358,0.3630349390117842,0.34470204117850195,0.5663716814159292,0.4646017699115044,0.7450447444646858
pilot_holdout,full,0.5,0.03,0.03,30,documented,0.4933521516643836,0.17725728949415281,0.26876162910895185,0.4075086044595406,0.5982300884955751,0.4938053097345133,0.7651283125300715
pilot_holdout,full,0.5,0.03,0.03,30,aligned,0.48989229278916196,0.1769305470520586,0.2656605333884639,0.4268543646642199,0.6176991150442479,0.5168141592920354,0.7859798738310877
pilot_holdout,full,0.5,0.03,0.03,30,hyperplane_old,0.28699783783778426,0.20537631760107927,0.3462890221211495,0.3646885065427161,0.5734513274336283,0.47610619469026544,0.7541280160222689
pilot_holdout,full,0.5,0.03,0.03,31,plain,0.2325738636684525,0.21208686386230358,0.3630349390117842,0.34470204117850195,0.5663716814159292,0.4646017699115044,0.7450447444646858
pilot_holdout,full,0.5,0.03,0.03,31,documented,0.5174342326147673,0.17547170542809332,0.2797188339880091,0.3686564228597358,0.5964601769911505,0.5008849557522124,0.7698491930445376
pilot_holdout,full,0.5,0.03,0.03,31,aligned,0.493421587852603,0.17826425540119178,0.2865412445730825,0.40187314036647653,0.6141592920353983,0.5212389380530973,0.7901012220028167
pilot_holdout,full,0.5,0.03,0.03,31,hyperplane_old,0.31238167734633915,0.20070599690189145,0.33305768038040107,0.37463433431602206,0.5929203539823009,0.4929203539823009,0.7633835455260933
pilot_holdout,full,0.5,0.03,0.03,32,plain,0.2325738636684525,0.21208686386230358,0.3630349390117842,0.34470204117850195,0.5663716814159292,0.4646017699115044,0.7450447444646858
pilot_holdout,full,0.5,0.03,0.03,32,documented,0.5491915845222868,0.17127110210581542,0.2739301219764317,0.4395224055841913,0.6247787610619469,0.5265486725663717,0.7827521614457944
pilot_holdout,full,0.5,0.03,0.03,32,aligned,0.513563748633668,0.17357116067168335,0.26772793053545585,0.46630372976953527,0.6407079646017699,0.5469026548672566,0.8035922912740348
pilot_holdout,full,0.5,0.03,0.03,32,hyperplane_old,0.3227208936012718,0.20111963147773618,0.3386396526772793,0.3794550215346789,0.6106194690265486,0.48938053097345124,0.7636684188724022
pilot_holdout,full,0.5,0.03,0.03,33,plain,0.2325738636684525,0.21208686386230358,0.3630349390117842,0.34470204117850195,0.5663716814159292,0.4646017699115044,0.7450447444646858
pilot_holdout,full,0.5,0.03,0.03,33,documented,0.5076890499449664,0.17677381918657903,0.27206946454413894,0.37465326398880655,0.5893805309734512,0.48407079646017703,0.7545147109936235
pilot_holdout,full,0.5,0.03,0.03,33,aligned,0.47577296691086535,0.17939737309463757,0.2790986148439115,0.40274619450822385,0.6,0.4946902654867257,0.7673697119135503
pilot_holdout,full,0.5,0.03,0.03,33,hyperplane_old,0.30614068805840683,0.20278496208284313,0.3316105023775067,0.36285390493548225,0.5858407079646017,0.47610619469026555,0.7587476681478387
pilot_holdout,full,0.5,0.03,0.03,34,plain,0.2325738636684525,0.21208686386230358,0.3630349390117842,0.34470204117850195,0.5663716814159292,0.4646017699115044,0.7450447444646858
pilot_holdout,full,0.5,0.03,0.03,34,documented,0.5214250236248053,0.17453284374650266,0.26483357452966716,0.3883217463625324,0.5787610619469027,0.48938053097345136,0.7616382933063401
pilot_holdout,full,0.5,0.03,0.03,34,aligned,0.5276401242149199,0.17386108830836175,0.26131899937978087,0.40562207174333414,0.6212389380530974,0.5106194690265486,0.7780488572144258
pilot_holdout,full,0.5,0.03,0.03,34,hyperplane_old,0.2724512032783114,0.2068039297151272,0.3555923092826132,0.3867092347949558,0.5716814159292035,0.4725663716814159,0.7514463125811173
pilot_holdout,full,0.5,0.03,0.03,35,plain,0.2325738636684525,0.21208686386230358,0.3630349390117842,0.34470204117850195,0.5663716814159292,0.4646017699115044,0.7450447444646858
pilot_holdout,full,0.5,0.03,0.03,35,documented,0.46055148664844403,0.17926252519906524,0.27455034112052923,0.41820058852115766,0.615929203539823,0.5035398230088496,0.7824632924436987
pilot_holdout,full,0.5,0.03,0.03,35,aligned,0.4584415218854388,0.17933137601727173,0.27558403969402523,0.4330904461617767,0.6353982300884957,0.515929203539823,0.7980859482282661
pilot_holdout,full,0.5,0.03,0.03,35,hyperplane_old,0.30542902184731,0.20335813321462287,0.3396733512507753,0.36431607554248385,0.5911504424778761,0.48761061946902656,0.7627966748086331
pilot_holdout,full,0.5,0.03,0.03,36,plain,0.2325738636684525,0.21208686386230358,0.3630349390117842,0.34470204117850195,0.5663716814159292,0.4646017699115044,0.7450447444646858
pilot_holdout,full,0.5,0.03,0.03,36,documented,0.45080121145434354,0.18301346793586348,0.27455034112052923,0.3741081674579084,0.5415929203539823,0.4663716814159292,0.7368040376029144
pilot_holdout,full,0.5,0.03,0.03,36,aligned,0.4535975891678317,0.1829750369442348,0.28364688856729375,0.4158797569566146,0.6070796460176991,0.5097345132743363,0.7722994787422097
pilot_holdout,full,0.5,0.03,0.03,36,hyperplane_old,0.2885586808854035,0.203350624345444,0.3390531321066777,0.3709045520856054,0.5699115044247788,0.45663716814159294,0.7358165745869778
pilot_holdout,full,0.5,0.03,0.03,37,plain,0.2325738636684525,0.21208686386230358,0.3630349390117842,0.34470204117850195,0.5663716814159292,0.4646017699115044,0.7450447444646858
pilot_holdout,full,0.5,0.03,0.03,37,documented,0.5066912680974649,0.1706063419847273,0.23237543932189372,0.41613651351052705,0.5893805309734514,0.4938053097345132,0.7641222134341232
pilot_holdout,full,0.5,0.03,0.03,37,aligned,0.4928973505429932,0.17081863120278434,0.23547653504238164,0.45286948292104007,0.6247787610619469,0.5150442477876106,0.7927651685836647
pilot_holdout,full,0.5,0.03,0.03,37,hyperplane_old,0.3136415273554863,0.20036900943428337,0.33264420095100267,0.37961522985026425,0.5964601769911505,0.47433628318584065,0.7577150630156895
pilot_holdout,full,0.5,0.03,0.03,38,plain,0.2325738636684525,0.21208686386230358,0.3630349390117842,0.34470204117850195,0.5663716814159292,0.4646017699115044,0.7450447444646858
pilot_holdout,full,0.5,0.03,0.03,38,documented,0.5119641661077048,0.17481748484862175,0.26834814967955345,0.41988889446096794,0.5823008849557523,0.4991150442477876,0.7565993258836615
pilot_holdout,full,0.5,0.03,0.03,38,aligned,0.48800418838081083,0.17549842559674056,0.27992557370270826,0.4531681020708855,0.6230088495575222,0.5380530973451327,0.7837477819348191
pilot_holdout,full,0.5,0.03,0.03,38,hyperplane_old,0.3062093575807943,0.20312552542845208,0.3388463923919785,0.36579813274001616,0.6017699115044248,0.48407079646017703,0.7618032661311283
pilot_holdout,full,0.5,0.03,0.03,39,plain,0.2325738636684525,0.21208686386230358,0.3630349390117842,0.34470204117850195,0.5663716814159292,0.4646017699115044,0.7450447444646858
pilot_holdout,full,0.5,0.03,0.03,39,documented,0.5876091711284079,0.1663168890107458,0.24726069878023568,0.3975293927509722,0.5769911504424777,0.49203539823008846,0.7542309556993133
pilot_holdout,full,0.5,0.03,0.03,39,aligned,0.5976227644615965,0.1638677917640737,0.2530494107918131,0.4140403263958896,0.615929203539823,0.5185840707964601,0.7756828359223321
pilot_holdout,full,0.5,0.03,0.03,39,hyperplane_old,0.3009956225692425,0.20362873355953395,0.342567707256564,0.37399529183501007,0.5876106194690266,0.47345132743362833,0.7519364067337062
pilot_holdout,full,0.5,0.03,0.03,40,plain,0.2325738636684525,0.21208686386230358,0.3630349390117842,0.34470204117850195,0.5663716814159292,0.4646017699115044,0.7450447444646858
pilot_holdout,full,0.5,0.03,0.03,40,documented,0.5175260856720542,0.1710834794374057,0.24808765763903246,0.422464123890909,0.576991150442478,0.4831858407079646,0.7545980254566702
pilot_holdout,full,0.5,0.03,0.03,40,aligned,0.5211308868153716,0.16890907027261418,0.24540004134794294,0.45595843457149815,0.6265486725663718,0.5238938053097345,0.7970649441891575
pilot_holdout,full,0.5,0.03,0.03,40,hyperplane_old,0.31312546835012167,0.20244008155882334,0.3355385569567914,0.3649553402013886,0.5982300884955754,0.48761061946902656,0.7594743862593955
pilot_holdout,full,0.5,0.03,0.03,41,plain,0.2325738636684525,0.21208686386230358,0.3630349390117842,0.34470204117850195,0.5663716814159292,0.4646017699115044,0.7450447444646858
pilot_holdout,full,0.5,0.03,0.03,41,documented,0.5234323126717599,0.1758250355465587,0.2739301219764317,0.37740914383326807,0.5823008849557523,0.4946902654867257,0.7533910391384151
pilot_holdout,full,0.5,0.03,0.03,41,aligned,0.5288290261494246,0.1729734111314688,0.26896836882365105,0.40363087993095403,0.6053097345132744,0.5079646017699115,0.7734622036954323
pilot_holdout,full,0.5,0.03,0.03,41,hyperplane_old,0.27992209025938775,0.2064179853896918,0.35290469299152366,0.3651632723945648,0.6,0.4699115044247787,0.7581583404146364
pilot_holdout,full,0.5,0.03,0.03,42,plain,0.2325738636684525,0.21208686386230358,0.3630349390117842,0.34470204117850195,0.5663716814159292,0.4646017699115044,0.7450447444646858
pilot_holdout,full,0.5,0.03,0.03,42,documented,0.5209642103113401,0.17410057328277062,0.2782716559851147,0.4071639257445648,0.6053097345132744,0.5070796460176992,0.7740472276419574
pilot_holdout,full,0.5,0.03,0.03,42,aligned,0.5023321113283389,0.17286197542460477,0.26855488939425265,0.4469505801972641,0.6460176991150443,0.552212389380531,0.8095793629466187
pilot_holdout,full,0.5,0.03,0.03,42,hyperplane_old,0.3044788219117448,0.2039682595195347,0.3483564192681414,0.3781953874381366,0.6123893805309735,0.48495575221238935,0.7676372942199748
pilot_holdout,full,0.5,0.03,0.03,43,plain,0.2325738636684525,0.21208686386230358,0.3630349390117842,0.34470204117850195,0.5663716814159292,0.4646017699115044,0.7450447444646858
pilot_holdout,full,0.5,0.03,0.03,43,documented,0.5179989284079466,0.17435241991037165,0.25511680793880503,0.3888937356922493,0.5734513274336284,0.48407079646017703,0.7497547690000254
pilot_holdout,full,0.5,0.03,0.03,43,aligned,0.45437481142958663,0.18185425024107227,0.28736820343187924,0.43765518857784874,0.615929203539823,0.5168141592920353,0.7801426116123953
pilot_holdout,full,0.5,0.03,0.03,43,hyperplane_old,0.3090668329043488,0.20207508836884883,0.3293363655158156,0.384549598030068,0.584070796460177,0.47433628318584065,0.7529473119116793
pilot_holdout,full,0.5,0.03,0.03,44,plain,0.2325738636684525,0.21208686386230358,0.3630349390117842,0.34470204117850195,0.5663716814159292,0.4646017699115044,0.7450447444646858
pilot_holdout,full,0.5,0.03,0.03,44,documented,0.5711445539385487,0.1662700101915063,0.2340293570394873,0.40265242807100626,0.5946902654867257,0.5123893805309735,0.7677136178799417
pilot_holdout,full,0.5,0.03,0.03,44,aligned,0.5571847783936758,0.16494328996465793,0.23258217903659292,0.4498588363460023,0.6460176991150443,0.5398230088495575,0.7950148102563624
pilot_holdout,full,0.5,0.03,0.03,44,hyperplane_old,0.30310528867616815,0.20356091966134707,0.3417407483977672,0.37229387504956607,0.5911504424778762,0.48053097345132745,0.7649662535801927
pilot_holdout,full,0.5,0.03,0.03,45,plain,0.2325738636684525,0.21208686386230358,0.3630349390117842,0.34470204117850195,0.5663716814159292,0.4646017699115044,0.7450447444646858
pilot_holdout,full,0.5,0.03,0.03,45,documented,0.48988508853668256,0.17763610159871915,0.28509406657018815,0.4018418482441231,0.5663716814159292,0.4973451327433628,0.7545999354861832
pilot_holdout,full,0.5,0.03,0.03,45,aligned,0.48515576139493616,0.17563897975928067,0.27124250568534214,0.45200886105093235,0.6442477876106194,0.5380530973451327,0.7967368768273932
pilot_holdout,full,0.5,0.03,0.03,45,hyperplane_old,0.29601433136682626,0.20326030490413954,0.33719247467438496,0.37754229587442045,0.5610619469026549,0.46283185840707963,0.7500708022472031
pilot_holdout,full,0.5,0.03,0.03,46,plain,0.2325738636684525,0.21208686386230358,0.3630349390117842,0.34470204117850195,0.5663716814159292,0.4646017699115044,0.7450447444646858
pilot_holdout,full,0.5,0.03,0.03,46,documented,0.5083467192413146,0.1770060746391364,0.27558403969402523,0.38886243555223865,0.6053097345132744,0.4876106194690265,0.7744451880242325
pilot_holdout,full,0.5,0.03,0.03,46,aligned,0.4907375017548037,0.1772403464979931,0.28054579284680586,0.42312173137783116,0.6353982300884957,0.5203539823008849,0.7963671297949844
pilot_holdout,full,0.5,0.03,0.03,46,hyperplane_old,0.29234105491879414,0.20488714578485434,0.3485631589828406,0.3699910432500194,0.6035398230088497,0.4805309734513274,0.7664714952006877
pilot_holdout,full,0.5,0.03,0.03,47,plain,0.2325738636684525,0.21208686386230358,0.3630349390117842,0.34470204117850195,0.5663716814159292,0.4646017699115044,0.7450447444646858
pilot_holdout,full,0.5,0.03,0.03,47,documented,0.49265845585830126,0.17695588816204072,0.27620425883812283,0.39668548537859943,0.6053097345132743,0.49380530973451325,0.7666259598120737
pilot_holdout,full,0.5,0.03,0.03,47,aligned,0.4522558616365464,0.1833557194019235,0.295637792019847,0.42136161986363085,0.6300884955752212,0.5070796460176991,0.7786670007408898
pilot_holdout,full,0.5,0.03,0.03,47,hyperplane_old,0.31028308622165535,0.2027057115870404,0.342567707256564,0.37938893996465395,0.6053097345132744,0.484070796460177,0.7647233939117153
pilot_holdout,full,0.5,0.03,0.03,48,plain,0.2325738636684525,0.21208686386230358,0.3630349390117842,0.34470204117850195,0.5663716814159292,0.4646017699115044,0.7450447444646858
pilot_holdout,full,0.5,0.03,0.03,48,documented,0.500982893705968,0.18012027434070735,0.28757494314657844,0.36959028937049504,0.5805309734513274,0.48141592920353976,0.7444459183603632
pilot_holdout,full,0.5,0.03,0.03,48,aligned,0.4821071742867596,0.18307941295860466,0.3070084763283027,0.40601998296442077,0.6088495575221239,0.5150442477876106,0.7746997644779697
pilot_holdout,full,0.5,0.03,0.03,48,hyperplane_old,0.30050679516314366,0.2041414901165504,0.34008683068017365,0.375625671324328,0.5876106194690266,0.47964601769911497,0.7571869032222064
pilot_holdout,full,0.5,0.03,0.03,49,plain,0.2325738636684525,0.21208686386230358,0.3630349390117842,0.34470204117850195,0.5663716814159292,0.4646017699115044,0.7450447444646858
pilot_holdout,full,0.5,0.03,0.03,49,documented,0.5212275452715329,0.1732216718083518,0.2737233822617325,0.412715744655536,0.608849557522124,0.5238938053097345,0.7741783693506591
pilot_holdout,full,0.5,0.03,0.03,49,aligned,0.494518824182246,0.1772598207034792,0.2857142857142857,0.43325891526224974,0.6407079646017698,0.5238938053097345,0.7870091267459716
pilot_holdout,full,0.5,0.03,0.03,49,hyperplane_old,0.328336457095712,0.20119044802965966,0.3349183378126938,0.3863761112771938,0.5805309734513275,0.48053097345132745,0.7562040767956566
pilot_holdout,full,0.75,0.03,0.03,0,plain,0.2325738636684525,0.21208686386230358,0.3630349390117842,0.34470204117850195,0.5663716814159292,0.4646017699115044,0.7450447444646858
pilot_holdout,full,0.75,0.03,0.03,0,documented,0.23988994621473883,0.21099492611603157,0.37027082902625597,0.34579570981799074,0.5823008849557523,0.48761061946902656,0.7438654932096699
pilot_holdout,full,0.75,0.03,0.03,0,aligned,0.2361674654977625,0.21189010649210432,0.3708910481703535,0.3708554632932818,0.5876106194690265,0.5008849557522124,0.7583837548914094
pilot_holdout,full,0.75,0.03,0.03,0,hyperplane_old,0.23565301588448456,0.2122901174658792,0.362828199297085,0.3556504922886869,0.5716814159292036,0.46991150442477875,0.7505888114884746
pilot_holdout,full,0.75,0.03,0.03,1,plain,0.2325738636684525,0.21208686386230358,0.3630349390117842,0.34470204117850195,0.5663716814159292,0.4646017699115044,0.7450447444646858
pilot_holdout,full,0.75,0.03,0.03,1,documented,0.29386897564535946,0.205952643905815,0.3520777341327269,0.3329455544570294,0.5345132743362833,0.4486725663716814,0.7280540973970883
pilot_holdout,full,0.75,0.03,0.03,1,aligned,0.30285014230917856,0.20755599786392037,0.36138102129419064,0.3408198445828001,0.5876106194690266,0.48672566371681414,0.7552936564325932
pilot_holdout,full,0.75,0.03,0.03,1,hyperplane_old,0.2682686405147283,0.20751220602311385,0.3485631589828406,0.3487271022892617,0.5805309734513274,0.46548672566371674,0.7447125755256809
pilot_holdout,full,0.75,0.03,0.03,2,plain,0.2325738636684525,0.21208686386230358,0.3630349390117842,0.34470204117850195,0.5663716814159292,0.4646017699115044,0.7450447444646858
pilot_holdout,full,0.75,0.03,0.03,2,documented,0.3927552605821175,0.19348409837285682,0.3123837089104817,0.3427303205904177,0.5858407079646017,0.48584070796460177,0.7564106105846775
pilot_holdout,full,0.75,0.03,0.03,2,aligned,0.3757428852269988,0.1951245529415548,0.323340913789539,0.3746630838410226,0.576991150442478,0.4929203539823009,0.7560985795815295
pilot_holdout,full,0.75,0.03,0.03,2,hyperplane_old,0.2719140116363712,0.20827285823597055,0.35290469299152366,0.3479922543050422,0.5716814159292035,0.4805309734513274,0.7554698750863719
pilot_holdout,full,0.75,0.03,0.03,3,plain,0.2325738636684525,0.21208686386230358,0.3630349390117842,0.34470204117850195,0.5663716814159292,0.4646017699115044,0.7450447444646858
pilot_holdout,full,0.75,0.03,0.03,3,documented,0.28366602798262563,0.20521513427809512,0.35042381641513337,0.3252531204687291,0.5610619469026549,0.4690265486725664,0.7297477353189821
pilot_holdout,full,0.75,0.03,0.03,3,aligned,0.2508907226935258,0.21002486929366773,0.3665495141616705,0.3486823766158213,0.5911504424778761,0.4911504424778761,0.7514038880666252
pilot_holdout,full,0.75,0.03,0.03,3,hyperplane_old,0.263306948584736,0.20908684868101932,0.3586934050031011,0.34670460698361816,0.5893805309734512,0.4778761061946903,0.7501088374630419
pilot_holdout,full,0.75,0.03,0.03,4,plain,0.2325738636684525,0.21208686386230358,0.3630349390117842,0.34470204117850195,0.5663716814159292,0.4646017699115044,0.7450447444646858
pilot_holdout,full,0.75,0.03,0.03,4,documented,0.34633782862068846,0.1969453992796421,0.3260285300806285,0.37842998624272867,0.5681415929203539,0.47168141592920354,0.7521261386076692
pilot_holdout,full,0.75,0.03,0.03,4,aligned,0.32702328772199535,0.19898801690716203,0.3295431052305148,0.40056597932594484,0.5911504424778761,0.49292035398230083,0.7675298957017715
pilot_holdout,full,0.75,0.03,0.03,4,hyperplane_old,0.24026143509176281,0.21043431509054203,0.3578664461443043,0.3561303073534238,0.5646017699115043,0.46283185840707963,0.7518090401546046
pilot_holdout,full,0.75,0.03,0.03,5,plain,0.2325738636684525,0.21208686386230358,0.3630349390117842,0.34470204117850195,0.5663716814159292,0.4646017699115044,0.7450447444646858
pilot_holdout,full,0.75,0.03,0.03,5,documented,0.2838628236578147,0.20466217721306582,0.3506305561298325,0.367320616192195,0.5823008849557522,0.4823008849557522,0.7563167306146552
pilot_holdout,full,0.75,0.03,0.03,5,aligned,0.26176636949164117,0.20867163281944895,0.36096754186479224,0.38609131819975645,0.6053097345132744,0.48672566371681414,0.7691416831990362
pilot_holdout,full,0.75,0.03,0.03,5,hyperplane_old,0.271461769224991,0.2075518456692926,0.35249121356212526,0.3641499276588099,0.5823008849557523,0.4690265486725664,0.7560883381925996
pilot_holdout,full,0.75,0.03,0.03,6,plain,0.2325738636684525,0.21208686386230358,0.3630349390117842,0.34470204117850195,0.5663716814159292,0.4646017699115044,0.7450447444646858
pilot_holdout,full,0.75,0.03,0.03,6,documented,0.2842110643854985,0.20321721960261957,0.34008683068017365,0.3482189432311936,0.5575221238938053,0.4557522123893805,0.7401730929002291
pilot_holdout,full,0.75,0.03,0.03,6,aligned,0.2678549108570205,0.20663261870360566,0.3557990489973124,0.3490609025637836,0.5575221238938053,0.463716814159292,0.7432913364669927
pilot_holdout,full,0.75,0.03,0.03,6,hyperplane_old,0.25811356464066065,0.20834743995826718,0.35331817242092206,0.3572556821718953,0.5699115044247788,0.46814159292035395,0.748868184912396
pilot_holdout,full,0.75,0.03,0.03,7,plain,0.2325738636684525,0.21208686386230358,0.3630349390117842,0.34470204117850195,0.5663716814159292,0.4646017699115044,0.7450447444646858
pilot_holdout,full,0.75,0.03,0.03,7,documented,0.27829459233473863,0.20721975194391204,0.35972710357659704,0.3198936415833613,0.552212389380531,0.46106194690265495,0.7272583382992296
pilot_holdout,full,0.75,0.03,0.03,7,aligned,0.26224386819726886,0.2093478019443719,0.3620012404382882,0.34411812803573755,0.5805309734513274,0.46283185840707963,0.7376865784316231
pilot_holdout,full,0.75,0.03,0.03,7,hyperplane_old,0.25458120037956966,0.20893016231275163,0.3547653504238164,0.34810625286737606,0.568141592920354,0.4672566371681416,0.749500347569395
pilot_holdout,full,0.75,0.03,0.03,8,plain,0.2325738636684525,0.21208686386230358,0.3630349390117842,0.34470204117850195,0.5663716814159292,0.4646017699115044,0.7450447444646858
pilot_holdout,full,0.75,0.03,0.03,8,documented,0.339086988309204,0.19897941419275134,0.33367789952449867,0.33944844290175236,0.5362831858407079,0.4566371681415929,0.7324129268946857
pilot_holdout,full,0.75,0.03,0.03,8,aligned,0.30813775246458724,0.20184263465624527,0.341534008683068,0.35611446182630896,0.584070796460177,0.4690265486725664,0.7495350044571819
pilot_holdout,full,0.75,0.03,0.03,8,hyperplane_old,0.2663689332101324,0.2085564124437862,0.3510440355592309,0.356346053141217,0.5681415929203539,0.4725663716814159,0.7477186212969827
pilot_holdout,full,0.75,0.03,0.03,9,plain,0.2325738636684525,0.21208686386230358,0.3630349390117842,0.34470204117850195,0.5663716814159292,0.4646017699115044,0.7450447444646858
pilot_holdout,full,0.75,0.03,0.03,9,documented,0.31921345476636365,0.20131111270120447,0.3421542278271656,0.3414813331261114,0.5716814159292036,0.46991150442477875,0.7380643985615809
pilot_holdout,full,0.75,0.03,0.03,9,aligned,0.26910543457488306,0.207518711999492,0.35972710357659704,0.38434894082134813,0.5646017699115045,0.4884955752212389,0.7575420975828915
pilot_holdout,full,0.75,0.03,0.03,9,hyperplane_old,0.2580312210983288,0.20960200830772566,0.3584866652884019,0.3517757722164386,0.5858407079646017,0.4743362831858407,0.7543126588192479
pilot_holdout,full,0.75,0.03,0.03,10,plain,0.2325738636684525,0.21208686386230358,0.3630349390117842,0.34470204117850195,0.5663716814159292,0.4646017699115044,0.7450447444646858
pilot_holdout,full,0.75,0.03,0.03,10,documented,0.3388686624680761,0.20017175329207668,0.3299565846599132,0.32165613815274513,0.5539823008849557,0.463716814159292,0.7340224579606699
pilot_holdout,full,0.75,0.03,0.03,10,aligned,0.335415136852733,0.20061383336239827,0.3318172420922059,0.346486213203137,0.5663716814159292,0.4610619469026549,0.7462768536647424
pilot_holdout,full,0.75,0.03,0.03,10,hyperplane_old,0.263240652103577,0.20730161842874228,0.34876989869753977,0.36344311397491075,0.5734513274336283,0.4646017699115044,0.7483852655120038
pilot_holdout,full,0.75,0.03,0.03,11,plain,0.2325738636684525,0.21208686386230358,0.3630349390117842,0.34470204117850195,0.5663716814159292,0.4646017699115044,0.7450447444646858
pilot_holdout,full,0.75,0.03,0.03,11,documented,0.30545191521162335,0.2033817415373344,0.35600578871201155,0.34705541839306076,0.5415929203539824,0.46902654867256643,0.7418790321616789
pilot_holdout,full,0.75,0.03,0.03,11,aligned,0.31524120915773246,0.20280658429503107,0.35703948728550755,0.353189250547847,0.5646017699115045,0.47876106194690266,0.7494448286401381
pilot_holdout,full,0.75,0.03,0.03,11,hyperplane_old,0.26109349225562284,0.20900681777290803,0.35414513127971886,0.3533752008867891,0.5699115044247788,0.4707964601769911,0.7473628252998984
pilot_holdout,full,0.75,0.03,0.03,12,plain,0.2325738636684525,0.21208686386230358,0.3630349390117842,0.34470204117850195,0.5663716814159292,0.4646017699115044,0.7450447444646858
pilot_holdout,full,0.75,0.03,0.03,12,documented,0.3647975073781252,0.1957167991413198,0.3299565846599132,0.3461927385481434,0.5539823008849558,0.45486725663716815,0.726165266271751
pilot_holdout,full,0.75,0.03,0.03,12,aligned,0.28632217470683696,0.20545816709012013,0.35290469299152366,0.3395115521393424,0.5858407079646017,0.45663716814159294,0.745133439411905
pilot_holdout,full,0.75,0.03,0.03,12,hyperplane_old,0.251418772529286,0.20963464951042599,0.35683274757080835,0.361517025395437,0.5805309734513274,0.4663716814159292,0.7467367328755764
pilot_holdout,full,0.75,0.03,0.03,13,plain,0.2325738636684525,0.21208686386230358,0.3630349390117842,0.34470204117850195,0.5663716814159292,0.4646017699115044,0.7450447444646858
pilot_holdout,full,0.75,0.03,0.03,13,documented,0.31558192597737517,0.20362485558007182,0.35393839156501966,0.3475470547445096,0.5557522123893806,0.47168141592920354,0.7382748463408965
pilot_holdout,full,0.75,0.03,0.03,13,aligned,0.2838590235218572,0.20759383177930266,0.36138102129419064,0.34810096196228335,0.5787610619469027,0.488495575221239,0.7496942740011989
pilot_holdout,full,0.75,0.03,0.03,13,hyperplane_old,0.23952038020408176,0.21154490465693174,0.36324167872648333,0.3419200698674256,0.5734513274336283,0.46017699115044247,0.7396271442559871
pilot_holdout,full,0.75,0.03,0.03,14,plain,0.2325738636684525,0.21208686386230358,0.3630349390117842,0.34470204117850195,0.5663716814159292,0.4646017699115044,0.7450447444646858
pilot_holdout,full,0.75,0.03,0.03,14,documented,0.280176767032082,0.2042871549007897,0.35414513127971886,0.33894827545278394,0.5274336283185841,0.4424778761061946,0.7224213441217177
pilot_holdout,full,0.75,0.03,0.03,14,aligned,0.24898010547722427,0.2089990808277037,0.3626214595823858,0.3374907475712801,0.5539823008849558,0.4504424778761062,0.7302005228890764
pilot_holdout,full,0.75,0.03,0.03,14,hyperplane_old,0.2518151492254946,0.20980794393818297,0.3622079801529874,0.3509710906939497,0.5787610619469027,0.4690265486725664,0.7487552846143285
pilot_holdout,full,0.75,0.03,0.03,15,plain,0.2325738636684525,0.21208686386230358,0.3630349390117842,0.34470204117850195,0.5663716814159292,0.4646017699115044,0.7450447444646858
pilot_holdout,full,0.75,0.03,0.03,15,documented,0.337434409233768,0.2006424548273607,0.3473227206946454,0.3451245645215976,0.5274336283185841,0.45221238938053093,0.7207339266991103
pilot_holdout,full,0.75,0.03,0.03,15,aligned,0.3311232139941883,0.2023521267660493,0.35352491213562126,0.3543811778747791,0.5504424778761062,0.4619469026548672,0.7388330933636439
pilot_holdout,full,0.75,0.03,0.03,15,hyperplane_old,0.2589256467808697,0.20857594813065022,0.3551788298532148,0.3493738362650057,0.5628318584070796,0.46991150442477875,0.7469599319644324
pilot_holdout,full,0.75,0.03,0.03,16,plain,0.2325738636684525,0.21208686386230358,0.3630349390117842,0.34470204117850195,0.5663716814159292,0.4646017699115044,0.7450447444646858
pilot_holdout,full,0.75,0.03,0.03,16,documented,0.3155628200197391,0.2019185366253369,0.3458755426917511,0.37464234891532683,0.5823008849557522,0.4849557522123894,0.7549260305249845
pilot_holdout,full,0.75,0.03,0.03,16,aligned,0.3069595311926906,0.20335404018854558,0.3464957618358487,0.3831391652015691,0.6017699115044248,0.488495575221239,0.769159562026246
pilot_holdout,full,0.75,0.03,0.03,16,hyperplane_old,0.23036727968201218,0.21186912413119716,0.36427537729997933,0.353031783730384,0.5699115044247788,0.4725663716814159,0.749859596915126
pilot_holdout,full,0.75,0.03,0.03,17,plain,0.2325738636684525,0.21208686386230358,0.3630349390117842,0.34470204117850195,0.5663716814159292,0.4646017699115044,0.7450447444646858
pilot_holdout,full,0.75,0.03,0.03,17,documented,0.33320597944776237,0.2000413767913184,0.34008683068017365,0.35207978460612294,0.576991150442478,0.4814159292035398,0.7536728932978677
pilot_holdout,full,0.75,0.03,0.03,17,aligned,0.3056835263086216,0.20291047074903892,0.341534008683068,0.3583294672175209,0.5964601769911505,0.48672566371681425,0.7678559596547784
pilot_holdout,full,0.75,0.03,0.03,17,hyperplane_old,0.243068755671041,0.21170438397045827,0.3655158155881745,0.3479265828006368,0.5805309734513274,0.47168141592920343,0.7515825664839421
pilot_holdout,full,0.75,0.03,0.03,18,plain,0.2325738636684525,0.21208686386230358,0.3630349390117842,0.34470204117850195,0.5663716814159292,0.4646017699115044,0.7450447444646858
pilot_holdout,full,0.75,0.03,0.03,18,documented,0.35437739262342083,0.19746881241504216,0.32148025635724625,0.33279555551486023,0.5557522123893806,0.4663716814159292,0.7263822258474865
pilot_holdout,full,0.75,0.03,0.03,18,aligned,0.35850416559479753,0.19588929046877027,0.32003307835435185,0.3517835049236075,0.568141592920354,0.47345132743362833,0.7416238799355902
pilot_holdout,full,0.75,0.03,0.03,18,hyperplane_old,0.2595161520733499,0.20881469738092295,0.3578664461443043,0.34907111614529557,0.5734513274336283,0.4716814159292036,0.7536278936144688
pilot_holdout,full,0.75,0.03,0.03,19,plain,0.2325738636684525,0.21208686386230358,0.3630349390117842,0.34470204117850195,0.5663716814159292,0.4646017699115044,0.7450447444646858
pilot_holdout,full,0.75,0.03,0.03,19,documented,0.3353495163337654,0.19889891156057954,0.33657225553028736,0.3553673868118238,0.5486725663716814,0.4672566371681416,0.7404989789600144
pilot_holdout,full,0.75,0.03,0.03,19,aligned,0.3284302679057812,0.2001853865361359,0.3388463923919785,0.36615383860378925,0.5575221238938053,0.47345132743362833,0.7416506115380984
pilot_holdout,full,0.75,0.03,0.03,19,hyperplane_old,0.2347984661561597,0.2112977866283313,0.3657225553028737,0.3507132974205475,0.5752212389380531,0.46548672566371674,0.7465786624877531
pilot_holdout,full,0.75,0.03,0.03,20,plain,0.2325738636684525,0.21208686386230358,0.3630349390117842,0.34470204117850195,0.5663716814159292,0.4646017699115044,0.7450447444646858
pilot_holdout,full,0.75,0.03,0.03,20,documented,0.3022500009722026,0.20201307480317385,0.33677899524498656,0.3332117701220847,0.5858407079646017,0.4823008849557522,0.7488581642874054
pilot_holdout,full,0.75,0.03,0.03,20,aligned,0.2989165160344796,0.20367814319852703,0.3471159809799462,0.3581747036702646,0.607079646017699,0.4823008849557522,0.7594516923562848
pilot_holdout,full,0.75,0.03,0.03,20,hyperplane_old,0.2592363763024448,0.20891173363079946,0.35765970642960515,0.35559119901012315,0.5823008849557522,0.4646017699115044,0.7481875140533681
pilot_holdout,full,0.75,0.03,0.03,21,plain,0.2325738636684525,0.21208686386230358,0.3630349390117842,0.34470204117850195,0.5663716814159292,0.4646017699115044,0.7450447444646858
pilot_holdout,full,0.75,0.03,0.03,21,documented,0.3246251625804034,0.1995808365577369,0.3429811866859624,0.35985008212049097,0.5752212389380531,0.4752212389380532,0.7485848474319009
pilot_holdout,full,0.75,0.03,0.03,21,aligned,0.32256971786258415,0.20008652034512547,0.3454620632623527,0.376530444888699,0.607079646017699,0.5008849557522124,0.7752903070229983
pilot_holdout,full,0.75,0.03,0.03,21,hyperplane_old,0.2652150248017093,0.20761121777959227,0.3545586107091172,0.367063005662495,0.5805309734513274,0.4743362831858407,0.7573111599062783
pilot_holdout,full,0.75,0.03,0.03,22,plain,0.2325738636684525,0.21208686386230358,0.3630349390117842,0.34470204117850195,0.5663716814159292,0.4646017699115044,0.7450447444646858
pilot_holdout,full,0.75,0.03,0.03,22,documented,0.3073269259881235,0.20405423179890542,0.35311143270622286,0.34171616308739594,0.5327433628318584,0.46814159292035395,0.7350338582643363
pilot_holdout,full,0.75,0.03,0.03,22,aligned,0.2813151312456064,0.20735890027262815,0.36386189787058093,0.35493636935977846,0.5575221238938053,0.479646017699115,0.7443502615426898
pilot_holdout,full,0.75,0.03,0.03,22,hyperplane_old,0.24082265613060183,0.21112772524834073,0.35972710357659704,0.34889939330227776,0.568141592920354,0.46017699115044247,0.742968212867609
pilot_holdout,full,0.75,0.03,0.03,23,plain,0.2325738636684525,0.21208686386230358,0.3630349390117842,0.34470204117850195,0.5663716814159292,0.4646017699115044,0.7450447444646858
pilot_holdout,full,0.75,0.03,0.03,23,documented,0.28306109215729697,0.2053158762033669,0.36448211701467853,0.323661118451162,0.5504424778761062,0.46371681415929195,0.733888321901107
pilot_holdout,full,0.75,0.03,0.03,23,aligned,0.23699130416590286,0.21146768382356027,0.3868100062021914,0.3535653576505867,0.5769911504424777,0.4725663716814159,0.7469446908816653
pilot_holdout,full,0.75,0.03,0.03,23,hyperplane_old,0.2365625726455997,0.21119857080478532,0.36076080215009304,0.3496715441394291,0.5752212389380531,0.468141592920354,0.7458072626491551
pilot_holdout,full,0.75,0.03,0.03,24,plain,0.2325738636684525,0.21208686386230358,0.3630349390117842,0.34470204117850195,0.5663716814159292,0.4646017699115044,0.7450447444646858
pilot_holdout,full,0.75,0.03,0.03,24,documented,0.24010191965735028,0.20968356998328577,0.3669629935910688,0.3473205539282198,0.5557522123893806,0.47079646017699117,0.744132724137177
pilot_holdout,full,0.75,0.03,0.03,24,aligned,0.21796793349360263,0.21229209281248784,0.3715112673144511,0.3589245910675902,0.5876106194690266,0.4823008849557522,0.7570543568566659
pilot_holdout,full,0.75,0.03,0.03,24,hyperplane_old,0.23257076219699466,0.21166194105825117,0.36344841844118253,0.340886509603745,0.5575221238938053,0.46017699115044247,0.7440481099892119
pilot_holdout,full,0.75,0.03,0.03,25,plain,0.2325738636684525,0.21208686386230358,0.3630349390117842,0.34470204117850195,0.5663716814159292,0.4646017699115044,0.7450447444646858
pilot_holdout,full,0.75,0.03,0.03,25,documented,0.29210501607798955,0.2045290081569879,0.3452553235476535,0.32353666036630024,0.5380530973451327,0.4530973451327434,0.7374754909586266
pilot_holdout,full,0.75,0.03,0.03,25,aligned,0.2785408528853716,0.20587201303627964,0.3429811866859624,0.3265450312725525,0.5681415929203539,0.46017699115044247,0.7449368573509083
pilot_holdout,full,0.75,0.03,0.03,25,hyperplane_old,0.2688815801394561,0.20813499271324645,0.35290469299152366,0.34883005400118733,0.5876106194690266,0.4707964601769911,0.7549224053226435
pilot_holdout,full,0.75,0.03,0.03,26,plain,0.2325738636684525,0.21208686386230358,0.3630349390117842,0.34470204117850195,0.5663716814159292,0.4646017699115044,0.7450447444646858
pilot_holdout,full,0.75,0.03,0.03,26,documented,0.31737863028197877,0.202021042600301,0.3473227206946454,0.3525531064730647,0.5610619469026549,0.4699115044247787,0.7412187642311324
pilot_holdout,full,0.75,0.03,0.03,26,aligned,0.2993735135515673,0.20375449012155872,0.35745296671490595,0.36953888656595274,0.5893805309734512,0.48407079646017703,0.7534671122384808
pilot_holdout,full,0.75,0.03,0.03,26,hyperplane_old,0.2562352265945587,0.20930475743254823,0.3582799255737027,0.3487834920022348,0.576991150442478,0.46106194690265484,0.7494359549303111
pilot_holdout,full,0.75,0.03,0.03,27,plain,0.2325738636684525,0.21208686386230358,0.3630349390117842,0.34470204117850195,0.5663716814159292,0.4646017699115044,0.7450447444646858
pilot_holdout,full,0.75,0.03,0.03,27,documented,0.2872966756288329,0.20330445937040842,0.3384329129625801,0.3489799339334314,0.576991150442478,0.46725663716814164,0.7334169967519913
pilot_holdout,full,0.75,0.03,0.03,27,aligned,0.2818234542356491,0.20479722704547926,0.347942939838743,0.38099508611446736,0.5964601769911505,0.4831858407079646,0.7532726009897793
pilot_holdout,full,0.75,0.03,0.03,27,hyperplane_old,0.25220472969394797,0.20834149210944164,0.355385569567914,0.3618301204904314,0.5787610619469027,0.4690265486725664,0.7494312926461474
pilot_holdout,full,0.75,0.03,0.03,28,plain,0.2325738636684525,0.21208686386230358,0.3630349390117842,0.34470204117850195,0.5663716814159292,0.4646017699115044,0.7450447444646858
pilot_holdout,full,0.75,0.03,0.03,28,documented,0.3526072645294457,0.1983286116696701,0.33367789952449867,0.3429276268301032,0.5327433628318584,0.43805309734513276,0.7200982321659556
pilot_holdout,full,0.75,0.03,0.03,28,aligned,0.3203474973551439,0.2024670988948127,0.34401488525945834,0.35308581080544305,0.5415929203539823,0.452212389380531,0.7397998185169996
pilot_holdout,full,0.75,0.03,0.03,28,hyperplane_old,0.25014636185763595,0.2099216546942366,0.35724622700020675,0.36020708214537017,0.584070796460177,0.4672566371681416,0.7501866061612871
pilot_holdout,full,0.75,0.03,0.03,29,plain,0.2325738636684525,0.21208686386230358,0.3630349390117842,0.34470204117850195,0.5663716814159292,0.4646017699115044,0.7450447444646858
pilot_holdout,full,0.75,0.03,0.03,29,documented,0.325024025352508,0.19924615464918266,0.33305768038040107,0.34669654818297857,0.5628318584070796,0.47168141592920354,0.7404682063054959
pilot_holdout,full,0.75,0.03,0.03,29,aligned,0.2956805765911506,0.202085842324439,0.342567707256564,0.3665735380582865,0.5752212389380531,0.4893805309734513,0.7649097334597715
pilot_holdout,full,0.75,0.03,0.03,29,hyperplane_old,0.23519603304173536,0.21140654892186586,0.36386189787058093,0.3423415384956062,0.5734513274336284,0.46106194690265484,0.744632297750831
pilot_holdout,full,0.75,0.03,0.03,30,plain,0.2325738636684525,0.21208686386230358,0.3630349390117842,0.34470204117850195,0.5663716814159292,0.4646017699115044,0.7450447444646858
pilot_holdout,full,0.75,0.03,0.03,30,documented,0.2982946453255546,0.20511317860736042,0.3663427744469713,0.3403784162705789,0.5557522123893806,0.46814159292035395,0.7405809260863413
pilot_holdout,full,0.75,0.03,0.03,30,aligned,0.25597953428686604,0.21123782303692495,0.3847426090551995,0.34471657050696763,0.584070796460177,0.4672566371681416,0.7512783656801802
pilot_holdout,full,0.75,0.03,0.03,30,hyperplane_old,0.2233480679383608,0.21300364454675708,0.37254496588794705,0.35350071647652076,0.5752212389380531,0.4690265486725664,0.7498210961471217
pilot_holdout,full,0.75,0.03,0.03,31,plain,0.2325738636684525,0.21208686386230358,0.3630349390117842,0.34470204117850195,0.5663716814159292,0.4646017699115044,0.7450447444646858
pilot_holdout,full,0.75,0.03,0.03,31,documented,0.28367382773534094,0.20592288302684658,0.34939011784163737,0.32462055852265154,0.5415929203539823,0.4548672566371681,0.7286108077205126
pilot_holdout,full,0.75,0.03,0.03,31,aligned,0.2623523802113527,0.2098347097932872,0.35972710357659704,0.341737128067057,0.5575221238938053,0.46814159292035395,0.7476127270780245
pilot_holdout,full,0.75,0.03,0.03,31,hyperplane_old,0.23064036510099584,0.21097457612946427,0.3584866652884019,0.3467940326522975,0.5716814159292036,0.46814159292035395,0.748375005226967
pilot_holdout,full,0.75,0.03,0.03,32,plain,0.2325738636684525,0.21208686386230358,0.3630349390117842,0.34470204117850195,0.5663716814159292,0.4646017699115044,0.7450447444646858
pilot_holdout,full,0.75,0.03,0.03,32,documented,0.29734892992888506,0.20360480783974796,0.3514575149886293,0.35089408069583033,0.5433628318584071,0.46991150442477875,0.7509163409768165
pilot_holdout,full,0.75,0.03,0.03,32,aligned,0.2597882078205921,0.20758712604876794,0.35641926814140995,0.3563684268325725,0.5681415929203542,0.4884955752212389,0.7525178395321865
pilot_holdout,full,0.75,0.03,0.03,32,hyperplane_old,0.248947426428394,0.21008368030132674,0.35662600785610915,0.3463954313264437,0.5699115044247787,0.4690265486725664,0.7443988266689204
pilot_holdout,full,0.75,0.03,0.03,33,plain,0.2325738636684525,0.21208686386230358,0.3630349390117842,0.34470204117850195,0.5663716814159292,0.4646017699115044,0.7450447444646858
pilot_holdout,full,0.75,0.03,0.03,33,documented,0.28233209556587996,0.20506400498045585,0.35249121356212526,0.338305472469028,0.5575221238938054,0.4628318584070797,0.7359477623594988
pilot_holdout,full,0.75,0.03,0.03,33,aligned,0.23069761453991758,0.21180662020087881,0.37233822617324785,0.36037626593395133,0.5911504424778761,0.48053097345132745,0.7623215572221158
pilot_holdout,full,0.75,0.03,0.03,33,hyperplane_old,0.2178132290224513,0.21273722664107866,0.36427537729997933,0.3532359570031404,0.5663716814159292,0.4690265486725663,0.7518593052054634
pilot_holdout,full,0.75,0.03,0.03,34,plain,0.2325738636684525,0.21208686386230358,0.3630349390117842,0.34470204117850195,0.5663716814159292,0.4646017699115044,0.7450447444646858
pilot_holdout,full,0.75,0.03,0.03,34,documented,0.290291931704744,0.2050509021338611,0.3630349390117842,0.35484009737131683,0.5380530973451327,0.4628318584070797,0.7312102968302991
pilot_holdout,full,0.75,0.03,0.03,34,aligned,0.27164299586844065,0.20667498356132738,0.3557990489973124,0.3623964541375298,0.5911504424778762,0.4769911504424779,0.7579208024731587
pilot_holdout,full,0.75,0.03,0.03,34,hyperplane_old,0.2209886527093091,0.21250807778873798,0.36448211701467853,0.345228920352588,0.5663716814159292,0.4610619469026549,0.7457183738833096
pilot_holdout,full,0.75,0.03,0.03,35,plain,0.2325738636684525,0.21208686386230358,0.3630349390117842,0.34470204117850195,0.5663716814159292,0.4646017699115044,0.7450447444646858
pilot_holdout,full,0.75,0.03,0.03,35,documented,0.3825348432662439,0.19589664073334498,0.32809592722762043,0.32873924972417623,0.5327433628318584,0.4654867256637169,0.7243786886891989
pilot_holdout,full,0.75,0.03,0.03,35,aligned,0.3428556338861024,0.20107845127491247,0.3431879264006616,0.34946250504201637,0.5451327433628319,0.46814159292035395,0.7367139584336274
pilot_holdout,full,0.75,0.03,0.03,35,hyperplane_old,0.2650276173758921,0.20797056516895493,0.3471159809799462,0.35134996933365636,0.5646017699115043,0.46106194690265484,0.738425854811112
pilot_holdout,full,0.75,0.03,0.03,36,plain,0.2325738636684525,0.21208686386230358,0.3630349390117842,0.34470204117850195,0.5663716814159292,0.4646017699115044,0.7450447444646858
pilot_holdout,full,0.75,0.03,0.03,36,documented,0.34963843056926397,0.19976572289303737,0.3518709944180277,0.35284814058880193,0.5628318584070796,0.47610619469026544,0.7418874646574628
pilot_holdout,full,0.75,0.03,0.03,36,aligned,0.32114346812411787,0.20293159780683628,0.3624147198676866,0.38221460935751506,0.5946902654867257,0.4991150442477876,0.7624206189654291
pilot_holdout,full,0.75,0.03,0.03,36,hyperplane_old,0.24516272550783533,0.2111803514527227,0.3630349390117842,0.35866396803600364,0.5805309734513274,0.47345132743362833,0.7526290725150601
pilot_holdout,full,0.75,0.03,0.03,37,plain,0.2325738636684525,0.21208686386230358,0.3630349390117842,0.34470204117850195,0.5663716814159292,0.4646017699115044,0.7450447444646858
pilot_holdout,full,0.75,0.03,0.03,37,documented,0.29756050899597003,0.20434688149454502,0.35269795327682446,0.3187659851169356,0.5628318584070796,0.46017699115044247,0.7531411619598168
pilot_holdout,full,0.75,0.03,0.03,37,aligned,0.28965302386900793,0.20695349236083987,0.35972710357659704,0.33239405303524705,0.5805309734513274,0.4690265486725664,0.76246271556579
pilot_holdout,full,0.75,0.03,0.03,37,hyperplane_old,0.23944288632701918,0.21062678080067662,0.36034732272069464,0.34558415938735115,0.5663716814159292,0.4548672566371681,0.7460905118915859
pilot_holdout,full,0.75,0.03,0.03,38,plain,0.2325738636684525,0.21208686386230358,0.3630349390117842,0.34470204117850195,0.5663716814159292,0.4646017699115044,0.7450447444646858
pilot_holdout,full,0.75,0.03,0.03,38,documented,0.3468667484572178,0.1983967711355928,0.33367789952449867,0.35049744750207606,0.5699115044247788,0.4849557522123894,0.7527571741966713
pilot_holdout,full,0.75,0.03,0.03,38,aligned,0.35164452178774064,0.19808404112033928,0.33243746123630347,0.36569800518882917,0.5946902654867257,0.484070796460177,0.7642362685878905
pilot_holdout,full,0.75,0.03,0.03,38,hyperplane_old,0.2487688560605645,0.2105299465249351,0.35993384329129624,0.357474504564328,0.5893805309734512,0.47168141592920354,0.7543565966564372
pilot_holdout,full,0.75,0.03,0.03,39,plain,0.2325738636684525,0.21208686386230358,0.3630349390117842,0.34470204117850195,0.5663716814159292,0.4646017699115044,0.7450447444646858
pilot_holdout,full,0.75,0.03,0.03,39,documented,0.27192681559160853,0.20528842964919675,0.3522844738474261,0.35946865018391444,0.5716814159292036,0.46991150442477875,0.746905428690316
pilot_holdout,full,0.75,0.03,0.03,39,aligned,0.2507660474262205,0.20961775637891647,0.3657225553028737,0.383118579145568,0.5982300884955751,0.47079646017699117,0.7611614961889532
pilot_holdout,full,0.75,0.03,0.03,39,hyperplane_old,0.26063672032045815,0.20820867702779033,0.35249121356212526,0.37389644212794715,0.5699115044247788,0.47345132743362833,0.7482278875135279
pilot_holdout,full,0.75,0.03,0.03,40,plain,0.2325738636684525,0.21208686386230358,0.3630349390117842,0.34470204117850195,0.5663716814159292,0.4646017699115044,0.7450447444646858
pilot_holdout,full,0.75,0.03,0.03,40,documented,0.3211031544205004,0.19934521337740266,0.33243746123630347,0.324401893706632,0.5451327433628319,0.44955752212389377,0.7278103110012266
pilot_holdout,full,0.75,0.03,0.03,40,aligned,0.2778215339991649,0.20445130692612057,0.34360140583005994,0.3359222249427352,0.5504424778761062,0.46017699115044247,0.7414410874211413
pilot_holdout,full,0.75,0.03,0.03,40,hyperplane_old,0.2524721812076072,0.20896763180090464,0.3551788298532148,0.3552237070554961,0.5805309734513274,0.4628318584070797,0.7513474453072803
pilot_holdout,full,0.75,0.03,0.03,41,plain,0.2325738636684525,0.21208686386230358,0.3630349390117842,0.34470204117850195,0.5663716814159292,0.4646017699115044,0.7450447444646858
pilot_holdout,full,0.75,0.03,0.03,41,documented,0.2667370493033562,0.20821614429609347,0.3706843084556543,0.34164955191661134,0.5451327433628319,0.4663716814159292,0.7347487836692126
pilot_holdout,full,0.75,0.03,0.03,41,aligned,0.23030383776921662,0.21274785913576555,0.38060781476121563,0.37512796840182727,0.5876106194690266,0.4734513274336283,0.7501545268884015
pilot_holdout,full,0.75,0.03,0.03,41,hyperplane_old,0.25549552919308455,0.21013854102915877,0.3593136241471987,0.3516069368132478,0.576991150442478,0.4778761061946903,0.7559723905621442
pilot_holdout,full,0.75,0.03,0.03,42,plain,0.2325738636684525,0.21208686386230358,0.3630349390117842,0.34470204117850195,0.5663716814159292,0.4646017699115044,0.7450447444646858
pilot_holdout,full,0.75,0.03,0.03,42,documented,0.28805737969746503,0.20574624455347262,0.3582799255737027,0.3369751783666578,0.568141592920354,0.46548672566371674,0.74211326268336
pilot_holdout,full,0.75,0.03,0.03,42,aligned,0.25510019545004536,0.21013395608116808,0.3721314864585487,0.35810257781262644,0.5752212389380531,0.4769911504424778,0.7558779334667618
pilot_holdout,full,0.75,0.03,0.03,42,hyperplane_old,0.24250166227931969,0.21051059343246672,0.36365515815588173,0.350320599657169,0.584070796460177,0.4637168141592921,0.7524384943387575
pilot_holdout,full,0.75,0.03,0.03,43,plain,0.2325738636684525,0.21208686386230358,0.3630349390117842,0.34470204117850195,0.5663716814159292,0.4646017699115044,0.7450447444646858
pilot_holdout,full,0.75,0.03,0.03,43,documented,0.30625258213916956,0.20208474237817692,0.3429811866859624,0.34514562765552304,0.5433628318584071,0.45221238938053104,0.7237880660052995
pilot_holdout,full,0.75,0.03,0.03,43,aligned,0.28034720408552055,0.20507519311701572,0.35001033698573497,0.3646612807508034,0.5610619469026548,0.46814159292035395,0.7384029686525356
pilot_holdout,full,0.75,0.03,0.03,43,hyperplane_old,0.26224098456358563,0.20794111592261982,0.35373165185032046,0.3537949724900916,0.5823008849557522,0.4752212389380531,0.7554934178933822
pilot_holdout,full,0.75,0.03,0.03,44,plain,0.2325738636684525,0.21208686386230358,0.3630349390117842,0.34470204117850195,0.5663716814159292,0.4646017699115044,0.7450447444646858
pilot_holdout,full,0.75,0.03,0.03,44,documented,0.3551107049459976,0.195231897238667,0.32375439321893734,0.354896145607745,0.5911504424778761,0.49292035398230083,0.758386944280262
pilot_holdout,full,0.75,0.03,0.03,44,aligned,0.3268506019307672,0.1995562338720292,0.3342981186685962,0.3659910699185528,0.5893805309734512,0.4858407079646017,0.7554523871343987
pilot_holdout,full,0.75,0.03,0.03,44,hyperplane_old,0.2324968490127163,0.21089123857824085,0.3591068844324995,0.351975518641231,0.5716814159292035,0.45752212389380525,0.7469578241437145
pilot_holdout,full,0.75,0.03,0.03,45,plain,0.2325738636684525,0.21208686386230358,0.3630349390117842,0.34470204117850195,0.5663716814159292,0.4646017699115044,0.7450447444646858
pilot_holdout,full,0.75,0.03,0.03,45,documented,0.31477441915707816,0.1999297166594162,0.33367789952449867,0.3463192678713341,0.5380530973451327,0.46548672566371674,0.7187554547816217
pilot_holdout,full,0.75,0.03,0.03,45,aligned,0.3008908071569091,0.20102308490126525,0.3349183378126938,0.3694545119846034,0.5681415929203539,0.4672566371681416,0.7338495685743729
pilot_holdout,full,0.75,0.03,0.03,45,hyperplane_old,0.2596782144715953,0.20938303827889315,0.3582799255737027,0.34912540015606347,0.5787610619469027,0.47079646017699117,0.7522834181153369
pilot_holdout,full,0.75,0.03,0.03,46,plain,0.2325738636684525,0.21208686386230358,0.3630349390117842,0.34470204117850195,0.5663716814159292,0.4646017699115044,0.7450447444646858
pilot_holdout,full,0.75,0.03,0.03,46,documented,0.32905947906286076,0.20033525046794226,0.34897663841223897,0.3591147325733912,0.576991150442478,0.463716814159292,0.747363145962677
pilot_holdout,full,0.75,0.03,0.03,46,aligned,0.3121281296340941,0.20321077571297633,0.3549720901385156,0.36589475418422185,0.5752212389380531,0.4707964601769911,0.751074233329907
pilot_holdout,full,0.75,0.03,0.03,46,hyperplane_old,0.24122738385034215,0.21065974451022704,0.3622079801529874,0.34896269927900314,0.568141592920354,0.45752212389380525,0.7428158848568819
pilot_holdout,full,0.75,0.03,0.03,47,plain,0.2325738636684525,0.21208686386230358,0.3630349390117842,0.34470204117850195,0.5663716814159292,0.4646017699115044,0.7450447444646858
pilot_holdout,full,0.75,0.03,0.03,47,documented,0.28448910759793533,0.20312912044422993,0.33615877610088896,0.3362897429183606,0.5557522123893806,0.45132743362831856,0.724896723094011
pilot_holdout,full,0.75,0.03,0.03,47,aligned,0.2533738459165548,0.20680151950515552,0.3458755426917511,0.3608055054588852,0.5893805309734512,0.4814159292035398,0.7533717909054023
pilot_holdout,full,0.75,0.03,0.03,47,hyperplane_old,0.23873322859362084,0.20995313809031363,0.3595203638618979,0.33798226302924816,0.5699115044247788,0.45752212389380525,0.7407823689465473
pilot_holdout,full,0.75,0.03,0.03,48,plain,0.2325738636684525,0.21208686386230358,0.3630349390117842,0.34470204117850195,0.5663716814159292,0.4646017699115044,0.7450447444646858
pilot_holdout,full,0.75,0.03,0.03,48,documented,0.2827329719730865,0.2042581674752686,0.3520777341327269,0.31148121466620754,0.5557522123893806,0.46991150442477875,0.7359843541780484
pilot_holdout,full,0.75,0.03,0.03,48,aligned,0.24196007840218614,0.20935754557977856,0.35765970642960515,0.31656048035093537,0.5752212389380531,0.47610619469026544,0.7490495472397041
pilot_holdout,full,0.75,0.03,0.03,48,hyperplane_old,0.24076021936537167,0.20930259435277465,0.3555923092826132,0.35369082750423075,0.5646017699115046,0.4601769911504425,0.7427878880032684
pilot_holdout,full,0.75,0.03,0.03,49,plain,0.2325738636684525,0.21208686386230358,0.3630349390117842,0.34470204117850195,0.5663716814159292,0.4646017699115044,0.7450447444646858
pilot_holdout,full,0.75,0.03,0.03,49,documented,0.31918885299784344,0.20293226004417844,0.35311143270622286,0.33209235625965794,0.5238938053097345,0.4646017699115044,0.7335999250346985
pilot_holdout,full,0.75,0.03,0.03,49,aligned,0.30775775965153557,0.20376242745561263,0.3510440355592309,0.3518392682183244,0.5628318584070796,0.47522123893805307,0.7519596678516756
pilot_holdout,full,0.75,0.03,0.03,49,hyperplane_old,0.24099574651583966,0.21091084105182578,0.3630349390117842,0.3529258132569195,0.5557522123893806,0.4646017699115044,0.7462952724444496
pilot_holdout,full,1.0,0.03,0.03,0,plain,0.2325738636684525,0.21208686386230358,0.3630349390117842,0.34470204117850195,0.5663716814159292,0.4646017699115044,0.7450447444646858
pilot_holdout,full,1.0,0.03,0.03,0,documented,0.1881238305165901,0.21687224886677484,0.3706843084556543,0.3197713458240533,0.5539823008849558,0.4539823008849558,0.7359190327100644
pilot_holdout,full,1.0,0.03,0.03,0,aligned,0.18025603089475659,0.2177883656621993,0.37750671904072775,0.3222627983911064,0.5469026548672566,0.45221238938053093,0.7306096150493485
pilot_holdout,full,1.0,0.03,0.03,0,hyperplane_old,0.2325738636684525,0.21208686386230358,0.3630349390117842,0.34470204117850195,0.5663716814159292,0.4646017699115044,0.7450447444646858
pilot_holdout,full,1.0,0.03,0.03,1,plain,0.2325738636684525,0.21208686386230358,0.3630349390117842,0.34470204117850195,0.5663716814159292,0.4646017699115044,0.7450447444646858
pilot_holdout,full,1.0,0.03,0.03,1,documented,0.1422358579154522,0.2227359815142331,0.39632003307835434,0.34415058205412624,0.5451327433628319,0.4566371681415929,0.7420482572457552
pilot_holdout,full,1.0,0.03,0.03,1,aligned,0.15457440662729843,0.2213966625038248,0.39342567707256565,0.3427318556213666,0.5592920353982301,0.4592920353982301,0.7431409637664106
pilot_holdout,full,1.0,0.03,0.03,1,hyperplane_old,0.2325738636684525,0.21208686386230358,0.3630349390117842,0.34470204117850195,0.5663716814159292,0.4646017699115044,0.7450447444646858
pilot_holdout,full,1.0,0.03,0.03,2,plain,0.2325738636684525,0.21208686386230358,0.3630349390117842,0.34470204117850195,0.5663716814159292,0.4646017699115044,0.7450447444646858
pilot_holdout,full,1.0,0.03,0.03,2,documented,0.14930428970783188,0.21987067714442712,0.38577630762869547,0.33654182960980644,0.5699115044247788,0.4663716814159292,0.7429994790809684
pilot_holdout,full,1.0,0.03,0.03,2,aligned,0.16066721423193092,0.21901809036879719,0.3832954310523051,0.3386456323131557,0.5663716814159292,0.46637168141592916,0.7440034541738646
pilot_holdout,full,1.0,0.03,0.03,2,hyperplane_old,0.2291928443590345,0.21232391994689692,0.36324167872648333,0.34339782461237633,0.5646017699115043,0.463716814159292,0.7418311861536228
pilot_holdout,full,1.0,0.03,0.03,3,plain,0.2325738636684525,0.21208686386230358,0.3630349390117842,0.34470204117850195,0.5663716814159292,0.4646017699115044,0.7450447444646858
pilot_holdout,full,1.0,0.03,0.03,3,documented,0.1609306734233689,0.2191987507612182,0.38019433533181723,0.3133899985776197,0.5734513274336283,0.452212389380531,0.7362087726732707
pilot_holdout,full,1.0,0.03,0.03,3,aligned,0.18350305654308907,0.21730336830216945,0.374612363034939,0.3295326131285634,0.5734513274336283,0.4628318584070797,0.740057911219458
pilot_holdout,full,1.0,0.03,0.03,3,hyperplane_old,0.22986333718187524,0.21250955458568427,0.3653090758734753,0.34114626572960094,0.5663716814159292,0.46283185840707963,0.7435339954174343
pilot_holdout,full,1.0,0.03,0.03,4,plain,0.2325738636684525,0.21208686386230358,0.3630349390117842,0.34470204117850195,0.5663716814159292,0.4646017699115044,0.7450447444646858
pilot_holdout,full,1.0,0.03,0.03,4,documented,0.17278461327392944,0.2179016077563944,0.37998759561711803,0.3171342802480361,0.5486725663716815,0.4424778761061947,0.7254970435551186
pilot_holdout,full,1.0,0.03,0.03,4,aligned,0.18518343629578488,0.21705142377745698,0.38040107504651643,0.32663691762070307,0.5486725663716814,0.4486725663716814,0.7299610181189726
pilot_holdout,full,1.0,0.03,0.03,4,hyperplane_old,0.2325738636684525,0.21208686386230358,0.3630349390117842,0.34470204117850195,0.5663716814159292,0.4646017699115044,0.7450447444646858
pilot_holdout,full,1.0,0.03,0.03,5,plain,0.2325738636684525,0.21208686386230358,0.3630349390117842,0.34470204117850195,0.5663716814159292,0.4646017699115044,0.7450447444646858
pilot_holdout,full,1.0,0.03,0.03,5,documented,0.17899085760494055,0.21877037838370786,0.383088691337606,0.3305221518423005,0.55929203539823,0.45486725663716815,0.7421132551347699
pilot_holdout,full,1.0,0.03,0.03,5,aligned,0.1877454130464023,0.21769083249071314,0.38060781476121563,0.33238220762355647,0.5610619469026548,0.46283185840707963,0.7441870390523735
pilot_holdout,full,1.0,0.03,0.03,5,hyperplane_old,0.2325738636684525,0.21208686386230358,0.3630349390117842,0.34470204117850195,0.5663716814159292,0.4646017699115044,0.7450447444646858
pilot_holdout,full,1.0,0.03,0.03,6,plain,0.2325738636684525,0.21208686386230358,0.3630349390117842,0.34470204117850195,0.5663716814159292,0.4646017699115044,0.7450447444646858
pilot_holdout,full,1.0,0.03,0.03,6,documented,0.18734113235538688,0.21739329878973881,0.3845358693405003,0.3450496443728341,0.5663716814159292,0.46194690265486726,0.7436882417115773
pilot_holdout,full,1.0,0.03,0.03,6,aligned,0.20056081539266904,0.21584552860571918,0.3793673764730205,0.35113297697666707,0.568141592920354,0.46902654867256643,0.7482029117102742
pilot_holdout,full,1.0,0.03,0.03,6,hyperplane_old,0.2325738636684525,0.21208686386230358,0.3630349390117842,0.34470204117850195,0.5663716814159292,0.4646017699115044,0.7450447444646858
pilot_holdout,full,1.0,0.03,0.03,7,plain,0.2325738636684525,0.21208686386230358,0.3630349390117842,0.34470204117850195,0.5663716814159292,0.4646017699115044,0.7450447444646858
pilot_holdout,full,1.0,0.03,0.03,7,documented,0.1847761500333892,0.22019965989931845,0.40045482737233823,0.32726947421926383,0.5557522123893806,0.46283185840707963,0.7333570876499653
pilot_holdout,full,1.0,0.03,0.03,7,aligned,0.1958479582973817,0.21893010964378942,0.3994211287988423,0.3320952204334121,0.5504424778761061,0.4601769911504425,0.7333043779330646
pilot_holdout,full,1.0,0.03,0.03,7,hyperplane_old,0.21877041741328487,0.21349445333460376,0.3659292950175729,0.3479468940872465,0.5646017699115043,0.46548672566371685,0.7460288135607089
pilot_holdout,full,1.0,0.03,0.03,8,plain,0.2325738636684525,0.21208686386230358,0.3630349390117842,0.34470204117850195,0.5663716814159292,0.4646017699115044,0.7450447444646858
pilot_holdout,full,1.0,0.03,0.03,8,documented,0.1487694479943176,0.22203910403706,0.39735373165185034,0.3315097250149791,0.5628318584070797,0.452212389380531,0.7355601712626395
pilot_holdout,full,1.0,0.03,0.03,8,aligned,0.15005981638839574,0.22135521643395537,0.3913582799255737,0.3390333215314882,0.5646017699115043,0.463716814159292,0.742226420310091
pilot_holdout,full,1.0,0.03,0.03,8,hyperplane_old,0.228590264949758,0.21236954975178657,0.3655158155881745,0.34096886423246575,0.5610619469026549,0.46017699115044247,0.7427241353051595
pilot_holdout,full,1.0,0.03,0.03,9,plain,0.2325738636684525,0.21208686386230358,0.3630349390117842,0.34470204117850195,0.5663716814159292,0.4646017699115044,0.7450447444646858
pilot_holdout,full,1.0,0.03,0.03,9,documented,0.16123390348869066,0.2217411950559883,0.39735373165185034,0.3386228415008692,0.5734513274336284,0.4646017699115044,0.7440272844284372
pilot_holdout,full,1.0,0.03,0.03,9,aligned,0.17647797193786532,0.22063269585227,0.39673351250775274,0.33976000508568366,0.5734513274336283,0.4610619469026549,0.7419367670248277
pilot_holdout,full,1.0,0.03,0.03,9,hyperplane_old,0.2325738636684525,0.21208686386230358,0.3630349390117842,0.34470204117850195,0.5663716814159292,0.4646017699115044,0.7450447444646858
pilot_holdout,full,1.0,0.03,0.03,10,plain,0.2325738636684525,0.21208686386230358,0.3630349390117842,0.34470204117850195,0.5663716814159292,0.4646017699115044,0.7450447444646858
pilot_holdout,full,1.0,0.03,0.03,10,documented,0.17269145058039947,0.21974259092227824,0.3942526359313624,0.32901182438812876,0.5610619469026549,0.45663716814159294,0.7382519885813685
pilot_holdout,full,1.0,0.03,0.03,10,aligned,0.1899420253234218,0.2182027125769073,0.38887740334918336,0.3316501107058231,0.5610619469026548,0.463716814159292,0.7398234976711632
pilot_holdout,full,1.0,0.03,0.03,10,hyperplane_old,0.2325738636684525,0.21208686386230358,0.3630349390117842,0.34470204117850195,0.5663716814159292,0.4646017699115044,0.7450447444646858
pilot_holdout,full,1.0,0.03,0.03,11,plain,0.2325738636684525,0.21208686386230358,0.3630349390117842,0.34470204117850195,0.5663716814159292,0.4646017699115044,0.7450447444646858
pilot_holdout,full,1.0,0.03,0.03,11,documented,0.1422048421413842,0.22233654615576304,0.39632003307835434,0.3217109467970903,0.5699115044247788,0.4575221238938053,0.7345698633001972
pilot_holdout,full,1.0,0.03,0.03,11,aligned,0.14836729957998676,0.22146626463747873,0.3919784990696713,0.3358911098920809,0.568141592920354,0.4646017699115044,0.7403745033157759
pilot_holdout,full,1.0,0.03,0.03,11,hyperplane_old,0.2325738636684525,0.21208686386230358,0.3630349390117842,0.34470204117850195,0.5663716814159292,0.4646017699115044,0.7450447444646858
pilot_holdout,full,1.0,0.03,0.03,12,plain,0.2325738636684525,0.21208686386230358,0.3630349390117842,0.34470204117850195,0.5663716814159292,0.4646017699115044,0.7450447444646858
pilot_holdout,full,1.0,0.03,0.03,12,documented,0.16974842734201875,0.21853325687906414,0.3785404176142237,0.34843037568364016,0.568141592920354,0.4690265486725663,0.7483661596960715
pilot_holdout,full,1.0,0.03,0.03,12,aligned,0.18107786940787157,0.21757081898263608,0.37771345875542695,0.34479785113276695,0.5592920353982301,0.4610619469026549,0.7419337180199609
pilot_holdout,full,1.0,0.03,0.03,12,hyperplane_old,0.2325738636684525,0.21208686386230358,0.3630349390117842,0.34470204117850195,0.5663716814159292,0.4646017699115044,0.7450447444646858
pilot_holdout,full,1.0,0.03,0.03,13,plain,0.2325738636684525,0.21208686386230358,0.3630349390117842,0.34470204117850195,0.5663716814159292,0.4646017699115044,0.7450447444646858
pilot_holdout,full,1.0,0.03,0.03,13,documented,0.17200638078531613,0.21976726044135456,0.3990076493694439,0.32868303564920887,0.5539823008849557,0.45929203539823016,0.7373679890154048
pilot_holdout,full,1.0,0.03,0.03,13,aligned,0.17304366398528084,0.2199597420756666,0.3977672110812487,0.33584727149086824,0.5557522123893806,0.46017699115044247,0.7381305433433479
pilot_holdout,full,1.0,0.03,0.03,13,hyperplane_old,0.22976772954222183,0.21246810820411957,0.36448211701467853,0.3442113176347065,0.5646017699115043,0.4663716814159292,0.7450388033891034
pilot_holdout,full,1.0,0.03,0.03,14,plain,0.2325738636684525,0.21208686386230358,0.3630349390117842,0.34470204117850195,0.5663716814159292,0.4646017699115044,0.7450447444646858
pilot_holdout,full,1.0,0.03,0.03,14,documented,0.16376597739417062,0.22116961679226085,0.39301219764316725,0.3344822858893924,0.5646017699115043,0.4619469026548672,0.7393396677472706
pilot_holdout,full,1.0,0.03,0.03,14,aligned,0.17148235787079202,0.22029054996510616,0.39239197849906965,0.334992667809902,0.568141592920354,0.4592920353982301,0.74047680977718
pilot_holdout,full,1.0,0.03,0.03,14,hyperplane_old,0.2325738636684525,0.21208686386230358,0.3630349390117842,0.34470204117850195,0.5663716814159292,0.4646017699115044,0.7450447444646858
pilot_holdout,full,1.0,0.03,0.03,15,plain,0.2325738636684525,0.21208686386230358,0.3630349390117842,0.34470204117850195,0.5663716814159292,0.4646017699115044,0.7450447444646858
pilot_holdout,full,1.0,0.03,0.03,15,documented,0.16738230562880282,0.21778807522042481,0.3781269381848253,0.3391740313488547,0.5716814159292036,0.463716814159292,0.7477535303152096
pilot_holdout,full,1.0,0.03,0.03,15,aligned,0.18109779488352093,0.21659228806828384,0.37667976018193094,0.34999350165482596,0.5716814159292036,0.46637168141592916,0.7482273793083349
pilot_holdout,full,1.0,0.03,0.03,15,hyperplane_old,0.23012124356445757,0.2122948938626932,0.36324167872648333,0.34559499008386385,0.5628318584070796,0.463716814159292,0.7443915561889531
pilot_holdout,full,1.0,0.03,0.03,16,plain,0.2325738636684525,0.21208686386230358,0.3630349390117842,0.34470204117850195,0.5663716814159292,0.4646017699115044,0.7450447444646858
pilot_holdout,full,1.0,0.03,0.03,16,documented,0.13830917895717748,0.22244442741138692,0.3950795947901592,0.3231635943443067,0.5646017699115043,0.46017699115044247,0.7397923029451653
pilot_holdout,full,1.0,0.03,0.03,16,aligned,0.14246706547399546,0.2222062939371163,0.3950795947901592,0.3228016261111222,0.5504424778761062,0.45840707964601773,0.7371253567779033
pilot_holdout,full,1.0,0.03,0.03,16,hyperplane_old,0.2325738636684525,0.21208686386230358,0.3630349390117842,0.34470204117850195,0.5663716814159292,0.4646017699115044,0.7450447444646858
pilot_holdout,full,1.0,0.03,0.03,17,plain,0.2325738636684525,0.21208686386230358,0.3630349390117842,0.34470204117850195,0.5663716814159292,0.4646017699115044,0.7450447444646858
pilot_holdout,full,1.0,0.03,0.03,17,documented,0.12666503111832142,0.22399170875874735,0.4016952656605334,0.3394257307318379,0.5734513274336283,0.45929203539823,0.7413556155940718
pilot_holdout,full,1.0,0.03,0.03,17,aligned,0.125553232777406,0.22447369159755895,0.4045896216663221,0.3476632599947998,0.5823008849557522,0.46637168141592916,0.7470154716079189
pilot_holdout,full,1.0,0.03,0.03,17,hyperplane_old,0.2325738636684525,0.21208686386230358,0.3630349390117842,0.34470204117850195,0.5663716814159292,0.4646017699115044,0.7450447444646858
pilot_holdout,full,1.0,0.03,0.03,18,plain,0.2325738636684525,0.21208686386230358,0.3630349390117842,0.34470204117850195,0.5663716814159292,0.4646017699115044,0.7450447444646858
pilot_holdout,full,1.0,0.03,0.03,18,documented,0.19920355509669097,0.2177346458948434,0.38660326648749227,0.3170794550447936,0.5628318584070796,0.4584070796460177,0.7425623944374984
pilot_holdout,full,1.0,0.03,0.03,18,aligned,0.2149819537478454,0.2158397434442735,0.3822617324788092,0.32716265171502473,0.5628318584070796,0.46725663716814164,0.7425899182273167
pilot_holdout,full,1.0,0.03,0.03,18,hyperplane_old,0.22986333718187524,0.21250955458568427,0.3653090758734753,0.34114626572960094,0.5663716814159292,0.46283185840707963,0.7435339954174343
pilot_holdout,full,1.0,0.03,0.03,19,plain,0.2325738636684525,0.21208686386230358,0.3630349390117842,0.34470204117850195,0.5663716814159292,0.4646017699115044,0.7450447444646858
pilot_holdout,full,1.0,0.03,0.03,19,documented,0.16180828353729937,0.22058746232197726,0.3870167459168906,0.3234182546963107,0.5380530973451327,0.4451327433628319,0.7344404147052397
pilot_holdout,full,1.0,0.03,0.03,19,aligned,0.17641051471783248,0.21912407893447294,0.3847426090551995,0.33509711766368244,0.5592920353982301,0.45663716814159294,0.7404870804208734
pilot_holdout,full,1.0,0.03,0.03,19,hyperplane_old,0.21722374775327435,0.21377939843785718,0.3677899524498656,0.34429846360165084,0.5557522123893806,0.46106194690265484,0.7421547481718815
pilot_holdout,full,1.0,0.03,0.03,20,plain,0.2325738636684525,0.21208686386230358,0.3630349390117842,0.34470204117850195,0.5663716814159292,0.4646017699115044,0.7450447444646858
pilot_holdout,full,1.0,0.03,0.03,20,documented,0.12004383085366895,0.2248506858543942,0.39487285507546,0.306398614216646,0.5522123893805311,0.43982300884955755,0.7263985684372184
pilot_holdout,full,1.0,0.03,0.03,20,aligned,0.13615353815185527,0.22302266784440525,0.3915650196402729,0.3162471638727245,0.5557522123893806,0.4530973451327434,0.7323798348844348
pilot_holdout,full,1.0,0.03,0.03,20,hyperplane_old,0.2325738636684525,0.21208686386230358,0.3630349390117842,0.34470204117850195,0.5663716814159292,0.4646017699115044,0.7450447444646858
pilot_holdout,full,1.0,0.03,0.03,21,plain,0.2325738636684525,0.21208686386230358,0.3630349390117842,0.34470204117850195,0.5663716814159292,0.4646017699115044,0.7450447444646858
pilot_holdout,full,1.0,0.03,0.03,21,documented,0.1987924174630516,0.21627738510532027,0.3818482530494108,0.3390816451616377,0.5575221238938053,0.4575221238938053,0.7398615271064564
pilot_holdout,full,1.0,0.03,0.03,21,aligned,0.2014799843227714,0.21582409721535445,0.375646061608435,0.34103916540935203,0.5557522123893806,0.46637168141592916,0.7410069815418228
pilot_holdout,full,1.0,0.03,0.03,21,hyperplane_old,0.2325738636684525,0.21208686386230358,0.3630349390117842,0.34470204117850195,0.5663716814159292,0.4646017699115044,0.7450447444646858
pilot_holdout,full,1.0,0.03,0.03,22,plain,0.2325738636684525,0.21208686386230358,0.3630349390117842,0.34470204117850195,0.5663716814159292,0.4646017699115044,0.7450447444646858
pilot_holdout,full,1.0,0.03,0.03,22,documented,0.15520528550118334,0.21949225627628338,0.3824684721935084,0.3417311730081796,0.5663716814159292,0.452212389380531,0.7412763451576485
pilot_holdout,full,1.0,0.03,0.03,22,aligned,0.1674696905764026,0.21841633472204255,0.3814347736200124,0.3462049325174762,0.5628318584070796,0.4610619469026549,0.7428964712628976
pilot_holdout,full,1.0,0.03,0.03,22,hyperplane_old,0.2325738636684525,0.21208686386230358,0.3630349390117842,0.34470204117850195,0.5663716814159292,0.4646017699115044,0.7450447444646858
pilot_holdout,full,1.0,0.03,0.03,23,plain,0.2325738636684525,0.21208686386230358,0.3630349390117842,0.34470204117850195,0.5663716814159292,0.4646017699115044,0.7450447444646858
pilot_holdout,full,1.0,0.03,0.03,23,documented,0.19207751310608234,0.21721191863950406,0.38122803390531323,0.3293692791123806,0.5663716814159292,0.45132743362831856,0.7357551561038138
pilot_holdout,full,1.0,0.03,0.03,23,aligned,0.20538720149948517,0.21565037272592286,0.37750671904072775,0.3311068231544315,0.5646017699115043,0.4557522123893806,0.737967134566656
pilot_holdout,full,1.0,0.03,0.03,23,hyperplane_old,0.23012124356445757,0.2122948938626932,0.36324167872648333,0.34559499008386385,0.5628318584070796,0.463716814159292,0.7443915561889531
pilot_holdout,full,1.0,0.03,0.03,24,plain,0.2325738636684525,0.21208686386230358,0.3630349390117842,0.34470204117850195,0.5663716814159292,0.4646017699115044,0.7450447444646858
pilot_holdout,full,1.0,0.03,0.03,24,documented,0.16851900723414548,0.22107657071597675,0.39363241678726485,0.33128628792742093,0.5592920353982301,0.45840707964601773,0.7358001179073361
pilot_holdout,full,1.0,0.03,0.03,24,aligned,0.18724753136910255,0.21911636917488303,0.38929088277858176,0.3403160086015433,0.5610619469026548,0.463716814159292,0.7401915070589591
pilot_holdout,full,1.0,0.03,0.03,24,hyperplane_old,0.22970951691765434,0.21251554484646906,0.36386189787058093,0.3454530321853202,0.5646017699115043,0.463716814159292,0.7448823089270257
pilot_holdout,full,1.0,0.03,0.03,25,plain,0.2325738636684525,0.21208686386230358,0.3630349390117842,0.34470204117850195,0.5663716814159292,0.4646017699115044,0.7450447444646858
pilot_holdout,full,1.0,0.03,0.03,25,documented,0.1217360415519141,0.2232331460741375,0.39590655364895594,0.3189378772961261,0.5557522123893806,0.45309734513274347,0.7320358764112721
pilot_holdout,full,1.0,0.03,0.03,25,aligned,0.12578899185317663,0.22284382463651073,0.39321893735786645,0.31894248242116524,0.5557522123893806,0.45663716814159294,0.732205179671605
pilot_holdout,full,1.0,0.03,0.03,25,hyperplane_old,0.22153789117487627,0.21306382638805335,0.3651023361587761,0.3472090580470603,0.5663716814159292,0.4663716814159292,0.7461319075524646
pilot_holdout,full,1.0,0.03,0.03,26,plain,0.2325738636684525,0.21208686386230358,0.3630349390117842,0.34470204117850195,0.5663716814159292,0.4646017699115044,0.7450447444646858
pilot_holdout,full,1.0,0.03,0.03,26,documented,0.14996963655913337,0.22135328935147314,0.3956998139342568,0.3330722625116748,0.5610619469026549,0.4486725663716814,0.7401514487374662
pilot_holdout,full,1.0,0.03,0.03,26,aligned,0.16335399984089577,0.22032633565786747,0.3913582799255737,0.33647106611302074,0.5539823008849558,0.452212389380531,0.7382545408733378
pilot_holdout,full,1.0,0.03,0.03,26,hyperplane_old,0.2325738636684525,0.21208686386230358,0.3630349390117842,0.34470204117850195,0.5663716814159292,0.4646017699115044,0.7450447444646858
pilot_holdout,full,1.0,0.03,0.03,27,plain,0.2325738636684525,0.21208686386230358,0.3630349390117842,0.34470204117850195,0.5663716814159292,0.4646017699115044,0.7450447444646858
pilot_holdout,full,1.0,0.03,0.03,27,documented,0.20146864077654136,0.21604768952717793,0.37978085590241883,0.3284990213391462,0.5610619469026549,0.452212389380531,0.733142515117433
pilot_holdout,full,1.0,0.03,0.03,27,aligned,0.2149929193134364,0.21462756701617397,0.37647302046723174,0.32795925497360423,0.5504424778761062,0.4530973451327433,0.7339005162120367
pilot_holdout,full,1.0,0.03,0.03,27,hyperplane_old,0.2325738636684525,0.21208686386230358,0.3630349390117842,0.34470204117850195,0.5663716814159292,0.4646017699115044,0.7450447444646858
pilot_holdout,full,1.0,0.03,0.03,28,plain,0.2325738636684525,0.21208686386230358,0.3630349390117842,0.34470204117850195,0.5663716814159292,0.4646017699115044,0.7450447444646858
pilot_holdout,full,1.0,0.03,0.03,28,documented,0.18494264601964724,0.21819710762455582,0.38040107504651643,0.33666962277178325,0.5539823008849558,0.45044247787610625,0.7376472552079794
pilot_holdout,full,1.0,0.03,0.03,28,aligned,0.19753300480108588,0.217077673231184,0.3814347736200124,0.33967086788518924,0.568141592920354,0.4628318584070797,0.7428760543484455
pilot_holdout,full,1.0,0.03,0.03,28,hyperplane_old,0.2325738636684525,0.21208686386230358,0.3630349390117842,0.34470204117850195,0.5663716814159292,0.4646017699115044,0.7450447444646858
pilot_holdout,full,1.0,0.03,0.03,29,plain,0.2325738636684525,0.21208686386230358,0.3630349390117842,0.34470204117850195,0.5663716814159292,0.4646017699115044,0.7450447444646858
pilot_holdout,full,1.0,0.03,0.03,29,documented,0.1626992984140642,0.22008277971660767,0.3832954310523051,0.31808021450530705,0.5610619469026549,0.44955752212389377,0.7337202720851049
pilot_holdout,full,1.0,0.03,0.03,29,aligned,0.1813297545745648,0.21869820267514073,0.38040107504651643,0.3149628615716891,0.5469026548672566,0.4530973451327433,0.7295316473970138
pilot_holdout,full,1.0,0.03,0.03,29,hyperplane_old,0.24181154943092859,0.21097891805923386,0.3595203638618979,0.3408836111849107,0.5539823008849557,0.46548672566371685,0.7413156278278217
pilot_holdout,full,1.0,0.03,0.03,30,plain,0.2325738636684525,0.21208686386230358,0.3630349390117842,0.34470204117850195,0.5663716814159292,0.4646017699115044,0.7450447444646858
pilot_holdout,full,1.0,0.03,0.03,30,documented,0.15216657483945253,0.22084803040408454,0.3907380607814761,0.3200152906562133,0.5628318584070797,0.4584070796460178,0.7359086056258919
pilot_holdout,full,1.0,0.03,0.03,30,aligned,0.17141589475312782,0.21871536717501572,0.38618978705809387,0.3360809388889688,0.5699115044247787,0.463716814159292,0.7400817954704697
pilot_holdout,full,1.0,0.03,0.03,30,hyperplane_old,0.2325738636684525,0.21208686386230358,0.3630349390117842,0.34470204117850195,0.5663716814159292,0.4646017699115044,0.7450447444646858
pilot_holdout,full,1.0,0.03,0.03,31,plain,0.2325738636684525,0.21208686386230358,0.3630349390117842,0.34470204117850195,0.5663716814159292,0.4646017699115044,0.7450447444646858
pilot_holdout,full,1.0,0.03,0.03,31,documented,0.2190213289474259,0.2120938747470376,0.368203431879264,0.33470079157449906,0.5610619469026549,0.463716814159292,0.7425242932399256
pilot_holdout,full,1.0,0.03,0.03,31,aligned,0.20136462817252448,0.21323530390581388,0.36365515815588173,0.3408082986268747,0.5752212389380531,0.47433628318584065,0.7461363749569005
pilot_holdout,full,1.0,0.03,0.03,31,hyperplane_old,0.2256661482659177,0.21259943951622753,0.3659292950175729,0.33946805287202714,0.5575221238938053,0.46194690265486715,0.7430000442485191
pilot_holdout,full,1.0,0.03,0.03,32,plain,0.2325738636684525,0.21208686386230358,0.3630349390117842,0.34470204117850195,0.5663716814159292,0.4646017699115044,0.7450447444646858
pilot_holdout,full,1.0,0.03,0.03,32,documented,0.1455521659215526,0.22100448068005646,0.39239197849906965,0.32972802930602507,0.5504424778761061,0.4504424778761062,0.7322510091973783
pilot_holdout,full,1.0,0.03,0.03,32,aligned,0.16251918678165553,0.21916979062352823,0.38639652677279307,0.33970360084500256,0.5592920353982301,0.4592920353982301,0.7374681727497364
pilot_holdout,full,1.0,0.03,0.03,32,hyperplane_old,0.2325738636684525,0.21208686386230358,0.3630349390117842,0.34470204117850195,0.5663716814159292,0.4646017699115044,0.7450447444646858
pilot_holdout,full,1.0,0.03,0.03,33,plain,0.2325738636684525,0.21208686386230358,0.3630349390117842,0.34470204117850195,0.5663716814159292,0.4646017699115044,0.7450447444646858
pilot_holdout,full,1.0,0.03,0.03,33,documented,0.13013977694248421,0.22421966808878369,0.4027289642340294,0.32429580086656207,0.5610619469026549,0.447787610619469,0.733928888495765
pilot_holdout,full,1.0,0.03,0.03,33,aligned,0.14758224404795128,0.22276798810991535,0.40004134794293983,0.33704909728721294,0.55929203539823,0.4557522123893805,0.7365206633879098
pilot_holdout,full,1.0,0.03,0.03,33,hyperplane_old,0.2325738636684525,0.21208686386230358,0.3630349390117842,0.34470204117850195,0.5663716814159292,0.4646017699115044,0.7450447444646858
pilot_holdout,full,1.0,0.03,0.03,34,plain,0.2325738636684525,0.21208686386230358,0.3630349390117842,0.34470204117850195,0.5663716814159292,0.4646017699115044,0.7450447444646858
pilot_holdout,full,1.0,0.03,0.03,34,documented,0.15371196518154132,0.2211580254263502,0.3870167459168906,0.32464534634341236,0.552212389380531,0.4539823008849557,0.734268225616893
pilot_holdout,full,1.0,0.03,0.03,34,aligned,0.1676574112618814,0.2199068230202892,0.38639652677279307,0.32837608866530565,0.5486725663716814,0.4539823008849558,0.7321663302942277
pilot_holdout,full,1.0,0.03,0.03,34,hyperplane_old,0.23039358549578617,0.21147949684612885,0.36034732272069464,0.3464857406863822,0.5628318584070796,0.46548672566371674,0.7406778222270118
pilot_holdout,full,1.0,0.03,0.03,35,plain,0.2325738636684525,0.21208686386230358,0.3630349390117842,0.34470204117850195,0.5663716814159292,0.4646017699115044,0.7450447444646858
pilot_holdout,full,1.0,0.03,0.03,35,documented,0.1593696885757343,0.22026167333027882,0.3917717593549721,0.33771958784661543,0.5628318584070797,0.46902654867256643,0.748718213814043
pilot_holdout,full,1.0,0.03,0.03,35,aligned,0.16679258023824586,0.21968176178163748,0.38991110192267936,0.3388986352072175,0.5734513274336283,0.47079646017699117,0.7499239652284133
pilot_holdout,full,1.0,0.03,0.03,35,hyperplane_old,0.2325738636684525,0.21208686386230358,0.3630349390117842,0.34470204117850195,0.5663716814159292,0.4646017699115044,0.7450447444646858
pilot_holdout,full,1.0,0.03,0.03,36,plain,0.2325738636684525,0.21208686386230358,0.3630349390117842,0.34470204117850195,0.5663716814159292,0.4646017699115044,0.7450447444646858
pilot_holdout,full,1.0,0.03,0.03,36,documented,0.14386106701286147,0.2199247261908128,0.3843291296258011,0.3256652814795709,0.5469026548672566,0.4442477876106195,0.7342902255857947
pilot_holdout,full,1.0,0.03,0.03,36,aligned,0.14818696002132437,0.21958423282518347,0.38102129419061403,0.3345987506855962,0.5575221238938053,0.45752212389380525,0.7392497485936174
pilot_holdout,full,1.0,0.03,0.03,36,hyperplane_old,0.22976772954222183,0.21246810820411957,0.36448211701467853,0.3442113176347065,0.5646017699115043,0.4663716814159292,0.7450388033891034
pilot_holdout,full,1.0,0.03,0.03,37,plain,0.2325738636684525,0.21208686386230358,0.3630349390117842,0.34470204117850195,0.5663716814159292,0.4646017699115044,0.7450447444646858
pilot_holdout,full,1.0,0.03,0.03,37,documented,0.15583308030654486,0.22149487817408098,0.3944593756460616,0.31827721317873314,0.5646017699115043,0.45929203539823,0.7361665377037466
pilot_holdout,full,1.0,0.03,0.03,37,aligned,0.17458427652448688,0.2196194871555249,0.39301219764316725,0.32937389809659984,0.55929203539823,0.4646017699115045,0.7420496275918392
pilot_holdout,full,1.0,0.03,0.03,37,hyperplane_old,0.2325738636684525,0.21208686386230358,0.3630349390117842,0.34470204117850195,0.5663716814159292,0.4646017699115044,0.7450447444646858
pilot_holdout,full,1.0,0.03,0.03,38,plain,0.2325738636684525,0.21208686386230358,0.3630349390117842,0.34470204117850195,0.5663716814159292,0.4646017699115044,0.7450447444646858
pilot_holdout,full,1.0,0.03,0.03,38,documented,0.22044655977801933,0.21341598956532054,0.36489559644407693,0.3340858017475883,0.552212389380531,0.44601769911504424,0.7322430528067693
pilot_holdout,full,1.0,0.03,0.03,38,aligned,0.2307953738409475,0.2120538621546936,0.3615877610088898,0.3417579267420897,0.5575221238938053,0.4584070796460177,0.7388145748473409
pilot_holdout,full,1.0,0.03,0.03,38,hyperplane_old,0.2325738636684525,0.21208686386230358,0.3630349390117842,0.34470204117850195,0.5663716814159292,0.4646017699115044,0.7450447444646858
pilot_holdout,full,1.0,0.03,0.03,39,plain,0.2325738636684525,0.21208686386230358,0.3630349390117842,0.34470204117850195,0.5663716814159292,0.4646017699115044,0.7450447444646858
pilot_holdout,full,1.0,0.03,0.03,39,documented,0.1421013971405288,0.2218337053545897,0.3919784990696713,0.3167474751246269,0.5575221238938053,0.4504424778761062,0.7339107761388584
pilot_holdout,full,1.0,0.03,0.03,39,aligned,0.14216180062002853,0.221586989624047,0.39011784163737856,0.3230244684967184,0.55929203539823,0.46017699115044247,0.7375335504440735
pilot_holdout,full,1.0,0.03,0.03,39,hyperplane_old,0.2325738636684525,0.21208686386230358,0.3630349390117842,0.34470204117850195,0.5663716814159292,0.4646017699115044,0.7450447444646858
pilot_holdout,full,1.0,0.03,0.03,40,plain,0.2325738636684525,0.21208686386230358,0.3630349390117842,0.34470204117850195,0.5663716814159292,0.4646017699115044,0.7450447444646858
pilot_holdout,full,1.0,0.03,0.03,40,documented,0.13546027178430012,0.22275477705994728,0.39735373165185034,0.3277904968032236,0.5628318584070796,0.46460176991150437,0.7379795316658316
pilot_holdout,full,1.0,0.03,0.03,40,aligned,0.14076881095673427,0.22230100257785934,0.39632003307835434,0.3322610177774057,0.5575221238938053,0.4592920353982301,0.7370978788638729
pilot_holdout,full,1.0,0.03,0.03,40,hyperplane_old,0.2325738636684525,0.21208686386230358,0.3630349390117842,0.34470204117850195,0.5663716814159292,0.4646017699115044,0.7450447444646858
pilot_holdout,full,1.0,0.03,0.03,41,plain,0.2325738636684525,0.21208686386230358,0.3630349390117842,0.34470204117850195,0.5663716814159292,0.4646017699115044,0.7450447444646858
pilot_holdout,full,1.0,0.03,0.03,41,documented,0.18951416564802975,0.21764739005877376,0.3828819516229068,0.3255757693940999,0.552212389380531,0.4575221238938053,0.7349633774854277
pilot_holdout,full,1.0,0.03,0.03,41,aligned,0.2078775403449354,0.21579615953864828,0.3787471573289229,0.3357821234550079,0.5557522123893806,0.463716814159292,0.7382466048962847
pilot_holdout,full,1.0,0.03,0.03,41,hyperplane_old,0.2325738636684525,0.21208686386230358,0.3630349390117842,0.34470204117850195,0.5663716814159292,0.4646017699115044,0.7450447444646858
pilot_holdout,full,1.0,0.03,0.03,42,plain,0.2325738636684525,0.21208686386230358,0.3630349390117842,0.34470204117850195,0.5663716814159292,0.4646017699115044,0.7450447444646858
pilot_holdout,full,1.0,0.03,0.03,42,documented,0.1287436113588086,0.22308829893028786,0.39590655364895594,0.32958575794453215,0.5522123893805311,0.45575221238938046,0.7420302722804947
pilot_holdout,full,1.0,0.03,0.03,42,aligned,0.13285681741835403,0.2230228981833011,0.3944593756460616,0.32775844430716994,0.5557522123893806,0.44778761061946903,0.7346475968001677
pilot_holdout,full,1.0,0.03,0.03,42,hyperplane_old,0.22976772954222183,0.21246810820411957,0.36448211701467853,0.3442113176347065,0.5646017699115043,0.4663716814159292,0.7450388033891034
pilot_holdout,full,1.0,0.03,0.03,43,plain,0.2325738636684525,0.21208686386230358,0.3630349390117842,0.34470204117850195,0.5663716814159292,0.4646017699115044,0.7450447444646858
pilot_holdout,full,1.0,0.03,0.03,43,documented,0.15833681030009464,0.22194322026716987,0.3983874302253463,0.32365060111499716,0.5557522123893806,0.4530973451327434,0.7365866063431052
pilot_holdout,full,1.0,0.03,0.03,43,aligned,0.17668688194679552,0.22045825201659427,0.39652677279305354,0.3275398591576357,0.5539823008849557,0.46283185840707963,0.7406360069448864
pilot_holdout,full,1.0,0.03,0.03,43,hyperplane_old,0.2325738636684525,0.21208686386230358,0.3630349390117842,0.34470204117850195,0.5663716814159292,0.4646017699115044,0.7450447444646858
pilot_holdout,full,1.0,0.03,0.03,44,plain,0.2325738636684525,0.21208686386230358,0.3630349390117842,0.34470204117850195,0.5663716814159292,0.4646017699115044,0.7450447444646858
pilot_holdout,full,1.0,0.03,0.03,44,documented,0.1553992963740809,0.22105865590221505,0.39652677279305354,0.3243918175625591,0.5592920353982301,0.452212389380531,0.7346344821778493
pilot_holdout,full,1.0,0.03,0.03,44,aligned,0.16486804300713265,0.2201617714931227,0.39756047136654954,0.34622745843470726,0.5681415929203539,0.463716814159292,0.743639711441324
pilot_holdout,full,1.0,0.03,0.03,44,hyperplane_old,0.2325738636684525,0.21208686386230358,0.3630349390117842,0.34470204117850195,0.5663716814159292,0.4646017699115044,0.7450447444646858
pilot_holdout,full,1.0,0.03,0.03,45,plain,0.2325738636684525,0.21208686386230358,0.3630349390117842,0.34470204117850195,0.5663716814159292,0.4646017699115044,0.7450447444646858
pilot_holdout,full,1.0,0.03,0.03,45,documented,0.12328681497194953,0.22526433074043942,0.4081041968162084,0.3392879640042651,0.5539823008849557,0.45044247787610614,0.7400898662616872
pilot_holdout,full,1.0,0.03,0.03,45,aligned,0.12987733637595616,0.22485755642476443,0.4109985528219971,0.34518595772296423,0.5575221238938053,0.4557522123893805,0.7396631610731929
pilot_holdout,full,1.0,0.03,0.03,45,hyperplane_old,0.2325738636684525,0.21208686386230358,0.3630349390117842,0.34470204117850195,0.5663716814159292,0.4646017699115044,0.7450447444646858
pilot_holdout,full,1.0,0.03,0.03,46,plain,0.2325738636684525,0.21208686386230358,0.3630349390117842,0.34470204117850195,0.5663716814159292,0.4646017699115044,0.7450447444646858
pilot_holdout,full,1.0,0.03,0.03,46,documented,0.14265489780837468,0.22189733323640226,0.39487285507546,0.32289022506603365,0.5734513274336283,0.46548672566371674,0.7417197964304616
pilot_holdout,full,1.0,0.03,0.03,46,aligned,0.16022259271791367,0.21971853309859377,0.38991110192267936,0.33260246431491175,0.5734513274336283,0.4690265486725664,0.7431121753515725
pilot_holdout,full,1.0,0.03,0.03,46,hyperplane_old,0.2325738636684525,0.21208686386230358,0.3630349390117842,0.34470204117850195,0.5663716814159292,0.4646017699115044,0.7450447444646858
pilot_holdout,full,1.0,0.03,0.03,47,plain,0.2325738636684525,0.21208686386230358,0.3630349390117842,0.34470204117850195,0.5663716814159292,0.4646017699115044,0.7450447444646858
pilot_holdout,full,1.0,0.03,0.03,47,documented,0.14818143151459448,0.22045770205483473,0.3839156501964027,0.329920637046891,0.5522123893805309,0.4557522123893805,0.7339474249432663
pilot_holdout,full,1.0,0.03,0.03,47,aligned,0.14677293802542052,0.2209950653617794,0.3816415133347116,0.3372342649344995,0.5646017699115043,0.46106194690265484,0.7377422365486779
pilot_holdout,full,1.0,0.03,0.03,47,hyperplane_old,0.2325738636684525,0.21208686386230358,0.3630349390117842,0.34470204117850195,0.5663716814159292,0.4646017699115044,0.7450447444646858
pilot_holdout,full,1.0,0.03,0.03,48,plain,0.2325738636684525,0.21208686386230358,0.3630349390117842,0.34470204117850195,0.5663716814159292,0.4646017699115044,0.7450447444646858
pilot_holdout,full,1.0,0.03,0.03,48,documented,0.16378982371067527,0.22011133629708915,0.38867066363448416,0.3201886164683008,0.5663716814159292,0.46194690265486726,0.7389162454326101
pilot_holdout,full,1.0,0.03,0.03,48,aligned,0.17596996997629943,0.21896812666291596,0.3876369650609882,0.3317699053516919,0.5610619469026549,0.4672566371681416,0.7409364559202979
pilot_holdout,full,1.0,0.03,0.03,48,hyperplane_old,0.2325738636684525,0.21208686386230358,0.3630349390117842,0.34470204117850195,0.5663716814159292,0.4646017699115044,0.7450447444646858
pilot_holdout,full,1.0,0.03,0.03,49,plain,0.2325738636684525,0.21208686386230358,0.3630349390117842,0.34470204117850195,0.5663716814159292,0.4646017699115044,0.7450447444646858
pilot_holdout,full,1.0,0.03,0.03,49,documented,0.15103009887333316,0.2204309020803186,0.38660326648749227,0.32380029918681874,0.5699115044247788,0.4646017699115044,0.7418557938405614
pilot_holdout,full,1.0,0.03,0.03,49,aligned,0.1646958057617072,0.2190981770000893,0.3839156501964027,0.32862686348435954,0.5769911504424777,0.4654867256637169,0.7425977263662666
pilot_holdout,full,1.0,0.03,0.03,49,hyperplane_old,0.22747994984176936,0.21262451085422282,0.36386189787058093,0.3454446493998375,0.5628318584070796,0.4646017699115044,0.7435195298698921
pilot_holdout,missing_only,0.0,0.0,0.0,0,plain,0.2325738636684525,0.21208686386230358,0.3630349390117842,0.34470204117850195,0.5663716814159292,0.4646017699115044,0.7450447444646858
pilot_holdout,missing_only,0.0,0.0,0.0,0,documented,0.8687680364329192,0.10551761199803499,0.07194542071531941,0.6100868570364117,0.7292035398230089,0.620353982300885,0.8700336143224356
pilot_holdout,missing_only,0.0,0.0,0.0,0,aligned,0.8677570411927963,0.10592833946564113,0.07194542071531941,0.6054238105289113,0.7292035398230089,0.6150442477876106,0.86776660305339
pilot_holdout,missing_only,0.0,0.0,0.0,0,hyperplane_old,0.5503605333197965,0.16491944363383318,0.23320239818069052,0.47701140609851445,0.6619469026548673,0.5654867256637168,0.8143307877103381
pilot_holdout,missing_only,0.0,0.0,0.0,1,plain,0.2325738636684525,0.21208686386230358,0.3630349390117842,0.34470204117850195,0.5663716814159292,0.4646017699115044,0.7450447444646858
pilot_holdout,missing_only,0.0,0.0,0.0,1,documented,0.8687680364329192,0.10551761199803499,0.07194542071531941,0.6100868570364117,0.7292035398230089,0.620353982300885,0.8700336143224356
pilot_holdout,missing_only,0.0,0.0,0.0,1,aligned,0.8677570411927963,0.10592833946564113,0.07194542071531941,0.6054238105289113,0.7292035398230089,0.6150442477876106,0.86776660305339
pilot_holdout,missing_only,0.0,0.0,0.0,1,hyperplane_old,0.5503605333197965,0.16491944363383318,0.23320239818069052,0.47701140609851445,0.6619469026548673,0.5654867256637168,0.8143307877103381
pilot_holdout,missing_only,0.0,0.0,0.0,2,plain,0.2325738636684525,0.21208686386230358,0.3630349390117842,0.34470204117850195,0.5663716814159292,0.4646017699115044,0.7450447444646858
pilot_holdout,missing_only,0.0,0.0,0.0,2,documented,0.8687680364329192,0.10551761199803499,0.07194542071531941,0.6100868570364117,0.7292035398230089,0.620353982300885,0.8700336143224356
pilot_holdout,missing_only,0.0,0.0,0.0,2,aligned,0.8677570411927963,0.10592833946564113,0.07194542071531941,0.6054238105289113,0.7292035398230089,0.6150442477876106,0.86776660305339
pilot_holdout,missing_only,0.0,0.0,0.0,2,hyperplane_old,0.5503605333197965,0.16491944363383318,0.23320239818069052,0.47701140609851445,0.6619469026548673,0.5654867256637168,0.8143307877103381
pilot_holdout,missing_only,0.0,0.0,0.0,3,plain,0.2325738636684525,0.21208686386230358,0.3630349390117842,0.34470204117850195,0.5663716814159292,0.4646017699115044,0.7450447444646858
pilot_holdout,missing_only,0.0,0.0,0.0,3,documented,0.8687680364329192,0.10551761199803499,0.07194542071531941,0.6100868570364117,0.7292035398230089,0.620353982300885,0.8700336143224356
pilot_holdout,missing_only,0.0,0.0,0.0,3,aligned,0.8677570411927963,0.10592833946564113,0.07194542071531941,0.6054238105289113,0.7292035398230089,0.6150442477876106,0.86776660305339
pilot_holdout,missing_only,0.0,0.0,0.0,3,hyperplane_old,0.5503605333197965,0.16491944363383318,0.23320239818069052,0.47701140609851445,0.6619469026548673,0.5654867256637168,0.8143307877103381
pilot_holdout,missing_only,0.0,0.0,0.0,4,plain,0.2325738636684525,0.21208686386230358,0.3630349390117842,0.34470204117850195,0.5663716814159292,0.4646017699115044,0.7450447444646858
pilot_holdout,missing_only,0.0,0.0,0.0,4,documented,0.8687680364329192,0.10551761199803499,0.07194542071531941,0.6100868570364117,0.7292035398230089,0.620353982300885,0.8700336143224356
pilot_holdout,missing_only,0.0,0.0,0.0,4,aligned,0.8677570411927963,0.10592833946564113,0.07194542071531941,0.6054238105289113,0.7292035398230089,0.6150442477876106,0.86776660305339
pilot_holdout,missing_only,0.0,0.0,0.0,4,hyperplane_old,0.5503605333197965,0.16491944363383318,0.23320239818069052,0.47701140609851445,0.6619469026548673,0.5654867256637168,0.8143307877103381
pilot_holdout,missing_only,0.0,0.0,0.0,5,plain,0.2325738636684525,0.21208686386230358,0.3630349390117842,0.34470204117850195,0.5663716814159292,0.4646017699115044,0.7450447444646858
pilot_holdout,missing_only,0.0,0.0,0.0,5,documented,0.8687680364329192,0.10551761199803499,0.07194542071531941,0.6100868570364117,0.7292035398230089,0.620353982300885,0.8700336143224356
pilot_holdout,missing_only,0.0,0.0,0.0,5,aligned,0.8677570411927963,0.10592833946564113,0.07194542071531941,0.6054238105289113,0.7292035398230089,0.6150442477876106,0.86776660305339
pilot_holdout,missing_only,0.0,0.0,0.0,5,hyperplane_old,0.5503605333197965,0.16491944363383318,0.23320239818069052,0.47701140609851445,0.6619469026548673,0.5654867256637168,0.8143307877103381
pilot_holdout,missing_only,0.0,0.0,0.0,6,plain,0.2325738636684525,0.21208686386230358,0.3630349390117842,0.34470204117850195,0.5663716814159292,0.4646017699115044,0.7450447444646858
pilot_holdout,missing_only,0.0,0.0,0.0,6,documented,0.8687680364329192,0.10551761199803499,0.07194542071531941,0.6100868570364117,0.7292035398230089,0.620353982300885,0.8700336143224356
pilot_holdout,missing_only,0.0,0.0,0.0,6,aligned,0.8677570411927963,0.10592833946564113,0.07194542071531941,0.6054238105289113,0.7292035398230089,0.6150442477876106,0.86776660305339
pilot_holdout,missing_only,0.0,0.0,0.0,6,hyperplane_old,0.5503605333197965,0.16491944363383318,0.23320239818069052,0.47701140609851445,0.6619469026548673,0.5654867256637168,0.8143307877103381
pilot_holdout,missing_only,0.0,0.0,0.0,7,plain,0.2325738636684525,0.21208686386230358,0.3630349390117842,0.34470204117850195,0.5663716814159292,0.4646017699115044,0.7450447444646858
pilot_holdout,missing_only,0.0,0.0,0.0,7,documented,0.8687680364329192,0.10551761199803499,0.07194542071531941,0.6100868570364117,0.7292035398230089,0.620353982300885,0.8700336143224356
pilot_holdout,missing_only,0.0,0.0,0.0,7,aligned,0.8677570411927963,0.10592833946564113,0.07194542071531941,0.6054238105289113,0.7292035398230089,0.6150442477876106,0.86776660305339
pilot_holdout,missing_only,0.0,0.0,0.0,7,hyperplane_old,0.5503605333197965,0.16491944363383318,0.23320239818069052,0.47701140609851445,0.6619469026548673,0.5654867256637168,0.8143307877103381
pilot_holdout,missing_only,0.0,0.0,0.0,8,plain,0.2325738636684525,0.21208686386230358,0.3630349390117842,0.34470204117850195,0.5663716814159292,0.4646017699115044,0.7450447444646858
pilot_holdout,missing_only,0.0,0.0,0.0,8,documented,0.8687680364329192,0.10551761199803499,0.07194542071531941,0.6100868570364117,0.7292035398230089,0.620353982300885,0.8700336143224356
pilot_holdout,missing_only,0.0,0.0,0.0,8,aligned,0.8677570411927963,0.10592833946564113,0.07194542071531941,0.6054238105289113,0.7292035398230089,0.6150442477876106,0.86776660305339
pilot_holdout,missing_only,0.0,0.0,0.0,8,hyperplane_old,0.5503605333197965,0.16491944363383318,0.23320239818069052,0.47701140609851445,0.6619469026548673,0.5654867256637168,0.8143307877103381
pilot_holdout,missing_only,0.0,0.0,0.0,9,plain,0.2325738636684525,0.21208686386230358,0.3630349390117842,0.34470204117850195,0.5663716814159292,0.4646017699115044,0.7450447444646858
pilot_holdout,missing_only,0.0,0.0,0.0,9,documented,0.8687680364329192,0.10551761199803499,0.07194542071531941,0.6100868570364117,0.7292035398230089,0.620353982300885,0.8700336143224356
pilot_holdout,missing_only,0.0,0.0,0.0,9,aligned,0.8677570411927963,0.10592833946564113,0.07194542071531941,0.6054238105289113,0.7292035398230089,0.6150442477876106,0.86776660305339
pilot_holdout,missing_only,0.0,0.0,0.0,9,hyperplane_old,0.5503605333197965,0.16491944363383318,0.23320239818069052,0.47701140609851445,0.6619469026548673,0.5654867256637168,0.8143307877103381
pilot_holdout,missing_only,0.0,0.0,0.0,10,plain,0.2325738636684525,0.21208686386230358,0.3630349390117842,0.34470204117850195,0.5663716814159292,0.4646017699115044,0.7450447444646858
pilot_holdout,missing_only,0.0,0.0,0.0,10,documented,0.8687680364329192,0.10551761199803499,0.07194542071531941,0.6100868570364117,0.7292035398230089,0.620353982300885,0.8700336143224356
pilot_holdout,missing_only,0.0,0.0,0.0,10,aligned,0.8677570411927963,0.10592833946564113,0.07194542071531941,0.6054238105289113,0.7292035398230089,0.6150442477876106,0.86776660305339
pilot_holdout,missing_only,0.0,0.0,0.0,10,hyperplane_old,0.5503605333197965,0.16491944363383318,0.23320239818069052,0.47701140609851445,0.6619469026548673,0.5654867256637168,0.8143307877103381
pilot_holdout,missing_only,0.0,0.0,0.0,11,plain,0.2325738636684525,0.21208686386230358,0.3630349390117842,0.34470204117850195,0.5663716814159292,0.4646017699115044,0.7450447444646858
pilot_holdout,missing_only,0.0,0.0,0.0,11,documented,0.8687680364329192,0.10551761199803499,0.07194542071531941,0.6100868570364117,0.7292035398230089,0.620353982300885,0.8700336143224356
pilot_holdout,missing_only,0.0,0.0,0.0,11,aligned,0.8677570411927963,0.10592833946564113,0.07194542071531941,0.6054238105289113,0.7292035398230089,0.6150442477876106,0.86776660305339
pilot_holdout,missing_only,0.0,0.0,0.0,11,hyperplane_old,0.5503605333197965,0.16491944363383318,0.23320239818069052,0.47701140609851445,0.6619469026548673,0.5654867256637168,0.8143307877103381
pilot_holdout,missing_only,0.0,0.0,0.0,12,plain,0.2325738636684525,0.21208686386230358,0.3630349390117842,0.34470204117850195,0.5663716814159292,0.4646017699115044,0.7450447444646858
pilot_holdout,missing_only,0.0,0.0,0.0,12,documented,0.8687680364329192,0.10551761199803499,0.07194542071531941,0.6100868570364117,0.7292035398230089,0.620353982300885,0.8700336143224356
pilot_holdout,missing_only,0.0,0.0,0.0,12,aligned,0.8677570411927963,0.10592833946564113,0.07194542071531941,0.6054238105289113,0.7292035398230089,0.6150442477876106,0.86776660305339
pilot_holdout,missing_only,0.0,0.0,0.0,12,hyperplane_old,0.5503605333197965,0.16491944363383318,0.23320239818069052,0.47701140609851445,0.6619469026548673,0.5654867256637168,0.8143307877103381
pilot_holdout,missing_only,0.0,0.0,0.0,13,plain,0.2325738636684525,0.21208686386230358,0.3630349390117842,0.34470204117850195,0.5663716814159292,0.4646017699115044,0.7450447444646858
pilot_holdout,missing_only,0.0,0.0,0.0,13,documented,0.8687680364329192,0.10551761199803499,0.07194542071531941,0.6100868570364117,0.7292035398230089,0.620353982300885,0.8700336143224356
pilot_holdout,missing_only,0.0,0.0,0.0,13,aligned,0.8677570411927963,0.10592833946564113,0.07194542071531941,0.6054238105289113,0.7292035398230089,0.6150442477876106,0.86776660305339
pilot_holdout,missing_only,0.0,0.0,0.0,13,hyperplane_old,0.5503605333197965,0.16491944363383318,0.23320239818069052,0.47701140609851445,0.6619469026548673,0.5654867256637168,0.8143307877103381
pilot_holdout,missing_only,0.0,0.0,0.0,14,plain,0.2325738636684525,0.21208686386230358,0.3630349390117842,0.34470204117850195,0.5663716814159292,0.4646017699115044,0.7450447444646858
pilot_holdout,missing_only,0.0,0.0,0.0,14,documented,0.8687680364329192,0.10551761199803499,0.07194542071531941,0.6100868570364117,0.7292035398230089,0.620353982300885,0.8700336143224356
pilot_holdout,missing_only,0.0,0.0,0.0,14,aligned,0.8677570411927963,0.10592833946564113,0.07194542071531941,0.6054238105289113,0.7292035398230089,0.6150442477876106,0.86776660305339
pilot_holdout,missing_only,0.0,0.0,0.0,14,hyperplane_old,0.5503605333197965,0.16491944363383318,0.23320239818069052,0.47701140609851445,0.6619469026548673,0.5654867256637168,0.8143307877103381
pilot_holdout,missing_only,0.0,0.0,0.0,15,plain,0.2325738636684525,0.21208686386230358,0.3630349390117842,0.34470204117850195,0.5663716814159292,0.4646017699115044,0.7450447444646858
pilot_holdout,missing_only,0.0,0.0,0.0,15,documented,0.8687680364329192,0.10551761199803499,0.07194542071531941,0.6100868570364117,0.7292035398230089,0.620353982300885,0.8700336143224356
pilot_holdout,missing_only,0.0,0.0,0.0,15,aligned,0.8677570411927963,0.10592833946564113,0.07194542071531941,0.6054238105289113,0.7292035398230089,0.6150442477876106,0.86776660305339
pilot_holdout,missing_only,0.0,0.0,0.0,15,hyperplane_old,0.5503605333197965,0.16491944363383318,0.23320239818069052,0.47701140609851445,0.6619469026548673,0.5654867256637168,0.8143307877103381
pilot_holdout,missing_only,0.0,0.0,0.0,16,plain,0.2325738636684525,0.21208686386230358,0.3630349390117842,0.34470204117850195,0.5663716814159292,0.4646017699115044,0.7450447444646858
pilot_holdout,missing_only,0.0,0.0,0.0,16,documented,0.8687680364329192,0.10551761199803499,0.07194542071531941,0.6100868570364117,0.7292035398230089,0.620353982300885,0.8700336143224356
pilot_holdout,missing_only,0.0,0.0,0.0,16,aligned,0.8677570411927963,0.10592833946564113,0.07194542071531941,0.6054238105289113,0.7292035398230089,0.6150442477876106,0.86776660305339
pilot_holdout,missing_only,0.0,0.0,0.0,16,hyperplane_old,0.5503605333197965,0.16491944363383318,0.23320239818069052,0.47701140609851445,0.6619469026548673,0.5654867256637168,0.8143307877103381
pilot_holdout,missing_only,0.0,0.0,0.0,17,plain,0.2325738636684525,0.21208686386230358,0.3630349390117842,0.34470204117850195,0.5663716814159292,0.4646017699115044,0.7450447444646858
pilot_holdout,missing_only,0.0,0.0,0.0,17,documented,0.8687680364329192,0.10551761199803499,0.07194542071531941,0.6100868570364117,0.7292035398230089,0.620353982300885,0.8700336143224356
pilot_holdout,missing_only,0.0,0.0,0.0,17,aligned,0.8677570411927963,0.10592833946564113,0.07194542071531941,0.6054238105289113,0.7292035398230089,0.6150442477876106,0.86776660305339
pilot_holdout,missing_only,0.0,0.0,0.0,17,hyperplane_old,0.5503605333197965,0.16491944363383318,0.23320239818069052,0.47701140609851445,0.6619469026548673,0.5654867256637168,0.8143307877103381
pilot_holdout,missing_only,0.0,0.0,0.0,18,plain,0.2325738636684525,0.21208686386230358,0.3630349390117842,0.34470204117850195,0.5663716814159292,0.4646017699115044,0.7450447444646858
pilot_holdout,missing_only,0.0,0.0,0.0,18,documented,0.8687680364329192,0.10551761199803499,0.07194542071531941,0.6100868570364117,0.7292035398230089,0.620353982300885,0.8700336143224356
pilot_holdout,missing_only,0.0,0.0,0.0,18,aligned,0.8677570411927963,0.10592833946564113,0.07194542071531941,0.6054238105289113,0.7292035398230089,0.6150442477876106,0.86776660305339
pilot_holdout,missing_only,0.0,0.0,0.0,18,hyperplane_old,0.5503605333197965,0.16491944363383318,0.23320239818069052,0.47701140609851445,0.6619469026548673,0.5654867256637168,0.8143307877103381
pilot_holdout,missing_only,0.0,0.0,0.0,19,plain,0.2325738636684525,0.21208686386230358,0.3630349390117842,0.34470204117850195,0.5663716814159292,0.4646017699115044,0.7450447444646858
pilot_holdout,missing_only,0.0,0.0,0.0,19,documented,0.8687680364329192,0.10551761199803499,0.07194542071531941,0.6100868570364117,0.7292035398230089,0.620353982300885,0.8700336143224356
pilot_holdout,missing_only,0.0,0.0,0.0,19,aligned,0.8677570411927963,0.10592833946564113,0.07194542071531941,0.6054238105289113,0.7292035398230089,0.6150442477876106,0.86776660305339
pilot_holdout,missing_only,0.0,0.0,0.0,19,hyperplane_old,0.5503605333197965,0.16491944363383318,0.23320239818069052,0.47701140609851445,0.6619469026548673,0.5654867256637168,0.8143307877103381
pilot_holdout,missing_only,0.0,0.0,0.0,20,plain,0.2325738636684525,0.21208686386230358,0.3630349390117842,0.34470204117850195,0.5663716814159292,0.4646017699115044,0.7450447444646858
pilot_holdout,missing_only,0.0,0.0,0.0,20,documented,0.8687680364329192,0.10551761199803499,0.07194542071531941,0.6100868570364117,0.7292035398230089,0.620353982300885,0.8700336143224356
pilot_holdout,missing_only,0.0,0.0,0.0,20,aligned,0.8677570411927963,0.10592833946564113,0.07194542071531941,0.6054238105289113,0.7292035398230089,0.6150442477876106,0.86776660305339
pilot_holdout,missing_only,0.0,0.0,0.0,20,hyperplane_old,0.5503605333197965,0.16491944363383318,0.23320239818069052,0.47701140609851445,0.6619469026548673,0.5654867256637168,0.8143307877103381
pilot_holdout,missing_only,0.0,0.0,0.0,21,plain,0.2325738636684525,0.21208686386230358,0.3630349390117842,0.34470204117850195,0.5663716814159292,0.4646017699115044,0.7450447444646858
pilot_holdout,missing_only,0.0,0.0,0.0,21,documented,0.8687680364329192,0.10551761199803499,0.07194542071531941,0.6100868570364117,0.7292035398230089,0.620353982300885,0.8700336143224356
pilot_holdout,missing_only,0.0,0.0,0.0,21,aligned,0.8677570411927963,0.10592833946564113,0.07194542071531941,0.6054238105289113,0.7292035398230089,0.6150442477876106,0.86776660305339
pilot_holdout,missing_only,0.0,0.0,0.0,21,hyperplane_old,0.5503605333197965,0.16491944363383318,0.23320239818069052,0.47701140609851445,0.6619469026548673,0.5654867256637168,0.8143307877103381
pilot_holdout,missing_only,0.0,0.0,0.0,22,plain,0.2325738636684525,0.21208686386230358,0.3630349390117842,0.34470204117850195,0.5663716814159292,0.4646017699115044,0.7450447444646858
pilot_holdout,missing_only,0.0,0.0,0.0,22,documented,0.8687680364329192,0.10551761199803499,0.07194542071531941,0.6100868570364117,0.7292035398230089,0.620353982300885,0.8700336143224356
pilot_holdout,missing_only,0.0,0.0,0.0,22,aligned,0.8677570411927963,0.10592833946564113,0.07194542071531941,0.6054238105289113,0.7292035398230089,0.6150442477876106,0.86776660305339
pilot_holdout,missing_only,0.0,0.0,0.0,22,hyperplane_old,0.5503605333197965,0.16491944363383318,0.23320239818069052,0.47701140609851445,0.6619469026548673,0.5654867256637168,0.8143307877103381
pilot_holdout,missing_only,0.0,0.0,0.0,23,plain,0.2325738636684525,0.21208686386230358,0.3630349390117842,0.34470204117850195,0.5663716814159292,0.4646017699115044,0.7450447444646858
pilot_holdout,missing_only,0.0,0.0,0.0,23,documented,0.8687680364329192,0.10551761199803499,0.07194542071531941,0.6100868570364117,0.7292035398230089,0.620353982300885,0.8700336143224356
pilot_holdout,missing_only,0.0,0.0,0.0,23,aligned,0.8677570411927963,0.10592833946564113,0.07194542071531941,0.6054238105289113,0.7292035398230089,0.6150442477876106,0.86776660305339
pilot_holdout,missing_only,0.0,0.0,0.0,23,hyperplane_old,0.5503605333197965,0.16491944363383318,0.23320239818069052,0.47701140609851445,0.6619469026548673,0.5654867256637168,0.8143307877103381
pilot_holdout,missing_only,0.0,0.0,0.0,24,plain,0.2325738636684525,0.21208686386230358,0.3630349390117842,0.34470204117850195,0.5663716814159292,0.4646017699115044,0.7450447444646858
pilot_holdout,missing_only,0.0,0.0,0.0,24,documented,0.8687680364329192,0.10551761199803499,0.07194542071531941,0.6100868570364117,0.7292035398230089,0.620353982300885,0.8700336143224356
pilot_holdout,missing_only,0.0,0.0,0.0,24,aligned,0.8677570411927963,0.10592833946564113,0.07194542071531941,0.6054238105289113,0.7292035398230089,0.6150442477876106,0.86776660305339
pilot_holdout,missing_only,0.0,0.0,0.0,24,hyperplane_old,0.5503605333197965,0.16491944363383318,0.23320239818069052,0.47701140609851445,0.6619469026548673,0.5654867256637168,0.8143307877103381
pilot_holdout,missing_only,0.0,0.0,0.0,25,plain,0.2325738636684525,0.21208686386230358,0.3630349390117842,0.34470204117850195,0.5663716814159292,0.4646017699115044,0.7450447444646858
pilot_holdout,missing_only,0.0,0.0,0.0,25,documented,0.8687680364329192,0.10551761199803499,0.07194542071531941,0.6100868570364117,0.7292035398230089,0.620353982300885,0.8700336143224356
pilot_holdout,missing_only,0.0,0.0,0.0,25,aligned,0.8677570411927963,0.10592833946564113,0.07194542071531941,0.6054238105289113,0.7292035398230089,0.6150442477876106,0.86776660305339
pilot_holdout,missing_only,0.0,0.0,0.0,25,hyperplane_old,0.5503605333197965,0.16491944363383318,0.23320239818069052,0.47701140609851445,0.6619469026548673,0.5654867256637168,0.8143307877103381
pilot_holdout,missing_only,0.0,0.0,0.0,26,plain,0.2325738636684525,0.21208686386230358,0.3630349390117842,0.34470204117850195,0.5663716814159292,0.4646017699115044,0.7450447444646858
pilot_holdout,missing_only,0.0,0.0,0.0,26,documented,0.8687680364329192,0.10551761199803499,0.07194542071531941,0.6100868570364117,0.7292035398230089,0.620353982300885,0.8700336143224356
pilot_holdout,missing_only,0.0,0.0,0.0,26,aligned,0.8677570411927963,0.10592833946564113,0.07194542071531941,0.6054238105289113,0.7292035398230089,0.6150442477876106,0.86776660305339
pilot_holdout,missing_only,0.0,0.0,0.0,26,hyperplane_old,0.5503605333197965,0.16491944363383318,0.23320239818069052,0.47701140609851445,0.6619469026548673,0.5654867256637168,0.8143307877103381
pilot_holdout,missing_only,0.0,0.0,0.0,27,plain,0.2325738636684525,0.21208686386230358,0.3630349390117842,0.34470204117850195,0.5663716814159292,0.4646017699115044,0.7450447444646858
pilot_holdout,missing_only,0.0,0.0,0.0,27,documented,0.8687680364329192,0.10551761199803499,0.07194542071531941,0.6100868570364117,0.7292035398230089,0.620353982300885,0.8700336143224356
pilot_holdout,missing_only,0.0,0.0,0.0,27,aligned,0.8677570411927963,0.10592833946564113,0.07194542071531941,0.6054238105289113,0.7292035398230089,0.6150442477876106,0.86776660305339
pilot_holdout,missing_only,0.0,0.0,0.0,27,hyperplane_old,0.5503605333197965,0.16491944363383318,0.23320239818069052,0.47701140609851445,0.6619469026548673,0.5654867256637168,0.8143307877103381
pilot_holdout,missing_only,0.0,0.0,0.0,28,plain,0.2325738636684525,0.21208686386230358,0.3630349390117842,0.34470204117850195,0.5663716814159292,0.4646017699115044,0.7450447444646858
pilot_holdout,missing_only,0.0,0.0,0.0,28,documented,0.8687680364329192,0.10551761199803499,0.07194542071531941,0.6100868570364117,0.7292035398230089,0.620353982300885,0.8700336143224356
pilot_holdout,missing_only,0.0,0.0,0.0,28,aligned,0.8677570411927963,0.10592833946564113,0.07194542071531941,0.6054238105289113,0.7292035398230089,0.6150442477876106,0.86776660305339
pilot_holdout,missing_only,0.0,0.0,0.0,28,hyperplane_old,0.5503605333197965,0.16491944363383318,0.23320239818069052,0.47701140609851445,0.6619469026548673,0.5654867256637168,0.8143307877103381
pilot_holdout,missing_only,0.0,0.0,0.0,29,plain,0.2325738636684525,0.21208686386230358,0.3630349390117842,0.34470204117850195,0.5663716814159292,0.4646017699115044,0.7450447444646858
pilot_holdout,missing_only,0.0,0.0,0.0,29,documented,0.8687680364329192,0.10551761199803499,0.07194542071531941,0.6100868570364117,0.7292035398230089,0.620353982300885,0.8700336143224356
pilot_holdout,missing_only,0.0,0.0,0.0,29,aligned,0.8677570411927963,0.10592833946564113,0.07194542071531941,0.6054238105289113,0.7292035398230089,0.6150442477876106,0.86776660305339
pilot_holdout,missing_only,0.0,0.0,0.0,29,hyperplane_old,0.5503605333197965,0.16491944363383318,0.23320239818069052,0.47701140609851445,0.6619469026548673,0.5654867256637168,0.8143307877103381
pilot_holdout,missing_only,0.0,0.0,0.0,30,plain,0.2325738636684525,0.21208686386230358,0.3630349390117842,0.34470204117850195,0.5663716814159292,0.4646017699115044,0.7450447444646858
pilot_holdout,missing_only,0.0,0.0,0.0,30,documented,0.8687680364329192,0.10551761199803499,0.07194542071531941,0.6100868570364117,0.7292035398230089,0.620353982300885,0.8700336143224356
pilot_holdout,missing_only,0.0,0.0,0.0,30,aligned,0.8677570411927963,0.10592833946564113,0.07194542071531941,0.6054238105289113,0.7292035398230089,0.6150442477876106,0.86776660305339
pilot_holdout,missing_only,0.0,0.0,0.0,30,hyperplane_old,0.5503605333197965,0.16491944363383318,0.23320239818069052,0.47701140609851445,0.6619469026548673,0.5654867256637168,0.8143307877103381
pilot_holdout,missing_only,0.0,0.0,0.0,31,plain,0.2325738636684525,0.21208686386230358,0.3630349390117842,0.34470204117850195,0.5663716814159292,0.4646017699115044,0.7450447444646858
pilot_holdout,missing_only,0.0,0.0,0.0,31,documented,0.8687680364329192,0.10551761199803499,0.07194542071531941,0.6100868570364117,0.7292035398230089,0.620353982300885,0.8700336143224356
pilot_holdout,missing_only,0.0,0.0,0.0,31,aligned,0.8677570411927963,0.10592833946564113,0.07194542071531941,0.6054238105289113,0.7292035398230089,0.6150442477876106,0.86776660305339
pilot_holdout,missing_only,0.0,0.0,0.0,31,hyperplane_old,0.5503605333197965,0.16491944363383318,0.23320239818069052,0.47701140609851445,0.6619469026548673,0.5654867256637168,0.8143307877103381
pilot_holdout,missing_only,0.0,0.0,0.0,32,plain,0.2325738636684525,0.21208686386230358,0.3630349390117842,0.34470204117850195,0.5663716814159292,0.4646017699115044,0.7450447444646858
pilot_holdout,missing_only,0.0,0.0,0.0,32,documented,0.8687680364329192,0.10551761199803499,0.07194542071531941,0.6100868570364117,0.7292035398230089,0.620353982300885,0.8700336143224356
pilot_holdout,missing_only,0.0,0.0,0.0,32,aligned,0.8677570411927963,0.10592833946564113,0.07194542071531941,0.6054238105289113,0.7292035398230089,0.6150442477876106,0.86776660305339
pilot_holdout,missing_only,0.0,0.0,0.0,32,hyperplane_old,0.5503605333197965,0.16491944363383318,0.23320239818069052,0.47701140609851445,0.6619469026548673,0.5654867256637168,0.8143307877103381
pilot_holdout,missing_only,0.0,0.0,0.0,33,plain,0.2325738636684525,0.21208686386230358,0.3630349390117842,0.34470204117850195,0.5663716814159292,0.4646017699115044,0.7450447444646858
pilot_holdout,missing_only,0.0,0.0,0.0,33,documented,0.8687680364329192,0.10551761199803499,0.07194542071531941,0.6100868570364117,0.7292035398230089,0.620353982300885,0.8700336143224356
pilot_holdout,missing_only,0.0,0.0,0.0,33,aligned,0.8677570411927963,0.10592833946564113,0.07194542071531941,0.6054238105289113,0.7292035398230089,0.6150442477876106,0.86776660305339
pilot_holdout,missing_only,0.0,0.0,0.0,33,hyperplane_old,0.5503605333197965,0.16491944363383318,0.23320239818069052,0.47701140609851445,0.6619469026548673,0.5654867256637168,0.8143307877103381
pilot_holdout,missing_only,0.0,0.0,0.0,34,plain,0.2325738636684525,0.21208686386230358,0.3630349390117842,0.34470204117850195,0.5663716814159292,0.4646017699115044,0.7450447444646858
pilot_holdout,missing_only,0.0,0.0,0.0,34,documented,0.8687680364329192,0.10551761199803499,0.07194542071531941,0.6100868570364117,0.7292035398230089,0.620353982300885,0.8700336143224356
pilot_holdout,missing_only,0.0,0.0,0.0,34,aligned,0.8677570411927963,0.10592833946564113,0.07194542071531941,0.6054238105289113,0.7292035398230089,0.6150442477876106,0.86776660305339
pilot_holdout,missing_only,0.0,0.0,0.0,34,hyperplane_old,0.5503605333197965,0.16491944363383318,0.23320239818069052,0.47701140609851445,0.6619469026548673,0.5654867256637168,0.8143307877103381
pilot_holdout,missing_only,0.0,0.0,0.0,35,plain,0.2325738636684525,0.21208686386230358,0.3630349390117842,0.34470204117850195,0.5663716814159292,0.4646017699115044,0.7450447444646858
pilot_holdout,missing_only,0.0,0.0,0.0,35,documented,0.8687680364329192,0.10551761199803499,0.07194542071531941,0.6100868570364117,0.7292035398230089,0.620353982300885,0.8700336143224356
pilot_holdout,missing_only,0.0,0.0,0.0,35,aligned,0.8677570411927963,0.10592833946564113,0.07194542071531941,0.6054238105289113,0.7292035398230089,0.6150442477876106,0.86776660305339
pilot_holdout,missing_only,0.0,0.0,0.0,35,hyperplane_old,0.5503605333197965,0.16491944363383318,0.23320239818069052,0.47701140609851445,0.6619469026548673,0.5654867256637168,0.8143307877103381
pilot_holdout,missing_only,0.0,0.0,0.0,36,plain,0.2325738636684525,0.21208686386230358,0.3630349390117842,0.34470204117850195,0.5663716814159292,0.4646017699115044,0.7450447444646858
pilot_holdout,missing_only,0.0,0.0,0.0,36,documented,0.8687680364329192,0.10551761199803499,0.07194542071531941,0.6100868570364117,0.7292035398230089,0.620353982300885,0.8700336143224356
pilot_holdout,missing_only,0.0,0.0,0.0,36,aligned,0.8677570411927963,0.10592833946564113,0.07194542071531941,0.6054238105289113,0.7292035398230089,0.6150442477876106,0.86776660305339
pilot_holdout,missing_only,0.0,0.0,0.0,36,hyperplane_old,0.5503605333197965,0.16491944363383318,0.23320239818069052,0.47701140609851445,0.6619469026548673,0.5654867256637168,0.8143307877103381
pilot_holdout,missing_only,0.0,0.0,0.0,37,plain,0.2325738636684525,0.21208686386230358,0.3630349390117842,0.34470204117850195,0.5663716814159292,0.4646017699115044,0.7450447444646858
pilot_holdout,missing_only,0.0,0.0,0.0,37,documented,0.8687680364329192,0.10551761199803499,0.07194542071531941,0.6100868570364117,0.7292035398230089,0.620353982300885,0.8700336143224356
pilot_holdout,missing_only,0.0,0.0,0.0,37,aligned,0.8677570411927963,0.10592833946564113,0.07194542071531941,0.6054238105289113,0.7292035398230089,0.6150442477876106,0.86776660305339
pilot_holdout,missing_only,0.0,0.0,0.0,37,hyperplane_old,0.5503605333197965,0.16491944363383318,0.23320239818069052,0.47701140609851445,0.6619469026548673,0.5654867256637168,0.8143307877103381
pilot_holdout,missing_only,0.0,0.0,0.0,38,plain,0.2325738636684525,0.21208686386230358,0.3630349390117842,0.34470204117850195,0.5663716814159292,0.4646017699115044,0.7450447444646858
pilot_holdout,missing_only,0.0,0.0,0.0,38,documented,0.8687680364329192,0.10551761199803499,0.07194542071531941,0.6100868570364117,0.7292035398230089,0.620353982300885,0.8700336143224356
pilot_holdout,missing_only,0.0,0.0,0.0,38,aligned,0.8677570411927963,0.10592833946564113,0.07194542071531941,0.6054238105289113,0.7292035398230089,0.6150442477876106,0.86776660305339
pilot_holdout,missing_only,0.0,0.0,0.0,38,hyperplane_old,0.5503605333197965,0.16491944363383318,0.23320239818069052,0.47701140609851445,0.6619469026548673,0.5654867256637168,0.8143307877103381
pilot_holdout,missing_only,0.0,0.0,0.0,39,plain,0.2325738636684525,0.21208686386230358,0.3630349390117842,0.34470204117850195,0.5663716814159292,0.4646017699115044,0.7450447444646858
pilot_holdout,missing_only,0.0,0.0,0.0,39,documented,0.8687680364329192,0.10551761199803499,0.07194542071531941,0.6100868570364117,0.7292035398230089,0.620353982300885,0.8700336143224356
pilot_holdout,missing_only,0.0,0.0,0.0,39,aligned,0.8677570411927963,0.10592833946564113,0.07194542071531941,0.6054238105289113,0.7292035398230089,0.6150442477876106,0.86776660305339
pilot_holdout,missing_only,0.0,0.0,0.0,39,hyperplane_old,0.5503605333197965,0.16491944363383318,0.23320239818069052,0.47701140609851445,0.6619469026548673,0.5654867256637168,0.8143307877103381
pilot_holdout,missing_only,0.0,0.0,0.0,40,plain,0.2325738636684525,0.21208686386230358,0.3630349390117842,0.34470204117850195,0.5663716814159292,0.4646017699115044,0.7450447444646858
pilot_holdout,missing_only,0.0,0.0,0.0,40,documented,0.8687680364329192,0.10551761199803499,0.07194542071531941,0.6100868570364117,0.7292035398230089,0.620353982300885,0.8700336143224356
pilot_holdout,missing_only,0.0,0.0,0.0,40,aligned,0.8677570411927963,0.10592833946564113,0.07194542071531941,0.6054238105289113,0.7292035398230089,0.6150442477876106,0.86776660305339
pilot_holdout,missing_only,0.0,0.0,0.0,40,hyperplane_old,0.5503605333197965,0.16491944363383318,0.23320239818069052,0.47701140609851445,0.6619469026548673,0.5654867256637168,0.8143307877103381
pilot_holdout,missing_only,0.0,0.0,0.0,41,plain,0.2325738636684525,0.21208686386230358,0.3630349390117842,0.34470204117850195,0.5663716814159292,0.4646017699115044,0.7450447444646858
pilot_holdout,missing_only,0.0,0.0,0.0,41,documented,0.8687680364329192,0.10551761199803499,0.07194542071531941,0.6100868570364117,0.7292035398230089,0.620353982300885,0.8700336143224356
pilot_holdout,missing_only,0.0,0.0,0.0,41,aligned,0.8677570411927963,0.10592833946564113,0.07194542071531941,0.6054238105289113,0.7292035398230089,0.6150442477876106,0.86776660305339
pilot_holdout,missing_only,0.0,0.0,0.0,41,hyperplane_old,0.5503605333197965,0.16491944363383318,0.23320239818069052,0.47701140609851445,0.6619469026548673,0.5654867256637168,0.8143307877103381
pilot_holdout,missing_only,0.0,0.0,0.0,42,plain,0.2325738636684525,0.21208686386230358,0.3630349390117842,0.34470204117850195,0.5663716814159292,0.4646017699115044,0.7450447444646858
pilot_holdout,missing_only,0.0,0.0,0.0,42,documented,0.8687680364329192,0.10551761199803499,0.07194542071531941,0.6100868570364117,0.7292035398230089,0.620353982300885,0.8700336143224356
pilot_holdout,missing_only,0.0,0.0,0.0,42,aligned,0.8677570411927963,0.10592833946564113,0.07194542071531941,0.6054238105289113,0.7292035398230089,0.6150442477876106,0.86776660305339
pilot_holdout,missing_only,0.0,0.0,0.0,42,hyperplane_old,0.5503605333197965,0.16491944363383318,0.23320239818069052,0.47701140609851445,0.6619469026548673,0.5654867256637168,0.8143307877103381
pilot_holdout,missing_only,0.0,0.0,0.0,43,plain,0.2325738636684525,0.21208686386230358,0.3630349390117842,0.34470204117850195,0.5663716814159292,0.4646017699115044,0.7450447444646858
pilot_holdout,missing_only,0.0,0.0,0.0,43,documented,0.8687680364329192,0.10551761199803499,0.07194542071531941,0.6100868570364117,0.7292035398230089,0.620353982300885,0.8700336143224356
pilot_holdout,missing_only,0.0,0.0,0.0,43,aligned,0.8677570411927963,0.10592833946564113,0.07194542071531941,0.6054238105289113,0.7292035398230089,0.6150442477876106,0.86776660305339
pilot_holdout,missing_only,0.0,0.0,0.0,43,hyperplane_old,0.5503605333197965,0.16491944363383318,0.23320239818069052,0.47701140609851445,0.6619469026548673,0.5654867256637168,0.8143307877103381
pilot_holdout,missing_only,0.0,0.0,0.0,44,plain,0.2325738636684525,0.21208686386230358,0.3630349390117842,0.34470204117850195,0.5663716814159292,0.4646017699115044,0.7450447444646858
pilot_holdout,missing_only,0.0,0.0,0.0,44,documented,0.8687680364329192,0.10551761199803499,0.07194542071531941,0.6100868570364117,0.7292035398230089,0.620353982300885,0.8700336143224356
pilot_holdout,missing_only,0.0,0.0,0.0,44,aligned,0.8677570411927963,0.10592833946564113,0.07194542071531941,0.6054238105289113,0.7292035398230089,0.6150442477876106,0.86776660305339
pilot_holdout,missing_only,0.0,0.0,0.0,44,hyperplane_old,0.5503605333197965,0.16491944363383318,0.23320239818069052,0.47701140609851445,0.6619469026548673,0.5654867256637168,0.8143307877103381
pilot_holdout,missing_only,0.0,0.0,0.0,45,plain,0.2325738636684525,0.21208686386230358,0.3630349390117842,0.34470204117850195,0.5663716814159292,0.4646017699115044,0.7450447444646858
pilot_holdout,missing_only,0.0,0.0,0.0,45,documented,0.8687680364329192,0.10551761199803499,0.07194542071531941,0.6100868570364117,0.7292035398230089,0.620353982300885,0.8700336143224356
pilot_holdout,missing_only,0.0,0.0,0.0,45,aligned,0.8677570411927963,0.10592833946564113,0.07194542071531941,0.6054238105289113,0.7292035398230089,0.6150442477876106,0.86776660305339
pilot_holdout,missing_only,0.0,0.0,0.0,45,hyperplane_old,0.5503605333197965,0.16491944363383318,0.23320239818069052,0.47701140609851445,0.6619469026548673,0.5654867256637168,0.8143307877103381
pilot_holdout,missing_only,0.0,0.0,0.0,46,plain,0.2325738636684525,0.21208686386230358,0.3630349390117842,0.34470204117850195,0.5663716814159292,0.4646017699115044,0.7450447444646858
pilot_holdout,missing_only,0.0,0.0,0.0,46,documented,0.8687680364329192,0.10551761199803499,0.07194542071531941,0.6100868570364117,0.7292035398230089,0.620353982300885,0.8700336143224356
pilot_holdout,missing_only,0.0,0.0,0.0,46,aligned,0.8677570411927963,0.10592833946564113,0.07194542071531941,0.6054238105289113,0.7292035398230089,0.6150442477876106,0.86776660305339
pilot_holdout,missing_only,0.0,0.0,0.0,46,hyperplane_old,0.5503605333197965,0.16491944363383318,0.23320239818069052,0.47701140609851445,0.6619469026548673,0.5654867256637168,0.8143307877103381
pilot_holdout,missing_only,0.0,0.0,0.0,47,plain,0.2325738636684525,0.21208686386230358,0.3630349390117842,0.34470204117850195,0.5663716814159292,0.4646017699115044,0.7450447444646858
pilot_holdout,missing_only,0.0,0.0,0.0,47,documented,0.8687680364329192,0.10551761199803499,0.07194542071531941,0.6100868570364117,0.7292035398230089,0.620353982300885,0.8700336143224356
pilot_holdout,missing_only,0.0,0.0,0.0,47,aligned,0.8677570411927963,0.10592833946564113,0.07194542071531941,0.6054238105289113,0.7292035398230089,0.6150442477876106,0.86776660305339
pilot_holdout,missing_only,0.0,0.0,0.0,47,hyperplane_old,0.5503605333197965,0.16491944363383318,0.23320239818069052,0.47701140609851445,0.6619469026548673,0.5654867256637168,0.8143307877103381
pilot_holdout,missing_only,0.0,0.0,0.0,48,plain,0.2325738636684525,0.21208686386230358,0.3630349390117842,0.34470204117850195,0.5663716814159292,0.4646017699115044,0.7450447444646858
pilot_holdout,missing_only,0.0,0.0,0.0,48,documented,0.8687680364329192,0.10551761199803499,0.07194542071531941,0.6100868570364117,0.7292035398230089,0.620353982300885,0.8700336143224356
pilot_holdout,missing_only,0.0,0.0,0.0,48,aligned,0.8677570411927963,0.10592833946564113,0.07194542071531941,0.6054238105289113,0.7292035398230089,0.6150442477876106,0.86776660305339
pilot_holdout,missing_only,0.0,0.0,0.0,48,hyperplane_old,0.5503605333197965,0.16491944363383318,0.23320239818069052,0.47701140609851445,0.6619469026548673,0.5654867256637168,0.8143307877103381
pilot_holdout,missing_only,0.0,0.0,0.0,49,plain,0.2325738636684525,0.21208686386230358,0.3630349390117842,0.34470204117850195,0.5663716814159292,0.4646017699115044,0.7450447444646858
pilot_holdout,missing_only,0.0,0.0,0.0,49,documented,0.8687680364329192,0.10551761199803499,0.07194542071531941,0.6100868570364117,0.7292035398230089,0.620353982300885,0.8700336143224356
pilot_holdout,missing_only,0.0,0.0,0.0,49,aligned,0.8677570411927963,0.10592833946564113,0.07194542071531941,0.6054238105289113,0.7292035398230089,0.6150442477876106,0.86776660305339
pilot_holdout,missing_only,0.0,0.0,0.0,49,hyperplane_old,0.5503605333197965,0.16491944363383318,0.23320239818069052,0.47701140609851445,0.6619469026548673,0.5654867256637168,0.8143307877103381
pilot_holdout,missing_only,0.1,0.0,0.0,0,plain,0.2325738636684525,0.21208686386230358,0.3630349390117842,0.34470204117850195,0.5663716814159292,0.4646017699115044,0.7450447444646858
pilot_holdout,missing_only,0.1,0.0,0.0,0,documented,0.8455698128800475,0.11285447451986728,0.09613396733512508,0.580891167202058,0.7026548672566372,0.5982300884955751,0.8533303826143409
pilot_holdout,missing_only,0.1,0.0,0.0,0,aligned,0.8572444550289481,0.10892526130257409,0.08352284473847427,0.5971530807466906,0.7132743362831858,0.6008849557522125,0.8570685176483835
pilot_holdout,missing_only,0.1,0.0,0.0,0,hyperplane_old,0.4950849874869454,0.17478986753422465,0.2563572462270002,0.4543429340121626,0.6353982300884957,0.5451327433628319,0.7961427395353773
pilot_holdout,missing_only,0.1,0.0,0.0,1,plain,0.2325738636684525,0.21208686386230358,0.3630349390117842,0.34470204117850195,0.5663716814159292,0.4646017699115044,0.7450447444646858
pilot_holdout,missing_only,0.1,0.0,0.0,1,documented,0.8388336849861755,0.11249842451514977,0.09013851560884846,0.5778446277645395,0.695575221238938,0.5849557522123894,0.8457930369996591
pilot_holdout,missing_only,0.1,0.0,0.0,1,aligned,0.8387047293952679,0.11310756570084407,0.09034525532354766,0.571481966480034,0.7008849557522123,0.5867256637168142,0.8477052748220792
pilot_holdout,missing_only,0.1,0.0,0.0,1,hyperplane_old,0.4768682492810174,0.17878919261917128,0.2728964234029357,0.4342562121658475,0.6336283185840708,0.5336283185840708,0.7882544576287028
pilot_holdout,missing_only,0.1,0.0,0.0,2,plain,0.2325738636684525,0.21208686386230358,0.3630349390117842,0.34470204117850195,0.5663716814159292,0.4646017699115044,0.7450447444646858
pilot_holdout,missing_only,0.1,0.0,0.0,2,documented,0.8531013585496949,0.11050821741036354,0.08683068017366136,0.5883319848856039,0.7061946902654866,0.6035398230088496,0.8489479696141784
pilot_holdout,missing_only,0.1,0.0,0.0,2,aligned,0.860392261107961,0.10782257179699466,0.07608021500930329,0.5925497943457085,0.7097345132743362,0.597345132743363,0.8523914338329376
pilot_holdout,missing_only,0.1,0.0,0.0,2,hyperplane_old,0.4741098978292263,0.17873755026990415,0.26814140996485425,0.4273503275750921,0.6424778761061947,0.5371681415929204,0.8001977345642869
pilot_holdout,missing_only,0.1,0.0,0.0,3,plain,0.2325738636684525,0.21208686386230358,0.3630349390117842,0.34470204117850195,0.5663716814159292,0.4646017699115044,0.7450447444646858
pilot_holdout,missing_only,0.1,0.0,0.0,3,documented,0.8399342522790337,0.11499283118970915,0.1017159396320033,0.5719345672476471,0.6991150442477876,0.597345132743363,0.8454137131468284
pilot_holdout,missing_only,0.1,0.0,0.0,3,aligned,0.843245864355415,0.11377988745259486,0.09696092619392185,0.5714851893799193,0.71858407079646,0.6017699115044249,0.8523460369076324
pilot_holdout,missing_only,0.1,0.0,0.0,3,hyperplane_old,0.45274780616803234,0.18068997029365272,0.2865412445730825,0.4422576674388765,0.6336283185840708,0.5327433628318584,0.7935836022296827
pilot_holdout,missing_only,0.1,0.0,0.0,4,plain,0.2325738636684525,0.21208686386230358,0.3630349390117842,0.34470204117850195,0.5663716814159292,0.4646017699115044,0.7450447444646858
pilot_holdout,missing_only,0.1,0.0,0.0,4,documented,0.8460989672975002,0.11189386064091653,0.08600372131486458,0.5810452130043867,0.7150442477876106,0.608849557522124,0.8558411406383254
pilot_holdout,missing_only,0.1,0.0,0.0,4,aligned,0.8451928882376539,0.11248629126718734,0.08517676245606781,0.5754376633283785,0.7221238938053097,0.6053097345132744,0.8588667189784281
pilot_holdout,missing_only,0.1,0.0,0.0,4,hyperplane_old,0.4866805490998213,0.17492263416372034,0.2598718213768865,0.4535692900010628,0.6336283185840708,0.5442477876106194,0.7927588546436467
pilot_holdout,missing_only,0.1,0.0,0.0,5,plain,0.2325738636684525,0.21208686386230358,0.3630349390117842,0.34470204117850195,0.5663716814159292,0.4646017699115044,0.7450447444646858
pilot_holdout,missing_only,0.1,0.0,0.0,5,documented,0.8146373550678564,0.12061614085450291,0.12073599338432912,0.5549895994702664,0.6849557522123894,0.5884955752212389,0.8416603114136822
pilot_holdout,missing_only,0.1,0.0,0.0,5,aligned,0.8197953334251333,0.11893057317802733,0.11556750051684929,0.5602142306394855,0.697345132743363,0.5938053097345134,0.8461468078125564
pilot_holdout,missing_only,0.1,0.0,0.0,5,hyperplane_old,0.4928901679780748,0.1752187474206478,0.25263593136241475,0.43552334960376055,0.6176991150442479,0.5274336283185841,0.7869899435001692
pilot_holdout,missing_only,0.1,0.0,0.0,6,plain,0.2325738636684525,0.21208686386230358,0.3630349390117842,0.34470204117850195,0.5663716814159292,0.4646017699115044,0.7450447444646858
pilot_holdout,missing_only,0.1,0.0,0.0,6,documented,0.843832883953361,0.11243366328923873,0.08641720074426297,0.5696475350275402,0.7221238938053097,0.604424778761062,0.8523185128634307
pilot_holdout,missing_only,0.1,0.0,0.0,6,aligned,0.8442817890224015,0.11228886897758615,0.08517676245606781,0.565307663748858,0.7168141592920354,0.6035398230088496,0.8552606836298081
pilot_holdout,missing_only,0.1,0.0,0.0,6,hyperplane_old,0.5008919290619023,0.17404538169926087,0.26111225966508167,0.4416368935357757,0.6442477876106194,0.5380530973451327,0.7959043110195716
pilot_holdout,missing_only,0.1,0.0,0.0,7,plain,0.2325738636684525,0.21208686386230358,0.3630349390117842,0.34470204117850195,0.5663716814159292,0.4646017699115044,0.7450447444646858
pilot_holdout,missing_only,0.1,0.0,0.0,7,documented,0.8649535352033403,0.1059536632094422,0.07070498242712425,0.6017897895856557,0.7221238938053097,0.607079646017699,0.8584403414653347
pilot_holdout,missing_only,0.1,0.0,0.0,7,aligned,0.865516409533159,0.10623736659637494,0.0692578044242299,0.5970392720920001,0.727433628318584,0.604424778761062,0.8616915359967445
pilot_holdout,missing_only,0.1,0.0,0.0,7,hyperplane_old,0.504591266397059,0.17257586693613816,0.2462270002067397,0.45125327516078223,0.6513274336283187,0.5548672566371681,0.8034256352967768
pilot_holdout,missing_only,0.1,0.0,0.0,8,plain,0.2325738636684525,0.21208686386230358,0.3630349390117842,0.34470204117850195,0.5663716814159292,0.4646017699115044,0.7450447444646858
pilot_holdout,missing_only,0.1,0.0,0.0,8,documented,0.8471105929609083,0.11119455465308813,0.08703741988836056,0.578647770170594,0.7026548672566371,0.6000000000000001,0.8527043998772892
pilot_holdout,missing_only,0.1,0.0,0.0,8,aligned,0.845941757956548,0.11130839830698253,0.0919991730411412,0.5785683649175087,0.7132743362831858,0.6044247787610619,0.8605206172886566
pilot_holdout,missing_only,0.1,0.0,0.0,8,hyperplane_old,0.48541445824319174,0.17637579808434362,0.2588381228033905,0.44664111475532575,0.6336283185840708,0.5389380530973451,0.7911033610051815
pilot_holdout,missing_only,0.1,0.0,0.0,9,plain,0.2325738636684525,0.21208686386230358,0.3630349390117842,0.34470204117850195,0.5663716814159292,0.4646017699115044,0.7450447444646858
pilot_holdout,missing_only,0.1,0.0,0.0,9,documented,0.8463395419046993,0.11276544556749982,0.0888980773206533,0.5795921574486852,0.7115044247787611,0.6026548672566371,0.8521792131050936
pilot_holdout,missing_only,0.1,0.0,0.0,9,aligned,0.8466552149218963,0.1125572537933,0.08683068017366136,0.5753170785686255,0.71858407079646,0.6017699115044248,0.8551260079517309
pilot_holdout,missing_only,0.1,0.0,0.0,9,hyperplane_old,0.4798264719851991,0.17694646724253613,0.270002067397147,0.45009276700695194,0.6336283185840708,0.5353982300884956,0.7923219702919312
pilot_holdout,missing_only,0.1,0.0,0.0,10,plain,0.2325738636684525,0.21208686386230358,0.3630349390117842,0.34470204117850195,0.5663716814159292,0.4646017699115044,0.7450447444646858
pilot_holdout,missing_only,0.1,0.0,0.0,10,documented,0.823803131401088,0.11676519297122585,0.1017159396320033,0.5646029846369217,0.6991150442477876,0.5849557522123894,0.8458758260834298
pilot_holdout,missing_only,0.1,0.0,0.0,10,aligned,0.827792765501545,0.11612014106988676,0.10109572048790573,0.5664540637467698,0.7097345132743362,0.5893805309734516,0.8533680755437546
pilot_holdout,missing_only,0.1,0.0,0.0,10,hyperplane_old,0.44294721128485953,0.1828785252796734,0.2890221211494728,0.435225813435737,0.6389380530973451,0.5212389380530973,0.784196541216774
pilot_holdout,missing_only,0.1,0.0,0.0,11,plain,0.2325738636684525,0.21208686386230358,0.3630349390117842,0.34470204117850195,0.5663716814159292,0.4646017699115044,0.7450447444646858
pilot_holdout,missing_only,0.1,0.0,0.0,11,documented,0.8385620105048613,0.11286612621016114,0.08765763903245813,0.5804883601418814,0.7026548672566372,0.6017699115044248,0.8530963315262982
pilot_holdout,missing_only,0.1,0.0,0.0,11,aligned,0.8312609062947838,0.11379781349904647,0.09406657018813314,0.5956939980848602,0.727433628318584,0.6159292035398231,0.8652610465677857
pilot_holdout,missing_only,0.1,0.0,0.0,11,hyperplane_old,0.5089197750565655,0.17192971443801203,0.2530494107918131,0.4514103176510291,0.6442477876106195,0.5530973451327434,0.7966895053069123
pilot_holdout,missing_only,0.1,0.0,0.0,12,plain,0.2325738636684525,0.21208686386230358,0.3630349390117842,0.34470204117850195,0.5663716814159292,0.4646017699115044,0.7450447444646858
pilot_holdout,missing_only,0.1,0.0,0.0,12,documented,0.8364036981567795,0.11550042047214933,0.10212941906140169,0.5625345273461253,0.6831858407079645,0.584070796460177,0.8312558022127027
pilot_holdout,missing_only,0.1,0.0,0.0,12,aligned,0.8362438071505961,0.11518680068240691,0.10068224105850734,0.5617970562769673,0.6920353982300884,0.5814159292035398,0.838141731206212
pilot_holdout,missing_only,0.1,0.0,0.0,12,hyperplane_old,0.4787390531370011,0.17773553468124179,0.2708290262559438,0.4430275924422963,0.6513274336283186,0.5424778761061947,0.7924824506381168
pilot_holdout,missing_only,0.1,0.0,0.0,13,plain,0.2325738636684525,0.21208686386230358,0.3630349390117842,0.34470204117850195,0.5663716814159292,0.4646017699115044,0.7450447444646858
pilot_holdout,missing_only,0.1,0.0,0.0,13,documented,0.8318565563766978,0.11476650081881468,0.08931155675005169,0.5755448360857616,0.7008849557522123,0.5911504424778762,0.8479239577282611
pilot_holdout,missing_only,0.1,0.0,0.0,13,aligned,0.8401890275633008,0.11207051257256406,0.08476328302666943,0.5812848669637664,0.7132743362831858,0.6017699115044248,0.8570244555118707
pilot_holdout,missing_only,0.1,0.0,0.0,13,hyperplane_old,0.5041486997429578,0.17374267161003373,0.2573909448004962,0.44553111969479736,0.6424778761061948,0.5424778761061947,0.7929599738049374
pilot_holdout,missing_only,0.1,0.0,0.0,14,plain,0.2325738636684525,0.21208686386230358,0.3630349390117842,0.34470204117850195,0.5663716814159292,0.4646017699115044,0.7450447444646858
pilot_holdout,missing_only,0.1,0.0,0.0,14,documented,0.8350441674983391,0.11405998622927717,0.08931155675005169,0.5745033799778387,0.7168141592920354,0.6008849557522125,0.8539091969840251
pilot_holdout,missing_only,0.1,0.0,0.0,14,aligned,0.8183125617145711,0.11558623882198753,0.09613396733512508,0.5863820655785534,0.7292035398230089,0.613274336283186,0.8621601893337381
pilot_holdout,missing_only,0.1,0.0,0.0,14,hyperplane_old,0.48692234734039974,0.1760062063606792,0.2633863965267728,0.4409257076356574,0.6371681415929203,0.5353982300884956,0.7876948271067238
pilot_holdout,missing_only,0.1,0.0,0.0,15,plain,0.2325738636684525,0.21208686386230358,0.3630349390117842,0.34470204117850195,0.5663716814159292,0.4646017699115044,0.7450447444646858
pilot_holdout,missing_only,0.1,0.0,0.0,15,documented,0.8317164909859336,0.11494553243453343,0.09489352904692991,0.5763147986702857,0.7026548672566372,0.6017699115044248,0.8558360541535226
pilot_holdout,missing_only,0.1,0.0,0.0,15,aligned,0.8365587482128377,0.11372216070841366,0.09613396733512508,0.58174587859085,0.71858407079646,0.604424778761062,0.8572492699267252
pilot_holdout,missing_only,0.1,0.0,0.0,15,hyperplane_old,0.489528491474197,0.1748377585015754,0.2590448625180897,0.4564395954766458,0.6407079646017699,0.5309734513274337,0.7954582659881168
pilot_holdout,missing_only,0.1,0.0,0.0,16,plain,0.2325738636684525,0.21208686386230358,0.3630349390117842,0.34470204117850195,0.5663716814159292,0.4646017699115044,0.7450447444646858
pilot_holdout,missing_only,0.1,0.0,0.0,16,documented,0.8463337570115043,0.11292449507729126,0.08310936530907587,0.5750721708874245,0.6884955752212389,0.5902654867256638,0.8452624460220811
pilot_holdout,missing_only,0.1,0.0,0.0,16,aligned,0.8636478447652802,0.10715584664814161,0.07318585900351457,0.5980701294983849,0.7185840707964603,0.6070796460176991,0.8617423905048103
pilot_holdout,missing_only,0.1,0.0,0.0,16,hyperplane_old,0.48303767026761535,0.17782490395655823,0.270002067397147,0.43160565729297595,0.6283185840707964,0.5336283185840708,0.7941968081772927
pilot_holdout,missing_only,0.1,0.0,0.0,17,plain,0.2325738636684525,0.21208686386230358,0.3630349390117842,0.34470204117850195,0.5663716814159292,0.4646017699115044,0.7450447444646858
pilot_holdout,missing_only,0.1,0.0,0.0,17,documented,0.8343362752446046,0.1142597033412934,0.09654744676452347,0.5630714616702528,0.6902654867256637,0.5858407079646017,0.8454744167416101
pilot_holdout,missing_only,0.1,0.0,0.0,17,aligned,0.8077594670851115,0.11672162740101841,0.09675418647922265,0.5807675040629321,0.7026548672566372,0.5973451327433629,0.854916172586999
pilot_holdout,missing_only,0.1,0.0,0.0,17,hyperplane_old,0.4815474464064257,0.1762550150586245,0.2598718213768865,0.4556692719350537,0.6601769911504425,0.5469026548672566,0.8027628309687814
pilot_holdout,missing_only,0.1,0.0,0.0,18,plain,0.2325738636684525,0.21208686386230358,0.3630349390117842,0.34470204117850195,0.5663716814159292,0.4646017699115044,0.7450447444646858
pilot_holdout,missing_only,0.1,0.0,0.0,18,documented,0.8455654177100431,0.111917888220108,0.08641720074426297,0.5685748933643474,0.7061946902654866,0.5991150442477876,0.8546731930153583
pilot_holdout,missing_only,0.1,0.0,0.0,18,aligned,0.8484796660887909,0.11091749402129378,0.0824891461649783,0.5731225090153436,0.7256637168141593,0.6035398230088496,0.8629150807575185
pilot_holdout,missing_only,0.1,0.0,0.0,18,hyperplane_old,0.5003037893008061,0.17399191066289482,0.25511680793880503,0.4411353937362103,0.6513274336283186,0.552212389380531,0.8004202468274014
pilot_holdout,missing_only,0.1,0.0,0.0,19,plain,0.2325738636684525,0.21208686386230358,0.3630349390117842,0.34470204117850195,0.5663716814159292,0.4646017699115044,0.7450447444646858
pilot_holdout,missing_only,0.1,0.0,0.0,19,documented,0.8212411244343247,0.11796084588213575,0.0988215836262146,0.5532872321564213,0.7079646017699115,0.5893805309734514,0.845931046756869
pilot_holdout,missing_only,0.1,0.0,0.0,19,aligned,0.82220566092189,0.11765804095140905,0.09634070704982427,0.5513847204334538,0.7079646017699115,0.5876106194690266,0.8497210015129705
pilot_holdout,missing_only,0.1,0.0,0.0,19,hyperplane_old,0.49375160220217473,0.17386357348964132,0.2588381228033905,0.44714930523547164,0.6654867256637168,0.5557522123893806,0.8075464411624353
pilot_holdout,missing_only,0.1,0.0,0.0,20,plain,0.2325738636684525,0.21208686386230358,0.3630349390117842,0.34470204117850195,0.5663716814159292,0.4646017699115044,0.7450447444646858
pilot_holdout,missing_only,0.1,0.0,0.0,20,documented,0.812078326455079,0.11824339885201883,0.10626421335538556,0.5818326478861496,0.7150442477876106,0.6008849557522125,0.8512669539488674
pilot_holdout,missing_only,0.1,0.0,0.0,20,aligned,0.8160536064224443,0.11758872902628156,0.1017159396320033,0.5837818945504463,0.7115044247787611,0.6026548672566372,0.8521873856603864
pilot_holdout,missing_only,0.1,0.0,0.0,20,hyperplane_old,0.5008898435663276,0.1733528424194148,0.2575976845151954,0.4566483406566955,0.6566371681415928,0.5548672566371681,0.8049146325123792
pilot_holdout,missing_only,0.1,0.0,0.0,21,plain,0.2325738636684525,0.21208686386230358,0.3630349390117842,0.34470204117850195,0.5663716814159292,0.4646017699115044,0.7450447444646858
pilot_holdout,missing_only,0.1,0.0,0.0,21,documented,0.8522089337757447,0.11040970117671388,0.08310936530907587,0.5822600262256458,0.711504424778761,0.6053097345132744,0.8576882227434319
pilot_holdout,missing_only,0.1,0.0,0.0,21,aligned,0.8546519060040778,0.1093735196154409,0.08042174901798635,0.579588791482232,0.7079646017699115,0.6017699115044248,0.8588282100103215
pilot_holdout,missing_only,0.1,0.0,0.0,21,hyperplane_old,0.4844186672290449,0.1763159098643139,0.26483357452966716,0.4540829623790568,0.6460176991150443,0.5557522123893806,0.8019228843891035
pilot_holdout,missing_only,0.1,0.0,0.0,22,plain,0.2325738636684525,0.21208686386230358,0.3630349390117842,0.34470204117850195,0.5663716814159292,0.4646017699115044,0.7450447444646858
pilot_holdout,missing_only,0.1,0.0,0.0,22,documented,0.829895940480451,0.11653365806374132,0.09840810419681621,0.5506898673784715,0.697345132743363,0.5946902654867258,0.8517907831915483
pilot_holdout,missing_only,0.1,0.0,0.0,22,aligned,0.8297128157239996,0.11666911575061753,0.10130246020260492,0.5505848785450693,0.7044247787610619,0.5964601769911505,0.857260899537679
pilot_holdout,missing_only,0.1,0.0,0.0,22,hyperplane_old,0.47440018992733113,0.176736852965499,0.2654537936737647,0.43538436887242976,0.631858407079646,0.5238938053097345,0.7918786234778831
pilot_holdout,missing_only,0.1,0.0,0.0,23,plain,0.2325738636684525,0.21208686386230358,0.3630349390117842,0.34470204117850195,0.5663716814159292,0.4646017699115044,0.7450447444646858
pilot_holdout,missing_only,0.1,0.0,0.0,23,documented,0.8460843309719078,0.11208753767707856,0.08724415960305974,0.5697335278740323,0.6920353982300885,0.5876106194690266,0.8445186936997171
pilot_holdout,missing_only,0.1,0.0,0.0,23,aligned,0.8505107575224572,0.11060656892998597,0.08290262559437668,0.573755082589397,0.6902654867256637,0.5920353982300885,0.8457191612840648
pilot_holdout,missing_only,0.1,0.0,0.0,23,hyperplane_old,0.5102360238575676,0.1738939751412679,0.2528426710771139,0.43582503809046946,0.6353982300884955,0.5495575221238939,0.7982178974316383
pilot_holdout,missing_only,0.1,0.0,0.0,24,plain,0.2325738636684525,0.21208686386230358,0.3630349390117842,0.34470204117850195,0.5663716814159292,0.4646017699115044,0.7450447444646858
pilot_holdout,missing_only,0.1,0.0,0.0,24,documented,0.8353629409991445,0.11425619933969013,0.09613396733512508,0.5712248313052161,0.6920353982300885,0.5911504424778762,0.8410625008315799
pilot_holdout,missing_only,0.1,0.0,0.0,24,aligned,0.8390629414759163,0.1135113447762003,0.09510026876162911,0.573277339822638,0.7097345132743363,0.6026548672566372,0.8481665544872969
pilot_holdout,missing_only,0.1,0.0,0.0,24,hyperplane_old,0.4739520082850723,0.17832004762094242,0.27579077940872443,0.4272693858139644,0.6300884955752212,0.5300884955752212,0.79029312271162
pilot_holdout,missing_only,0.1,0.0,0.0,25,plain,0.2325738636684525,0.21208686386230358,0.3630349390117842,0.34470204117850195,0.5663716814159292,0.4646017699115044,0.7450447444646858
pilot_holdout,missing_only,0.1,0.0,0.0,25,documented,0.8448176229866498,0.11227249302513508,0.09096547446764523,0.5854238960420781,0.6920353982300885,0.5920353982300885,0.849718121219605
pilot_holdout,missing_only,0.1,0.0,0.0,25,aligned,0.8450400181667184,0.11175794162229309,0.091792433326442,0.5812516349449712,0.7132743362831858,0.6061946902654868,0.8583375608867051
pilot_holdout,missing_only,0.1,0.0,0.0,25,hyperplane_old,0.4783552728545698,0.17812898435076663,0.27599751912342363,0.4591608710754462,0.631858407079646,0.5442477876106195,0.7928328736184119
pilot_holdout,missing_only,0.1,0.0,0.0,26,plain,0.2325738636684525,0.21208686386230358,0.3630349390117842,0.34470204117850195,0.5663716814159292,0.4646017699115044,0.7450447444646858
pilot_holdout,missing_only,0.1,0.0,0.0,26,documented,0.8403618811949988,0.11257746186223003,0.08703741988836056,0.5853486652544745,0.7008849557522123,0.5991150442477876,0.8523710857337301
pilot_holdout,missing_only,0.1,0.0,0.0,26,aligned,0.8431061611264077,0.11175624727073838,0.08703741988836056,0.5861445213390589,0.7150442477876104,0.6026548672566371,0.8569172421709763
pilot_holdout,missing_only,0.1,0.0,0.0,26,hyperplane_old,0.4863902899262052,0.17561327199604823,0.25615050651230103,0.4344440852455531,0.6371681415929203,0.5345132743362832,0.7886513504411249
pilot_holdout,missing_only,0.1,0.0,0.0,27,plain,0.2325738636684525,0.21208686386230358,0.3630349390117842,0.34470204117850195,0.5663716814159292,0.4646017699115044,0.7450447444646858
pilot_holdout,missing_only,0.1,0.0,0.0,27,documented,0.8446179687724558,0.11283584254350709,0.09613396733512508,0.5762740367581414,0.7168141592920354,0.5991150442477876,0.8483484208347405
pilot_holdout,missing_only,0.1,0.0,0.0,27,aligned,0.8442510058755629,0.11252129779600659,0.09592722762042588,0.582462109023665,0.7256637168141593,0.608849557522124,0.8570802355951883
pilot_holdout,missing_only,0.1,0.0,0.0,27,hyperplane_old,0.4653480822640189,0.1791036255748537,0.2770312176969196,0.447220659082018,0.6424778761061948,0.5327433628318584,0.7864400995280666
pilot_holdout,missing_only,0.1,0.0,0.0,28,plain,0.2325738636684525,0.21208686386230358,0.3630349390117842,0.34470204117850195,0.5663716814159292,0.4646017699115044,0.7450447444646858
pilot_holdout,missing_only,0.1,0.0,0.0,28,documented,0.8496575995460228,0.11013665044241885,0.0857969816001654,0.5960275893373083,0.7309734513274336,0.6106194690265486,0.8652773999461192
pilot_holdout,missing_only,0.1,0.0,0.0,28,aligned,0.8490057876853181,0.11084655981060236,0.08621046102956378,0.5900864999823944,0.7256637168141593,0.6070796460176991,0.8658676402440306
pilot_holdout,missing_only,0.1,0.0,0.0,28,hyperplane_old,0.49916449252246103,0.17486250088311917,0.270002067397147,0.4415406643674741,0.6424778761061947,0.5451327433628319,0.7948522479098652
pilot_holdout,missing_only,0.1,0.0,0.0,29,plain,0.2325738636684525,0.21208686386230358,0.3630349390117842,0.34470204117850195,0.5663716814159292,0.4646017699115044,0.7450447444646858
pilot_holdout,missing_only,0.1,0.0,0.0,29,documented,0.8467553345475094,0.11331193572260735,0.08972503617945007,0.5746223865550179,0.7238938053097345,0.6008849557522125,0.8515276067269192
pilot_holdout,missing_only,0.1,0.0,0.0,29,aligned,0.8542089993046058,0.11075220428599278,0.08497002274136861,0.5792956306010498,0.7238938053097346,0.607079646017699,0.8596766740684735
pilot_holdout,missing_only,0.1,0.0,0.0,29,hyperplane_old,0.47694995267778006,0.17721013093768342,0.26483357452966716,0.43576513804042993,0.6353982300884955,0.5327433628318584,0.793748727097715
pilot_holdout,missing_only,0.1,0.0,0.0,30,plain,0.2325738636684525,0.21208686386230358,0.3630349390117842,0.34470204117850195,0.5663716814159292,0.4646017699115044,0.7450447444646858
pilot_holdout,missing_only,0.1,0.0,0.0,30,documented,0.8585510864188549,0.10859112436576504,0.07856109158569362,0.5856578278486457,0.7115044247787611,0.6035398230088496,0.8573095291461165
pilot_holdout,missing_only,0.1,0.0,0.0,30,aligned,0.8616898979281459,0.1078013879896504,0.07608021500930329,0.5880383710488124,0.720353982300885,0.6035398230088496,0.8598102401916008
pilot_holdout,missing_only,0.1,0.0,0.0,30,hyperplane_old,0.47531791742095564,0.17726218472669206,0.26834814967955345,0.4423777074745616,0.6353982300884957,0.5398230088495575,0.7970679372743753
pilot_holdout,missing_only,0.1,0.0,0.0,31,plain,0.2325738636684525,0.21208686386230358,0.3630349390117842,0.34470204117850195,0.5663716814159292,0.4646017699115044,0.7450447444646858
pilot_holdout,missing_only,0.1,0.0,0.0,31,documented,0.8354320403104865,0.11408237801133342,0.09385983047343395,0.5775104385291011,0.7079646017699115,0.6079646017699115,0.8613925862960704
pilot_holdout,missing_only,0.1,0.0,0.0,31,aligned,0.8375719863019131,0.11374230486629396,0.09220591275584039,0.569692785044068,0.7168141592920354,0.6035398230088496,0.8634970421595553
pilot_holdout,missing_only,0.1,0.0,0.0,31,hyperplane_old,0.4982719428226244,0.17524152709168767,0.2621459582385776,0.43219960740957636,0.6407079646017699,0.5380530973451327,0.7931336209818912
pilot_holdout,missing_only,0.1,0.0,0.0,32,plain,0.2325738636684525,0.21208686386230358,0.3630349390117842,0.34470204117850195,0.5663716814159292,0.4646017699115044,0.7450447444646858
pilot_holdout,missing_only,0.1,0.0,0.0,32,documented,0.8493478520710449,0.11113783387749106,0.08807111846185653,0.58183590517835,0.6973451327433628,0.5964601769911505,0.8473900261662909
pilot_holdout,missing_only,0.1,0.0,0.0,32,aligned,0.8487024577580367,0.11038384501710238,0.08931155675005169,0.5946016029665341,0.7115044247787611,0.6035398230088496,0.858384170280749
pilot_holdout,missing_only,0.1,0.0,0.0,32,hyperplane_old,0.4864544793716536,0.17767365510345975,0.27227620425883814,0.43969397473013355,0.6424778761061948,0.5371681415929204,0.7931087663840694
pilot_holdout,missing_only,0.1,0.0,0.0,33,plain,0.2325738636684525,0.21208686386230358,0.3630349390117842,0.34470204117850195,0.5663716814159292,0.4646017699115044,0.7450447444646858
pilot_holdout,missing_only,0.1,0.0,0.0,33,documented,0.8410606000557516,0.11330561844695687,0.09261939218523878,0.5767207074986503,0.7026548672566371,0.6,0.8499000727718549
pilot_holdout,missing_only,0.1,0.0,0.0,33,aligned,0.8413495274080437,0.11314920555947935,0.09261939218523878,0.5736921083015514,0.7097345132743363,0.6017699115044248,0.8533862275958037
pilot_holdout,missing_only,0.1,0.0,0.0,33,hyperplane_old,0.5043726024998664,0.17384766903908652,0.25470332850940663,0.44987252151948587,0.6460176991150443,0.5495575221238937,0.8037401772186303
pilot_holdout,missing_only,0.1,0.0,0.0,34,plain,0.2325738636684525,0.21208686386230358,0.3630349390117842,0.34470204117850195,0.5663716814159292,0.4646017699115044,0.7450447444646858
pilot_holdout,missing_only,0.1,0.0,0.0,34,documented,0.8388035878432288,0.11420668430630312,0.10068224105850734,0.5804105568851387,0.7079646017699115,0.6000000000000001,0.8511632977861364
pilot_holdout,missing_only,0.1,0.0,0.0,34,aligned,0.8424037562244493,0.11288668881376158,0.10130246020260492,0.5857694813413016,0.711504424778761,0.6000000000000001,0.8530076064965773
pilot_holdout,missing_only,0.1,0.0,0.0,34,hyperplane_old,0.5185268145273603,0.17153509880138942,0.2464337399214389,0.4492246318030134,0.6371681415929203,0.547787610619469,0.8009003817108402
pilot_holdout,missing_only,0.1,0.0,0.0,35,plain,0.2325738636684525,0.21208686386230358,0.3630349390117842,0.34470204117850195,0.5663716814159292,0.4646017699115044,0.7450447444646858
pilot_holdout,missing_only,0.1,0.0,0.0,35,documented,0.8420748662069467,0.11219376782868659,0.09137895389704362,0.5817384811262136,0.7044247787610619,0.604424778761062,0.8603846520085738
pilot_holdout,missing_only,0.1,0.0,0.0,35,aligned,0.8466792587016428,0.11091247110184378,0.08848459789125492,0.5854119255415158,0.7168141592920354,0.6053097345132744,0.8646352491369533
pilot_holdout,missing_only,0.1,0.0,0.0,35,hyperplane_old,0.491870843360507,0.176429207396195,0.2706222865412446,0.4466406714887039,0.6389380530973451,0.54070796460177,0.7906465226893014
pilot_holdout,missing_only,0.1,0.0,0.0,36,plain,0.2325738636684525,0.21208686386230358,0.3630349390117842,0.34470204117850195,0.5663716814159292,0.4646017699115044,0.7450447444646858
pilot_holdout,missing_only,0.1,0.0,0.0,36,documented,0.8229517038723375,0.11896102013352432,0.10647095307008476,0.5538931782589993,0.7008849557522123,0.5938053097345134,0.8436206338660276
pilot_holdout,missing_only,0.1,0.0,0.0,36,aligned,0.830448890832814,0.11673617818278846,0.10378333677899525,0.5592482684709111,0.7132743362831858,0.5982300884955754,0.8516403961655453
pilot_holdout,missing_only,0.1,0.0,0.0,36,hyperplane_old,0.507757989414147,0.17309143364960564,0.2563572462270002,0.4383585704643086,0.6460176991150443,0.5460176991150443,0.7956517853893542
pilot_holdout,missing_only,0.1,0.0,0.0,37,plain,0.2325738636684525,0.21208686386230358,0.3630349390117842,0.34470204117850195,0.5663716814159292,0.4646017699115044,0.7450447444646858
pilot_holdout,missing_only,0.1,0.0,0.0,37,documented,0.8434119639598997,0.1131785882354609,0.08414306388257184,0.5688077300060843,0.6884955752212389,0.6026548672566371,0.851246130816749
pilot_holdout,missing_only,0.1,0.0,0.0,37,aligned,0.8433211601597076,0.11282839327265001,0.09055199503824685,0.5661433115941863,0.7079646017699115,0.6017699115044248,0.8565641458652951
pilot_holdout,missing_only,0.1,0.0,0.0,37,hyperplane_old,0.4903065571877771,0.17560500045327096,0.26524705395906556,0.444104093216786,0.6212389380530973,0.5353982300884956,0.7943035101749163
pilot_holdout,missing_only,0.1,0.0,0.0,38,plain,0.2325738636684525,0.21208686386230358,0.3630349390117842,0.34470204117850195,0.5663716814159292,0.4646017699115044,0.7450447444646858
pilot_holdout,missing_only,0.1,0.0,0.0,38,documented,0.8309511729062315,0.11462724615034185,0.0957204879057267,0.5566146422004313,0.7044247787610619,0.5884955752212391,0.8487836173475048
pilot_holdout,missing_only,0.1,0.0,0.0,38,aligned,0.8366065813440258,0.11328895481854884,0.09137895389704362,0.5670028637175999,0.7044247787610619,0.5911504424778761,0.8576062956372503
pilot_holdout,missing_only,0.1,0.0,0.0,38,hyperplane_old,0.4891140393132145,0.17526012939426533,0.25491006822410583,0.44717457645767256,0.6424778761061947,0.5407079646017698,0.7962309827687716
pilot_holdout,missing_only,0.1,0.0,0.0,39,plain,0.2325738636684525,0.21208686386230358,0.3630349390117842,0.34470204117850195,0.5663716814159292,0.4646017699115044,0.7450447444646858
pilot_holdout,missing_only,0.1,0.0,0.0,39,documented,0.8523197601527137,0.11056201915833432,0.07711391358279926,0.5880229913546412,0.6884955752212389,0.5849557522123895,0.848103254649775
pilot_holdout,missing_only,0.1,0.0,0.0,39,aligned,0.8571100699216054,0.10906629693246384,0.07359933843291296,0.5903761180487711,0.7044247787610619,0.5911504424778761,0.8537747134518727
pilot_holdout,missing_only,0.1,0.0,0.0,39,hyperplane_old,0.4787810757181965,0.1761791467586265,0.2619392185238784,0.44787667895110417,0.6336283185840708,0.5371681415929204,0.7915238206751873
pilot_holdout,missing_only,0.1,0.0,0.0,40,plain,0.2325738636684525,0.21208686386230358,0.3630349390117842,0.34470204117850195,0.5663716814159292,0.4646017699115044,0.7450447444646858
pilot_holdout,missing_only,0.1,0.0,0.0,40,documented,0.8431562056790288,0.1131976050481824,0.08434980359727104,0.5659771259673329,0.695575221238938,0.5902654867256637,0.8555623267910325
pilot_holdout,missing_only,0.1,0.0,0.0,40,aligned,0.8506178987851788,0.11070837659605655,0.08166218730618152,0.5719574210017526,0.7115044247787611,0.5982300884955754,0.8589112790343856
pilot_holdout,missing_only,0.1,0.0,0.0,40,hyperplane_old,0.4896059868927341,0.17427223803013045,0.2578044242298946,0.451484003675491,0.631858407079646,0.5336283185840708,0.7928877797155203
pilot_holdout,missing_only,0.1,0.0,0.0,41,plain,0.2325738636684525,0.21208686386230358,0.3630349390117842,0.34470204117850195,0.5663716814159292,0.4646017699115044,0.7450447444646858
pilot_holdout,missing_only,0.1,0.0,0.0,41,documented,0.8364461868255957,0.11486455441771139,0.10006202191440976,0.5679403475136381,0.7061946902654866,0.5911504424778762,0.8449826486775525
pilot_holdout,missing_only,0.1,0.0,0.0,41,aligned,0.8383092970804762,0.1140698250462717,0.09820136448211701,0.5680579852334483,0.7115044247787611,0.5920353982300885,0.8431834820337084
pilot_holdout,missing_only,0.1,0.0,0.0,41,hyperplane_old,0.49296740313546533,0.17624604726814755,0.2656605333884639,0.43436981277569875,0.6035398230088495,0.5212389380530973,0.7782434850988741
pilot_holdout,missing_only,0.1,0.0,0.0,42,plain,0.2325738636684525,0.21208686386230358,0.3630349390117842,0.34470204117850195,0.5663716814159292,0.4646017699115044,0.7450447444646858
pilot_holdout,missing_only,0.1,0.0,0.0,42,documented,0.847258379124385,0.11202446474388982,0.08166218730618152,0.5775703810658028,0.7044247787610619,0.604424778761062,0.8543204606223698
pilot_holdout,missing_only,0.1,0.0,0.0,42,aligned,0.8470015419045099,0.11177208949045593,0.08621046102956378,0.5707383271617988,0.7238938053097346,0.6053097345132744,0.8588112824330119
pilot_holdout,missing_only,0.1,0.0,0.0,42,hyperplane_old,0.4544869295652685,0.18085047066054188,0.2788918751292123,0.4300663224323892,0.6141592920353983,0.5150442477876106,0.7730690289830091
pilot_holdout,missing_only,0.1,0.0,0.0,43,plain,0.2325738636684525,0.21208686386230358,0.3630349390117842,0.34470204117850195,0.5663716814159292,0.4646017699115044,0.7450447444646858
pilot_holdout,missing_only,0.1,0.0,0.0,43,documented,0.8414618389820495,0.11285979976560964,0.09820136448211701,0.5847690844135777,0.7079646017699115,0.6017699115044248,0.8517125199095954
pilot_holdout,missing_only,0.1,0.0,0.0,43,aligned,0.8470848806248725,0.11074137080946127,0.09365309075873475,0.5918292208515695,0.7221238938053097,0.6000000000000001,0.8567490129720637
pilot_holdout,missing_only,0.1,0.0,0.0,43,hyperplane_old,0.49698295493277395,0.17525002926770725,0.2575976845151954,0.4245365572470261,0.6247787610619469,0.5336283185840708,0.7872493170096366
pilot_holdout,missing_only,0.1,0.0,0.0,44,plain,0.2325738636684525,0.21208686386230358,0.3630349390117842,0.34470204117850195,0.5663716814159292,0.4646017699115044,0.7450447444646858
pilot_holdout,missing_only,0.1,0.0,0.0,44,documented,0.8520759420737166,0.11062867816198624,0.07732065329749845,0.5764026093502065,0.71858407079646,0.6017699115044248,0.8588173730567779
pilot_holdout,missing_only,0.1,0.0,0.0,44,aligned,0.8581808229176551,0.10887966284649057,0.072565639859417,0.5829253056311396,0.7238938053097345,0.6079646017699115,0.8646709388586973
pilot_holdout,missing_only,0.1,0.0,0.0,44,hyperplane_old,0.49563280968401696,0.17451351444314808,0.26090551995038247,0.43977677488444394,0.6442477876106195,0.54070796460177,0.799521532127376
pilot_holdout,missing_only,0.1,0.0,0.0,45,plain,0.2325738636684525,0.21208686386230358,0.3630349390117842,0.34470204117850195,0.5663716814159292,0.4646017699115044,0.7450447444646858
pilot_holdout,missing_only,0.1,0.0,0.0,45,documented,0.8419114898747468,0.11350178494639111,0.08765763903245813,0.5715351270691928,0.6796460176991151,0.58141592920354,0.8405663796171403
pilot_holdout,missing_only,0.1,0.0,0.0,45,aligned,0.8518163338896091,0.11031885263639966,0.08186892702088071,0.5820100668023076,0.7061946902654866,0.5964601769911505,0.8533118187123875
pilot_holdout,missing_only,0.1,0.0,0.0,45,hyperplane_old,0.47246925975194254,0.1798750931141033,0.27455034112052923,0.4242053832787001,0.6106194690265486,0.5176991150442478,0.7819780904753276
pilot_holdout,missing_only,0.1,0.0,0.0,46,plain,0.2325738636684525,0.21208686386230358,0.3630349390117842,0.34470204117850195,0.5663716814159292,0.4646017699115044,0.7450447444646858
pilot_holdout,missing_only,0.1,0.0,0.0,46,documented,0.8490499851517171,0.1105727496414911,0.08683068017366136,0.5868341265658499,0.7150442477876106,0.6053097345132744,0.8624186277328733
pilot_holdout,missing_only,0.1,0.0,0.0,46,aligned,0.8542838485313969,0.10967912395393012,0.08414306388257184,0.5934108667679266,0.727433628318584,0.6150442477876106,0.8662578758793319
pilot_holdout,missing_only,0.1,0.0,0.0,46,hyperplane_old,0.49583449203594143,0.17386271298751188,0.25532354765350423,0.45702733971761034,0.6353982300884957,0.54070796460177,0.7956749442608211
pilot_holdout,missing_only,0.1,0.0,0.0,47,plain,0.2325738636684525,0.21208686386230358,0.3630349390117842,0.34470204117850195,0.5663716814159292,0.4646017699115044,0.7450447444646858
pilot_holdout,missing_only,0.1,0.0,0.0,47,documented,0.8378237002265466,0.1146907216672884,0.08951829646475087,0.559869613802427,0.7026548672566372,0.595575221238938,0.8501192316635268
pilot_holdout,missing_only,0.1,0.0,0.0,47,aligned,0.8482554777697023,0.11148279551110009,0.08662394045896217,0.5777717834306305,0.7132743362831858,0.6,0.8585408313045375
pilot_holdout,missing_only,0.1,0.0,0.0,47,hyperplane_old,0.4721813412298922,0.1787678972681531,0.2697953276824478,0.42012476653462627,0.6176991150442478,0.5256637168141592,0.7856543920541066
pilot_holdout,missing_only,0.1,0.0,0.0,48,plain,0.2325738636684525,0.21208686386230358,0.3630349390117842,0.34470204117850195,0.5663716814159292,0.4646017699115044,0.7450447444646858
pilot_holdout,missing_only,0.1,0.0,0.0,48,documented,0.8470138043846602,0.11162266544445121,0.0857969816001654,0.5812702485331115,0.7238938053097346,0.6097345132743364,0.861479799352275
pilot_holdout,missing_only,0.1,0.0,0.0,48,aligned,0.8481236673434907,0.11154804901004234,0.08393632416787265,0.5771732547335182,0.7238938053097345,0.6123893805309736,0.8639776438923847
pilot_holdout,missing_only,0.1,0.0,0.0,48,hyperplane_old,0.4537922867564515,0.1803809232094934,0.28033905313210666,0.43457319950822,0.6336283185840708,0.5353982300884956,0.7919719494802757
pilot_holdout,missing_only,0.1,0.0,0.0,49,plain,0.2325738636684525,0.21208686386230358,0.3630349390117842,0.34470204117850195,0.5663716814159292,0.4646017699115044,0.7450447444646858
pilot_holdout,missing_only,0.1,0.0,0.0,49,documented,0.8559356415857642,0.10985029655357156,0.08124870787678314,0.5905446255498741,0.7256637168141593,0.6123893805309736,0.8631167835878247
pilot_holdout,missing_only,0.1,0.0,0.0,49,aligned,0.8569658847319899,0.10932532973978575,0.07959479015918958,0.5885270030816602,0.7256637168141593,0.6106194690265486,0.8610569454339566
pilot_holdout,missing_only,0.1,0.0,0.0,49,hyperplane_old,0.5210279594959233,0.1707316059731898,0.24726069878023568,0.4490801487230607,0.6407079646017699,0.5495575221238939,0.7974633265241101
pilot_holdout,missing_only,0.25,0.0,0.0,0,plain,0.2325738636684525,0.21208686386230358,0.3630349390117842,0.34470204117850195,0.5663716814159292,0.4646017699115044,0.7450447444646858
pilot_holdout,missing_only,0.25,0.0,0.0,0,documented,0.8082230440959125,0.12367177941688101,0.11970229481083317,0.5362111776207257,0.6637168141592921,0.5734513274336283,0.8318726330731325
pilot_holdout,missing_only,0.25,0.0,0.0,0,aligned,0.8076163185339426,0.12406658727190431,0.12114947281372752,0.5210005829369764,0.6991150442477876,0.5849557522123895,0.8387658634256869
pilot_holdout,missing_only,0.25,0.0,0.0,0,hyperplane_old,0.4124008792903744,0.1883255995830322,0.29625801116394457,0.3911774333629076,0.6000000000000001,0.5061946902654867,0.7683314032997602
pilot_holdout,missing_only,0.25,0.0,0.0,1,plain,0.2325738636684525,0.21208686386230358,0.3630349390117842,0.34470204117850195,0.5663716814159292,0.4646017699115044,0.7450447444646858
pilot_holdout,missing_only,0.25,0.0,0.0,1,documented,0.7414167061941619,0.135510249828292,0.1676659086210461,0.5173192354479282,0.6460176991150443,0.5637168141592921,0.8189362447452484
pilot_holdout,missing_only,0.25,0.0,0.0,1,aligned,0.7452536052306482,0.1337705370808373,0.16208393632416787,0.5325535165568894,0.6920353982300884,0.5849557522123895,0.8388741942721952
pilot_holdout,missing_only,0.25,0.0,0.0,1,hyperplane_old,0.4120057058782972,0.18795000275883095,0.29729170973744057,0.40554108422516516,0.6141592920353983,0.5141592920353982,0.7787173558640538
pilot_holdout,missing_only,0.25,0.0,0.0,2,plain,0.2325738636684525,0.21208686386230358,0.3630349390117842,0.34470204117850195,0.5663716814159292,0.4646017699115044,0.7450447444646858
pilot_holdout,missing_only,0.25,0.0,0.0,2,documented,0.791095674584233,0.12607272514007944,0.13293363655158155,0.5424001651695884,0.6707964601769911,0.568141592920354,0.8285241556168389
pilot_holdout,missing_only,0.25,0.0,0.0,2,aligned,0.7886810123915398,0.12502037569525673,0.1316931982633864,0.5500301974245726,0.695575221238938,0.58141592920354,0.840373597937556
pilot_holdout,missing_only,0.25,0.0,0.0,2,hyperplane_old,0.41143562318077487,0.18803791893820265,0.2989456274550341,0.40677723069859156,0.6088495575221239,0.5053097345132743,0.7721077629469645
pilot_holdout,missing_only,0.25,0.0,0.0,3,plain,0.2325738636684525,0.21208686386230358,0.3630349390117842,0.34470204117850195,0.5663716814159292,0.4646017699115044,0.7450447444646858
pilot_holdout,missing_only,0.25,0.0,0.0,3,documented,0.7825017405040344,0.12787686606349513,0.13376059541037832,0.522127025985125,0.6707964601769911,0.5707964601769913,0.8356136579945143
pilot_holdout,missing_only,0.25,0.0,0.0,3,aligned,0.7801599025670264,0.12728512993279337,0.13975604713665496,0.5229103060479688,0.6814159292035398,0.5752212389380532,0.8365064584683117
pilot_holdout,missing_only,0.25,0.0,0.0,3,hyperplane_old,0.39894667031079845,0.19039693652505763,0.303080421749018,0.4090449223903482,0.6106194690265486,0.504424778761062,0.7777088313829931
pilot_holdout,missing_only,0.25,0.0,0.0,4,plain,0.2325738636684525,0.21208686386230358,0.3630349390117842,0.34470204117850195,0.5663716814159292,0.4646017699115044,0.7450447444646858
pilot_holdout,missing_only,0.25,0.0,0.0,4,documented,0.7893005499676419,0.12538341037209302,0.11908207566673558,0.534040633039543,0.6548672566371682,0.552212389380531,0.81630101707694
pilot_holdout,missing_only,0.25,0.0,0.0,4,aligned,0.7993369149042501,0.1221710584329077,0.11453380194335332,0.542219433321049,0.6920353982300885,0.5716814159292035,0.8378784665503064
pilot_holdout,missing_only,0.25,0.0,0.0,4,hyperplane_old,0.39549365999819414,0.18950810538210583,0.29088277858176553,0.4075368744292087,0.6053097345132744,0.4902654867256637,0.7716677990809182
pilot_holdout,missing_only,0.25,0.0,0.0,5,plain,0.2325738636684525,0.21208686386230358,0.3630349390117842,0.34470204117850195,0.5663716814159292,0.4646017699115044,0.7450447444646858
pilot_holdout,missing_only,0.25,0.0,0.0,5,documented,0.7238870258431929,0.13980809652452986,0.15877610088898078,0.4926884962845245,0.6690265486725663,0.5628318584070796,0.824230081538201
pilot_holdout,missing_only,0.25,0.0,0.0,5,aligned,0.7110875384439833,0.13995527338248018,0.16291089518296464,0.5045648911985522,0.6778761061946903,0.5787610619469027,0.8360839876225136
pilot_holdout,missing_only,0.25,0.0,0.0,5,hyperplane_old,0.36763324604277303,0.19395652666392627,0.3179656812073599,0.39288871907689504,0.6194690265486725,0.49557522123893805,0.7744640256726741
pilot_holdout,missing_only,0.25,0.0,0.0,6,plain,0.2325738636684525,0.21208686386230358,0.3630349390117842,0.34470204117850195,0.5663716814159292,0.4646017699115044,0.7450447444646858
pilot_holdout,missing_only,0.25,0.0,0.0,6,documented,0.7370672400175882,0.13724000931668923,0.15174695058920817,0.49074400667155055,0.6672566371681417,0.5539823008849557,0.8139809142121531
pilot_holdout,missing_only,0.25,0.0,0.0,6,aligned,0.7488522032988855,0.13514014198448732,0.15422782716559852,0.49729963745441624,0.6796460176991151,0.5716814159292036,0.8291822412108558
pilot_holdout,missing_only,0.25,0.0,0.0,6,hyperplane_old,0.36590690025428996,0.19374944428738272,0.3121769691957825,0.39337545265057666,0.615929203539823,0.5008849557522124,0.7772243500575948
pilot_holdout,missing_only,0.25,0.0,0.0,7,plain,0.2325738636684525,0.21208686386230358,0.3630349390117842,0.34470204117850195,0.5663716814159292,0.4646017699115044,0.7450447444646858
pilot_holdout,missing_only,0.25,0.0,0.0,7,documented,0.8109014244080283,0.12159406791107123,0.11701467851974365,0.5371864412128236,0.6761061946902656,0.5734513274336284,0.8232718354177025
pilot_holdout,missing_only,0.25,0.0,0.0,7,aligned,0.8223175738851022,0.11814889758097114,0.10688443249948315,0.5536594061717061,0.695575221238938,0.5920353982300885,0.8380922781046437
pilot_holdout,missing_only,0.25,0.0,0.0,7,hyperplane_old,0.4462352147212361,0.18253933164690236,0.28530080628488735,0.42965466859951545,0.6300884955752214,0.5292035398230088,0.7857447123708168
pilot_holdout,missing_only,0.25,0.0,0.0,8,plain,0.2325738636684525,0.21208686386230358,0.3630349390117842,0.34470204117850195,0.5663716814159292,0.4646017699115044,0.7450447444646858
pilot_holdout,missing_only,0.25,0.0,0.0,8,documented,0.7367656554734902,0.1381182460011475,0.16187719660946867,0.4990699065025352,0.6530973451327433,0.5601769911504425,0.8182682529533087
pilot_holdout,missing_only,0.25,0.0,0.0,8,aligned,0.7272185513611696,0.13757817248825038,0.16869960719454208,0.5086861342557534,0.6902654867256637,0.5778761061946902,0.8356885339698232
pilot_holdout,missing_only,0.25,0.0,0.0,8,hyperplane_old,0.4135584426805836,0.18840954322897976,0.2941906140169527,0.3981373138213152,0.5946902654867255,0.4991150442477876,0.7783365614182293
pilot_holdout,missing_only,0.25,0.0,0.0,9,plain,0.2325738636684525,0.21208686386230358,0.3630349390117842,0.34470204117850195,0.5663716814159292,0.4646017699115044,0.7450447444646858
pilot_holdout,missing_only,0.25,0.0,0.0,9,documented,0.8008920316044258,0.1249358476059651,0.12073599338432912,0.5207729972618083,0.6796460176991151,0.5911504424778762,0.8348683073293804
pilot_holdout,missing_only,0.25,0.0,0.0,9,aligned,0.8084238035031609,0.1219793215968634,0.11763489766384122,0.5260726217470457,0.7044247787610619,0.584070796460177,0.841431677335924
pilot_holdout,missing_only,0.25,0.0,0.0,9,hyperplane_old,0.41455249787019877,0.1881171903798847,0.29729170973744057,0.3915695597303601,0.6035398230088496,0.49646017699115047,0.7684012984268018
pilot_holdout,missing_only,0.25,0.0,0.0,10,plain,0.2325738636684525,0.21208686386230358,0.3630349390117842,0.34470204117850195,0.5663716814159292,0.4646017699115044,0.7450447444646858
pilot_holdout,missing_only,0.25,0.0,0.0,10,documented,0.8077333721802938,0.12286510708822439,0.11101922679346703,0.5252977348985635,0.6902654867256637,0.5707964601769911,0.8318821331980638
pilot_holdout,missing_only,0.25,0.0,0.0,10,aligned,0.7959233004852448,0.12251212808219074,0.11618771966094686,0.540093324019835,0.7150442477876106,0.5973451327433629,0.8481835698937179
pilot_holdout,missing_only,0.25,0.0,0.0,10,hyperplane_old,0.38858294408363536,0.19057758935215585,0.3028736820343188,0.40071453006078683,0.6053097345132744,0.4973451327433628,0.7641114622945744
pilot_holdout,missing_only,0.25,0.0,0.0,11,plain,0.2325738636684525,0.21208686386230358,0.3630349390117842,0.34470204117850195,0.5663716814159292,0.4646017699115044,0.7450447444646858
pilot_holdout,missing_only,0.25,0.0,0.0,11,documented,0.8137801897808652,0.1206353794009141,0.11308662394045896,0.5474631020440262,0.679646017699115,0.5654867256637168,0.8223406697615349
pilot_holdout,missing_only,0.25,0.0,0.0,11,aligned,0.8277683435862991,0.11575727161660294,0.10647095307008476,0.5727504089247598,0.6991150442477876,0.5911504424778761,0.8456152288201723
pilot_holdout,missing_only,0.25,0.0,0.0,11,hyperplane_old,0.40504340422011814,0.18835794027506048,0.29191647715526153,0.4007121936538533,0.6212389380530973,0.5035398230088496,0.7754123363746268
pilot_holdout,missing_only,0.25,0.0,0.0,12,plain,0.2325738636684525,0.21208686386230358,0.3630349390117842,0.34470204117850195,0.5663716814159292,0.4646017699115044,0.7450447444646858
pilot_holdout,missing_only,0.25,0.0,0.0,12,documented,0.7655228028595443,0.13089366402076225,0.1281786231135001,0.4981487422251949,0.6548672566371682,0.5619469026548672,0.8206521940228579
pilot_holdout,missing_only,0.25,0.0,0.0,12,aligned,0.7412595120635581,0.13308972653570128,0.1416167045689477,0.5123190427139993,0.6761061946902654,0.563716814159292,0.8249413622937339
pilot_holdout,missing_only,0.25,0.0,0.0,12,hyperplane_old,0.3970748462497831,0.18978510267010096,0.30059954517262766,0.3943296936564362,0.5946902654867255,0.49380530973451325,0.7619800497441379
pilot_holdout,missing_only,0.25,0.0,0.0,13,plain,0.2325738636684525,0.21208686386230358,0.3630349390117842,0.34470204117850195,0.5663716814159292,0.4646017699115044,0.7450447444646858
pilot_holdout,missing_only,0.25,0.0,0.0,13,documented,0.7711852208303616,0.13018114072128323,0.13913582799255736,0.5003710433435047,0.6814159292035398,0.5663716814159292,0.8265839980099837
pilot_holdout,missing_only,0.25,0.0,0.0,13,aligned,0.7668117839112136,0.13033346075915356,0.14430432086003722,0.5020718636223626,0.6778761061946903,0.5778761061946902,0.8347739428219301
pilot_holdout,missing_only,0.25,0.0,0.0,13,hyperplane_old,0.4291852505583336,0.18537470552712884,0.29088277858176553,0.4204735448395937,0.6371681415929203,0.5327433628318584,0.7921100048210993
pilot_holdout,missing_only,0.25,0.0,0.0,14,plain,0.2325738636684525,0.21208686386230358,0.3630349390117842,0.34470204117850195,0.5663716814159292,0.4646017699115044,0.7450447444646858
pilot_holdout,missing_only,0.25,0.0,0.0,14,documented,0.7708770166582929,0.13066808666302068,0.13438081455447592,0.5010484528248542,0.6743362831858406,0.5663716814159292,0.827033076903139
pilot_holdout,missing_only,0.25,0.0,0.0,14,aligned,0.7653162585787597,0.1313424552801426,0.14037626628075253,0.5035245157837335,0.6867256637168142,0.5743362831858406,0.8374622480820393
pilot_holdout,missing_only,0.25,0.0,0.0,14,hyperplane_old,0.3999318403733166,0.1895713437192861,0.303080421749018,0.38795432248960593,0.5982300884955751,0.5035398230088496,0.7695728921984611
pilot_holdout,missing_only,0.25,0.0,0.0,15,plain,0.2325738636684525,0.21208686386230358,0.3630349390117842,0.34470204117850195,0.5663716814159292,0.4646017699115044,0.7450447444646858
pilot_holdout,missing_only,0.25,0.0,0.0,15,documented,0.7792838044896253,0.1285039491801965,0.13789538970436221,0.5272616158947648,0.6778761061946902,0.5796460176991151,0.8240638065128127
pilot_holdout,missing_only,0.25,0.0,0.0,15,aligned,0.776231772921857,0.1286484021375095,0.14016952656605333,0.5361589864674087,0.7115044247787611,0.5938053097345134,0.8413281933591268
pilot_holdout,missing_only,0.25,0.0,0.0,15,hyperplane_old,0.4084945447128683,0.18759104634107948,0.2927434360140583,0.4060039279566177,0.6088495575221239,0.5035398230088495,0.7811062979605243
pilot_holdout,missing_only,0.25,0.0,0.0,16,plain,0.2325738636684525,0.21208686386230358,0.3630349390117842,0.34470204117850195,0.5663716814159292,0.4646017699115044,0.7450447444646858
pilot_holdout,missing_only,0.25,0.0,0.0,16,documented,0.7642212917358079,0.13209991616977543,0.14905933429811866,0.5062001745181897,0.6495575221238938,0.5486725663716814,0.8177422631763464
pilot_holdout,missing_only,0.25,0.0,0.0,16,aligned,0.7663214065429999,0.13124507357520765,0.1480256357246227,0.507355329314985,0.6672566371681417,0.5539823008849558,0.8280144415411844
pilot_holdout,missing_only,0.25,0.0,0.0,16,hyperplane_old,0.39244095657882117,0.19092516836040205,0.3070084763283027,0.3902058780190443,0.6106194690265486,0.5088495575221239,0.7750271268404983
pilot_holdout,missing_only,0.25,0.0,0.0,17,plain,0.2325738636684525,0.21208686386230358,0.3630349390117842,0.34470204117850195,0.5663716814159292,0.4646017699115044,0.7450447444646858
pilot_holdout,missing_only,0.25,0.0,0.0,17,documented,0.7908701851243481,0.12688086729768197,0.13334711598097995,0.5233432769083266,0.6778761061946902,0.5690265486725665,0.8186695101346991
pilot_holdout,missing_only,0.25,0.0,0.0,17,aligned,0.8020648643917039,0.12318953422297917,0.13189993797808558,0.5339449174550694,0.7008849557522123,0.58141592920354,0.8383899742755281
pilot_holdout,missing_only,0.25,0.0,0.0,17,hyperplane_old,0.41354967343881816,0.18648923993560432,0.2927434360140583,0.4134897545665328,0.6035398230088496,0.5017699115044247,0.7723323777412806
pilot_holdout,missing_only,0.25,0.0,0.0,18,plain,0.2325738636684525,0.21208686386230358,0.3630349390117842,0.34470204117850195,0.5663716814159292,0.4646017699115044,0.7450447444646858
pilot_holdout,missing_only,0.25,0.0,0.0,18,documented,0.7267702592746726,0.1361836162497927,0.15877610088898078,0.5112872888367158,0.6814159292035398,0.5646017699115043,0.8244024816496045
pilot_holdout,missing_only,0.25,0.0,0.0,18,aligned,0.6962472203812161,0.13986872466673533,0.16043001860657433,0.5196424453115546,0.6867256637168141,0.5734513274336283,0.8318199427342745
pilot_holdout,missing_only,0.25,0.0,0.0,18,hyperplane_old,0.41185295462278315,0.18796812698538368,0.30059954517262766,0.40907949514426023,0.6212389380530973,0.5123893805309735,0.7774190863367579
pilot_holdout,missing_only,0.25,0.0,0.0,19,plain,0.2325738636684525,0.21208686386230358,0.3630349390117842,0.34470204117850195,0.5663716814159292,0.4646017699115044,0.7450447444646858
pilot_holdout,missing_only,0.25,0.0,0.0,19,documented,0.7788625614301142,0.12900018414249953,0.1287988422575977,0.5161006693970225,0.6654867256637168,0.5734513274336283,0.8262411895985253
pilot_holdout,missing_only,0.25,0.0,0.0,19,aligned,0.795740930854769,0.12420451119443465,0.12321686996071946,0.5384081758494476,0.6902654867256637,0.5831858407079646,0.8423568005227533
pilot_holdout,missing_only,0.25,0.0,0.0,19,hyperplane_old,0.4234683030381361,0.18424066492230715,0.28447384742609055,0.4254627254026127,0.6407079646017699,0.515929203539823,0.7867214709833414
pilot_holdout,missing_only,0.25,0.0,0.0,20,plain,0.2325738636684525,0.21208686386230358,0.3630349390117842,0.34470204117850195,0.5663716814159292,0.4646017699115044,0.7450447444646858
pilot_holdout,missing_only,0.25,0.0,0.0,20,documented,0.7837819580316422,0.12583096544860492,0.11990903452553235,0.5393040630672812,0.6743362831858407,0.568141592920354,0.8291329302260734
pilot_holdout,missing_only,0.25,0.0,0.0,20,aligned,0.7803824865863129,0.12410818395629965,0.11908207566673558,0.5570568971360668,0.6920353982300886,0.5831858407079646,0.8416343625406567
pilot_holdout,missing_only,0.25,0.0,0.0,20,hyperplane_old,0.42802408079257154,0.1846731684331178,0.290262559437668,0.4266651391205487,0.6389380530973452,0.5238938053097345,0.7921661022664598
pilot_holdout,missing_only,0.25,0.0,0.0,21,plain,0.2325738636684525,0.21208686386230358,0.3630349390117842,0.34470204117850195,0.5663716814159292,0.4646017699115044,0.7450447444646858
pilot_holdout,missing_only,0.25,0.0,0.0,21,documented,0.7729889978585546,0.1297824416017057,0.13975604713665496,0.5070892009446905,0.6566371681415928,0.5663716814159292,0.8166416471651482
pilot_holdout,missing_only,0.25,0.0,0.0,21,aligned,0.7493600048046191,0.13276704156357116,0.1474054165805251,0.5194674857637832,0.6884955752212389,0.5778761061946903,0.8276286454556623
pilot_holdout,missing_only,0.25,0.0,0.0,21,hyperplane_old,0.42975044153250397,0.18374418212322638,0.2832334091378954,0.42875914916123825,0.6265486725663718,0.523008849557522,0.7860847279752199
pilot_holdout,missing_only,0.25,0.0,0.0,22,plain,0.2325738636684525,0.21208686386230358,0.3630349390117842,0.34470204117850195,0.5663716814159292,0.4646017699115044,0.7450447444646858
pilot_holdout,missing_only,0.25,0.0,0.0,22,documented,0.7719688754905855,0.13172822269278558,0.13582799255737027,0.49148459222071555,0.6743362831858407,0.5743362831858407,0.8256791792321302
pilot_holdout,missing_only,0.25,0.0,0.0,22,aligned,0.7848509262286655,0.12804893072936802,0.1287988422575977,0.5083829873255524,0.7079646017699115,0.584070796460177,0.8386514567036496
pilot_holdout,missing_only,0.25,0.0,0.0,22,hyperplane_old,0.40551731104020966,0.18820098683831626,0.2958445317345462,0.40125540530294995,0.6106194690265486,0.5035398230088496,0.7794949282378623
pilot_holdout,missing_only,0.25,0.0,0.0,23,plain,0.2325738636684525,0.21208686386230358,0.3630349390117842,0.34470204117850195,0.5663716814159292,0.4646017699115044,0.7450447444646858
pilot_holdout,missing_only,0.25,0.0,0.0,23,documented,0.8075441670409651,0.122838922976471,0.12321686996071946,0.5381247646112864,0.6814159292035398,0.5761061946902656,0.8218732817790403
pilot_holdout,missing_only,0.25,0.0,0.0,23,aligned,0.8144352852166293,0.12002665897704543,0.12238991110192268,0.5468900889234578,0.6938053097345134,0.5849557522123895,0.8371194331260711
pilot_holdout,missing_only,0.25,0.0,0.0,23,hyperplane_old,0.3917932624034395,0.18959509173490088,0.30349390117841635,0.4027065363695909,0.6194690265486725,0.5008849557522124,0.7750790890831506
pilot_holdout,missing_only,0.25,0.0,0.0,24,plain,0.2325738636684525,0.21208686386230358,0.3630349390117842,0.34470204117850195,0.5663716814159292,0.4646017699115044,0.7450447444646858
pilot_holdout,missing_only,0.25,0.0,0.0,24,documented,0.7981470402100705,0.12658656488370174,0.11990903452553235,0.4993014443549943,0.6495575221238938,0.5539823008849558,0.8132291907332272
pilot_holdout,missing_only,0.25,0.0,0.0,24,aligned,0.807837704920929,0.12263017981185559,0.11722141823444283,0.5108564815092859,0.6849557522123895,0.5699115044247788,0.8362744796624009
pilot_holdout,missing_only,0.25,0.0,0.0,24,hyperplane_old,0.38099864245803117,0.19215167885528966,0.30142650403142446,0.38228051216172876,0.6159292035398231,0.5061946902654867,0.7788640376763829
pilot_holdout,missing_only,0.25,0.0,0.0,25,plain,0.2325738636684525,0.21208686386230358,0.3630349390117842,0.34470204117850195,0.5663716814159292,0.4646017699115044,0.7450447444646858
pilot_holdout,missing_only,0.25,0.0,0.0,25,documented,0.7742172291391946,0.12876073749504424,0.13686169113086624,0.5275694200798763,0.6654867256637167,0.5672566371681417,0.8317527613614109
pilot_holdout,missing_only,0.25,0.0,0.0,25,aligned,0.7759741404678273,0.12727454028286098,0.13582799255737027,0.5429557951392997,0.6831858407079646,0.5823008849557523,0.8444096122341348
pilot_holdout,missing_only,0.25,0.0,0.0,25,hyperplane_old,0.4302266941890277,0.18590206527592126,0.2958445317345462,0.41868946353530373,0.6407079646017699,0.5292035398230089,0.791019054221098
pilot_holdout,missing_only,0.25,0.0,0.0,26,plain,0.2325738636684525,0.21208686386230358,0.3630349390117842,0.34470204117850195,0.5663716814159292,0.4646017699115044,0.7450447444646858
pilot_holdout,missing_only,0.25,0.0,0.0,26,documented,0.8062794966089035,0.12321442360608155,0.10585073392598718,0.505676462291551,0.6654867256637167,0.5646017699115045,0.8309158577215715
pilot_holdout,missing_only,0.25,0.0,0.0,26,aligned,0.811078226695244,0.12116576094263876,0.10564399421128799,0.5129139155470911,0.6867256637168142,0.572566371681416,0.8445831378232245
pilot_holdout,missing_only,0.25,0.0,0.0,26,hyperplane_old,0.413817984323165,0.18747570689658957,0.2958445317345462,0.41979876590063897,0.607079646017699,0.4973451327433628,0.7756498898294836
pilot_holdout,missing_only,0.25,0.0,0.0,27,plain,0.2325738636684525,0.21208686386230358,0.3630349390117842,0.34470204117850195,0.5663716814159292,0.4646017699115044,0.7450447444646858
pilot_holdout,missing_only,0.25,0.0,0.0,27,documented,0.7969342350498891,0.12299154027245196,0.1118461856522638,0.5479579150037109,0.6619469026548672,0.5628318584070796,0.8197007883760158
pilot_holdout,missing_only,0.25,0.0,0.0,27,aligned,0.8125424565748955,0.11902456055348691,0.10688443249948315,0.5624883172697283,0.6938053097345134,0.5849557522123895,0.8392728195594289
pilot_holdout,missing_only,0.25,0.0,0.0,27,hyperplane_old,0.4241859960905623,0.1860770866445209,0.2832334091378954,0.4122300662249219,0.6212389380530974,0.5132743362831858,0.7758166985980208
pilot_holdout,missing_only,0.25,0.0,0.0,28,plain,0.2325738636684525,0.21208686386230358,0.3630349390117842,0.34470204117850195,0.5663716814159292,0.4646017699115044,0.7450447444646858
pilot_holdout,missing_only,0.25,0.0,0.0,28,documented,0.7597036521937055,0.13028765099735165,0.14699193715112674,0.5332345434535423,0.6530973451327433,0.5584070796460177,0.81894898502693
pilot_holdout,missing_only,0.25,0.0,0.0,28,aligned,0.7437514929048852,0.13144084910747472,0.15029977258631383,0.5395820947145497,0.6690265486725665,0.5672566371681417,0.8281915865833764
pilot_holdout,missing_only,0.25,0.0,0.0,28,hyperplane_old,0.432797424679281,0.18570195418243302,0.29191647715526153,0.4127026979269705,0.6123893805309735,0.5176991150442478,0.7773647318446965
pilot_holdout,missing_only,0.25,0.0,0.0,29,plain,0.2325738636684525,0.21208686386230358,0.3630349390117842,0.34470204117850195,0.5663716814159292,0.4646017699115044,0.7450447444646858
pilot_holdout,missing_only,0.25,0.0,0.0,29,documented,0.7868325772086001,0.12731141488471118,0.1350010336985735,0.5140153429728598,0.6584070796460177,0.5663716814159292,0.818961545217731
pilot_holdout,missing_only,0.25,0.0,0.0,29,aligned,0.7962124919724879,0.12430328886157044,0.1283853628281993,0.5243986102157524,0.672566371681416,0.5699115044247788,0.8273187824275855
pilot_holdout,missing_only,0.25,0.0,0.0,29,hyperplane_old,0.402119888171082,0.19006362452079212,0.3016332437461236,0.40887597448453966,0.6265486725663717,0.5168141592920353,0.7804476574829154
pilot_holdout,missing_only,0.25,0.0,0.0,30,plain,0.2325738636684525,0.21208686386230358,0.3630349390117842,0.34470204117850195,0.5663716814159292,0.4646017699115044,0.7450447444646858
pilot_holdout,missing_only,0.25,0.0,0.0,30,documented,0.8016652771612672,0.12506532849531476,0.11598097994624768,0.49828292699405585,0.6566371681415928,0.5584070796460177,0.8124134264501538
pilot_holdout,missing_only,0.25,0.0,0.0,30,aligned,0.8039860265263616,0.12269454587387726,0.11722141823444283,0.516684326155867,0.6902654867256637,0.5787610619469027,0.8347155720650021
pilot_holdout,missing_only,0.25,0.0,0.0,30,hyperplane_old,0.406920257841082,0.18911327837254954,0.29997932602853006,0.3998067363336544,0.6053097345132744,0.5053097345132743,0.7742785670549404
pilot_holdout,missing_only,0.25,0.0,0.0,31,plain,0.2325738636684525,0.21208686386230358,0.3630349390117842,0.34470204117850195,0.5663716814159292,0.4646017699115044,0.7450447444646858
pilot_holdout,missing_only,0.25,0.0,0.0,31,documented,0.800378899844524,0.12452277493848816,0.11928881538143478,0.5325483052841836,0.6867256637168141,0.5805309734513274,0.8332906545485286
pilot_holdout,missing_only,0.25,0.0,0.0,31,aligned,0.7980030277209937,0.12461370702763766,0.1252842671077114,0.5289893617454202,0.6991150442477876,0.5823008849557523,0.8350638547144692
pilot_holdout,missing_only,0.25,0.0,0.0,31,hyperplane_old,0.41820708333479467,0.18725028205056987,0.2939838743022535,0.41052604454288627,0.6017699115044248,0.5017699115044247,0.7768383451778829
pilot_holdout,missing_only,0.25,0.0,0.0,32,plain,0.2325738636684525,0.21208686386230358,0.3630349390117842,0.34470204117850195,0.5663716814159292,0.4646017699115044,0.7450447444646858
pilot_holdout,missing_only,0.25,0.0,0.0,32,documented,0.794524531911385,0.12593158617247635,0.124870787678313,0.5196350244414395,0.6530973451327433,0.5557522123893806,0.8203878015669419
pilot_holdout,missing_only,0.25,0.0,0.0,32,aligned,0.7908975880719781,0.12529636887918486,0.12549100682241057,0.5328057076211554,0.679646017699115,0.5734513274336284,0.8321584403114776
pilot_holdout,missing_only,0.25,0.0,0.0,32,hyperplane_old,0.42824209815954245,0.18617251765518072,0.2981186685962373,0.4278179748792532,0.6265486725663717,0.5256637168141592,0.7889461497345166
pilot_holdout,missing_only,0.25,0.0,0.0,33,plain,0.2325738636684525,0.21208686386230358,0.3630349390117842,0.34470204117850195,0.5663716814159292,0.4646017699115044,0.7450447444646858
pilot_holdout,missing_only,0.25,0.0,0.0,33,documented,0.738927114894388,0.13535255631200926,0.1552615257390945,0.5184405327282285,0.6637168141592921,0.5646017699115043,0.8294956373360616
pilot_holdout,missing_only,0.25,0.0,0.0,33,aligned,0.74587623109762,0.13319169778748988,0.1509199917304114,0.5229707297877785,0.6867256637168142,0.5761061946902656,0.839996714848424
pilot_holdout,missing_only,0.25,0.0,0.0,33,hyperplane_old,0.4009016552790834,0.189362780779292,0.29687823030804217,0.3900704251896814,0.6194690265486725,0.5044247787610618,0.7706823936846809
pilot_holdout,missing_only,0.25,0.0,0.0,34,plain,0.2325738636684525,0.21208686386230358,0.3630349390117842,0.34470204117850195,0.5663716814159292,0.4646017699115044,0.7450447444646858
pilot_holdout,missing_only,0.25,0.0,0.0,34,documented,0.8042498069728237,0.12443310994749772,0.11536076080215009,0.5143250267172061,0.6778761061946902,0.5805309734513274,0.8355739318622519
pilot_holdout,missing_only,0.25,0.0,0.0,34,aligned,0.8112552678338529,0.12192846856084913,0.11660119909034526,0.5270085891815292,0.7008849557522124,0.5920353982300885,0.8479944815706819
pilot_holdout,missing_only,0.25,0.0,0.0,34,hyperplane_old,0.4069465197876573,0.18791942135735779,0.29729170973744057,0.39534806729710814,0.5982300884955754,0.4991150442477875,0.7647320389364352
pilot_holdout,missing_only,0.25,0.0,0.0,35,plain,0.2325738636684525,0.21208686386230358,0.3630349390117842,0.34470204117850195,0.5663716814159292,0.4646017699115044,0.7450447444646858
pilot_holdout,missing_only,0.25,0.0,0.0,35,documented,0.7910699536373011,0.12491080684629279,0.11639445937564606,0.5326061505778893,0.6814159292035398,0.5716814159292036,0.8252167204745847
pilot_holdout,missing_only,0.25,0.0,0.0,35,aligned,0.7950761805559418,0.12324273500182711,0.11412032251395493,0.5345625940271143,0.6973451327433628,0.5796460176991151,0.8380332330468122
pilot_holdout,missing_only,0.25,0.0,0.0,35,hyperplane_old,0.4098058570245975,0.18795628587266383,0.3016332437461236,0.40950322837828906,0.6053097345132744,0.5035398230088496,0.7730116500492309
pilot_holdout,missing_only,0.25,0.0,0.0,36,plain,0.2325738636684525,0.21208686386230358,0.3630349390117842,0.34470204117850195,0.5663716814159292,0.4646017699115044,0.7450447444646858
pilot_holdout,missing_only,0.25,0.0,0.0,36,documented,0.7948696055479706,0.12593579577757,0.11763489766384122,0.5099590694693941,0.6566371681415929,0.5504424778761062,0.820536527862228
pilot_holdout,missing_only,0.25,0.0,0.0,36,aligned,0.7855291051753768,0.12495009218594222,0.112052925366963,0.5262197655882999,0.6849557522123895,0.5778761061946903,0.8344090403755059
pilot_holdout,missing_only,0.25,0.0,0.0,36,hyperplane_old,0.387754659920738,0.1903825498216414,0.3028736820343188,0.4049940142364651,0.6035398230088496,0.49557522123893805,0.7696045551230914
pilot_holdout,missing_only,0.25,0.0,0.0,37,plain,0.2325738636684525,0.21208686386230358,0.3630349390117842,0.34470204117850195,0.5663716814159292,0.4646017699115044,0.7450447444646858
pilot_holdout,missing_only,0.25,0.0,0.0,37,documented,0.7893131524145164,0.12708079194676997,0.13954930742195576,0.5187076338810063,0.6690265486725663,0.5637168141592921,0.8168617552967761
pilot_holdout,missing_only,0.25,0.0,0.0,37,aligned,0.7953277060570442,0.12477604671851504,0.13748191027496381,0.5341453857067955,0.6920353982300885,0.5849557522123894,0.8393001117718211
pilot_holdout,missing_only,0.25,0.0,0.0,37,hyperplane_old,0.42021822710659584,0.18735909137729678,0.2981186685962373,0.40997049700804056,0.6088495575221239,0.5035398230088496,0.7714104962948337
pilot_holdout,missing_only,0.25,0.0,0.0,38,plain,0.2325738636684525,0.21208686386230358,0.3630349390117842,0.34470204117850195,0.5663716814159292,0.4646017699115044,0.7450447444646858
pilot_holdout,missing_only,0.25,0.0,0.0,38,documented,0.7707390788689392,0.1296577171573,0.124870787678313,0.5178787950070112,0.6637168141592921,0.5654867256637167,0.8161513620640489
pilot_holdout,missing_only,0.25,0.0,0.0,38,aligned,0.7857448429820064,0.12517040174472613,0.11990903452553235,0.5361904806558725,0.6814159292035398,0.5752212389380531,0.8371991334375309
pilot_holdout,missing_only,0.25,0.0,0.0,38,hyperplane_old,0.3882952469418706,0.19226133219069508,0.3152780649162704,0.3924244574074345,0.608849557522124,0.5,0.7721906821132595
pilot_holdout,missing_only,0.25,0.0,0.0,39,plain,0.2325738636684525,0.21208686386230358,0.3630349390117842,0.34470204117850195,0.5663716814159292,0.4646017699115044,0.7450447444646858
pilot_holdout,missing_only,0.25,0.0,0.0,39,documented,0.7856469195114549,0.13054376772407,0.12921232168699606,0.5091873346650115,0.6407079646017699,0.5699115044247787,0.8165612149698931
pilot_holdout,missing_only,0.25,0.0,0.0,39,aligned,0.8126224691438033,0.12175882669618769,0.112052925366963,0.5411943441990972,0.6955752212389381,0.5849557522123895,0.8371679640857789
pilot_holdout,missing_only,0.25,0.0,0.0,39,hyperplane_old,0.3526761730175177,0.19726233626288064,0.3221004755013438,0.3593254782864319,0.5699115044247788,0.4734513274336283,0.7580402923792229
pilot_holdout,missing_only,0.25,0.0,0.0,40,plain,0.2325738636684525,0.21208686386230358,0.3630349390117842,0.34470204117850195,0.5663716814159292,0.4646017699115044,0.7450447444646858
pilot_holdout,missing_only,0.25,0.0,0.0,40,documented,0.7785824498944403,0.12856766245967388,0.1310729791192888,0.5189628652189836,0.6619469026548673,0.552212389380531,0.8220574343633551
pilot_holdout,missing_only,0.25,0.0,0.0,40,aligned,0.7926660855098612,0.12370284568628791,0.12218317138722348,0.5340936920554807,0.6831858407079645,0.5752212389380531,0.8343785222255972
pilot_holdout,missing_only,0.25,0.0,0.0,40,hyperplane_old,0.38696153793674026,0.19096746367006573,0.3117634897663841,0.3994749089505731,0.5929203539823009,0.49646017699115047,0.7613649938131233
pilot_holdout,missing_only,0.25,0.0,0.0,41,plain,0.2325738636684525,0.21208686386230358,0.3630349390117842,0.34470204117850195,0.5663716814159292,0.4646017699115044,0.7450447444646858
pilot_holdout,missing_only,0.25,0.0,0.0,41,documented,0.7617628943019286,0.13285115925716073,0.1350010336985735,0.4953953451469534,0.6336283185840708,0.547787610619469,0.8060745464402982
pilot_holdout,missing_only,0.25,0.0,0.0,41,aligned,0.7704199311577026,0.12969543542165507,0.12962580111639446,0.4994619329406788,0.6513274336283186,0.5539823008849558,0.8186394002602955
pilot_holdout,missing_only,0.25,0.0,0.0,41,hyperplane_old,0.38444109757016937,0.19236868429996676,0.3059747777548067,0.3883096215117351,0.6247787610619469,0.5079646017699115,0.7759505680668476
pilot_holdout,missing_only,0.25,0.0,0.0,42,plain,0.2325738636684525,0.21208686386230358,0.3630349390117842,0.34470204117850195,0.5663716814159292,0.4646017699115044,0.7450447444646858
pilot_holdout,missing_only,0.25,0.0,0.0,42,documented,0.7653969320046371,0.1317734049439258,0.15340086830680175,0.5116287103769294,0.6477876106194689,0.5637168141592921,0.8148375052680156
pilot_holdout,missing_only,0.25,0.0,0.0,42,aligned,0.7791935299293418,0.12668935657076602,0.145131279718834,0.5372225471715198,0.6867256637168142,0.5796460176991151,0.8323300168547172
pilot_holdout,missing_only,0.25,0.0,0.0,42,hyperplane_old,0.41908357883585906,0.1863425426519967,0.2943973537316518,0.41218568751650064,0.6212389380530974,0.511504424778761,0.7752226078618759
pilot_holdout,missing_only,0.25,0.0,0.0,43,plain,0.2325738636684525,0.21208686386230358,0.3630349390117842,0.34470204117850195,0.5663716814159292,0.4646017699115044,0.7450447444646858
pilot_holdout,missing_only,0.25,0.0,0.0,43,documented,0.7992707720862473,0.12270504113440867,0.12342360967541864,0.5549882861147643,0.6761061946902656,0.5743362831858407,0.8250496396763105
pilot_holdout,missing_only,0.25,0.0,0.0,43,aligned,0.8113677411448514,0.1189623964275839,0.11763489766384122,0.5671207988697707,0.6920353982300886,0.5867256637168142,0.83957566752961
pilot_holdout,missing_only,0.25,0.0,0.0,43,hyperplane_old,0.44461157818120134,0.18405887846017913,0.28406036799669215,0.4131835652979623,0.6106194690265486,0.5088495575221238,0.7711128079665522
pilot_holdout,missing_only,0.25,0.0,0.0,44,plain,0.2325738636684525,0.21208686386230358,0.3630349390117842,0.34470204117850195,0.5663716814159292,0.4646017699115044,0.7450447444646858
pilot_holdout,missing_only,0.25,0.0,0.0,44,documented,0.7709183278193883,0.13186642223473682,0.1285921025428985,0.4811821641152711,0.6407079646017698,0.5575221238938053,0.8110461796109175
pilot_holdout,missing_only,0.25,0.0,0.0,44,aligned,0.7736966308469082,0.1307715311044884,0.1310729791192888,0.48164182301240427,0.6442477876106194,0.5584070796460177,0.8146303875568699
pilot_holdout,missing_only,0.25,0.0,0.0,44,hyperplane_old,0.4025487297433441,0.1886213277208255,0.2995658465991317,0.4139668325217853,0.615929203539823,0.5070796460176992,0.7841124313458361
pilot_holdout,missing_only,0.25,0.0,0.0,45,plain,0.2325738636684525,0.21208686386230358,0.3630349390117842,0.34470204117850195,0.5663716814159292,0.4646017699115044,0.7450447444646858
pilot_holdout,missing_only,0.25,0.0,0.0,45,documented,0.7999140544676512,0.12589961965088173,0.12363034939011784,0.518123033409956,0.6690265486725663,0.5637168141592921,0.81575335739321
pilot_holdout,missing_only,0.25,0.0,0.0,45,aligned,0.8123015026506172,0.12088732805450879,0.11846185652263799,0.5365755423849141,0.6778761061946902,0.5743362831858406,0.8280009044491813
pilot_holdout,missing_only,0.25,0.0,0.0,45,hyperplane_old,0.4050948759819058,0.18876172431302432,0.30101302460202606,0.42415660786601006,0.6353982300884955,0.5141592920353983,0.7771946713468086
pilot_holdout,missing_only,0.25,0.0,0.0,46,plain,0.2325738636684525,0.21208686386230358,0.3630349390117842,0.34470204117850195,0.5663716814159292,0.4646017699115044,0.7450447444646858
pilot_holdout,missing_only,0.25,0.0,0.0,46,documented,0.7674047088947554,0.13086233909528422,0.14285714285714285,0.5114552810622472,0.6743362831858406,0.568141592920354,0.8163419690326527
pilot_holdout,missing_only,0.25,0.0,0.0,46,aligned,0.7703636642653492,0.1290834018947602,0.14595823857763077,0.5352518590868924,0.7097345132743363,0.604424778761062,0.8464154858122158
pilot_holdout,missing_only,0.25,0.0,0.0,46,hyperplane_old,0.4334418447929983,0.18417624707815655,0.28530080628488735,0.41347470082639354,0.6336283185840708,0.5212389380530973,0.7862895494235583
pilot_holdout,missing_only,0.25,0.0,0.0,47,plain,0.2325738636684525,0.21208686386230358,0.3630349390117842,0.34470204117850195,0.5663716814159292,0.4646017699115044,0.7450447444646858
pilot_holdout,missing_only,0.25,0.0,0.0,47,documented,0.7776790510442035,0.12747683154385264,0.12611122596650817,0.534114463253488,0.6743362831858407,0.5610619469026549,0.831501288563892
pilot_holdout,missing_only,0.25,0.0,0.0,47,aligned,0.7837353359611415,0.12462662018684278,0.12363034939011784,0.542853697243359,0.6973451327433628,0.5787610619469027,0.8469314772171395
pilot_holdout,missing_only,0.25,0.0,0.0,47,hyperplane_old,0.40145694273623106,0.18915862663718794,0.30452759975191235,0.3895454149910601,0.6035398230088496,0.515929203539823,0.7759984248877415
pilot_holdout,missing_only,0.25,0.0,0.0,48,plain,0.2325738636684525,0.21208686386230358,0.3630349390117842,0.34470204117850195,0.5663716814159292,0.4646017699115044,0.7450447444646858
pilot_holdout,missing_only,0.25,0.0,0.0,48,documented,0.8067103294609513,0.12186058390486627,0.10791813107297912,0.5292563339323357,0.6884955752212389,0.5778761061946903,0.8328935421044303
pilot_holdout,missing_only,0.25,0.0,0.0,48,aligned,0.7882793629941063,0.12375005912592671,0.11536076080215009,0.5310666741725396,0.7026548672566372,0.5831858407079646,0.8412906827826123
pilot_holdout,missing_only,0.25,0.0,0.0,48,hyperplane_old,0.41005165343669725,0.18750965918645457,0.2935703948728551,0.41126878136403394,0.6106194690265486,0.5017699115044247,0.7725669127739445
pilot_holdout,missing_only,0.25,0.0,0.0,49,plain,0.2325738636684525,0.21208686386230358,0.3630349390117842,0.34470204117850195,0.5663716814159292,0.4646017699115044,0.7450447444646858
pilot_holdout,missing_only,0.25,0.0,0.0,49,documented,0.8220204800929973,0.11877033265946822,0.10109572048790573,0.5455062000801981,0.6584070796460177,0.5654867256637168,0.834594990547036
pilot_holdout,missing_only,0.25,0.0,0.0,49,aligned,0.8145769439159921,0.1192950990014885,0.10378333677899525,0.5353249602426342,0.6920353982300885,0.5778761061946903,0.8409011730546364
pilot_holdout,missing_only,0.25,0.0,0.0,49,hyperplane_old,0.42882014105012434,0.18675711258792158,0.28716146371718004,0.3982625252992305,0.5964601769911505,0.4991150442477876,0.761736394383361
pilot_holdout,missing_only,0.5,0.0,0.0,0,plain,0.2325738636684525,0.21208686386230358,0.3630349390117842,0.34470204117850195,0.5663716814159292,0.4646017699115044,0.7450447444646858
pilot_holdout,missing_only,0.5,0.0,0.0,0,documented,0.5783648884721446,0.1653018256417871,0.23857763076286956,0.4121310471480321,0.5911504424778761,0.5053097345132743,0.7686801991719977
pilot_holdout,missing_only,0.5,0.0,0.0,0,aligned,0.5317902654401568,0.17002265991155432,0.25532354765350423,0.4432955168586847,0.6460176991150443,0.5353982300884956,0.8008865982200758
pilot_holdout,missing_only,0.5,0.0,0.0,0,hyperplane_old,0.3305288972170169,0.20095512924092362,0.33367789952449867,0.3807026076939366,0.5946902654867258,0.49646017699115047,0.7694746155830776
pilot_holdout,missing_only,0.5,0.0,0.0,1,plain,0.2325738636684525,0.21208686386230358,0.3630349390117842,0.34470204117850195,0.5663716814159292,0.4646017699115044,0.7450447444646858
pilot_holdout,missing_only,0.5,0.0,0.0,1,documented,0.6003576046462877,0.164423992682219,0.230514781889601,0.41442733777975693,0.5858407079646017,0.4902654867256637,0.7603127792459581
pilot_holdout,missing_only,0.5,0.0,0.0,1,aligned,0.6164019113033371,0.15862132531950437,0.22803390531321066,0.4465296185810351,0.6141592920353983,0.5256637168141592,0.7972129517595905
pilot_holdout,missing_only,0.5,0.0,0.0,1,hyperplane_old,0.2767229164263347,0.20715516992018781,0.3512507752739301,0.35536990745715097,0.5752212389380531,0.4725663716814159,0.754198344900272
pilot_holdout,missing_only,0.5,0.0,0.0,2,plain,0.2325738636684525,0.21208686386230358,0.3630349390117842,0.34470204117850195,0.5663716814159292,0.4646017699115044,0.7450447444646858
pilot_holdout,missing_only,0.5,0.0,0.0,2,documented,0.6110121375384346,0.16170585323834616,0.23113500103369858,0.4125508704059933,0.6194690265486725,0.5070796460176992,0.7727054101087036
pilot_holdout,missing_only,0.5,0.0,0.0,2,aligned,0.5637671750155543,0.16504821582750256,0.23713045275997519,0.4305518624149815,0.6495575221238938,0.5327433628318584,0.7913585151718697
pilot_holdout,missing_only,0.5,0.0,0.0,2,hyperplane_old,0.33107387031316793,0.19839112863259029,0.32809592722762043,0.39423594618646546,0.6123893805309735,0.49115044247787604,0.7712758187801332
pilot_holdout,missing_only,0.5,0.0,0.0,3,plain,0.2325738636684525,0.21208686386230358,0.3630349390117842,0.34470204117850195,0.5663716814159292,0.4646017699115044,0.7450447444646858
pilot_holdout,missing_only,0.5,0.0,0.0,3,documented,0.5580221294323229,0.16845126125173696,0.25470332850940663,0.4196083334781235,0.6088495575221239,0.511504424778761,0.7758322534275383
pilot_holdout,missing_only,0.5,0.0,0.0,3,aligned,0.5340502400185209,0.17188254800197475,0.26069878023568327,0.4426357298083304,0.631858407079646,0.5238938053097345,0.7836245881385275
pilot_holdout,missing_only,0.5,0.0,0.0,3,hyperplane_old,0.3118730607590825,0.20145032109424774,0.3396733512507753,0.37440393966022195,0.5929203539823009,0.4823008849557522,0.7488644136154596
pilot_holdout,missing_only,0.5,0.0,0.0,4,plain,0.2325738636684525,0.21208686386230358,0.3630349390117842,0.34470204117850195,0.5663716814159292,0.4646017699115044,0.7450447444646858
pilot_holdout,missing_only,0.5,0.0,0.0,4,documented,0.5749315863546625,0.1676559102009881,0.2365102336158776,0.38808233053051944,0.5876106194690266,0.5,0.7719687181704566
pilot_holdout,missing_only,0.5,0.0,0.0,4,aligned,0.5612883435675343,0.16775583604216732,0.2530494107918131,0.4206095897122827,0.6389380530973451,0.5362831858407079,0.7971196139261226
pilot_holdout,missing_only,0.5,0.0,0.0,4,hyperplane_old,0.29522011708220053,0.2041780182202227,0.34008683068017365,0.36814573956934477,0.5752212389380531,0.4725663716814159,0.7549795842294732
pilot_holdout,missing_only,0.5,0.0,0.0,5,plain,0.2325738636684525,0.21208686386230358,0.3630349390117842,0.34470204117850195,0.5663716814159292,0.4646017699115044,0.7450447444646858
pilot_holdout,missing_only,0.5,0.0,0.0,5,documented,0.6172335614990803,0.16023748289836565,0.22307215216043003,0.4139473541581923,0.5805309734513274,0.49646017699115047,0.7643037477702326
pilot_holdout,missing_only,0.5,0.0,0.0,5,aligned,0.5539720005427083,0.16469966255597832,0.24167872648335745,0.46260588424377547,0.6407079646017699,0.5353982300884956,0.8000805990426831
pilot_holdout,missing_only,0.5,0.0,0.0,5,hyperplane_old,0.29640607025509663,0.20453819943112153,0.34029357039487285,0.3659771024053924,0.6,0.47610619469026555,0.7528425503939769
pilot_holdout,missing_only,0.5,0.0,0.0,6,plain,0.2325738636684525,0.21208686386230358,0.3630349390117842,0.34470204117850195,0.5663716814159292,0.4646017699115044,0.7450447444646858
pilot_holdout,missing_only,0.5,0.0,0.0,6,documented,0.6276913791194478,0.15892446787936437,0.22059127558403968,0.43587309240351113,0.6,0.5194690265486726,0.78180290908588
pilot_holdout,missing_only,0.5,0.0,0.0,6,aligned,0.601830857334126,0.16022632124065858,0.22679346702501552,0.4577139411722115,0.6371681415929203,0.54070796460177,0.8050392138059891
pilot_holdout,missing_only,0.5,0.0,0.0,6,hyperplane_old,0.33330151013793424,0.2001159099844052,0.3342981186685962,0.37200968150373986,0.5964601769911505,0.48584070796460177,0.7668981855771373
pilot_holdout,missing_only,0.5,0.0,0.0,7,plain,0.2325738636684525,0.21208686386230358,0.3630349390117842,0.34470204117850195,0.5663716814159292,0.4646017699115044,0.7450447444646858
pilot_holdout,missing_only,0.5,0.0,0.0,7,documented,0.5995518593067376,0.16345042925633194,0.23485631589828407,0.41642698512318965,0.5893805309734514,0.5079646017699115,0.7753795938804511
pilot_holdout,missing_only,0.5,0.0,0.0,7,aligned,0.5981988926419498,0.16028213252019932,0.22203845358693405,0.45236250127880157,0.631858407079646,0.5415929203539823,0.8050947270141358
pilot_holdout,missing_only,0.5,0.0,0.0,7,hyperplane_old,0.309136674286197,0.20317405866281282,0.3396733512507753,0.3759120014346579,0.5964601769911504,0.4814159292035398,0.7603661673538485
pilot_holdout,missing_only,0.5,0.0,0.0,8,plain,0.2325738636684525,0.21208686386230358,0.3630349390117842,0.34470204117850195,0.5663716814159292,0.4646017699115044,0.7450447444646858
pilot_holdout,missing_only,0.5,0.0,0.0,8,documented,0.6318021805763365,0.1565270907600766,0.20860037213148647,0.4102436735809734,0.5876106194690266,0.5088495575221239,0.7734147761917947
pilot_holdout,missing_only,0.5,0.0,0.0,8,aligned,0.5731114785279534,0.16358996523104302,0.23092826131899938,0.4408095161756334,0.6283185840707964,0.531858407079646,0.7921816825637737
pilot_holdout,missing_only,0.5,0.0,0.0,8,hyperplane_old,0.3175689836310822,0.2007699789391031,0.32850940665701883,0.3891583508764087,0.584070796460177,0.4743362831858407,0.7599435485012648
pilot_holdout,missing_only,0.5,0.0,0.0,9,plain,0.2325738636684525,0.21208686386230358,0.3630349390117842,0.34470204117850195,0.5663716814159292,0.4646017699115044,0.7450447444646858
pilot_holdout,missing_only,0.5,0.0,0.0,9,documented,0.6398538699884017,0.15913278598647465,0.22596650816621874,0.41559313762471023,0.5787610619469026,0.49380530973451325,0.7720708206773276
pilot_holdout,missing_only,0.5,0.0,0.0,9,aligned,0.5530266096850132,0.1679970520899905,0.2464337399214389,0.4367070981918166,0.6247787610619469,0.5256637168141592,0.7914113474651059
pilot_holdout,missing_only,0.5,0.0,0.0,9,hyperplane_old,0.3062025217707653,0.20290963337671822,0.33636551581558816,0.3656709981408609,0.5893805309734512,0.47168141592920354,0.749221675981274
pilot_holdout,missing_only,0.5,0.0,0.0,10,plain,0.2325738636684525,0.21208686386230358,0.3630349390117842,0.34470204117850195,0.5663716814159292,0.4646017699115044,0.7450447444646858
pilot_holdout,missing_only,0.5,0.0,0.0,10,documented,0.5824390155741587,0.16435815755859368,0.23299565846599132,0.4244656252854851,0.584070796460177,0.5035398230088496,0.7723735565330605
pilot_holdout,missing_only,0.5,0.0,0.0,10,aligned,0.5372280485643134,0.16903101958027783,0.24912135621252843,0.4466003627673296,0.6442477876106194,0.5327433628318584,0.791647101668518
pilot_holdout,missing_only,0.5,0.0,0.0,10,hyperplane_old,0.2939442852397279,0.20421406889952726,0.34380814554475914,0.36572302928561823,0.5805309734513274,0.4646017699115044,0.7453355969803661
pilot_holdout,missing_only,0.5,0.0,0.0,11,plain,0.2325738636684525,0.21208686386230358,0.3630349390117842,0.34470204117850195,0.5663716814159292,0.4646017699115044,0.7450447444646858
pilot_holdout,missing_only,0.5,0.0,0.0,11,documented,0.6050121134294499,0.16108100591519314,0.21459582385776307,0.41438905704941986,0.5929203539823009,0.4884955752212389,0.7639660641621502
pilot_holdout,missing_only,0.5,0.0,0.0,11,aligned,0.5806485696916707,0.16251579731144092,0.2172834401488526,0.42056567796120037,0.6300884955752213,0.5061946902654867,0.7866679905796369
pilot_holdout,missing_only,0.5,0.0,0.0,11,hyperplane_old,0.31794228371406563,0.20107245273433128,0.3291296258011164,0.36882996632991477,0.5929203539823009,0.4787610619469026,0.7645064036282115
pilot_holdout,missing_only,0.5,0.0,0.0,12,plain,0.2325738636684525,0.21208686386230358,0.3630349390117842,0.34470204117850195,0.5663716814159292,0.4646017699115044,0.7450447444646858
pilot_holdout,missing_only,0.5,0.0,0.0,12,documented,0.6440451429651063,0.15638187857699912,0.20467231755220178,0.42496528139422335,0.6194690265486725,0.5221238938053098,0.7879150861568693
pilot_holdout,missing_only,0.5,0.0,0.0,12,aligned,0.6343963742044734,0.15635574970935745,0.2104610295637792,0.425289457058891,0.6513274336283186,0.5353982300884956,0.8011278277392365
pilot_holdout,missing_only,0.5,0.0,0.0,12,hyperplane_old,0.31458374085039903,0.2022925646855219,0.34029357039487285,0.37183097517816116,0.5964601769911505,0.4884955752212389,0.7605536683456531
pilot_holdout,missing_only,0.5,0.0,0.0,13,plain,0.2325738636684525,0.21208686386230358,0.3630349390117842,0.34470204117850195,0.5663716814159292,0.4646017699115044,0.7450447444646858
pilot_holdout,missing_only,0.5,0.0,0.0,13,documented,0.5955663368644966,0.1627765237714275,0.2238991110192268,0.4408262565351961,0.5946902654867255,0.5106194690265486,0.7739615951753327
pilot_holdout,missing_only,0.5,0.0,0.0,13,aligned,0.5667515485208926,0.16526579663037735,0.23589001447178004,0.45021709322517495,0.6230088495575222,0.5256637168141592,0.787561509963106
pilot_holdout,missing_only,0.5,0.0,0.0,13,hyperplane_old,0.306488873639703,0.20387828973164623,0.34050031010957205,0.37102230117450674,0.584070796460177,0.47522123893805307,0.7524747255205504
pilot_holdout,missing_only,0.5,0.0,0.0,14,plain,0.2325738636684525,0.21208686386230358,0.3630349390117842,0.34470204117850195,0.5663716814159292,0.4646017699115044,0.7450447444646858
pilot_holdout,missing_only,0.5,0.0,0.0,14,documented,0.596545071649646,0.16419272301339152,0.24767417820963408,0.39962276436196137,0.5893805309734512,0.49734513274336284,0.7555264869926605
pilot_holdout,missing_only,0.5,0.0,0.0,14,aligned,0.5827123282353068,0.16365545924344285,0.24891461649782923,0.42199895810886745,0.6088495575221239,0.5212389380530973,0.7756841726745688
pilot_holdout,missing_only,0.5,0.0,0.0,14,hyperplane_old,0.2958398906411341,0.20361703005418227,0.3429811866859624,0.3704299973175502,0.5964601769911504,0.48318584070796455,0.7630141181283566
pilot_holdout,missing_only,0.5,0.0,0.0,15,plain,0.2325738636684525,0.21208686386230358,0.3630349390117842,0.34470204117850195,0.5663716814159292,0.4646017699115044,0.7450447444646858
pilot_holdout,missing_only,0.5,0.0,0.0,15,documented,0.568715498751101,0.16503982419741806,0.23423609675418647,0.42014103149586896,0.5946902654867257,0.5061946902654868,0.767462442085382
pilot_holdout,missing_only,0.5,0.0,0.0,15,aligned,0.5754632693038602,0.1624579269624805,0.22803390531321066,0.4328227124443902,0.6300884955752213,0.520353982300885,0.7932537102434498
pilot_holdout,missing_only,0.5,0.0,0.0,15,hyperplane_old,0.31072854798613964,0.20214372599425592,0.33305768038040107,0.3767477255394291,0.5893805309734512,0.48672566371681414,0.7630476055728916
pilot_holdout,missing_only,0.5,0.0,0.0,16,plain,0.2325738636684525,0.21208686386230358,0.3630349390117842,0.34470204117850195,0.5663716814159292,0.4646017699115044,0.7450447444646858
pilot_holdout,missing_only,0.5,0.0,0.0,16,documented,0.6234596348929968,0.158223114810214,0.21873061815174696,0.4471416216770736,0.6070796460176991,0.5194690265486726,0.7900941379433959
pilot_holdout,missing_only,0.5,0.0,0.0,16,aligned,0.5904050692117662,0.1620937289032279,0.2363034939011784,0.45668714976795366,0.6389380530973452,0.5389380530973451,0.7962624436303777
pilot_holdout,missing_only,0.5,0.0,0.0,16,hyperplane_old,0.3110319205445379,0.20178630540054593,0.33698573495968576,0.37718167193298574,0.5752212389380531,0.46283185840707963,0.7521754803700283
pilot_holdout,missing_only,0.5,0.0,0.0,17,plain,0.2325738636684525,0.21208686386230358,0.3630349390117842,0.34470204117850195,0.5663716814159292,0.4646017699115044,0.7450447444646858
pilot_holdout,missing_only,0.5,0.0,0.0,17,documented,0.6091414923134976,0.16062805479854786,0.21811039900764936,0.42317998471694773,0.584070796460177,0.49380530973451325,0.761120867776099
pilot_holdout,missing_only,0.5,0.0,0.0,17,aligned,0.5953640756874846,0.16129323037405563,0.21873061815174696,0.44727851404384117,0.6141592920353983,0.520353982300885,0.7878917014752973
pilot_holdout,missing_only,0.5,0.0,0.0,17,hyperplane_old,0.3302087775938308,0.19948366157167874,0.3268554889394253,0.3900724898302058,0.5876106194690266,0.484070796460177,0.7615680967587363
pilot_holdout,missing_only,0.5,0.0,0.0,18,plain,0.2325738636684525,0.21208686386230358,0.3630349390117842,0.34470204117850195,0.5663716814159292,0.4646017699115044,0.7450447444646858
pilot_holdout,missing_only,0.5,0.0,0.0,18,documented,0.6044589376856538,0.16006218813111892,0.22203845358693405,0.41521433167249233,0.5805309734513274,0.5026548672566371,0.7560775283443328
pilot_holdout,missing_only,0.5,0.0,0.0,18,aligned,0.5899375352256717,0.15891670147528708,0.2203845358693405,0.4573485022035815,0.6265486725663718,0.5309734513274337,0.7813493638043482
pilot_holdout,missing_only,0.5,0.0,0.0,18,hyperplane_old,0.3164460029080349,0.20028316764676782,0.3307835435187099,0.3760414224992552,0.6053097345132744,0.4796460176991151,0.7602084077980942
pilot_holdout,missing_only,0.5,0.0,0.0,19,plain,0.2325738636684525,0.21208686386230358,0.3630349390117842,0.34470204117850195,0.5663716814159292,0.4646017699115044,0.7450447444646858
pilot_holdout,missing_only,0.5,0.0,0.0,19,documented,0.6433707297736491,0.15617231390070374,0.20467231755220178,0.39766238355499345,0.6106194690265486,0.4982300884955752,0.7743195147626815
pilot_holdout,missing_only,0.5,0.0,0.0,19,aligned,0.6411630109861359,0.1533370983513621,0.1908207566673558,0.4256342109449616,0.631858407079646,0.5168141592920353,0.7875535623710628
pilot_holdout,missing_only,0.5,0.0,0.0,19,hyperplane_old,0.3342007422271185,0.19985955819157478,0.3322307215216043,0.3743736141620832,0.6053097345132744,0.4902654867256637,0.7677206292983326
pilot_holdout,missing_only,0.5,0.0,0.0,20,plain,0.2325738636684525,0.21208686386230358,0.3630349390117842,0.34470204117850195,0.5663716814159292,0.4646017699115044,0.7450447444646858
pilot_holdout,missing_only,0.5,0.0,0.0,20,documented,0.6088892067409329,0.1615331190154176,0.21190820756667356,0.401806872075355,0.584070796460177,0.5132743362831859,0.7713769133709204
pilot_holdout,missing_only,0.5,0.0,0.0,20,aligned,0.5453767324565855,0.16803045999224164,0.22824064502790986,0.4195082305088472,0.6247787610619469,0.5256637168141592,0.7857976414147394
pilot_holdout,missing_only,0.5,0.0,0.0,20,hyperplane_old,0.30872303866711026,0.20233628759658567,0.33781269381848256,0.3569332074821809,0.5734513274336283,0.4725663716814159,0.7587007884713463
pilot_holdout,missing_only,0.5,0.0,0.0,21,plain,0.2325738636684525,0.21208686386230358,0.3630349390117842,0.34470204117850195,0.5663716814159292,0.4646017699115044,0.7450447444646858
pilot_holdout,missing_only,0.5,0.0,0.0,21,documented,0.6189705879744903,0.15893905613873602,0.21232168699607196,0.4261652119286596,0.6053097345132744,0.5097345132743363,0.7925816389434086
pilot_holdout,missing_only,0.5,0.0,0.0,21,aligned,0.58470314578033,0.16139757473008226,0.22059127558403968,0.4503623646932113,0.6513274336283186,0.54070796460177,0.8161290744381884
pilot_holdout,missing_only,0.5,0.0,0.0,21,hyperplane_old,0.28972540933082763,0.2042182048507657,0.3392598718213769,0.3628522763967591,0.5716814159292036,0.4681415929203539,0.7469410438822388
pilot_holdout,missing_only,0.5,0.0,0.0,22,plain,0.2325738636684525,0.21208686386230358,0.3630349390117842,0.34470204117850195,0.5663716814159292,0.4646017699115044,0.7450447444646858
pilot_holdout,missing_only,0.5,0.0,0.0,22,documented,0.6473529589209377,0.15726344801916564,0.22431259044862517,0.4151610212823336,0.5929203539823009,0.5053097345132743,0.7663100220086185
pilot_holdout,missing_only,0.5,0.0,0.0,22,aligned,0.6107671819578416,0.15997899114261352,0.2274136861691131,0.43263453286035686,0.6212389380530973,0.5256637168141592,0.7913332059319788
pilot_holdout,missing_only,0.5,0.0,0.0,22,hyperplane_old,0.3026209913105283,0.20411561133936595,0.3423609675418648,0.355562414096919,0.5876106194690266,0.4787610619469026,0.7581817205540584
pilot_holdout,missing_only,0.5,0.0,0.0,23,plain,0.2325738636684525,0.21208686386230358,0.3630349390117842,0.34470204117850195,0.5663716814159292,0.4646017699115044,0.7450447444646858
pilot_holdout,missing_only,0.5,0.0,0.0,23,documented,0.6550953380352695,0.1562313015271503,0.21831713872234856,0.42438527157375333,0.608849557522124,0.5212389380530974,0.7735090597076463
pilot_holdout,missing_only,0.5,0.0,0.0,23,aligned,0.6488078218709133,0.15299712212282562,0.21314864585486873,0.4402280701018074,0.6389380530973452,0.5433628318584071,0.7978408376823078
pilot_holdout,missing_only,0.5,0.0,0.0,23,hyperplane_old,0.3267699488790279,0.20253646042286935,0.3384329129625801,0.36978498600747545,0.5858407079646016,0.49292035398230083,0.7645919040224893
pilot_holdout,missing_only,0.5,0.0,0.0,24,plain,0.2325738636684525,0.21208686386230358,0.3630349390117842,0.34470204117850195,0.5663716814159292,0.4646017699115044,0.7450447444646858
pilot_holdout,missing_only,0.5,0.0,0.0,24,documented,0.6143264377867436,0.1612742701967371,0.24167872648335745,0.4260702877462072,0.5982300884955751,0.5150442477876106,0.7703710664871474
pilot_holdout,missing_only,0.5,0.0,0.0,24,aligned,0.5700019174816364,0.16399998005613134,0.243332644200951,0.45281913785405514,0.631858407079646,0.5283185840707965,0.7904090775265268
pilot_holdout,missing_only,0.5,0.0,0.0,24,hyperplane_old,0.3217097409958327,0.2018441920483245,0.3342981186685962,0.36743404411766295,0.5893805309734512,0.48495575221238935,0.7563935115107295
pilot_holdout,missing_only,0.5,0.0,0.0,25,plain,0.2325738636684525,0.21208686386230358,0.3630349390117842,0.34470204117850195,0.5663716814159292,0.4646017699115044,0.7450447444646858
pilot_holdout,missing_only,0.5,0.0,0.0,25,documented,0.5682540549180272,0.16586734177613124,0.23713045275997519,0.40384597817099055,0.5893805309734512,0.5008849557522124,0.7685012513269435
pilot_holdout,missing_only,0.5,0.0,0.0,25,aligned,0.5256783656965357,0.17174167367325496,0.25615050651230103,0.4182136937276242,0.6300884955752213,0.5176991150442478,0.7867934361470171
pilot_holdout,missing_only,0.5,0.0,0.0,25,hyperplane_old,0.31377686663244464,0.20219509757998413,0.3380194335331817,0.3784309653024948,0.5929203539823009,0.4787610619469026,0.7606842091752793
pilot_holdout,missing_only,0.5,0.0,0.0,26,plain,0.2325738636684525,0.21208686386230358,0.3630349390117842,0.34470204117850195,0.5663716814159292,0.4646017699115044,0.7450447444646858
pilot_holdout,missing_only,0.5,0.0,0.0,26,documented,0.5753105998381912,0.1646342180290978,0.2334091378953897,0.4240260410761115,0.6247787610619469,0.5300884955752212,0.7836758531406246
pilot_holdout,missing_only,0.5,0.0,0.0,26,aligned,0.5660862109197515,0.16426621870858557,0.24746743849493488,0.4527188982863783,0.6477876106194689,0.5495575221238939,0.8000767416279244
pilot_holdout,missing_only,0.5,0.0,0.0,26,hyperplane_old,0.28146712938859747,0.20582321822080132,0.3429811866859624,0.36700689387506413,0.5929203539823009,0.46814159292035395,0.7560248623934445
pilot_holdout,missing_only,0.5,0.0,0.0,27,plain,0.2325738636684525,0.21208686386230358,0.3630349390117842,0.34470204117850195,0.5663716814159292,0.4646017699115044,0.7450447444646858
pilot_holdout,missing_only,0.5,0.0,0.0,27,documented,0.624036257900219,0.16068060612242963,0.2298945627455034,0.4089382243118953,0.6194690265486725,0.5132743362831859,0.7767452215760148
pilot_holdout,missing_only,0.5,0.0,0.0,27,aligned,0.5769424983221859,0.16589803246990678,0.2464337399214389,0.42871953227149306,0.6353982300884955,0.536283185840708,0.7978713810732146
pilot_holdout,missing_only,0.5,0.0,0.0,27,hyperplane_old,0.32148018675515866,0.20130460131570677,0.3355385569567914,0.3649863028850904,0.5876106194690266,0.4893805309734513,0.7636515413021171
pilot_holdout,missing_only,0.5,0.0,0.0,28,plain,0.2325738636684525,0.21208686386230358,0.3630349390117842,0.34470204117850195,0.5663716814159292,0.4646017699115044,0.7450447444646858
pilot_holdout,missing_only,0.5,0.0,0.0,28,documented,0.6278060319627133,0.1620825562969278,0.22927434360140583,0.3956905933525529,0.5964601769911505,0.5,0.770454148036501
pilot_holdout,missing_only,0.5,0.0,0.0,28,aligned,0.6077105955684035,0.16121992747095093,0.2274136861691131,0.41373265664038295,0.6336283185840708,0.527433628318584,0.7939943664590922
pilot_holdout,missing_only,0.5,0.0,0.0,28,hyperplane_old,0.3036787928881779,0.2039429698783122,0.3382261732478809,0.35678485616756184,0.5893805309734514,0.4690265486725664,0.753179966898048
pilot_holdout,missing_only,0.5,0.0,0.0,29,plain,0.2325738636684525,0.21208686386230358,0.3630349390117842,0.34470204117850195,0.5663716814159292,0.4646017699115044,0.7450447444646858
pilot_holdout,missing_only,0.5,0.0,0.0,29,documented,0.5609580742634305,0.16667830165358552,0.2336158776100889,0.436603713551889,0.615929203539823,0.511504424778761,0.7800745981434347
pilot_holdout,missing_only,0.5,0.0,0.0,29,aligned,0.5323938983574112,0.16856127195269408,0.24291916477155262,0.4539602607086231,0.631858407079646,0.536283185840708,0.8012106516174402
pilot_holdout,missing_only,0.5,0.0,0.0,29,hyperplane_old,0.30472160155342226,0.20205810071869854,0.33367789952449867,0.38054345921021104,0.584070796460177,0.4743362831858407,0.7633957827429827
pilot_holdout,missing_only,0.5,0.0,0.0,30,plain,0.2325738636684525,0.21208686386230358,0.3630349390117842,0.34470204117850195,0.5663716814159292,0.4646017699115044,0.7450447444646858
pilot_holdout,missing_only,0.5,0.0,0.0,30,documented,0.631737053559145,0.15702668777531642,0.2236923713045276,0.48183006517509597,0.6424778761061947,0.5460176991150442,0.7928822928134651
pilot_holdout,missing_only,0.5,0.0,0.0,30,aligned,0.596492413564928,0.1611764956417585,0.24415960305974777,0.48560462119846104,0.6424778761061947,0.5486725663716814,0.8057267205769733
pilot_holdout,missing_only,0.5,0.0,0.0,30,hyperplane_old,0.35842383244472725,0.19759157067127875,0.3260285300806285,0.38627740650743564,0.608849557522124,0.49557522123893805,0.7628727377005854
pilot_holdout,missing_only,0.5,0.0,0.0,31,plain,0.2325738636684525,0.21208686386230358,0.3630349390117842,0.34470204117850195,0.5663716814159292,0.4646017699115044,0.7450447444646858
pilot_holdout,missing_only,0.5,0.0,0.0,31,documented,0.5930326019260339,0.16373888691460997,0.22803390531321066,0.4166943986236163,0.6088495575221238,0.5123893805309734,0.776999709531407
pilot_holdout,missing_only,0.5,0.0,0.0,31,aligned,0.5706147210053144,0.16518395646953205,0.23092826131899938,0.42774704245417555,0.6407079646017699,0.524778761061947,0.7918672755951233
pilot_holdout,missing_only,0.5,0.0,0.0,31,hyperplane_old,0.29472711370651183,0.20382678280704605,0.34380814554475914,0.366134799977175,0.568141592920354,0.47433628318584065,0.7480692783247469
pilot_holdout,missing_only,0.5,0.0,0.0,32,plain,0.2325738636684525,0.21208686386230358,0.3630349390117842,0.34470204117850195,0.5663716814159292,0.4646017699115044,0.7450447444646858
pilot_holdout,missing_only,0.5,0.0,0.0,32,documented,0.6055019547135565,0.16106752260838386,0.21790365929295016,0.43258870161271673,0.6123893805309735,0.5150442477876106,0.7844943908654914
pilot_holdout,missing_only,0.5,0.0,0.0,32,aligned,0.6028855903506105,0.15768023272047185,0.21170146785197436,0.4503669515860796,0.6407079646017699,0.5389380530973452,0.8025367027523231
pilot_holdout,missing_only,0.5,0.0,0.0,32,hyperplane_old,0.3171520725695994,0.2030740583193454,0.3388463923919785,0.367527259580885,0.5893805309734514,0.48584070796460177,0.76515396753964
pilot_holdout,missing_only,0.5,0.0,0.0,33,plain,0.2325738636684525,0.21208686386230358,0.3630349390117842,0.34470204117850195,0.5663716814159292,0.4646017699115044,0.7450447444646858
pilot_holdout,missing_only,0.5,0.0,0.0,33,documented,0.6093758638895191,0.15825302723957269,0.20839363241678727,0.4261375308403231,0.6017699115044248,0.4982300884955752,0.7836864704267353
pilot_holdout,missing_only,0.5,0.0,0.0,33,aligned,0.5832395330778709,0.16153333376246362,0.22245193301633243,0.4367966645634528,0.6265486725663718,0.5274336283185841,0.8040000030848807
pilot_holdout,missing_only,0.5,0.0,0.0,33,hyperplane_old,0.328270749653575,0.20005650605044328,0.3314037626628075,0.3736231680248336,0.6000000000000001,0.47433628318584065,0.7567542814077788
pilot_holdout,missing_only,0.5,0.0,0.0,34,plain,0.2325738636684525,0.21208686386230358,0.3630349390117842,0.34470204117850195,0.5663716814159292,0.4646017699115044,0.7450447444646858
pilot_holdout,missing_only,0.5,0.0,0.0,34,documented,0.5442556159519266,0.17130371949926154,0.25222245193301635,0.39381394427895566,0.6017699115044248,0.49646017699115047,0.777111554662514
pilot_holdout,missing_only,0.5,0.0,0.0,34,aligned,0.5118190809682271,0.1742881269140325,0.25532354765350423,0.4193240128330621,0.6159292035398231,0.5150442477876106,0.7970715454594391
pilot_holdout,missing_only,0.5,0.0,0.0,34,hyperplane_old,0.28162559590568237,0.2049525676630764,0.34360140583005994,0.3538217996388971,0.5823008849557522,0.46106194690265484,0.7528252866890227
pilot_holdout,missing_only,0.5,0.0,0.0,35,plain,0.2325738636684525,0.21208686386230358,0.3630349390117842,0.34470204117850195,0.5663716814159292,0.4646017699115044,0.7450447444646858
pilot_holdout,missing_only,0.5,0.0,0.0,35,documented,0.599753888445386,0.15875978876533417,0.23506305561298324,0.47352998647752287,0.6407079646017699,0.5513274336283186,0.7953169518603656
pilot_holdout,missing_only,0.5,0.0,0.0,35,aligned,0.5895653643593762,0.16081401842446366,0.24788091792433325,0.4825882265224785,0.6530973451327434,0.5619469026548672,0.8050264025077574
pilot_holdout,missing_only,0.5,0.0,0.0,35,hyperplane_old,0.33918383114506423,0.19873286399733053,0.3301633243746124,0.38436868569610017,0.6053097345132743,0.49203539823008846,0.7697782838612527
pilot_holdout,missing_only,0.5,0.0,0.0,36,plain,0.2325738636684525,0.21208686386230358,0.3630349390117842,0.34470204117850195,0.5663716814159292,0.4646017699115044,0.7450447444646858
pilot_holdout,missing_only,0.5,0.0,0.0,36,documented,0.6629727677967565,0.15303422534346933,0.19495555096133968,0.40400048186344956,0.5876106194690266,0.5070796460176991,0.7592401701473611
pilot_holdout,missing_only,0.5,0.0,0.0,36,aligned,0.6464678620158713,0.15305537488587084,0.20053752325821791,0.4248067722830928,0.607079646017699,0.5176991150442478,0.7712756928879833
pilot_holdout,missing_only,0.5,0.0,0.0,36,hyperplane_old,0.3116566067109529,0.20242901620097636,0.33657225553028736,0.36471905515382275,0.5893805309734512,0.47433628318584065,0.757434195786721
pilot_holdout,missing_only,0.5,0.0,0.0,37,plain,0.2325738636684525,0.21208686386230358,0.3630349390117842,0.34470204117850195,0.5663716814159292,0.4646017699115044,0.7450447444646858
pilot_holdout,missing_only,0.5,0.0,0.0,37,documented,0.6176870013522624,0.15837544326886752,0.21873061815174696,0.427067631147313,0.6035398230088496,0.5061946902654868,0.7696389469671175
pilot_holdout,missing_only,0.5,0.0,0.0,37,aligned,0.5841690608668408,0.16073991674219884,0.22803390531321066,0.4544783850086514,0.6336283185840708,0.5274336283185841,0.788728952399772
pilot_holdout,missing_only,0.5,0.0,0.0,37,hyperplane_old,0.3250952012122721,0.2001066085570238,0.32809592722762043,0.37596934182431957,0.584070796460177,0.4831858407079646,0.7595228894826753
pilot_holdout,missing_only,0.5,0.0,0.0,38,plain,0.2325738636684525,0.21208686386230358,0.3630349390117842,0.34470204117850195,0.5663716814159292,0.4646017699115044,0.7450447444646858
pilot_holdout,missing_only,0.5,0.0,0.0,38,documented,0.5928068130752047,0.16353888325612112,0.2298945627455034,0.4259185555580956,0.6176991150442478,0.5176991150442477,0.7760807268166798
pilot_holdout,missing_only,0.5,0.0,0.0,38,aligned,0.573159178457514,0.16546404030441605,0.2462270002067397,0.44865119012178417,0.6477876106194691,0.5389380530973452,0.7981163287849143
pilot_holdout,missing_only,0.5,0.0,0.0,38,hyperplane_old,0.3177505781741666,0.20064338642650786,0.33305768038040107,0.3824202872468433,0.5911504424778761,0.4867256637168141,0.7653312434413969
pilot_holdout,missing_only,0.5,0.0,0.0,39,plain,0.2325738636684525,0.21208686386230358,0.3630349390117842,0.34470204117850195,0.5663716814159292,0.4646017699115044,0.7450447444646858
pilot_holdout,missing_only,0.5,0.0,0.0,39,documented,0.6468814882008651,0.1543066469787533,0.19474881124664048,0.42842281116094544,0.6106194690265486,0.5132743362831859,0.7792475100301076
pilot_holdout,missing_only,0.5,0.0,0.0,39,aligned,0.6100498765656285,0.1575244479171346,0.2133553855695679,0.43892288545040953,0.6300884955752212,0.5238938053097345,0.7863441460802172
pilot_holdout,missing_only,0.5,0.0,0.0,39,hyperplane_old,0.3226906552367979,0.19962746711473528,0.32003307835435185,0.3688830916892545,0.5752212389380531,0.4725663716814159,0.7506762318613596
pilot_holdout,missing_only,0.5,0.0,0.0,40,plain,0.2325738636684525,0.21208686386230358,0.3630349390117842,0.34470204117850195,0.5663716814159292,0.4646017699115044,0.7450447444646858
pilot_holdout,missing_only,0.5,0.0,0.0,40,documented,0.5947489966812031,0.16491992055334315,0.24229894562745505,0.4212269818266005,0.6212389380530973,0.5309734513274337,0.7748751641182541
pilot_holdout,missing_only,0.5,0.0,0.0,40,aligned,0.5731664472600491,0.16621181704853893,0.2464337399214389,0.42411521769173105,0.6371681415929203,0.5380530973451327,0.7824173078520626
pilot_holdout,missing_only,0.5,0.0,0.0,40,hyperplane_old,0.36007633938203326,0.19633997467877587,0.315898284060368,0.36614662235470974,0.5699115044247788,0.4902654867256637,0.754289166013589
pilot_holdout,missing_only,0.5,0.0,0.0,41,plain,0.2325738636684525,0.21208686386230358,0.3630349390117842,0.34470204117850195,0.5663716814159292,0.4646017699115044,0.7450447444646858
pilot_holdout,missing_only,0.5,0.0,0.0,41,documented,0.630252636618309,0.1585187040390173,0.20798015298738887,0.3975998536498187,0.6106194690265486,0.49557522123893805,0.7702627412654477
pilot_holdout,missing_only,0.5,0.0,0.0,41,aligned,0.5926204429203824,0.1612088149319578,0.21521604300186065,0.4174785406042868,0.6477876106194691,0.5185840707964601,0.7968295305014635
pilot_holdout,missing_only,0.5,0.0,0.0,41,hyperplane_old,0.3193565665139786,0.20209778299478182,0.33243746123630347,0.38125060926850257,0.5964601769911505,0.4867256637168141,0.7663505199711589
pilot_holdout,missing_only,0.5,0.0,0.0,42,plain,0.2325738636684525,0.21208686386230358,0.3630349390117842,0.34470204117850195,0.5663716814159292,0.4646017699115044,0.7450447444646858
pilot_holdout,missing_only,0.5,0.0,0.0,42,documented,0.6378470463309138,0.15654434869208375,0.217696919578251,0.4176113147300373,0.6141592920353983,0.5141592920353982,0.7746269279606368
pilot_holdout,missing_only,0.5,0.0,0.0,42,aligned,0.5903419273885198,0.16037430181530682,0.22224519330163325,0.4453573517007524,0.631858407079646,0.5292035398230089,0.7917561519641171
pilot_holdout,missing_only,0.5,0.0,0.0,42,hyperplane_old,0.3131109758571036,0.20240038542201993,0.33243746123630347,0.360154184242207,0.5858407079646017,0.4805309734513274,0.7620474199366848
pilot_holdout,missing_only,0.5,0.0,0.0,43,plain,0.2325738636684525,0.21208686386230358,0.3630349390117842,0.34470204117850195,0.5663716814159292,0.4646017699115044,0.7450447444646858
pilot_holdout,missing_only,0.5,0.0,0.0,43,documented,0.618174410388777,0.1610439593602476,0.22493280959272277,0.424458769447952,0.6000000000000001,0.5035398230088496,0.7636674621435532
pilot_holdout,missing_only,0.5,0.0,0.0,43,aligned,0.6021869146323688,0.15974020810965575,0.2296878230308042,0.4663112873985608,0.6548672566371682,0.5584070796460177,0.7999793632259581
pilot_holdout,missing_only,0.5,0.0,0.0,43,hyperplane_old,0.32015806723333257,0.20122257523017686,0.33698573495968576,0.3905924591181916,0.608849557522124,0.4991150442477876,0.7719046370488322
pilot_holdout,missing_only,0.5,0.0,0.0,44,plain,0.2325738636684525,0.21208686386230358,0.3630349390117842,0.34470204117850195,0.5663716814159292,0.4646017699115044,0.7450447444646858
pilot_holdout,missing_only,0.5,0.0,0.0,44,documented,0.631895223622326,0.1596392549666407,0.2139756047136655,0.4062635594474995,0.5787610619469026,0.504424778761062,0.7615513314694874
pilot_holdout,missing_only,0.5,0.0,0.0,44,aligned,0.6231153917962932,0.15819180668797456,0.21831713872234856,0.43026798047295367,0.6212389380530974,0.5336283185840708,0.7878607583401
pilot_holdout,missing_only,0.5,0.0,0.0,44,hyperplane_old,0.3160875816510637,0.20197553250986447,0.33988009096547445,0.3688265739472512,0.6088495575221239,0.49380530973451325,0.7693236940243022
pilot_holdout,missing_only,0.5,0.0,0.0,45,plain,0.2325738636684525,0.21208686386230358,0.3630349390117842,0.34470204117850195,0.5663716814159292,0.4646017699115044,0.7450447444646858
pilot_holdout,missing_only,0.5,0.0,0.0,45,documented,0.6423000678593519,0.15589653549186158,0.20260492040520983,0.42653901703309355,0.615929203539823,0.5203539823008849,0.7908145058514376
pilot_holdout,missing_only,0.5,0.0,0.0,45,aligned,0.5871982364121848,0.16167387876947292,0.21624974157535662,0.44926668318750673,0.6548672566371682,0.5398230088495575,0.807258188485675
pilot_holdout,missing_only,0.5,0.0,0.0,45,hyperplane_old,0.3467792482980958,0.1978144566247268,0.3268554889394253,0.3792159549388282,0.5734513274336283,0.47345132743362833,0.7555516541339196
pilot_holdout,missing_only,0.5,0.0,0.0,46,plain,0.2325738636684525,0.21208686386230358,0.3630349390117842,0.34470204117850195,0.5663716814159292,0.4646017699115044,0.7450447444646858
pilot_holdout,missing_only,0.5,0.0,0.0,46,documented,0.6634948933054361,0.15391739647089198,0.2075666735579905,0.434841079261091,0.6141592920353983,0.5194690265486726,0.777750035629508
pilot_holdout,missing_only,0.5,0.0,0.0,46,aligned,0.6382627143157938,0.153374032954314,0.2071531941285921,0.4615427412345547,0.6424778761061947,0.5469026548672566,0.803333815314881
pilot_holdout,missing_only,0.5,0.0,0.0,46,hyperplane_old,0.3231601873953238,0.20101467540402945,0.3322307215216043,0.37152650513710517,0.5876106194690266,0.48230088495575213,0.7610833229020642
pilot_holdout,missing_only,0.5,0.0,0.0,47,plain,0.2325738636684525,0.21208686386230358,0.3630349390117842,0.34470204117850195,0.5663716814159292,0.4646017699115044,0.7450447444646858
pilot_holdout,missing_only,0.5,0.0,0.0,47,documented,0.6021390765327803,0.16223984331879757,0.22141823444283648,0.3952784660579164,0.5787610619469026,0.49203539823008846,0.7578126697921043
pilot_holdout,missing_only,0.5,0.0,0.0,47,aligned,0.6000802601138339,0.16106773278949033,0.22451933016332437,0.4070260522940029,0.6035398230088495,0.5061946902654867,0.7745090484721477
pilot_holdout,missing_only,0.5,0.0,0.0,47,hyperplane_old,0.30639373951404797,0.20344382070396,0.3392598718213769,0.3595541015441982,0.5929203539823009,0.479646017699115,0.7583907457794822
pilot_holdout,missing_only,0.5,0.0,0.0,48,plain,0.2325738636684525,0.21208686386230358,0.3630349390117842,0.34470204117850195,0.5663716814159292,0.4646017699115044,0.7450447444646858
pilot_holdout,missing_only,0.5,0.0,0.0,48,documented,0.5921043972959149,0.16469626519795896,0.23547653504238164,0.40937894261652985,0.6123893805309734,0.5256637168141594,0.7747931738114585
pilot_holdout,missing_only,0.5,0.0,0.0,48,aligned,0.5248162455882023,0.17195315477614115,0.249741575356626,0.4299653788882381,0.6230088495575222,0.515929203539823,0.7782210811849984
pilot_holdout,missing_only,0.5,0.0,0.0,48,hyperplane_old,0.3179241183488466,0.20010227771701058,0.322307215216043,0.37744785484356924,0.5716814159292035,0.46548672566371685,0.739318126068717
pilot_holdout,missing_only,0.5,0.0,0.0,49,plain,0.2325738636684525,0.21208686386230358,0.3630349390117842,0.34470204117850195,0.5663716814159292,0.4646017699115044,0.7450447444646858
pilot_holdout,missing_only,0.5,0.0,0.0,49,documented,0.6200758889589594,0.15941520130245715,0.20901385156088484,0.42127345271569505,0.607079646017699,0.5035398230088496,0.7661804902584253
pilot_holdout,missing_only,0.5,0.0,0.0,49,aligned,0.5856411632724279,0.16292662985727444,0.23237543932189372,0.4355971488405773,0.6300884955752213,0.5336283185840708,0.7896186508808566
pilot_holdout,missing_only,0.5,0.0,0.0,49,hyperplane_old,0.32353649272416446,0.2000144658150622,0.33264420095100267,0.3874692606171945,0.5858407079646017,0.48672566371681414,0.7635451380980229
pilot_holdout,missing_only,0.75,0.0,0.0,0,plain,0.2325738636684525,0.21208686386230358,0.3630349390117842,0.34470204117850195,0.5663716814159292,0.4646017699115044,0.7450447444646858
pilot_holdout,missing_only,0.75,0.0,0.0,0,documented,0.4278922385489507,0.1893525617154344,0.3070084763283027,0.3561674192918061,0.5787610619469026,0.48141592920353987,0.7555351696874099
pilot_holdout,missing_only,0.75,0.0,0.0,0,aligned,0.40479975252048245,0.1908303661410183,0.3194128592102543,0.3777136889858304,0.5964601769911505,0.5,0.7686350788203571
pilot_holdout,missing_only,0.75,0.0,0.0,0,hyperplane_old,0.2718064496430546,0.20823651231068258,0.35290469299152366,0.3533148896490756,0.584070796460177,0.47610619469026544,0.7546738653534564
pilot_holdout,missing_only,0.75,0.0,0.0,1,plain,0.2325738636684525,0.21208686386230358,0.3630349390117842,0.34470204117850195,0.5663716814159292,0.4646017699115044,0.7450447444646858
pilot_holdout,missing_only,0.75,0.0,0.0,1,documented,0.41718743335358693,0.18980899042097307,0.30762869547240024,0.3655485466815065,0.568141592920354,0.4849557522123894,0.7502226464051935
pilot_holdout,missing_only,0.75,0.0,0.0,1,aligned,0.3720885269095672,0.19419404836506382,0.31693198263386396,0.3635029878655854,0.5929203539823009,0.48672566371681414,0.7593153903081468
pilot_holdout,missing_only,0.75,0.0,0.0,1,hyperplane_old,0.26620772129713555,0.20886984811887185,0.35414513127971886,0.3605560361469298,0.5858407079646017,0.48407079646017703,0.7562933815457638
pilot_holdout,missing_only,0.75,0.0,0.0,2,plain,0.2325738636684525,0.21208686386230358,0.3630349390117842,0.34470204117850195,0.5663716814159292,0.4646017699115044,0.7450447444646858
pilot_holdout,missing_only,0.75,0.0,0.0,2,documented,0.3853808443829668,0.19234520422720325,0.3111432706222865,0.34493014410881007,0.5575221238938053,0.47168141592920354,0.7477753464176284
pilot_holdout,missing_only,0.75,0.0,0.0,2,aligned,0.3499868942305443,0.19558180101084538,0.31775894149266076,0.3691659641442621,0.6,0.484070796460177,0.7654217764879989
pilot_holdout,missing_only,0.75,0.0,0.0,2,hyperplane_old,0.2608197897817868,0.2082820034177873,0.35249121356212526,0.359598483500725,0.5716814159292036,0.4778761061946902,0.752359722536909
pilot_holdout,missing_only,0.75,0.0,0.0,3,plain,0.2325738636684525,0.21208686386230358,0.3630349390117842,0.34470204117850195,0.5663716814159292,0.4646017699115044,0.7450447444646858
pilot_holdout,missing_only,0.75,0.0,0.0,3,documented,0.39780846604093345,0.19135621222735535,0.3109365309075873,0.36743811135552473,0.5433628318584071,0.46548672566371685,0.7428409017773441
pilot_holdout,missing_only,0.75,0.0,0.0,3,aligned,0.3412918866336945,0.19828568570887958,0.32850940665701883,0.36200782064771264,0.5628318584070796,0.46283185840707963,0.7448833377226735
pilot_holdout,missing_only,0.75,0.0,0.0,3,hyperplane_old,0.2569458986804822,0.20906149795458487,0.35290469299152366,0.35867527454603937,0.5716814159292035,0.46371681415929195,0.7447391823850021
pilot_holdout,missing_only,0.75,0.0,0.0,4,plain,0.2325738636684525,0.21208686386230358,0.3630349390117842,0.34470204117850195,0.5663716814159292,0.4646017699115044,0.7450447444646858
pilot_holdout,missing_only,0.75,0.0,0.0,4,documented,0.38366676563237495,0.1929559478994067,0.3156915443456688,0.38093736773058434,0.5628318584070797,0.4902654867256637,0.7512109018571633
pilot_holdout,missing_only,0.75,0.0,0.0,4,aligned,0.3714594627363455,0.1944696244077861,0.3216869960719454,0.3793986674412311,0.5929203539823009,0.4991150442477876,0.7652071096774073
pilot_holdout,missing_only,0.75,0.0,0.0,4,hyperplane_old,0.26357705071104454,0.20864314982644216,0.355385569567914,0.35867382016173005,0.5964601769911505,0.475221238938053,0.7582508879374542
pilot_holdout,missing_only,0.75,0.0,0.0,5,plain,0.2325738636684525,0.21208686386230358,0.3630349390117842,0.34470204117850195,0.5663716814159292,0.4646017699115044,0.7450447444646858
pilot_holdout,missing_only,0.75,0.0,0.0,5,documented,0.3835037061322648,0.19479908330576387,0.3264420095100269,0.3337535955159522,0.5663716814159292,0.4646017699115044,0.7470071886141244
pilot_holdout,missing_only,0.75,0.0,0.0,5,aligned,0.3556249836268599,0.1975448575714652,0.3314037626628075,0.3338501107788574,0.5592920353982301,0.4584070796460177,0.7406227909956408
pilot_holdout,missing_only,0.75,0.0,0.0,5,hyperplane_old,0.25409337427249934,0.20944464564281418,0.3580731858590035,0.3583435370409472,0.5929203539823009,0.4743362831858407,0.7573222647254608
pilot_holdout,missing_only,0.75,0.0,0.0,6,plain,0.2325738636684525,0.21208686386230358,0.3630349390117842,0.34470204117850195,0.5663716814159292,0.4646017699115044,0.7450447444646858
pilot_holdout,missing_only,0.75,0.0,0.0,6,documented,0.4340660208447454,0.18824725552540822,0.30121976431672526,0.3486194610577079,0.5292035398230088,0.4451327433628318,0.7282483885646173
pilot_holdout,missing_only,0.75,0.0,0.0,6,aligned,0.4061723843371641,0.19053227627550534,0.309489352904693,0.35585761903403723,0.5451327433628319,0.4646017699115044,0.7448749846814217
pilot_holdout,missing_only,0.75,0.0,0.0,6,hyperplane_old,0.2536714366401284,0.21007389503395293,0.3595203638618979,0.3490613649472943,0.5876106194690266,0.46814159292035395,0.750044980622334
pilot_holdout,missing_only,0.75,0.0,0.0,7,plain,0.2325738636684525,0.21208686386230358,0.3630349390117842,0.34470204117850195,0.5663716814159292,0.4646017699115044,0.7450447444646858
pilot_holdout,missing_only,0.75,0.0,0.0,7,documented,0.4122488070924117,0.19141304260959144,0.3107297911928881,0.3348910645372656,0.5628318584070796,0.45840707964601773,0.7424753787217016
pilot_holdout,missing_only,0.75,0.0,0.0,7,aligned,0.3314372144641213,0.19864350432353095,0.3264420095100269,0.37923821817494896,0.5982300884955754,0.4973451327433628,0.7691274557883307
pilot_holdout,missing_only,0.75,0.0,0.0,7,hyperplane_old,0.26555672412721687,0.20751766692486412,0.35042381641513337,0.3459820909195622,0.5734513274336283,0.4716814159292036,0.7474765390215924
pilot_holdout,missing_only,0.75,0.0,0.0,8,plain,0.2325738636684525,0.21208686386230358,0.3630349390117842,0.34470204117850195,0.5663716814159292,0.4646017699115044,0.7450447444646858
pilot_holdout,missing_only,0.75,0.0,0.0,8,documented,0.3948589501912139,0.1935741976338703,0.3150713252015712,0.35707884626574427,0.568141592920354,0.48761061946902656,0.7531172805999224
pilot_holdout,missing_only,0.75,0.0,0.0,8,aligned,0.34510761828966896,0.19881826957523194,0.329749844945214,0.36868390706707777,0.6070796460176991,0.5026548672566371,0.7696588863193797
pilot_holdout,missing_only,0.75,0.0,0.0,8,hyperplane_old,0.2591085532447048,0.20871322937554782,0.3551788298532148,0.35828918153917755,0.575221238938053,0.47168141592920354,0.7515830328166648
pilot_holdout,missing_only,0.75,0.0,0.0,9,plain,0.2325738636684525,0.21208686386230358,0.3630349390117842,0.34470204117850195,0.5663716814159292,0.4646017699115044,0.7450447444646858
pilot_holdout,missing_only,0.75,0.0,0.0,9,documented,0.4084512058479526,0.19130731590138492,0.31775894149266076,0.3595366489394654,0.5610619469026549,0.47522123893805307,0.7459339856552147
pilot_holdout,missing_only,0.75,0.0,0.0,9,aligned,0.3560573630571779,0.19709098111718976,0.33305768038040107,0.3724355917504098,0.5893805309734512,0.4893805309734513,0.7597398556758888
pilot_holdout,missing_only,0.75,0.0,0.0,9,hyperplane_old,0.26361925192204577,0.2079154205938026,0.3508372958445317,0.36309908641195754,0.576991150442478,0.479646017699115,0.7540813810842577
pilot_holdout,missing_only,0.75,0.0,0.0,10,plain,0.2325738636684525,0.21208686386230358,0.3630349390117842,0.34470204117850195,0.5663716814159292,0.4646017699115044,0.7450447444646858
pilot_holdout,missing_only,0.75,0.0,0.0,10,documented,0.3794878319289011,0.19277727187036536,0.31734546206326236,0.3625190994039941,0.5876106194690265,0.4938053097345133,0.7599328123861793
pilot_holdout,missing_only,0.75,0.0,0.0,10,aligned,0.35347752550859873,0.19588604758046538,0.32065329749844945,0.3766717849607573,0.6053097345132744,0.48938053097345136,0.7649819819647017
pilot_holdout,missing_only,0.75,0.0,0.0,10,hyperplane_old,0.2740465503580663,0.20731105386781065,0.347942939838743,0.3660719482573435,0.5982300884955751,0.4805309734513274,0.7637206779365604
pilot_holdout,missing_only,0.75,0.0,0.0,11,plain,0.2325738636684525,0.21208686386230358,0.3630349390117842,0.34470204117850195,0.5663716814159292,0.4646017699115044,0.7450447444646858
pilot_holdout,missing_only,0.75,0.0,0.0,11,documented,0.3677419364290747,0.1947693637968652,0.3189993797808559,0.36801699139847416,0.5646017699115045,0.48495575221238935,0.7442144777682307
pilot_holdout,missing_only,0.75,0.0,0.0,11,aligned,0.3493401862778857,0.19539565160175662,0.3221004755013438,0.38759784439055867,0.5911504424778761,0.4929203539823009,0.7611775777800888
pilot_holdout,missing_only,0.75,0.0,0.0,11,hyperplane_old,0.2538583361715436,0.210278998604653,0.3589001447178003,0.35247959831388953,0.5716814159292035,0.47168141592920354,0.7481863240571079
pilot_holdout,missing_only,0.75,0.0,0.0,12,plain,0.2325738636684525,0.21208686386230358,0.3630349390117842,0.34470204117850195,0.5663716814159292,0.4646017699115044,0.7450447444646858
pilot_holdout,missing_only,0.75,0.0,0.0,12,documented,0.39094386668283515,0.19267043581169332,0.3189993797808559,0.3703568633111991,0.5592920353982301,0.46902654867256643,0.752562127945984
pilot_holdout,missing_only,0.75,0.0,0.0,12,aligned,0.3313962760650192,0.2004394795645134,0.33409137895389707,0.3677633251514266,0.5646017699115043,0.4725663716814159,0.7509362257997483
pilot_holdout,missing_only,0.75,0.0,0.0,12,hyperplane_old,0.2569139706762739,0.2094772429475357,0.3555923092826132,0.35182128596578877,0.576991150442478,0.4584070796460177,0.7455792434603916
pilot_holdout,missing_only,0.75,0.0,0.0,13,plain,0.2325738636684525,0.21208686386230358,0.3630349390117842,0.34470204117850195,0.5663716814159292,0.4646017699115044,0.7450447444646858
pilot_holdout,missing_only,0.75,0.0,0.0,13,documented,0.4216092965612881,0.1880867886656252,0.3018399834608228,0.36658187547908405,0.5946902654867257,0.49646017699115047,0.7547345069605358
pilot_holdout,missing_only,0.75,0.0,0.0,13,aligned,0.3745688967514779,0.19207957994048386,0.30804217490179864,0.3760136207737763,0.5858407079646017,0.4955752212389381,0.7607553556187183
pilot_holdout,missing_only,0.75,0.0,0.0,13,hyperplane_old,0.2659823033212362,0.2080441939764932,0.35662600785610915,0.3488465896074104,0.5716814159292035,0.4663716814159292,0.7475564222466433
pilot_holdout,missing_only,0.75,0.0,0.0,14,plain,0.2325738636684525,0.21208686386230358,0.3630349390117842,0.34470204117850195,0.5663716814159292,0.4646017699115044,0.7450447444646858
pilot_holdout,missing_only,0.75,0.0,0.0,14,documented,0.377896460154403,0.19269394659766642,0.3103163117634898,0.364664998040357,0.5858407079646017,0.47876106194690266,0.7547336881661095
pilot_holdout,missing_only,0.75,0.0,0.0,14,aligned,0.3347185803701249,0.19814848661771814,0.3262352697953277,0.36033766900060366,0.5893805309734512,0.484070796460177,0.7608687026712359
pilot_holdout,missing_only,0.75,0.0,0.0,14,hyperplane_old,0.25561995613714844,0.20864441327942732,0.35373165185032046,0.3598103009004628,0.5681415929203542,0.46814159292035395,0.7489214723491375
pilot_holdout,missing_only,0.75,0.0,0.0,15,plain,0.2325738636684525,0.21208686386230358,0.3630349390117842,0.34470204117850195,0.5663716814159292,0.4646017699115044,0.7450447444646858
pilot_holdout,missing_only,0.75,0.0,0.0,15,documented,0.43074946859083335,0.18758290192353802,0.2950175728757494,0.3772041257407924,0.576991150442478,0.488495575221239,0.756658802929146
pilot_holdout,missing_only,0.75,0.0,0.0,15,aligned,0.40129273582877123,0.19010071256492403,0.2958445317345462,0.374344155208931,0.5858407079646017,0.49469026548672573,0.7629682882197687
pilot_holdout,missing_only,0.75,0.0,0.0,15,hyperplane_old,0.25825703293009944,0.2090769170837084,0.3545586107091172,0.3587726968295926,0.5787610619469026,0.47433628318584065,0.7546897853002701
pilot_holdout,missing_only,0.75,0.0,0.0,16,plain,0.2325738636684525,0.21208686386230358,0.3630349390117842,0.34470204117850195,0.5663716814159292,0.4646017699115044,0.7450447444646858
pilot_holdout,missing_only,0.75,0.0,0.0,16,documented,0.4074724055238127,0.19016096474866565,0.2997725863138309,0.3507309827101078,0.5876106194690266,0.47345132743362833,0.7404413363188401
pilot_holdout,missing_only,0.75,0.0,0.0,16,aligned,0.34377674103166894,0.19705863530117418,0.314864585486872,0.3479412568181044,0.5610619469026549,0.47345132743362833,0.741136990370788
pilot_holdout,missing_only,0.75,0.0,0.0,16,hyperplane_old,0.2655180233374535,0.20795851894993017,0.35331817242092206,0.3527840451371749,0.5823008849557522,0.47345132743362833,0.7510421163456623
pilot_holdout,missing_only,0.75,0.0,0.0,17,plain,0.2325738636684525,0.21208686386230358,0.3630349390117842,0.34470204117850195,0.5663716814159292,0.4646017699115044,0.7450447444646858
pilot_holdout,missing_only,0.75,0.0,0.0,17,documented,0.39267740200907303,0.193173962226177,0.32086003721314865,0.360631866474959,0.5504424778761062,0.4743362831858407,0.7396694676791538
pilot_holdout,missing_only,0.75,0.0,0.0,17,aligned,0.36840862280977693,0.19629740300245016,0.329749844945214,0.3694741233690262,0.576991150442478,0.48495575221238935,0.7546686623430879
pilot_holdout,missing_only,0.75,0.0,0.0,17,hyperplane_old,0.28339705733987053,0.20714316126691723,0.35042381641513337,0.35680067910065977,0.584070796460177,0.4823008849557522,0.7529423779699739
pilot_holdout,missing_only,0.75,0.0,0.0,18,plain,0.2325738636684525,0.21208686386230358,0.3630349390117842,0.34470204117850195,0.5663716814159292,0.4646017699115044,0.7450447444646858
pilot_holdout,missing_only,0.75,0.0,0.0,18,documented,0.4318074993344449,0.18769093856417035,0.30411412032251395,0.3631895710883109,0.5787610619469027,0.47168141592920354,0.7472484156385417
pilot_holdout,missing_only,0.75,0.0,0.0,18,aligned,0.3781271877676388,0.19349745941224009,0.3121769691957825,0.3643643639508557,0.5911504424778761,0.4743362831858407,0.7514808180020073
pilot_holdout,missing_only,0.75,0.0,0.0,18,hyperplane_old,0.2633477384159651,0.20764457066753483,0.35021707670043417,0.36383527229590173,0.5946902654867257,0.4690265486725664,0.7554189735113901
pilot_holdout,missing_only,0.75,0.0,0.0,19,plain,0.2325738636684525,0.21208686386230358,0.3630349390117842,0.34470204117850195,0.5663716814159292,0.4646017699115044,0.7450447444646858
pilot_holdout,missing_only,0.75,0.0,0.0,19,documented,0.43941546373016827,0.18804259703050585,0.3057680380401075,0.3720926893514293,0.5628318584070796,0.47610619469026544,0.7525078915696097
pilot_holdout,missing_only,0.75,0.0,0.0,19,aligned,0.40375983404234084,0.19095937594402604,0.3096960926193922,0.38791852688947287,0.6106194690265486,0.49646017699115047,0.7732807704585929
pilot_holdout,missing_only,0.75,0.0,0.0,19,hyperplane_old,0.2802857757790348,0.20727861589557878,0.35331817242092206,0.3508211276706465,0.5911504424778762,0.4876106194690265,0.7619088959275416
pilot_holdout,missing_only,0.75,0.0,0.0,20,plain,0.2325738636684525,0.21208686386230358,0.3630349390117842,0.34470204117850195,0.5663716814159292,0.4646017699115044,0.7450447444646858
pilot_holdout,missing_only,0.75,0.0,0.0,20,documented,0.3545257085451507,0.19646818561030244,0.3252015712218317,0.3376529956900291,0.5610619469026548,0.4601769911504424,0.7376910160278672
pilot_holdout,missing_only,0.75,0.0,0.0,20,aligned,0.3254925869850715,0.19963746216775421,0.3307835435187099,0.3511908481254896,0.5504424778761061,0.4530973451327433,0.7381119030341142
pilot_holdout,missing_only,0.75,0.0,0.0,20,hyperplane_old,0.2496900093592011,0.20998466573996272,0.35703948728550755,0.34699037458631976,0.5823008849557522,0.46017699115044247,0.7480388654759316
pilot_holdout,missing_only,0.75,0.0,0.0,21,plain,0.2325738636684525,0.21208686386230358,0.3630349390117842,0.34470204117850195,0.5663716814159292,0.4646017699115044,0.7450447444646858
pilot_holdout,missing_only,0.75,0.0,0.0,21,documented,0.38595912500753615,0.19446648550735057,0.3231341740748398,0.3362780513170829,0.5433628318584071,0.47699115044247786,0.746444524578657
pilot_holdout,missing_only,0.75,0.0,0.0,21,aligned,0.3447932024025201,0.1986940745425261,0.33367789952449867,0.35049147923521357,0.5663716814159292,0.4672566371681416,0.7474472539435432
pilot_holdout,missing_only,0.75,0.0,0.0,21,hyperplane_old,0.2479215038422127,0.21059977106687391,0.3586934050031011,0.3482967876995595,0.5716814159292035,0.46814159292035395,0.7495172523860597
pilot_holdout,missing_only,0.75,0.0,0.0,22,plain,0.2325738636684525,0.21208686386230358,0.3630349390117842,0.34470204117850195,0.5663716814159292,0.4646017699115044,0.7450447444646858
pilot_holdout,missing_only,0.75,0.0,0.0,22,documented,0.36491932202861305,0.1947305441981311,0.3185859003514575,0.33706438796387644,0.5522123893805311,0.447787610619469,0.7421894879261544
pilot_holdout,missing_only,0.75,0.0,0.0,22,aligned,0.3306088566876526,0.1985465389479113,0.32706222865412443,0.35295595627734433,0.5805309734513274,0.4663716814159291,0.753263897984575
pilot_holdout,missing_only,0.75,0.0,0.0,22,hyperplane_old,0.2539296610717374,0.2092918676619752,0.3549720901385156,0.3529820108762398,0.5628318584070796,0.47168141592920354,0.7483584393166521
pilot_holdout,missing_only,0.75,0.0,0.0,23,plain,0.2325738636684525,0.21208686386230358,0.3630349390117842,0.34470204117850195,0.5663716814159292,0.4646017699115044,0.7450447444646858
pilot_holdout,missing_only,0.75,0.0,0.0,23,documented,0.41855234331319024,0.18972976179406079,0.3096960926193922,0.36119807552197136,0.5805309734513275,0.488495575221239,0.748976456899653
pilot_holdout,missing_only,0.75,0.0,0.0,23,aligned,0.3702779663912862,0.19391982405896724,0.32396113293363654,0.38186055084367243,0.6,0.5026548672566372,0.7653603869902658
pilot_holdout,missing_only,0.75,0.0,0.0,23,hyperplane_old,0.2651854304097264,0.20808304408122916,0.3522844738474261,0.35490411165499663,0.5752212389380531,0.4805309734513274,0.7573045350527527
pilot_holdout,missing_only,0.75,0.0,0.0,24,plain,0.2325738636684525,0.21208686386230358,0.3630349390117842,0.34470204117850195,0.5663716814159292,0.4646017699115044,0.7450447444646858
pilot_holdout,missing_only,0.75,0.0,0.0,24,documented,0.45202852682957545,0.18597695068738823,0.2861277651436841,0.3761592393686279,0.5929203539823009,0.495575221238938,0.7615826828962616
pilot_holdout,missing_only,0.75,0.0,0.0,24,aligned,0.4110908181212206,0.19000027146395318,0.3016332437461236,0.3850963939388753,0.6106194690265486,0.49734513274336284,0.7660361950870688
pilot_holdout,missing_only,0.75,0.0,0.0,24,hyperplane_old,0.26611364521003805,0.20850600182147772,0.3522844738474261,0.3611365658188417,0.5946902654867257,0.479646017699115,0.7569339004227735
pilot_holdout,missing_only,0.75,0.0,0.0,25,plain,0.2325738636684525,0.21208686386230358,0.3630349390117842,0.34470204117850195,0.5663716814159292,0.4646017699115044,0.7450447444646858
pilot_holdout,missing_only,0.75,0.0,0.0,25,documented,0.40428241227173145,0.19111434598489316,0.30494107918131075,0.35808298913842873,0.5610619469026549,0.4592920353982301,0.7435813568631324
pilot_holdout,missing_only,0.75,0.0,0.0,25,aligned,0.3598267229182289,0.19550145411208159,0.3134174074839777,0.3520634629916694,0.5752212389380531,0.4628318584070797,0.74431921873835
pilot_holdout,missing_only,0.75,0.0,0.0,25,hyperplane_old,0.2564348706844448,0.2087868248836225,0.3510440355592309,0.3502928575171062,0.5699115044247787,0.4619469026548672,0.747169917191008
pilot_holdout,missing_only,0.75,0.0,0.0,26,plain,0.2325738636684525,0.21208686386230358,0.3630349390117842,0.34470204117850195,0.5663716814159292,0.4646017699115044,0.7450447444646858
pilot_holdout,missing_only,0.75,0.0,0.0,26,documented,0.403142314369323,0.19197885812213414,0.3130039280545793,0.36424966728809044,0.5752212389380531,0.4690265486725664,0.7480868554650538
pilot_holdout,missing_only,0.75,0.0,0.0,26,aligned,0.3843761707213344,0.19429760415325983,0.32416787264833574,0.35961133147119484,0.5716814159292035,0.4743362831858407,0.751414042286272
pilot_holdout,missing_only,0.75,0.0,0.0,26,hyperplane_old,0.25581506798448195,0.20898829084545054,0.3551788298532148,0.3520586885125408,0.5805309734513274,0.46548672566371674,0.755169329629938
pilot_holdout,missing_only,0.75,0.0,0.0,27,plain,0.2325738636684525,0.21208686386230358,0.3630349390117842,0.34470204117850195,0.5663716814159292,0.4646017699115044,0.7450447444646858
pilot_holdout,missing_only,0.75,0.0,0.0,27,documented,0.4284265675341658,0.18555890787707047,0.29212321686996073,0.39086340263133795,0.6194690265486725,0.504424778761062,0.7636740721742471
pilot_holdout,missing_only,0.75,0.0,0.0,27,aligned,0.3945644132619414,0.19064432841288925,0.3092826131899938,0.39740057260100375,0.6141592920353983,0.5,0.7629324875810177
pilot_holdout,missing_only,0.75,0.0,0.0,27,hyperplane_old,0.27857437796599016,0.20685130341756314,0.3473227206946454,0.3700222500509611,0.5964601769911504,0.4805309734513274,0.7555155745842175
pilot_holdout,missing_only,0.75,0.0,0.0,28,plain,0.2325738636684525,0.21208686386230358,0.3630349390117842,0.34470204117850195,0.5663716814159292,0.4646017699115044,0.7450447444646858
pilot_holdout,missing_only,0.75,0.0,0.0,28,documented,0.4114645079874919,0.18906739404099604,0.3061815174695059,0.3614335332902116,0.55929203539823,0.47345132743362833,0.7479617744876398
pilot_holdout,missing_only,0.75,0.0,0.0,28,aligned,0.35539342761157017,0.19587909986112584,0.32396113293363654,0.36409688374754734,0.5646017699115045,0.4787610619469026,0.7536390598736785
pilot_holdout,missing_only,0.75,0.0,0.0,28,hyperplane_old,0.2617435728078716,0.20799991042582017,0.34939011784163737,0.3640896558067649,0.576991150442478,0.47345132743362833,0.7512727585038708
pilot_holdout,missing_only,0.75,0.0,0.0,29,plain,0.2325738636684525,0.21208686386230358,0.3630349390117842,0.34470204117850195,0.5663716814159292,0.4646017699115044,0.7450447444646858
pilot_holdout,missing_only,0.75,0.0,0.0,29,documented,0.4120800146971031,0.19144228872359714,0.3121769691957825,0.3553711894971471,0.5610619469026549,0.4557522123893805,0.7334251989650803
pilot_holdout,missing_only,0.75,0.0,0.0,29,aligned,0.36380748196623675,0.1960300259503958,0.3196195989249535,0.3682230412993451,0.5716814159292035,0.4663716814159292,0.7505011223555975
pilot_holdout,missing_only,0.75,0.0,0.0,29,hyperplane_old,0.255596663361012,0.21003339047824218,0.36014058300599544,0.34398640636198236,0.5628318584070797,0.46548672566371674,0.7457515980539451
pilot_holdout,missing_only,0.75,0.0,0.0,30,plain,0.2325738636684525,0.21208686386230358,0.3630349390117842,0.34470204117850195,0.5663716814159292,0.4646017699115044,0.7450447444646858
pilot_holdout,missing_only,0.75,0.0,0.0,30,documented,0.40848720180718184,0.19098709383105975,0.3127971883398801,0.3657983368040776,0.5787610619469027,0.48318584070796455,0.7607870178813853
pilot_holdout,missing_only,0.75,0.0,0.0,30,aligned,0.36539545291266307,0.1954499668137141,0.3229274343601406,0.3846510280960817,0.6141592920353983,0.49469026548672573,0.7721438572877125
pilot_holdout,missing_only,0.75,0.0,0.0,30,hyperplane_old,0.26606084722067863,0.20897069601977497,0.35331817242092206,0.3580830598866057,0.5858407079646017,0.47522123893805307,0.7500020806954939
pilot_holdout,missing_only,0.75,0.0,0.0,31,plain,0.2325738636684525,0.21208686386230358,0.3630349390117842,0.34470204117850195,0.5663716814159292,0.4646017699115044,0.7450447444646858
pilot_holdout,missing_only,0.75,0.0,0.0,31,documented,0.4308612320336663,0.18665088435959437,0.2933636551581559,0.37532714465377554,0.5716814159292035,0.4876106194690265,0.7585615243549174
pilot_holdout,missing_only,0.75,0.0,0.0,31,aligned,0.3874094243778615,0.1908837752517143,0.3107297911928881,0.3896186902738567,0.5964601769911505,0.4911504424778761,0.7609316137388655
pilot_holdout,missing_only,0.75,0.0,0.0,31,hyperplane_old,0.27240785896351166,0.207326910024544,0.35269795327682446,0.3656939471800446,0.5787610619469027,0.4831858407079646,0.7571592042663933
pilot_holdout,missing_only,0.75,0.0,0.0,32,plain,0.2325738636684525,0.21208686386230358,0.3630349390117842,0.34470204117850195,0.5663716814159292,0.4646017699115044,0.7450447444646858
pilot_holdout,missing_only,0.75,0.0,0.0,32,documented,0.43131035951204055,0.18848673045760736,0.2985321480256357,0.3553123427700618,0.5752212389380531,0.48672566371681414,0.7560685205863631
pilot_holdout,missing_only,0.75,0.0,0.0,32,aligned,0.41015810230484917,0.189888641414,0.303080421749018,0.3793788768106413,0.6017699115044248,0.49292035398230083,0.7669575218052791
pilot_holdout,missing_only,0.75,0.0,0.0,32,hyperplane_old,0.2731286626242559,0.20745110293846353,0.35001033698573497,0.3584374357783227,0.5823008849557523,0.48495575221238935,0.7611498722409714
pilot_holdout,missing_only,0.75,0.0,0.0,33,plain,0.2325738636684525,0.21208686386230358,0.3630349390117842,0.34470204117850195,0.5663716814159292,0.4646017699115044,0.7450447444646858
pilot_holdout,missing_only,0.75,0.0,0.0,33,documented,0.41416655611590514,0.19073513271156434,0.3113500103369857,0.35469490676573623,0.5663716814159292,0.46283185840707963,0.7504979436396677
pilot_holdout,missing_only,0.75,0.0,0.0,33,aligned,0.3393889842524331,0.19980496649948665,0.33326442009510027,0.359982143411482,0.5911504424778762,0.4787610619469026,0.7586937799660072
pilot_holdout,missing_only,0.75,0.0,0.0,33,hyperplane_old,0.2652810896799726,0.20826008528999393,0.3506305561298325,0.3523059081817783,0.5946902654867257,0.4743362831858407,0.7500573018433294
pilot_holdout,missing_only,0.75,0.0,0.0,34,plain,0.2325738636684525,0.21208686386230358,0.3630349390117842,0.34470204117850195,0.5663716814159292,0.4646017699115044,0.7450447444646858
pilot_holdout,missing_only,0.75,0.0,0.0,34,documented,0.38477981974450653,0.19330123609404326,0.3125904486251809,0.3611946971181395,0.5752212389380532,0.4707964601769911,0.7431754609209151
pilot_holdout,missing_only,0.75,0.0,0.0,34,aligned,0.35569048534238185,0.19602574248004934,0.32437461236303494,0.37828856656075316,0.6,0.4946902654867257,0.7619596580402405
pilot_holdout,missing_only,0.75,0.0,0.0,34,hyperplane_old,0.2566183033258982,0.20911795643841286,0.35621252842671075,0.3515496806282736,0.5823008849557522,0.4672566371681416,0.7498776054208958
pilot_holdout,missing_only,0.75,0.0,0.0,35,plain,0.2325738636684525,0.21208686386230358,0.3630349390117842,0.34470204117850195,0.5663716814159292,0.4646017699115044,0.7450447444646858
pilot_holdout,missing_only,0.75,0.0,0.0,35,documented,0.41447224381841447,0.1920077635901117,0.3152780649162704,0.38706115623905557,0.5716814159292035,0.47610619469026555,0.7458119821847399
pilot_holdout,missing_only,0.75,0.0,0.0,35,aligned,0.37441388083137217,0.19640181403002363,0.3303700640893116,0.389653149657093,0.568141592920354,0.4831858407079646,0.7534092205703695
pilot_holdout,missing_only,0.75,0.0,0.0,35,hyperplane_old,0.26543390345400286,0.2089059047214966,0.355385569567914,0.3573987966671881,0.5911504424778762,0.4725663716814159,0.7506162144924768
pilot_holdout,missing_only,0.75,0.0,0.0,36,plain,0.2325738636684525,0.21208686386230358,0.3630349390117842,0.34470204117850195,0.5663716814159292,0.4646017699115044,0.7450447444646858
pilot_holdout,missing_only,0.75,0.0,0.0,36,documented,0.37699060920305244,0.19490709190848426,0.3181724209220591,0.35575298550324297,0.5345132743362833,0.4460176991150442,0.7235980943760797
pilot_holdout,missing_only,0.75,0.0,0.0,36,aligned,0.3636851222516336,0.19648183316078688,0.31755220177796156,0.35441489996973863,0.55929203539823,0.47610619469026544,0.7412410146726494
pilot_holdout,missing_only,0.75,0.0,0.0,36,hyperplane_old,0.26526078566016653,0.2079683770988807,0.3518709944180277,0.3573724699882451,0.576991150442478,0.46814159292035395,0.746843524889199
pilot_holdout,missing_only,0.75,0.0,0.0,37,plain,0.2325738636684525,0.21208686386230358,0.3630349390117842,0.34470204117850195,0.5663716814159292,0.4646017699115044,0.7450447444646858
pilot_holdout,missing_only,0.75,0.0,0.0,37,documented,0.39181759590827614,0.19344601465217462,0.3132106677692785,0.349201273358654,0.5415929203539823,0.46017699115044247,0.7242551433992228
pilot_holdout,missing_only,0.75,0.0,0.0,37,aligned,0.3595321186102254,0.1966728042050636,0.32416787264833574,0.34967014561387877,0.5610619469026549,0.4592920353982301,0.7280590501770812
pilot_holdout,missing_only,0.75,0.0,0.0,37,hyperplane_old,0.2478579473715685,0.2099149912382602,0.35683274757080835,0.35032245426158254,0.5716814159292036,0.46637168141592916,0.7474096082912994
pilot_holdout,missing_only,0.75,0.0,0.0,38,plain,0.2325738636684525,0.21208686386230358,0.3630349390117842,0.34470204117850195,0.5663716814159292,0.4646017699115044,0.7450447444646858
pilot_holdout,missing_only,0.75,0.0,0.0,38,documented,0.4219043015765311,0.18767885117404734,0.2890221211494728,0.36034416119683726,0.584070796460177,0.4778761061946903,0.7548826174682439
pilot_holdout,missing_only,0.75,0.0,0.0,38,aligned,0.4028680033276523,0.18980969331257233,0.2997725863138309,0.3671246257551529,0.6017699115044248,0.49292035398230083,0.7699203564097086
pilot_holdout,missing_only,0.75,0.0,0.0,38,hyperplane_old,0.2651594768136744,0.20775657960184624,0.3520777341327269,0.3653603574865868,0.576991150442478,0.47168141592920354,0.7496869508535167
pilot_holdout,missing_only,0.75,0.0,0.0,39,plain,0.2325738636684525,0.21208686386230358,0.3630349390117842,0.34470204117850195,0.5663716814159292,0.4646017699115044,0.7450447444646858
pilot_holdout,missing_only,0.75,0.0,0.0,39,documented,0.38111596935735004,0.19443638254669468,0.32788918751292123,0.3782110097815089,0.5982300884955751,0.49999999999999994,0.7610213910372867
pilot_holdout,missing_only,0.75,0.0,0.0,39,aligned,0.3330496205351824,0.19866330652573091,0.33988009096547445,0.3925926624664788,0.5929203539823009,0.4973451327433628,0.7664509836484823
pilot_holdout,missing_only,0.75,0.0,0.0,39,hyperplane_old,0.2524234630697369,0.20913909454310922,0.35641926814140995,0.3499867984480158,0.5646017699115045,0.4592920353982301,0.7449560715186605
pilot_holdout,missing_only,0.75,0.0,0.0,40,plain,0.2325738636684525,0.21208686386230358,0.3630349390117842,0.34470204117850195,0.5663716814159292,0.4646017699115044,0.7450447444646858
pilot_holdout,missing_only,0.75,0.0,0.0,40,documented,0.42670454862998725,0.18827593492014436,0.2896423402935704,0.35307513566310633,0.5716814159292035,0.4831858407079646,0.7527224196561421
pilot_holdout,missing_only,0.75,0.0,0.0,40,aligned,0.4150119424678623,0.18855801769996797,0.2937771345875543,0.3631491080602641,0.576991150442478,0.4911504424778761,0.7518388590832149
pilot_holdout,missing_only,0.75,0.0,0.0,40,hyperplane_old,0.25322111848854817,0.20960111716036478,0.35414513127971886,0.3458483925791489,0.5734513274336283,0.4646017699115044,0.7497632979292266
pilot_holdout,missing_only,0.75,0.0,0.0,41,plain,0.2325738636684525,0.21208686386230358,0.3630349390117842,0.34470204117850195,0.5663716814159292,0.4646017699115044,0.7450447444646858
pilot_holdout,missing_only,0.75,0.0,0.0,41,documented,0.42913064728359607,0.1869061958814987,0.29749844945213977,0.39376120934623066,0.607079646017699,0.4911504424778761,0.7656261866072938
pilot_holdout,missing_only,0.75,0.0,0.0,41,aligned,0.39601745898184115,0.18993225226015226,0.30390738060781475,0.4017529272860723,0.6123893805309735,0.504424778761062,0.7753886210993557
pilot_holdout,missing_only,0.75,0.0,0.0,41,hyperplane_old,0.29199685185493973,0.20565744872738626,0.34876989869753977,0.3670308892931063,0.5964601769911505,0.48407079646017703,0.7586241544633108
pilot_holdout,missing_only,0.75,0.0,0.0,42,plain,0.2325738636684525,0.21208686386230358,0.3630349390117842,0.34470204117850195,0.5663716814159292,0.4646017699115044,0.7450447444646858
pilot_holdout,missing_only,0.75,0.0,0.0,42,documented,0.43571019848657855,0.1893278345818043,0.3109365309075873,0.35380854289442604,0.5522123893805309,0.47345132743362833,0.7393464303806626
pilot_holdout,missing_only,0.75,0.0,0.0,42,aligned,0.3657091997793578,0.19518440076155313,0.32437461236303494,0.3703805550324739,0.5876106194690266,0.4920353982300885,0.7572045040554178
pilot_holdout,missing_only,0.75,0.0,0.0,42,hyperplane_old,0.27678011624259763,0.20721522878944457,0.3518709944180277,0.3551084047380933,0.5823008849557522,0.4725663716814159,0.7511593542206978
pilot_holdout,missing_only,0.75,0.0,0.0,43,plain,0.2325738636684525,0.21208686386230358,0.3630349390117842,0.34470204117850195,0.5663716814159292,0.4646017699115044,0.7450447444646858
pilot_holdout,missing_only,0.75,0.0,0.0,43,documented,0.4207434337003678,0.19027182198736936,0.3113500103369857,0.3724874147470574,0.584070796460177,0.49734513274336284,0.7561174477405417
pilot_holdout,missing_only,0.75,0.0,0.0,43,aligned,0.38184910127471994,0.1945284458580282,0.3194128592102543,0.38144297059057763,0.6017699115044248,0.5008849557522124,0.768839174001065
pilot_holdout,missing_only,0.75,0.0,0.0,43,hyperplane_old,0.279045571615456,0.20713210531087867,0.3485631589828406,0.35240935130203316,0.5716814159292035,0.46814159292035395,0.7450975224603964
pilot_holdout,missing_only,0.75,0.0,0.0,44,plain,0.2325738636684525,0.21208686386230358,0.3630349390117842,0.34470204117850195,0.5663716814159292,0.4646017699115044,0.7450447444646858
pilot_holdout,missing_only,0.75,0.0,0.0,44,documented,0.4400959906062339,0.18597022960742376,0.3022534628902212,0.36432735006708833,0.5964601769911505,0.4982300884955752,0.7539327895478066
pilot_holdout,missing_only,0.75,0.0,0.0,44,aligned,0.40178383540908397,0.18957333479535093,0.3107297911928881,0.3698369691402049,0.6017699115044248,0.5123893805309735,0.763972005392434
pilot_holdout,missing_only,0.75,0.0,0.0,44,hyperplane_old,0.26303400630764123,0.2086687974180821,0.355385569567914,0.3616958296319828,0.6000000000000001,0.48141592920353976,0.7573353533320758
pilot_holdout,missing_only,0.75,0.0,0.0,45,plain,0.2325738636684525,0.21208686386230358,0.3630349390117842,0.34470204117850195,0.5663716814159292,0.4646017699115044,0.7450447444646858
pilot_holdout,missing_only,0.75,0.0,0.0,45,documented,0.3828109347572526,0.1938630014600633,0.32086003721314865,0.3488810206651166,0.5646017699115043,0.48318584070796455,0.75203812385406
pilot_holdout,missing_only,0.75,0.0,0.0,45,aligned,0.3380825920534308,0.19895376035385617,0.32768244779822203,0.345625479952478,0.5734513274336283,0.4619469026548672,0.7540731300715039
pilot_holdout,missing_only,0.75,0.0,0.0,45,hyperplane_old,0.24775408133819096,0.21062990299896422,0.3578664461443043,0.34771785294649854,0.5805309734513275,0.4566371681415929,0.746405363372778
pilot_holdout,missing_only,0.75,0.0,0.0,46,plain,0.2325738636684525,0.21208686386230358,0.3630349390117842,0.34470204117850195,0.5663716814159292,0.4646017699115044,0.7450447444646858
pilot_holdout,missing_only,0.75,0.0,0.0,46,documented,0.4323242147756441,0.18707189770303448,0.2993591068844325,0.35790040944669826,0.5876106194690266,0.48761061946902656,0.7619772865477731
pilot_holdout,missing_only,0.75,0.0,0.0,46,aligned,0.37254400317247943,0.19348364193045242,0.3121769691957825,0.37142896264159525,0.5876106194690266,0.4902654867256637,0.7648033734623937
pilot_holdout,missing_only,0.75,0.0,0.0,46,hyperplane_old,0.2574005863963652,0.20861906442544148,0.35249121356212526,0.3536052618752515,0.568141592920354,0.46460176991150437,0.7519598555653905
pilot_holdout,missing_only,0.75,0.0,0.0,47,plain,0.2325738636684525,0.21208686386230358,0.3630349390117842,0.34470204117850195,0.5663716814159292,0.4646017699115044,0.7450447444646858
pilot_holdout,missing_only,0.75,0.0,0.0,47,documented,0.3971315525424754,0.192156317220765,0.3107297911928881,0.33762814581813616,0.5433628318584071,0.4575221238938053,0.7342745635268444
pilot_holdout,missing_only,0.75,0.0,0.0,47,aligned,0.3711403792135594,0.19350221275295926,0.314864585486872,0.3564059470565136,0.5752212389380531,0.4734513274336283,0.750291082653905
pilot_holdout,missing_only,0.75,0.0,0.0,47,hyperplane_old,0.2508351577297037,0.20996221882144975,0.35972710357659704,0.35925911096963004,0.584070796460177,0.47079646017699117,0.7547379060420806
pilot_holdout,missing_only,0.75,0.0,0.0,48,plain,0.2325738636684525,0.21208686386230358,0.3630349390117842,0.34470204117850195,0.5663716814159292,0.4646017699115044,0.7450447444646858
pilot_holdout,missing_only,0.75,0.0,0.0,48,documented,0.41615773368495146,0.19058653462827232,0.3090758734752946,0.3602555551479049,0.5575221238938053,0.47079646017699117,0.7410980172713003
pilot_holdout,missing_only,0.75,0.0,0.0,48,aligned,0.39106120334781375,0.1922549151214767,0.31693198263386396,0.38128738975271603,0.5823008849557523,0.4814159292035398,0.7591529209584164
pilot_holdout,missing_only,0.75,0.0,0.0,48,hyperplane_old,0.2570928609984476,0.2092371913095545,0.35621252842671075,0.35784141336520775,0.5752212389380531,0.4743362831858407,0.7527478367631353
pilot_holdout,missing_only,0.75,0.0,0.0,49,plain,0.2325738636684525,0.21208686386230358,0.3630349390117842,0.34470204117850195,0.5663716814159292,0.4646017699115044,0.7450447444646858
pilot_holdout,missing_only,0.75,0.0,0.0,49,documented,0.39798689806315785,0.1911590991532256,0.3099028323340914,0.3729381878907104,0.5823008849557522,0.484070796460177,0.7641072278423957
pilot_holdout,missing_only,0.75,0.0,0.0,49,aligned,0.36325023986918437,0.19517389632734625,0.31755220177796156,0.3899733831150987,0.6053097345132744,0.4938053097345133,0.7749535787644279
pilot_holdout,missing_only,0.75,0.0,0.0,49,hyperplane_old,0.26511441947799147,0.20810395114285923,0.35290469299152366,0.3626053774742266,0.5964601769911505,0.4787610619469026,0.7629567154932828
pilot_holdout,missing_only,1.0,0.0,0.0,0,plain,0.2325738636684525,0.21208686386230358,0.3630349390117842,0.34470204117850195,0.5663716814159292,0.4646017699115044,0.7450447444646858
pilot_holdout,missing_only,1.0,0.0,0.0,0,documented,0.2325738636684525,0.21208686386230358,0.3630349390117842,0.34470204117850195,0.5663716814159292,0.4646017699115044,0.7450447444646858
pilot_holdout,missing_only,1.0,0.0,0.0,0,aligned,0.2381633603413225,0.2115124758905356,0.361794500723589,0.3424594159665258,0.5610619469026548,0.46283185840707963,0.7423581858287113
pilot_holdout,missing_only,1.0,0.0,0.0,0,hyperplane_old,0.2325738636684525,0.21208686386230358,0.3630349390117842,0.34470204117850195,0.5663716814159292,0.4646017699115044,0.7450447444646858
pilot_holdout,missing_only,1.0,0.0,0.0,1,plain,0.2325738636684525,0.21208686386230358,0.3630349390117842,0.34470204117850195,0.5663716814159292,0.4646017699115044,0.7450447444646858
pilot_holdout,missing_only,1.0,0.0,0.0,1,documented,0.2325738636684525,0.21208686386230358,0.3630349390117842,0.34470204117850195,0.5663716814159292,0.4646017699115044,0.7450447444646858
pilot_holdout,missing_only,1.0,0.0,0.0,1,aligned,0.2381633603413225,0.2115124758905356,0.361794500723589,0.3424594159665258,0.5610619469026548,0.46283185840707963,0.7423581858287113
pilot_holdout,missing_only,1.0,0.0,0.0,1,hyperplane_old,0.2325738636684525,0.21208686386230358,0.3630349390117842,0.34470204117850195,0.5663716814159292,0.4646017699115044,0.7450447444646858
pilot_holdout,missing_only,1.0,0.0,0.0,2,plain,0.2325738636684525,0.21208686386230358,0.3630349390117842,0.34470204117850195,0.5663716814159292,0.4646017699115044,0.7450447444646858
pilot_holdout,missing_only,1.0,0.0,0.0,2,documented,0.2325738636684525,0.21208686386230358,0.3630349390117842,0.34470204117850195,0.5663716814159292,0.4646017699115044,0.7450447444646858
pilot_holdout,missing_only,1.0,0.0,0.0,2,aligned,0.2381633603413225,0.2115124758905356,0.361794500723589,0.3424594159665258,0.5610619469026548,0.46283185840707963,0.7423581858287113
pilot_holdout,missing_only,1.0,0.0,0.0,2,hyperplane_old,0.2325738636684525,0.21208686386230358,0.3630349390117842,0.34470204117850195,0.5663716814159292,0.4646017699115044,0.7450447444646858
pilot_holdout,missing_only,1.0,0.0,0.0,3,plain,0.2325738636684525,0.21208686386230358,0.3630349390117842,0.34470204117850195,0.5663716814159292,0.4646017699115044,0.7450447444646858
pilot_holdout,missing_only,1.0,0.0,0.0,3,documented,0.2325738636684525,0.21208686386230358,0.3630349390117842,0.34470204117850195,0.5663716814159292,0.4646017699115044,0.7450447444646858
pilot_holdout,missing_only,1.0,0.0,0.0,3,aligned,0.2381633603413225,0.2115124758905356,0.361794500723589,0.3424594159665258,0.5610619469026548,0.46283185840707963,0.7423581858287113
pilot_holdout,missing_only,1.0,0.0,0.0,3,hyperplane_old,0.2325738636684525,0.21208686386230358,0.3630349390117842,0.34470204117850195,0.5663716814159292,0.4646017699115044,0.7450447444646858
pilot_holdout,missing_only,1.0,0.0,0.0,4,plain,0.2325738636684525,0.21208686386230358,0.3630349390117842,0.34470204117850195,0.5663716814159292,0.4646017699115044,0.7450447444646858
pilot_holdout,missing_only,1.0,0.0,0.0,4,documented,0.2325738636684525,0.21208686386230358,0.3630349390117842,0.34470204117850195,0.5663716814159292,0.4646017699115044,0.7450447444646858
pilot_holdout,missing_only,1.0,0.0,0.0,4,aligned,0.2381633603413225,0.2115124758905356,0.361794500723589,0.3424594159665258,0.5610619469026548,0.46283185840707963,0.7423581858287113
pilot_holdout,missing_only,1.0,0.0,0.0,4,hyperplane_old,0.2325738636684525,0.21208686386230358,0.3630349390117842,0.34470204117850195,0.5663716814159292,0.4646017699115044,0.7450447444646858
pilot_holdout,missing_only,1.0,0.0,0.0,5,plain,0.2325738636684525,0.21208686386230358,0.3630349390117842,0.34470204117850195,0.5663716814159292,0.4646017699115044,0.7450447444646858
pilot_holdout,missing_only,1.0,0.0,0.0,5,documented,0.2325738636684525,0.21208686386230358,0.3630349390117842,0.34470204117850195,0.5663716814159292,0.4646017699115044,0.7450447444646858
pilot_holdout,missing_only,1.0,0.0,0.0,5,aligned,0.2381633603413225,0.2115124758905356,0.361794500723589,0.3424594159665258,0.5610619469026548,0.46283185840707963,0.7423581858287113
pilot_holdout,missing_only,1.0,0.0,0.0,5,hyperplane_old,0.2325738636684525,0.21208686386230358,0.3630349390117842,0.34470204117850195,0.5663716814159292,0.4646017699115044,0.7450447444646858
pilot_holdout,missing_only,1.0,0.0,0.0,6,plain,0.2325738636684525,0.21208686386230358,0.3630349390117842,0.34470204117850195,0.5663716814159292,0.4646017699115044,0.7450447444646858
pilot_holdout,missing_only,1.0,0.0,0.0,6,documented,0.2325738636684525,0.21208686386230358,0.3630349390117842,0.34470204117850195,0.5663716814159292,0.4646017699115044,0.7450447444646858
pilot_holdout,missing_only,1.0,0.0,0.0,6,aligned,0.2381633603413225,0.2115124758905356,0.361794500723589,0.3424594159665258,0.5610619469026548,0.46283185840707963,0.7423581858287113
pilot_holdout,missing_only,1.0,0.0,0.0,6,hyperplane_old,0.2325738636684525,0.21208686386230358,0.3630349390117842,0.34470204117850195,0.5663716814159292,0.4646017699115044,0.7450447444646858
pilot_holdout,missing_only,1.0,0.0,0.0,7,plain,0.2325738636684525,0.21208686386230358,0.3630349390117842,0.34470204117850195,0.5663716814159292,0.4646017699115044,0.7450447444646858
pilot_holdout,missing_only,1.0,0.0,0.0,7,documented,0.2325738636684525,0.21208686386230358,0.3630349390117842,0.34470204117850195,0.5663716814159292,0.4646017699115044,0.7450447444646858
pilot_holdout,missing_only,1.0,0.0,0.0,7,aligned,0.2381633603413225,0.2115124758905356,0.361794500723589,0.3424594159665258,0.5610619469026548,0.46283185840707963,0.7423581858287113
pilot_holdout,missing_only,1.0,0.0,0.0,7,hyperplane_old,0.2325738636684525,0.21208686386230358,0.3630349390117842,0.34470204117850195,0.5663716814159292,0.4646017699115044,0.7450447444646858
pilot_holdout,missing_only,1.0,0.0,0.0,8,plain,0.2325738636684525,0.21208686386230358,0.3630349390117842,0.34470204117850195,0.5663716814159292,0.4646017699115044,0.7450447444646858
pilot_holdout,missing_only,1.0,0.0,0.0,8,documented,0.2325738636684525,0.21208686386230358,0.3630349390117842,0.34470204117850195,0.5663716814159292,0.4646017699115044,0.7450447444646858
pilot_holdout,missing_only,1.0,0.0,0.0,8,aligned,0.2381633603413225,0.2115124758905356,0.361794500723589,0.3424594159665258,0.5610619469026548,0.46283185840707963,0.7423581858287113
pilot_holdout,missing_only,1.0,0.0,0.0,8,hyperplane_old,0.2325738636684525,0.21208686386230358,0.3630349390117842,0.34470204117850195,0.5663716814159292,0.4646017699115044,0.7450447444646858
pilot_holdout,missing_only,1.0,0.0,0.0,9,plain,0.2325738636684525,0.21208686386230358,0.3630349390117842,0.34470204117850195,0.5663716814159292,0.4646017699115044,0.7450447444646858
pilot_holdout,missing_only,1.0,0.0,0.0,9,documented,0.2325738636684525,0.21208686386230358,0.3630349390117842,0.34470204117850195,0.5663716814159292,0.4646017699115044,0.7450447444646858
pilot_holdout,missing_only,1.0,0.0,0.0,9,aligned,0.2381633603413225,0.2115124758905356,0.361794500723589,0.3424594159665258,0.5610619469026548,0.46283185840707963,0.7423581858287113
pilot_holdout,missing_only,1.0,0.0,0.0,9,hyperplane_old,0.2325738636684525,0.21208686386230358,0.3630349390117842,0.34470204117850195,0.5663716814159292,0.4646017699115044,0.7450447444646858
pilot_holdout,missing_only,1.0,0.0,0.0,10,plain,0.2325738636684525,0.21208686386230358,0.3630349390117842,0.34470204117850195,0.5663716814159292,0.4646017699115044,0.7450447444646858
pilot_holdout,missing_only,1.0,0.0,0.0,10,documented,0.2325738636684525,0.21208686386230358,0.3630349390117842,0.34470204117850195,0.5663716814159292,0.4646017699115044,0.7450447444646858
pilot_holdout,missing_only,1.0,0.0,0.0,10,aligned,0.2381633603413225,0.2115124758905356,0.361794500723589,0.3424594159665258,0.5610619469026548,0.46283185840707963,0.7423581858287113
pilot_holdout,missing_only,1.0,0.0,0.0,10,hyperplane_old,0.2325738636684525,0.21208686386230358,0.3630349390117842,0.34470204117850195,0.5663716814159292,0.4646017699115044,0.7450447444646858
pilot_holdout,missing_only,1.0,0.0,0.0,11,plain,0.2325738636684525,0.21208686386230358,0.3630349390117842,0.34470204117850195,0.5663716814159292,0.4646017699115044,0.7450447444646858
pilot_holdout,missing_only,1.0,0.0,0.0,11,documented,0.2325738636684525,0.21208686386230358,0.3630349390117842,0.34470204117850195,0.5663716814159292,0.4646017699115044,0.7450447444646858
pilot_holdout,missing_only,1.0,0.0,0.0,11,aligned,0.2381633603413225,0.2115124758905356,0.361794500723589,0.3424594159665258,0.5610619469026548,0.46283185840707963,0.7423581858287113
pilot_holdout,missing_only,1.0,0.0,0.0,11,hyperplane_old,0.2325738636684525,0.21208686386230358,0.3630349390117842,0.34470204117850195,0.5663716814159292,0.4646017699115044,0.7450447444646858
pilot_holdout,missing_only,1.0,0.0,0.0,12,plain,0.2325738636684525,0.21208686386230358,0.3630349390117842,0.34470204117850195,0.5663716814159292,0.4646017699115044,0.7450447444646858
pilot_holdout,missing_only,1.0,0.0,0.0,12,documented,0.2325738636684525,0.21208686386230358,0.3630349390117842,0.34470204117850195,0.5663716814159292,0.4646017699115044,0.7450447444646858
pilot_holdout,missing_only,1.0,0.0,0.0,12,aligned,0.2381633603413225,0.2115124758905356,0.361794500723589,0.3424594159665258,0.5610619469026548,0.46283185840707963,0.7423581858287113
pilot_holdout,missing_only,1.0,0.0,0.0,12,hyperplane_old,0.2325738636684525,0.21208686386230358,0.3630349390117842,0.34470204117850195,0.5663716814159292,0.4646017699115044,0.7450447444646858
pilot_holdout,missing_only,1.0,0.0,0.0,13,plain,0.2325738636684525,0.21208686386230358,0.3630349390117842,0.34470204117850195,0.5663716814159292,0.4646017699115044,0.7450447444646858
pilot_holdout,missing_only,1.0,0.0,0.0,13,documented,0.2325738636684525,0.21208686386230358,0.3630349390117842,0.34470204117850195,0.5663716814159292,0.4646017699115044,0.7450447444646858
pilot_holdout,missing_only,1.0,0.0,0.0,13,aligned,0.2381633603413225,0.2115124758905356,0.361794500723589,0.3424594159665258,0.5610619469026548,0.46283185840707963,0.7423581858287113
pilot_holdout,missing_only,1.0,0.0,0.0,13,hyperplane_old,0.2325738636684525,0.21208686386230358,0.3630349390117842,0.34470204117850195,0.5663716814159292,0.4646017699115044,0.7450447444646858
pilot_holdout,missing_only,1.0,0.0,0.0,14,plain,0.2325738636684525,0.21208686386230358,0.3630349390117842,0.34470204117850195,0.5663716814159292,0.4646017699115044,0.7450447444646858
pilot_holdout,missing_only,1.0,0.0,0.0,14,documented,0.2325738636684525,0.21208686386230358,0.3630349390117842,0.34470204117850195,0.5663716814159292,0.4646017699115044,0.7450447444646858
pilot_holdout,missing_only,1.0,0.0,0.0,14,aligned,0.2381633603413225,0.2115124758905356,0.361794500723589,0.3424594159665258,0.5610619469026548,0.46283185840707963,0.7423581858287113
pilot_holdout,missing_only,1.0,0.0,0.0,14,hyperplane_old,0.2325738636684525,0.21208686386230358,0.3630349390117842,0.34470204117850195,0.5663716814159292,0.4646017699115044,0.7450447444646858
pilot_holdout,missing_only,1.0,0.0,0.0,15,plain,0.2325738636684525,0.21208686386230358,0.3630349390117842,0.34470204117850195,0.5663716814159292,0.4646017699115044,0.7450447444646858
pilot_holdout,missing_only,1.0,0.0,0.0,15,documented,0.2325738636684525,0.21208686386230358,0.3630349390117842,0.34470204117850195,0.5663716814159292,0.4646017699115044,0.7450447444646858
pilot_holdout,missing_only,1.0,0.0,0.0,15,aligned,0.2381633603413225,0.2115124758905356,0.361794500723589,0.3424594159665258,0.5610619469026548,0.46283185840707963,0.7423581858287113
pilot_holdout,missing_only,1.0,0.0,0.0,15,hyperplane_old,0.2325738636684525,0.21208686386230358,0.3630349390117842,0.34470204117850195,0.5663716814159292,0.4646017699115044,0.7450447444646858
pilot_holdout,missing_only,1.0,0.0,0.0,16,plain,0.2325738636684525,0.21208686386230358,0.3630349390117842,0.34470204117850195,0.5663716814159292,0.4646017699115044,0.7450447444646858
pilot_holdout,missing_only,1.0,0.0,0.0,16,documented,0.2325738636684525,0.21208686386230358,0.3630349390117842,0.34470204117850195,0.5663716814159292,0.4646017699115044,0.7450447444646858
pilot_holdout,missing_only,1.0,0.0,0.0,16,aligned,0.2381633603413225,0.2115124758905356,0.361794500723589,0.3424594159665258,0.5610619469026548,0.46283185840707963,0.7423581858287113
pilot_holdout,missing_only,1.0,0.0,0.0,16,hyperplane_old,0.2325738636684525,0.21208686386230358,0.3630349390117842,0.34470204117850195,0.5663716814159292,0.4646017699115044,0.7450447444646858
pilot_holdout,missing_only,1.0,0.0,0.0,17,plain,0.2325738636684525,0.21208686386230358,0.3630349390117842,0.34470204117850195,0.5663716814159292,0.4646017699115044,0.7450447444646858
pilot_holdout,missing_only,1.0,0.0,0.0,17,documented,0.2325738636684525,0.21208686386230358,0.3630349390117842,0.34470204117850195,0.5663716814159292,0.4646017699115044,0.7450447444646858
pilot_holdout,missing_only,1.0,0.0,0.0,17,aligned,0.2381633603413225,0.2115124758905356,0.361794500723589,0.3424594159665258,0.5610619469026548,0.46283185840707963,0.7423581858287113
pilot_holdout,missing_only,1.0,0.0,0.0,17,hyperplane_old,0.2325738636684525,0.21208686386230358,0.3630349390117842,0.34470204117850195,0.5663716814159292,0.4646017699115044,0.7450447444646858
pilot_holdout,missing_only,1.0,0.0,0.0,18,plain,0.2325738636684525,0.21208686386230358,0.3630349390117842,0.34470204117850195,0.5663716814159292,0.4646017699115044,0.7450447444646858
pilot_holdout,missing_only,1.0,0.0,0.0,18,documented,0.2325738636684525,0.21208686386230358,0.3630349390117842,0.34470204117850195,0.5663716814159292,0.4646017699115044,0.7450447444646858
pilot_holdout,missing_only,1.0,0.0,0.0,18,aligned,0.2381633603413225,0.2115124758905356,0.361794500723589,0.3424594159665258,0.5610619469026548,0.46283185840707963,0.7423581858287113
pilot_holdout,missing_only,1.0,0.0,0.0,18,hyperplane_old,0.2325738636684525,0.21208686386230358,0.3630349390117842,0.34470204117850195,0.5663716814159292,0.4646017699115044,0.7450447444646858
pilot_holdout,missing_only,1.0,0.0,0.0,19,plain,0.2325738636684525,0.21208686386230358,0.3630349390117842,0.34470204117850195,0.5663716814159292,0.4646017699115044,0.7450447444646858
pilot_holdout,missing_only,1.0,0.0,0.0,19,documented,0.2325738636684525,0.21208686386230358,0.3630349390117842,0.34470204117850195,0.5663716814159292,0.4646017699115044,0.7450447444646858
pilot_holdout,missing_only,1.0,0.0,0.0,19,aligned,0.2381633603413225,0.2115124758905356,0.361794500723589,0.3424594159665258,0.5610619469026548,0.46283185840707963,0.7423581858287113
pilot_holdout,missing_only,1.0,0.0,0.0,19,hyperplane_old,0.2325738636684525,0.21208686386230358,0.3630349390117842,0.34470204117850195,0.5663716814159292,0.4646017699115044,0.7450447444646858
pilot_holdout,missing_only,1.0,0.0,0.0,20,plain,0.2325738636684525,0.21208686386230358,0.3630349390117842,0.34470204117850195,0.5663716814159292,0.4646017699115044,0.7450447444646858
pilot_holdout,missing_only,1.0,0.0,0.0,20,documented,0.2325738636684525,0.21208686386230358,0.3630349390117842,0.34470204117850195,0.5663716814159292,0.4646017699115044,0.7450447444646858
pilot_holdout,missing_only,1.0,0.0,0.0,20,aligned,0.2381633603413225,0.2115124758905356,0.361794500723589,0.3424594159665258,0.5610619469026548,0.46283185840707963,0.7423581858287113
pilot_holdout,missing_only,1.0,0.0,0.0,20,hyperplane_old,0.2325738636684525,0.21208686386230358,0.3630349390117842,0.34470204117850195,0.5663716814159292,0.4646017699115044,0.7450447444646858
pilot_holdout,missing_only,1.0,0.0,0.0,21,plain,0.2325738636684525,0.21208686386230358,0.3630349390117842,0.34470204117850195,0.5663716814159292,0.4646017699115044,0.7450447444646858
pilot_holdout,missing_only,1.0,0.0,0.0,21,documented,0.2325738636684525,0.21208686386230358,0.3630349390117842,0.34470204117850195,0.5663716814159292,0.4646017699115044,0.7450447444646858
pilot_holdout,missing_only,1.0,0.0,0.0,21,aligned,0.2381633603413225,0.2115124758905356,0.361794500723589,0.3424594159665258,0.5610619469026548,0.46283185840707963,0.7423581858287113
pilot_holdout,missing_only,1.0,0.0,0.0,21,hyperplane_old,0.2325738636684525,0.21208686386230358,0.3630349390117842,0.34470204117850195,0.5663716814159292,0.4646017699115044,0.7450447444646858
pilot_holdout,missing_only,1.0,0.0,0.0,22,plain,0.2325738636684525,0.21208686386230358,0.3630349390117842,0.34470204117850195,0.5663716814159292,0.4646017699115044,0.7450447444646858
pilot_holdout,missing_only,1.0,0.0,0.0,22,documented,0.2325738636684525,0.21208686386230358,0.3630349390117842,0.34470204117850195,0.5663716814159292,0.4646017699115044,0.7450447444646858
pilot_holdout,missing_only,1.0,0.0,0.0,22,aligned,0.2381633603413225,0.2115124758905356,0.361794500723589,0.3424594159665258,0.5610619469026548,0.46283185840707963,0.7423581858287113
pilot_holdout,missing_only,1.0,0.0,0.0,22,hyperplane_old,0.2325738636684525,0.21208686386230358,0.3630349390117842,0.34470204117850195,0.5663716814159292,0.4646017699115044,0.7450447444646858
pilot_holdout,missing_only,1.0,0.0,0.0,23,plain,0.2325738636684525,0.21208686386230358,0.3630349390117842,0.34470204117850195,0.5663716814159292,0.4646017699115044,0.7450447444646858
pilot_holdout,missing_only,1.0,0.0,0.0,23,documented,0.2325738636684525,0.21208686386230358,0.3630349390117842,0.34470204117850195,0.5663716814159292,0.4646017699115044,0.7450447444646858
pilot_holdout,missing_only,1.0,0.0,0.0,23,aligned,0.2381633603413225,0.2115124758905356,0.361794500723589,0.3424594159665258,0.5610619469026548,0.46283185840707963,0.7423581858287113
pilot_holdout,missing_only,1.0,0.0,0.0,23,hyperplane_old,0.2325738636684525,0.21208686386230358,0.3630349390117842,0.34470204117850195,0.5663716814159292,0.4646017699115044,0.7450447444646858
pilot_holdout,missing_only,1.0,0.0,0.0,24,plain,0.2325738636684525,0.21208686386230358,0.3630349390117842,0.34470204117850195,0.5663716814159292,0.4646017699115044,0.7450447444646858
pilot_holdout,missing_only,1.0,0.0,0.0,24,documented,0.2325738636684525,0.21208686386230358,0.3630349390117842,0.34470204117850195,0.5663716814159292,0.4646017699115044,0.7450447444646858
pilot_holdout,missing_only,1.0,0.0,0.0,24,aligned,0.2381633603413225,0.2115124758905356,0.361794500723589,0.3424594159665258,0.5610619469026548,0.46283185840707963,0.7423581858287113
pilot_holdout,missing_only,1.0,0.0,0.0,24,hyperplane_old,0.2325738636684525,0.21208686386230358,0.3630349390117842,0.34470204117850195,0.5663716814159292,0.4646017699115044,0.7450447444646858
pilot_holdout,missing_only,1.0,0.0,0.0,25,plain,0.2325738636684525,0.21208686386230358,0.3630349390117842,0.34470204117850195,0.5663716814159292,0.4646017699115044,0.7450447444646858
pilot_holdout,missing_only,1.0,0.0,0.0,25,documented,0.2325738636684525,0.21208686386230358,0.3630349390117842,0.34470204117850195,0.5663716814159292,0.4646017699115044,0.7450447444646858
pilot_holdout,missing_only,1.0,0.0,0.0,25,aligned,0.2381633603413225,0.2115124758905356,0.361794500723589,0.3424594159665258,0.5610619469026548,0.46283185840707963,0.7423581858287113
pilot_holdout,missing_only,1.0,0.0,0.0,25,hyperplane_old,0.2325738636684525,0.21208686386230358,0.3630349390117842,0.34470204117850195,0.5663716814159292,0.4646017699115044,0.7450447444646858
pilot_holdout,missing_only,1.0,0.0,0.0,26,plain,0.2325738636684525,0.21208686386230358,0.3630349390117842,0.34470204117850195,0.5663716814159292,0.4646017699115044,0.7450447444646858
pilot_holdout,missing_only,1.0,0.0,0.0,26,documented,0.2325738636684525,0.21208686386230358,0.3630349390117842,0.34470204117850195,0.5663716814159292,0.4646017699115044,0.7450447444646858
pilot_holdout,missing_only,1.0,0.0,0.0,26,aligned,0.2381633603413225,0.2115124758905356,0.361794500723589,0.3424594159665258,0.5610619469026548,0.46283185840707963,0.7423581858287113
pilot_holdout,missing_only,1.0,0.0,0.0,26,hyperplane_old,0.2325738636684525,0.21208686386230358,0.3630349390117842,0.34470204117850195,0.5663716814159292,0.4646017699115044,0.7450447444646858
pilot_holdout,missing_only,1.0,0.0,0.0,27,plain,0.2325738636684525,0.21208686386230358,0.3630349390117842,0.34470204117850195,0.5663716814159292,0.4646017699115044,0.7450447444646858
pilot_holdout,missing_only,1.0,0.0,0.0,27,documented,0.2325738636684525,0.21208686386230358,0.3630349390117842,0.34470204117850195,0.5663716814159292,0.4646017699115044,0.7450447444646858
pilot_holdout,missing_only,1.0,0.0,0.0,27,aligned,0.2381633603413225,0.2115124758905356,0.361794500723589,0.3424594159665258,0.5610619469026548,0.46283185840707963,0.7423581858287113
pilot_holdout,missing_only,1.0,0.0,0.0,27,hyperplane_old,0.2325738636684525,0.21208686386230358,0.3630349390117842,0.34470204117850195,0.5663716814159292,0.4646017699115044,0.7450447444646858
pilot_holdout,missing_only,1.0,0.0,0.0,28,plain,0.2325738636684525,0.21208686386230358,0.3630349390117842,0.34470204117850195,0.5663716814159292,0.4646017699115044,0.7450447444646858
pilot_holdout,missing_only,1.0,0.0,0.0,28,documented,0.2325738636684525,0.21208686386230358,0.3630349390117842,0.34470204117850195,0.5663716814159292,0.4646017699115044,0.7450447444646858
pilot_holdout,missing_only,1.0,0.0,0.0,28,aligned,0.2381633603413225,0.2115124758905356,0.361794500723589,0.3424594159665258,0.5610619469026548,0.46283185840707963,0.7423581858287113
pilot_holdout,missing_only,1.0,0.0,0.0,28,hyperplane_old,0.2325738636684525,0.21208686386230358,0.3630349390117842,0.34470204117850195,0.5663716814159292,0.4646017699115044,0.7450447444646858
pilot_holdout,missing_only,1.0,0.0,0.0,29,plain,0.2325738636684525,0.21208686386230358,0.3630349390117842,0.34470204117850195,0.5663716814159292,0.4646017699115044,0.7450447444646858
pilot_holdout,missing_only,1.0,0.0,0.0,29,documented,0.2325738636684525,0.21208686386230358,0.3630349390117842,0.34470204117850195,0.5663716814159292,0.4646017699115044,0.7450447444646858
pilot_holdout,missing_only,1.0,0.0,0.0,29,aligned,0.2381633603413225,0.2115124758905356,0.361794500723589,0.3424594159665258,0.5610619469026548,0.46283185840707963,0.7423581858287113
pilot_holdout,missing_only,1.0,0.0,0.0,29,hyperplane_old,0.2325738636684525,0.21208686386230358,0.3630349390117842,0.34470204117850195,0.5663716814159292,0.4646017699115044,0.7450447444646858
pilot_holdout,missing_only,1.0,0.0,0.0,30,plain,0.2325738636684525,0.21208686386230358,0.3630349390117842,0.34470204117850195,0.5663716814159292,0.4646017699115044,0.7450447444646858
pilot_holdout,missing_only,1.0,0.0,0.0,30,documented,0.2325738636684525,0.21208686386230358,0.3630349390117842,0.34470204117850195,0.5663716814159292,0.4646017699115044,0.7450447444646858
pilot_holdout,missing_only,1.0,0.0,0.0,30,aligned,0.2381633603413225,0.2115124758905356,0.361794500723589,0.3424594159665258,0.5610619469026548,0.46283185840707963,0.7423581858287113
pilot_holdout,missing_only,1.0,0.0,0.0,30,hyperplane_old,0.2325738636684525,0.21208686386230358,0.3630349390117842,0.34470204117850195,0.5663716814159292,0.4646017699115044,0.7450447444646858
pilot_holdout,missing_only,1.0,0.0,0.0,31,plain,0.2325738636684525,0.21208686386230358,0.3630349390117842,0.34470204117850195,0.5663716814159292,0.4646017699115044,0.7450447444646858
pilot_holdout,missing_only,1.0,0.0,0.0,31,documented,0.2325738636684525,0.21208686386230358,0.3630349390117842,0.34470204117850195,0.5663716814159292,0.4646017699115044,0.7450447444646858
pilot_holdout,missing_only,1.0,0.0,0.0,31,aligned,0.2381633603413225,0.2115124758905356,0.361794500723589,0.3424594159665258,0.5610619469026548,0.46283185840707963,0.7423581858287113
pilot_holdout,missing_only,1.0,0.0,0.0,31,hyperplane_old,0.2325738636684525,0.21208686386230358,0.3630349390117842,0.34470204117850195,0.5663716814159292,0.4646017699115044,0.7450447444646858
pilot_holdout,missing_only,1.0,0.0,0.0,32,plain,0.2325738636684525,0.21208686386230358,0.3630349390117842,0.34470204117850195,0.5663716814159292,0.4646017699115044,0.7450447444646858
pilot_holdout,missing_only,1.0,0.0,0.0,32,documented,0.2325738636684525,0.21208686386230358,0.3630349390117842,0.34470204117850195,0.5663716814159292,0.4646017699115044,0.7450447444646858
pilot_holdout,missing_only,1.0,0.0,0.0,32,aligned,0.2381633603413225,0.2115124758905356,0.361794500723589,0.3424594159665258,0.5610619469026548,0.46283185840707963,0.7423581858287113
pilot_holdout,missing_only,1.0,0.0,0.0,32,hyperplane_old,0.2325738636684525,0.21208686386230358,0.3630349390117842,0.34470204117850195,0.5663716814159292,0.4646017699115044,0.7450447444646858
pilot_holdout,missing_only,1.0,0.0,0.0,33,plain,0.2325738636684525,0.21208686386230358,0.3630349390117842,0.34470204117850195,0.5663716814159292,0.4646017699115044,0.7450447444646858
pilot_holdout,missing_only,1.0,0.0,0.0,33,documented,0.2325738636684525,0.21208686386230358,0.3630349390117842,0.34470204117850195,0.5663716814159292,0.4646017699115044,0.7450447444646858
pilot_holdout,missing_only,1.0,0.0,0.0,33,aligned,0.2381633603413225,0.2115124758905356,0.361794500723589,0.3424594159665258,0.5610619469026548,0.46283185840707963,0.7423581858287113
pilot_holdout,missing_only,1.0,0.0,0.0,33,hyperplane_old,0.2325738636684525,0.21208686386230358,0.3630349390117842,0.34470204117850195,0.5663716814159292,0.4646017699115044,0.7450447444646858
pilot_holdout,missing_only,1.0,0.0,0.0,34,plain,0.2325738636684525,0.21208686386230358,0.3630349390117842,0.34470204117850195,0.5663716814159292,0.4646017699115044,0.7450447444646858
pilot_holdout,missing_only,1.0,0.0,0.0,34,documented,0.2325738636684525,0.21208686386230358,0.3630349390117842,0.34470204117850195,0.5663716814159292,0.4646017699115044,0.7450447444646858
pilot_holdout,missing_only,1.0,0.0,0.0,34,aligned,0.2381633603413225,0.2115124758905356,0.361794500723589,0.3424594159665258,0.5610619469026548,0.46283185840707963,0.7423581858287113
pilot_holdout,missing_only,1.0,0.0,0.0,34,hyperplane_old,0.2325738636684525,0.21208686386230358,0.3630349390117842,0.34470204117850195,0.5663716814159292,0.4646017699115044,0.7450447444646858
pilot_holdout,missing_only,1.0,0.0,0.0,35,plain,0.2325738636684525,0.21208686386230358,0.3630349390117842,0.34470204117850195,0.5663716814159292,0.4646017699115044,0.7450447444646858
pilot_holdout,missing_only,1.0,0.0,0.0,35,documented,0.2325738636684525,0.21208686386230358,0.3630349390117842,0.34470204117850195,0.5663716814159292,0.4646017699115044,0.7450447444646858
pilot_holdout,missing_only,1.0,0.0,0.0,35,aligned,0.2381633603413225,0.2115124758905356,0.361794500723589,0.3424594159665258,0.5610619469026548,0.46283185840707963,0.7423581858287113
pilot_holdout,missing_only,1.0,0.0,0.0,35,hyperplane_old,0.2325738636684525,0.21208686386230358,0.3630349390117842,0.34470204117850195,0.5663716814159292,0.4646017699115044,0.7450447444646858
pilot_holdout,missing_only,1.0,0.0,0.0,36,plain,0.2325738636684525,0.21208686386230358,0.3630349390117842,0.34470204117850195,0.5663716814159292,0.4646017699115044,0.7450447444646858
pilot_holdout,missing_only,1.0,0.0,0.0,36,documented,0.2325738636684525,0.21208686386230358,0.3630349390117842,0.34470204117850195,0.5663716814159292,0.4646017699115044,0.7450447444646858
pilot_holdout,missing_only,1.0,0.0,0.0,36,aligned,0.2381633603413225,0.2115124758905356,0.361794500723589,0.3424594159665258,0.5610619469026548,0.46283185840707963,0.7423581858287113
pilot_holdout,missing_only,1.0,0.0,0.0,36,hyperplane_old,0.2325738636684525,0.21208686386230358,0.3630349390117842,0.34470204117850195,0.5663716814159292,0.4646017699115044,0.7450447444646858
pilot_holdout,missing_only,1.0,0.0,0.0,37,plain,0.2325738636684525,0.21208686386230358,0.3630349390117842,0.34470204117850195,0.5663716814159292,0.4646017699115044,0.7450447444646858
pilot_holdout,missing_only,1.0,0.0,0.0,37,documented,0.2325738636684525,0.21208686386230358,0.3630349390117842,0.34470204117850195,0.5663716814159292,0.4646017699115044,0.7450447444646858
pilot_holdout,missing_only,1.0,0.0,0.0,37,aligned,0.2381633603413225,0.2115124758905356,0.361794500723589,0.3424594159665258,0.5610619469026548,0.46283185840707963,0.7423581858287113
pilot_holdout,missing_only,1.0,0.0,0.0,37,hyperplane_old,0.2325738636684525,0.21208686386230358,0.3630349390117842,0.34470204117850195,0.5663716814159292,0.4646017699115044,0.7450447444646858
pilot_holdout,missing_only,1.0,0.0,0.0,38,plain,0.2325738636684525,0.21208686386230358,0.3630349390117842,0.34470204117850195,0.5663716814159292,0.4646017699115044,0.7450447444646858
pilot_holdout,missing_only,1.0,0.0,0.0,38,documented,0.2325738636684525,0.21208686386230358,0.3630349390117842,0.34470204117850195,0.5663716814159292,0.4646017699115044,0.7450447444646858
pilot_holdout,missing_only,1.0,0.0,0.0,38,aligned,0.2381633603413225,0.2115124758905356,0.361794500723589,0.3424594159665258,0.5610619469026548,0.46283185840707963,0.7423581858287113
pilot_holdout,missing_only,1.0,0.0,0.0,38,hyperplane_old,0.2325738636684525,0.21208686386230358,0.3630349390117842,0.34470204117850195,0.5663716814159292,0.4646017699115044,0.7450447444646858
pilot_holdout,missing_only,1.0,0.0,0.0,39,plain,0.2325738636684525,0.21208686386230358,0.3630349390117842,0.34470204117850195,0.5663716814159292,0.4646017699115044,0.7450447444646858
pilot_holdout,missing_only,1.0,0.0,0.0,39,documented,0.2325738636684525,0.21208686386230358,0.3630349390117842,0.34470204117850195,0.5663716814159292,0.4646017699115044,0.7450447444646858
pilot_holdout,missing_only,1.0,0.0,0.0,39,aligned,0.2381633603413225,0.2115124758905356,0.361794500723589,0.3424594159665258,0.5610619469026548,0.46283185840707963,0.7423581858287113
pilot_holdout,missing_only,1.0,0.0,0.0,39,hyperplane_old,0.2325738636684525,0.21208686386230358,0.3630349390117842,0.34470204117850195,0.5663716814159292,0.4646017699115044,0.7450447444646858
pilot_holdout,missing_only,1.0,0.0,0.0,40,plain,0.2325738636684525,0.21208686386230358,0.3630349390117842,0.34470204117850195,0.5663716814159292,0.4646017699115044,0.7450447444646858
pilot_holdout,missing_only,1.0,0.0,0.0,40,documented,0.2325738636684525,0.21208686386230358,0.3630349390117842,0.34470204117850195,0.5663716814159292,0.4646017699115044,0.7450447444646858
pilot_holdout,missing_only,1.0,0.0,0.0,40,aligned,0.2381633603413225,0.2115124758905356,0.361794500723589,0.3424594159665258,0.5610619469026548,0.46283185840707963,0.7423581858287113
pilot_holdout,missing_only,1.0,0.0,0.0,40,hyperplane_old,0.2325738636684525,0.21208686386230358,0.3630349390117842,0.34470204117850195,0.5663716814159292,0.4646017699115044,0.7450447444646858
pilot_holdout,missing_only,1.0,0.0,0.0,41,plain,0.2325738636684525,0.21208686386230358,0.3630349390117842,0.34470204117850195,0.5663716814159292,0.4646017699115044,0.7450447444646858
pilot_holdout,missing_only,1.0,0.0,0.0,41,documented,0.2325738636684525,0.21208686386230358,0.3630349390117842,0.34470204117850195,0.5663716814159292,0.4646017699115044,0.7450447444646858
pilot_holdout,missing_only,1.0,0.0,0.0,41,aligned,0.2381633603413225,0.2115124758905356,0.361794500723589,0.3424594159665258,0.5610619469026548,0.46283185840707963,0.7423581858287113
pilot_holdout,missing_only,1.0,0.0,0.0,41,hyperplane_old,0.2325738636684525,0.21208686386230358,0.3630349390117842,0.34470204117850195,0.5663716814159292,0.4646017699115044,0.7450447444646858
pilot_holdout,missing_only,1.0,0.0,0.0,42,plain,0.2325738636684525,0.21208686386230358,0.3630349390117842,0.34470204117850195,0.5663716814159292,0.4646017699115044,0.7450447444646858
pilot_holdout,missing_only,1.0,0.0,0.0,42,documented,0.2325738636684525,0.21208686386230358,0.3630349390117842,0.34470204117850195,0.5663716814159292,0.4646017699115044,0.7450447444646858
pilot_holdout,missing_only,1.0,0.0,0.0,42,aligned,0.2381633603413225,0.2115124758905356,0.361794500723589,0.3424594159665258,0.5610619469026548,0.46283185840707963,0.7423581858287113
pilot_holdout,missing_only,1.0,0.0,0.0,42,hyperplane_old,0.2325738636684525,0.21208686386230358,0.3630349390117842,0.34470204117850195,0.5663716814159292,0.4646017699115044,0.7450447444646858
pilot_holdout,missing_only,1.0,0.0,0.0,43,plain,0.2325738636684525,0.21208686386230358,0.3630349390117842,0.34470204117850195,0.5663716814159292,0.4646017699115044,0.7450447444646858
pilot_holdout,missing_only,1.0,0.0,0.0,43,documented,0.2325738636684525,0.21208686386230358,0.3630349390117842,0.34470204117850195,0.5663716814159292,0.4646017699115044,0.7450447444646858
pilot_holdout,missing_only,1.0,0.0,0.0,43,aligned,0.2381633603413225,0.2115124758905356,0.361794500723589,0.3424594159665258,0.5610619469026548,0.46283185840707963,0.7423581858287113
pilot_holdout,missing_only,1.0,0.0,0.0,43,hyperplane_old,0.2325738636684525,0.21208686386230358,0.3630349390117842,0.34470204117850195,0.5663716814159292,0.4646017699115044,0.7450447444646858
pilot_holdout,missing_only,1.0,0.0,0.0,44,plain,0.2325738636684525,0.21208686386230358,0.3630349390117842,0.34470204117850195,0.5663716814159292,0.4646017699115044,0.7450447444646858
pilot_holdout,missing_only,1.0,0.0,0.0,44,documented,0.2325738636684525,0.21208686386230358,0.3630349390117842,0.34470204117850195,0.5663716814159292,0.4646017699115044,0.7450447444646858
pilot_holdout,missing_only,1.0,0.0,0.0,44,aligned,0.2381633603413225,0.2115124758905356,0.361794500723589,0.3424594159665258,0.5610619469026548,0.46283185840707963,0.7423581858287113
pilot_holdout,missing_only,1.0,0.0,0.0,44,hyperplane_old,0.2325738636684525,0.21208686386230358,0.3630349390117842,0.34470204117850195,0.5663716814159292,0.4646017699115044,0.7450447444646858
pilot_holdout,missing_only,1.0,0.0,0.0,45,plain,0.2325738636684525,0.21208686386230358,0.3630349390117842,0.34470204117850195,0.5663716814159292,0.4646017699115044,0.7450447444646858
pilot_holdout,missing_only,1.0,0.0,0.0,45,documented,0.2325738636684525,0.21208686386230358,0.3630349390117842,0.34470204117850195,0.5663716814159292,0.4646017699115044,0.7450447444646858
pilot_holdout,missing_only,1.0,0.0,0.0,45,aligned,0.2381633603413225,0.2115124758905356,0.361794500723589,0.3424594159665258,0.5610619469026548,0.46283185840707963,0.7423581858287113
pilot_holdout,missing_only,1.0,0.0,0.0,45,hyperplane_old,0.2325738636684525,0.21208686386230358,0.3630349390117842,0.34470204117850195,0.5663716814159292,0.4646017699115044,0.7450447444646858
pilot_holdout,missing_only,1.0,0.0,0.0,46,plain,0.2325738636684525,0.21208686386230358,0.3630349390117842,0.34470204117850195,0.5663716814159292,0.4646017699115044,0.7450447444646858
pilot_holdout,missing_only,1.0,0.0,0.0,46,documented,0.2325738636684525,0.21208686386230358,0.3630349390117842,0.34470204117850195,0.5663716814159292,0.4646017699115044,0.7450447444646858
pilot_holdout,missing_only,1.0,0.0,0.0,46,aligned,0.2381633603413225,0.2115124758905356,0.361794500723589,0.3424594159665258,0.5610619469026548,0.46283185840707963,0.7423581858287113
pilot_holdout,missing_only,1.0,0.0,0.0,46,hyperplane_old,0.2325738636684525,0.21208686386230358,0.3630349390117842,0.34470204117850195,0.5663716814159292,0.4646017699115044,0.7450447444646858
pilot_holdout,missing_only,1.0,0.0,0.0,47,plain,0.2325738636684525,0.21208686386230358,0.3630349390117842,0.34470204117850195,0.5663716814159292,0.4646017699115044,0.7450447444646858
pilot_holdout,missing_only,1.0,0.0,0.0,47,documented,0.2325738636684525,0.21208686386230358,0.3630349390117842,0.34470204117850195,0.5663716814159292,0.4646017699115044,0.7450447444646858
pilot_holdout,missing_only,1.0,0.0,0.0,47,aligned,0.2381633603413225,0.2115124758905356,0.361794500723589,0.3424594159665258,0.5610619469026548,0.46283185840707963,0.7423581858287113
pilot_holdout,missing_only,1.0,0.0,0.0,47,hyperplane_old,0.2325738636684525,0.21208686386230358,0.3630349390117842,0.34470204117850195,0.5663716814159292,0.4646017699115044,0.7450447444646858
pilot_holdout,missing_only,1.0,0.0,0.0,48,plain,0.2325738636684525,0.21208686386230358,0.3630349390117842,0.34470204117850195,0.5663716814159292,0.4646017699115044,0.7450447444646858
pilot_holdout,missing_only,1.0,0.0,0.0,48,documented,0.2325738636684525,0.21208686386230358,0.3630349390117842,0.34470204117850195,0.5663716814159292,0.4646017699115044,0.7450447444646858
pilot_holdout,missing_only,1.0,0.0,0.0,48,aligned,0.2381633603413225,0.2115124758905356,0.361794500723589,0.3424594159665258,0.5610619469026548,0.46283185840707963,0.7423581858287113
pilot_holdout,missing_only,1.0,0.0,0.0,48,hyperplane_old,0.2325738636684525,0.21208686386230358,0.3630349390117842,0.34470204117850195,0.5663716814159292,0.4646017699115044,0.7450447444646858
pilot_holdout,missing_only,1.0,0.0,0.0,49,plain,0.2325738636684525,0.21208686386230358,0.3630349390117842,0.34470204117850195,0.5663716814159292,0.4646017699115044,0.7450447444646858
pilot_holdout,missing_only,1.0,0.0,0.0,49,documented,0.2325738636684525,0.21208686386230358,0.3630349390117842,0.34470204117850195,0.5663716814159292,0.4646017699115044,0.7450447444646858
pilot_holdout,missing_only,1.0,0.0,0.0,49,aligned,0.2381633603413225,0.2115124758905356,0.361794500723589,0.3424594159665258,0.5610619469026548,0.46283185840707963,0.7423581858287113
pilot_holdout,missing_only,1.0,0.0,0.0,49,hyperplane_old,0.2325738636684525,0.21208686386230358,0.3630349390117842,0.34470204117850195,0.5663716814159292,0.4646017699115044,0.7450447444646858
validation_prolific,full,0.0,0.03,0.03,0,plain,0.3260703287726564,0.19395338338223095,0.40644540644540644,0.30953124828474365,0.4175000000000001,0.35625,0.7216719826168134
validation_prolific,full,0.0,0.03,0.03,0,documented,0.622160783543487,0.14993923924630956,0.23857623857623858,0.37936157134123616,0.43499999999999994,0.36875,0.7215712122277218
validation_prolific,full,0.0,0.03,0.03,0,aligned,0.6325712144578391,0.14784795373602544,0.23617123617123617,0.39709392967290214,0.43249999999999994,0.3725,0.7302288527843085
validation_prolific,full,0.0,0.03,0.03,0,hyperplane_old,0.45738798274256,0.18098360520637707,0.36748436748436747,0.284429741986903,0.42250000000000004,0.36000000000000004,0.7229947536408521
validation_prolific,full,0.0,0.03,0.03,1,plain,0.3260703287726564,0.19395338338223095,0.40644540644540644,0.30953124828474365,0.4175000000000001,0.35625,0.7216719826168134
validation_prolific,full,0.0,0.03,0.03,1,documented,0.5946178732502313,0.15405215592194269,0.2621452621452621,0.3758550363996713,0.425,0.36124999999999996,0.7228411910937125
validation_prolific,full,0.0,0.03,0.03,1,aligned,0.5947787499786719,0.1539745779442905,0.2607022607022607,0.3756430436930952,0.42750000000000005,0.365,0.723219298084678
validation_prolific,full,0.0,0.03,0.03,1,hyperplane_old,0.45940912021620034,0.1806845009435386,0.36604136604136606,0.2838712121573666,0.42000000000000004,0.36,0.7217598641842388
validation_prolific,full,0.0,0.03,0.03,2,plain,0.3260703287726564,0.19395338338223095,0.40644540644540644,0.30953124828474365,0.4175000000000001,0.35625,0.7216719826168134
validation_prolific,full,0.0,0.03,0.03,2,documented,0.614276087633195,0.152849104361193,0.2582972582972583,0.3830664318775984,0.42750000000000005,0.36875,0.7196443662608285
validation_prolific,full,0.0,0.03,0.03,2,aligned,0.6183917654510349,0.15277224212076967,0.25781625781625783,0.3768351085179294,0.42750000000000005,0.365,0.7245102179349974
validation_prolific,full,0.0,0.03,0.03,2,hyperplane_old,0.4570886930593397,0.18106643259094685,0.36748436748436747,0.2849872457974102,0.42250000000000004,0.36000000000000004,0.7236182168015202
validation_prolific,full,0.0,0.03,0.03,3,plain,0.3260703287726564,0.19395338338223095,0.40644540644540644,0.30953124828474365,0.4175000000000001,0.35625,0.7216719826168134
validation_prolific,full,0.0,0.03,0.03,3,documented,0.7109036824468149,0.1422857839719706,0.22895622895622897,0.39101338527202634,0.425,0.375,0.7332949225040842
validation_prolific,full,0.0,0.03,0.03,3,aligned,0.701576541817038,0.14296572727300777,0.23472823472823473,0.3846111085433247,0.43499999999999994,0.3675,0.7341060240429945
validation_prolific,full,0.0,0.03,0.03,3,hyperplane_old,0.45634537123431085,0.18119415928671603,0.36796536796536794,0.2834717385504947,0.42000000000000004,0.36000000000000004,0.7230320615228824
validation_prolific,full,0.0,0.03,0.03,4,plain,0.3260703287726564,0.19395338338223095,0.40644540644540644,0.30953124828474365,0.4175000000000001,0.35625,0.7216719826168134
validation_prolific,full,0.0,0.03,0.03,4,documented,0.6855175096741993,0.14697475505237073,0.2405002405002405,0.36970460388269677,0.425,0.35875,0.7229281180086989
validation_prolific,full,0.0,0.03,0.03,4,aligned,0.68446793647212,0.14662972169765173,0.23953823953823955,0.37365140433760935,0.42000000000000004,0.35874999999999996,0.7235810040856095
validation_prolific,full,0.0,0.03,0.03,4,hyperplane_old,0.44898239134931317,0.1819660142364056,0.36892736892736894,0.2862135595089865,0.42250000000000004,0.35875,0.7253565610899979
validation_prolific,full,0.0,0.03,0.03,5,plain,0.3260703287726564,0.19395338338223095,0.40644540644540644,0.30953124828474365,0.4175000000000001,0.35625,0.7216719826168134
validation_prolific,full,0.0,0.03,0.03,5,documented,0.6305867797910095,0.14851223000572078,0.22414622414622415,0.3880361727269056,0.4325,0.37,0.7256493832025146
validation_prolific,full,0.0,0.03,0.03,5,aligned,0.5960877280958865,0.15163488607988368,0.24146224146224146,0.38126465500377144,0.44250000000000006,0.3725,0.7326653016008435
validation_prolific,full,0.0,0.03,0.03,5,hyperplane_old,0.4569597534065817,0.18109276978154676,0.36748436748436747,0.2849199382727584,0.42250000000000004,0.35875,0.7241488155026005
validation_prolific,full,0.0,0.03,0.03,6,plain,0.3260703287726564,0.19395338338223095,0.40644540644540644,0.30953124828474365,0.4175000000000001,0.35625,0.7216719826168134
validation_prolific,full,0.0,0.03,0.03,6,documented,0.5392181094257541,0.15765700833769491,0.2544492544492544,0.3842243956896064,0.42750000000000005,0.36750000000000005,0.7173203345543182
validation_prolific,full,0.0,0.03,0.03,6,aligned,0.5471048772478859,0.15595510726002054,0.25204425204425207,0.3873762583636245,0.43249999999999994,0.37125,0.726499366857643
validation_prolific,full,0.0,0.03,0.03,6,hyperplane_old,0.3921785434707215,0.18615001285315083,0.3785473785473785,0.28006593621842674,0.4175000000000001,0.34249999999999997,0.7064153036511238
validation_prolific,full,0.0,0.03,0.03,7,plain,0.3260703287726564,0.19395338338223095,0.40644540644540644,0.30953124828474365,0.4175000000000001,0.35625,0.7216719826168134
validation_prolific,full,0.0,0.03,0.03,7,documented,0.662729804217152,0.1507824337097294,0.2481962481962482,0.3579163097692219,0.4050000000000001,0.34875,0.7094989892616469
validation_prolific,full,0.0,0.03,0.03,7,aligned,0.666725881107554,0.14947675456797777,0.24482924482924484,0.36382708746728387,0.41999999999999993,0.35750000000000004,0.7237935069637558
validation_prolific,full,0.0,0.03,0.03,7,hyperplane_old,0.44991729134041586,0.18177414849444412,0.36892736892736894,0.2874781505374952,0.42250000000000004,0.35750000000000004,0.7259202274568214
validation_prolific,full,0.0,0.03,0.03,8,plain,0.3260703287726564,0.19395338338223095,0.40644540644540644,0.30953124828474365,0.4175000000000001,0.35625,0.7216719826168134
validation_prolific,full,0.0,0.03,0.03,8,documented,0.6937387581845846,0.14526689897270031,0.23376623376623376,0.3833977067487066,0.44000000000000006,0.37374999999999997,0.7216064597937066
validation_prolific,full,0.0,0.03,0.03,8,aligned,0.6928993587976022,0.1450958502080075,0.23088023088023088,0.3822991080835105,0.445,0.37,0.7213940199750966
validation_prolific,full,0.0,0.03,0.03,8,hyperplane_old,0.4520503765421454,0.18210200130765164,0.3718133718133718,0.28369883857092215,0.42250000000000004,0.35875,0.7227829396292061
validation_prolific,full,0.0,0.03,0.03,9,plain,0.3260703287726564,0.19395338338223095,0.40644540644540644,0.30953124828474365,0.4175000000000001,0.35625,0.7216719826168134
validation_prolific,full,0.0,0.03,0.03,9,documented,0.7315531786946102,0.13988256307871347,0.20827320827320828,0.39578700630144326,0.44000000000000006,0.375,0.7248310724571132
validation_prolific,full,0.0,0.03,0.03,9,aligned,0.7326466781759259,0.1393681895277355,0.20634920634920634,0.39761049714627666,0.4425,0.37750000000000006,0.7334542347434442
validation_prolific,full,0.0,0.03,0.03,9,hyperplane_old,0.45793275875857,0.18106360994980916,0.36796536796536794,0.2853260457106452,0.42000000000000004,0.36000000000000004,0.7244201246854038
validation_prolific,full,0.0,0.03,0.03,10,plain,0.3260703287726564,0.19395338338223095,0.40644540644540644,0.30953124828474365,0.4175000000000001,0.35625,0.7216719826168134
validation_prolific,full,0.0,0.03,0.03,10,documented,0.6726938531118769,0.14905780866076862,0.24771524771524772,0.3785504198371914,0.4375,0.37374999999999997,0.7283351789261434
validation_prolific,full,0.0,0.03,0.03,10,aligned,0.6287484249866452,0.15274953501934724,0.2631072631072631,0.3655501281192844,0.4375,0.3675,0.7306776026309979
validation_prolific,full,0.0,0.03,0.03,10,hyperplane_old,0.4567434900846008,0.18110643892564762,0.36748436748436747,0.2848210464355731,0.42250000000000004,0.36000000000000004,0.7233362391638268
validation_prolific,full,0.0,0.03,0.03,11,plain,0.3260703287726564,0.19395338338223095,0.40644540644540644,0.30953124828474365,0.4175000000000001,0.35625,0.7216719826168134
validation_prolific,full,0.0,0.03,0.03,11,documented,0.6373195335912508,0.15027971371121748,0.25637325637325636,0.3724366807848596,0.42000000000000004,0.3625,0.7150872687586546
validation_prolific,full,0.0,0.03,0.03,11,aligned,0.5898182122180717,0.1551561775571845,0.26936026936026936,0.3608595141526136,0.425,0.355,0.7131829824880624
validation_prolific,full,0.0,0.03,0.03,11,hyperplane_old,0.4525252083222676,0.18172671294540277,0.367003367003367,0.28289224642496746,0.4175,0.35750000000000004,0.7213562473969114
validation_prolific,full,0.0,0.03,0.03,12,plain,0.3260703287726564,0.19395338338223095,0.40644540644540644,0.30953124828474365,0.4175000000000001,0.35625,0.7216719826168134
validation_prolific,full,0.0,0.03,0.03,12,documented,0.635901600191457,0.15121904135976796,0.26022126022126024,0.36589467977726176,0.41500000000000004,0.3525,0.7119754173311403
validation_prolific,full,0.0,0.03,0.03,12,aligned,0.6426575521997293,0.1497152846917307,0.25733525733525736,0.3727020515283976,0.42000000000000004,0.35875,0.7179411002997081
validation_prolific,full,0.0,0.03,0.03,12,hyperplane_old,0.4567434900846008,0.18110643892564762,0.36748436748436747,0.2848210464355731,0.42250000000000004,0.36000000000000004,0.7233362391638268
validation_prolific,full,0.0,0.03,0.03,13,plain,0.3260703287726564,0.19395338338223095,0.40644540644540644,0.30953124828474365,0.4175000000000001,0.35625,0.7216719826168134
validation_prolific,full,0.0,0.03,0.03,13,documented,0.6025269766406169,0.15408107070109223,0.25637325637325636,0.3627212630254735,0.42750000000000005,0.35375,0.7137849404838335
validation_prolific,full,0.0,0.03,0.03,13,aligned,0.6119220905123306,0.15218337065150503,0.253006253006253,0.3666907240531755,0.43499999999999994,0.36374999999999996,0.7228630183704426
validation_prolific,full,0.0,0.03,0.03,13,hyperplane_old,0.4462307677012505,0.18198890578503718,0.36796536796536794,0.28471089035921493,0.42000000000000004,0.36,0.7213666386605858
validation_prolific,full,0.0,0.03,0.03,14,plain,0.3260703287726564,0.19395338338223095,0.40644540644540644,0.30953124828474365,0.4175000000000001,0.35625,0.7216719826168134
validation_prolific,full,0.0,0.03,0.03,14,documented,0.6651539828360739,0.15031999893590456,0.24482924482924484,0.35504696600871566,0.4225,0.35125,0.7142563568555049
validation_prolific,full,0.0,0.03,0.03,14,aligned,0.6752861716306062,0.14790863085532505,0.23713323713323714,0.36406775934029584,0.4225,0.35750000000000004,0.7213270611532542
validation_prolific,full,0.0,0.03,0.03,14,hyperplane_old,0.45036069150137253,0.18184975959365204,0.3698893698893699,0.28235410839699504,0.42000000000000004,0.35875,0.7221455170547351
validation_prolific,full,0.0,0.03,0.03,15,plain,0.3260703287726564,0.19395338338223095,0.40644540644540644,0.30953124828474365,0.4175000000000001,0.35625,0.7216719826168134
validation_prolific,full,0.0,0.03,0.03,15,documented,0.6310665200685132,0.15398647597785933,0.26166426166426165,0.3755690966160697,0.43499999999999994,0.3725,0.7187633088541607
validation_prolific,full,0.0,0.03,0.03,15,aligned,0.6430628049269873,0.15134996100730014,0.2534872534872535,0.38203045504886884,0.445,0.3775,0.724958276746471
validation_prolific,full,0.0,0.03,0.03,15,hyperplane_old,0.4183314803181471,0.18442272576919813,0.37614237614237617,0.2973298580914795,0.425,0.36750000000000005,0.7272607321010944
validation_prolific,full,0.0,0.03,0.03,16,plain,0.3260703287726564,0.19395338338223095,0.40644540644540644,0.30953124828474365,0.4175000000000001,0.35625,0.7216719826168134
validation_prolific,full,0.0,0.03,0.03,16,documented,0.5751135266270785,0.15636509916650554,0.2453102453102453,0.3583978321179401,0.41500000000000004,0.35875,0.7084884168665917
validation_prolific,full,0.0,0.03,0.03,16,aligned,0.5859727043975046,0.15389112912830966,0.24194324194324193,0.37348797459299277,0.41999999999999993,0.3675,0.7202426594778794
validation_prolific,full,0.0,0.03,0.03,16,hyperplane_old,0.417878376634302,0.18433942812928594,0.3785473785473785,0.29747214285010337,0.42750000000000005,0.36000000000000004,0.7250765569113964
validation_prolific,full,0.0,0.03,0.03,17,plain,0.3260703287726564,0.19395338338223095,0.40644540644540644,0.30953124828474365,0.4175000000000001,0.35625,0.7216719826168134
validation_prolific,full,0.0,0.03,0.03,17,documented,0.6551643974699426,0.1472664609542147,0.227994227994228,0.38331473931646415,0.42750000000000005,0.36374999999999996,0.7259805273760878
validation_prolific,full,0.0,0.03,0.03,17,aligned,0.6564306206076338,0.14567178549058798,0.2222222222222222,0.39248054408625244,0.44000000000000006,0.3725,0.73210668417507
validation_prolific,full,0.0,0.03,0.03,17,hyperplane_old,0.4607997965776266,0.1804858893494906,0.367003367003367,0.2841064758404344,0.42000000000000004,0.35750000000000004,0.7221545503781535
validation_prolific,full,0.0,0.03,0.03,18,plain,0.3260703287726564,0.19395338338223095,0.40644540644540644,0.30953124828474365,0.4175000000000001,0.35625,0.7216719826168134
validation_prolific,full,0.0,0.03,0.03,18,documented,0.7030196646122281,0.14344985914455585,0.22847522847522847,0.39395905717307744,0.43500000000000005,0.3825,0.7263849129349582
validation_prolific,full,0.0,0.03,0.03,18,aligned,0.6995865510306147,0.14397618320980532,0.22895622895622897,0.3841546286856198,0.4425,0.37875000000000003,0.7278656067386452
validation_prolific,full,0.0,0.03,0.03,18,hyperplane_old,0.4567434900846008,0.18110643892564762,0.36748436748436747,0.2848210464355731,0.42250000000000004,0.36000000000000004,0.7233362391638268
validation_prolific,full,0.0,0.03,0.03,19,plain,0.3260703287726564,0.19395338338223095,0.40644540644540644,0.30953124828474365,0.4175000000000001,0.35625,0.7216719826168134
validation_prolific,full,0.0,0.03,0.03,19,documented,0.6327018851192165,0.15310760492874106,0.25925925925925924,0.36258312453335095,0.4125,0.36249999999999993,0.7149447017405336
validation_prolific,full,0.0,0.03,0.03,19,aligned,0.6491187236043809,0.1504174009330377,0.24867724867724866,0.37926405850477457,0.4225,0.37249999999999994,0.7225959457809441
validation_prolific,full,0.0,0.03,0.03,19,hyperplane_old,0.4152168917527095,0.18502759054955428,0.38191438191438193,0.2892495182496754,0.42000000000000004,0.36000000000000004,0.7223540137874218
validation_prolific,full,0.0,0.03,0.03,20,plain,0.3260703287726564,0.19395338338223095,0.40644540644540644,0.30953124828474365,0.4175000000000001,0.35625,0.7216719826168134
validation_prolific,full,0.0,0.03,0.03,20,documented,0.6242140314406842,0.1521407507506591,0.2481962481962482,0.3826273589392536,0.425,0.36374999999999996,0.7124938213555143
validation_prolific,full,0.0,0.03,0.03,20,aligned,0.6397975947413627,0.14838900669282462,0.23713323713323714,0.39395616664670297,0.42750000000000005,0.36875,0.7245739843308525
validation_prolific,full,0.0,0.03,0.03,20,hyperplane_old,0.4526048186630655,0.18198543622035074,0.3718133718133718,0.28297140464235415,0.42250000000000004,0.35750000000000004,0.7219814359249075
validation_prolific,full,0.0,0.03,0.03,21,plain,0.3260703287726564,0.19395338338223095,0.40644540644540644,0.30953124828474365,0.4175000000000001,0.35625,0.7216719826168134
validation_prolific,full,0.0,0.03,0.03,21,documented,0.6947842469797448,0.14633164356304873,0.240981240981241,0.35229657765684474,0.4225,0.36125,0.7192531477899963
validation_prolific,full,0.0,0.03,0.03,21,aligned,0.6998929736703802,0.14539939687838535,0.23713323713323714,0.35897879883498934,0.4325,0.36124999999999996,0.7208849989459242
validation_prolific,full,0.0,0.03,0.03,21,hyperplane_old,0.45621923527092445,0.18109757553335312,0.3665223665223665,0.2827438981875786,0.42000000000000004,0.36124999999999996,0.7228331335354106
validation_prolific,full,0.0,0.03,0.03,22,plain,0.3260703287726564,0.19395338338223095,0.40644540644540644,0.30953124828474365,0.4175000000000001,0.35625,0.7216719826168134
validation_prolific,full,0.0,0.03,0.03,22,documented,0.6157987082165524,0.15188374072121014,0.26791726791726794,0.39187236481610566,0.4225,0.37,0.7242225648182276
validation_prolific,full,0.0,0.03,0.03,22,aligned,0.6206500257720671,0.1509167815674633,0.26551226551226553,0.4001650008228358,0.4375,0.37374999999999997,0.7296230550936349
validation_prolific,full,0.0,0.03,0.03,22,hyperplane_old,0.4567434900846008,0.18110643892564762,0.36748436748436747,0.2848210464355731,0.42250000000000004,0.36000000000000004,0.7233362391638268
validation_prolific,full,0.0,0.03,0.03,23,plain,0.3260703287726564,0.19395338338223095,0.40644540644540644,0.30953124828474365,0.4175000000000001,0.35625,0.7216719826168134
validation_prolific,full,0.0,0.03,0.03,23,documented,0.5998344147052851,0.15420123091151713,0.25925925925925924,0.3881875471764588,0.4375,0.36875,0.7256311692832931
validation_prolific,full,0.0,0.03,0.03,23,aligned,0.6055883962839265,0.15304350167848066,0.25396825396825395,0.39332860947484444,0.4375,0.37625000000000003,0.72893889690881
validation_prolific,full,0.0,0.03,0.03,23,hyperplane_old,0.4574510413189288,0.1809538283542989,0.36748436748436747,0.2859381565007154,0.42250000000000004,0.35875,0.7242110685670372
validation_prolific,full,0.0,0.03,0.03,24,plain,0.3260703287726564,0.19395338338223095,0.40644540644540644,0.30953124828474365,0.4175000000000001,0.35625,0.7216719826168134
validation_prolific,full,0.0,0.03,0.03,24,documented,0.6213815101017892,0.15212411501801343,0.23857623857623858,0.37038729390865754,0.4375,0.3625,0.7249222482875101
validation_prolific,full,0.0,0.03,0.03,24,aligned,0.6330690682179498,0.14934422024000465,0.23376623376623376,0.38285424852354805,0.4375,0.36750000000000005,0.7315978314450303
validation_prolific,full,0.0,0.03,0.03,24,hyperplane_old,0.45667680759196755,0.18098240657510575,0.3665223665223665,0.28257519068734877,0.42000000000000004,0.36124999999999996,0.7230707297101351
validation_prolific,full,0.0,0.03,0.03,25,plain,0.3260703287726564,0.19395338338223095,0.40644540644540644,0.30953124828474365,0.4175000000000001,0.35625,0.7216719826168134
validation_prolific,full,0.0,0.03,0.03,25,documented,0.6670948939910354,0.14878422567144922,0.24242424242424243,0.3748771158678606,0.4375,0.36000000000000004,0.7236815047643685
validation_prolific,full,0.0,0.03,0.03,25,aligned,0.66427610122316,0.14859349076490613,0.24242424242424243,0.3756770768973137,0.43000000000000005,0.37124999999999997,0.7296176380924231
validation_prolific,full,0.0,0.03,0.03,25,hyperplane_old,0.456634784907146,0.1811199149136988,0.36796536796536794,0.2835886773352206,0.4225,0.35875,0.7222603472982708
validation_prolific,full,0.0,0.03,0.03,26,plain,0.3260703287726564,0.19395338338223095,0.40644540644540644,0.30953124828474365,0.4175000000000001,0.35625,0.7216719826168134
validation_prolific,full,0.0,0.03,0.03,26,documented,0.6808868410880303,0.15042214333271356,0.24867724867724866,0.3669363501507914,0.4175,0.36875,0.7174026239251792
validation_prolific,full,0.0,0.03,0.03,26,aligned,0.6834271657065374,0.14962074676408815,0.2481962481962482,0.36942121127772615,0.425,0.36875,0.7202153242367995
validation_prolific,full,0.0,0.03,0.03,26,hyperplane_old,0.46460388596702007,0.1802546473207877,0.36604136604136606,0.2828627060389377,0.42250000000000004,0.35875,0.7187736788936577
validation_prolific,full,0.0,0.03,0.03,27,plain,0.3260703287726564,0.19395338338223095,0.40644540644540644,0.30953124828474365,0.4175000000000001,0.35625,0.7216719826168134
validation_prolific,full,0.0,0.03,0.03,27,documented,0.6246155266759842,0.14890697979161213,0.23857623857623858,0.38673755190992953,0.43499999999999994,0.36875,0.7284890878784454
validation_prolific,full,0.0,0.03,0.03,27,aligned,0.6293983569849569,0.1483838943779945,0.23857623857623858,0.3909038090672582,0.44250000000000006,0.37374999999999997,0.7285765210329626
validation_prolific,full,0.0,0.03,0.03,27,hyperplane_old,0.4348129732198785,0.18266628249647754,0.37037037037037035,0.27877848754719625,0.4225,0.36125,0.724014899629112
validation_prolific,full,0.0,0.03,0.03,28,plain,0.3260703287726564,0.19395338338223095,0.40644540644540644,0.30953124828474365,0.4175000000000001,0.35625,0.7216719826168134
validation_prolific,full,0.0,0.03,0.03,28,documented,0.6391501233221485,0.14947346322654417,0.23905723905723905,0.3789626773119214,0.43,0.36625,0.7194963138591796
validation_prolific,full,0.0,0.03,0.03,28,aligned,0.650091826506021,0.14669257200805602,0.2356902356902357,0.38443013021999733,0.43999999999999995,0.37249999999999994,0.7279713754468304
validation_prolific,full,0.0,0.03,0.03,28,hyperplane_old,0.45116801359469366,0.1817987934300081,0.37133237133237135,0.28244275285731424,0.42000000000000004,0.36000000000000004,0.7233296571917516
validation_prolific,full,0.0,0.03,0.03,29,plain,0.3260703287726564,0.19395338338223095,0.40644540644540644,0.30953124828474365,0.4175000000000001,0.35625,0.7216719826168134
validation_prolific,full,0.0,0.03,0.03,29,documented,0.6928186987747774,0.1460474979320125,0.23953823953823955,0.37404010876136146,0.4225,0.37,0.7203638578450027
validation_prolific,full,0.0,0.03,0.03,29,aligned,0.6866199783127067,0.14675745706956106,0.23905723905723905,0.3722744718389438,0.4175,0.365,0.7153283225820951
validation_prolific,full,0.0,0.03,0.03,29,hyperplane_old,0.4568323693898414,0.18106757857840652,0.3694083694083694,0.2878538792408995,0.4225,0.36000000000000004,0.7256169642197042
validation_prolific,full,0.0,0.03,0.03,30,plain,0.3260703287726564,0.19395338338223095,0.40644540644540644,0.30953124828474365,0.4175000000000001,0.35625,0.7216719826168134
validation_prolific,full,0.0,0.03,0.03,30,documented,0.6302612592126974,0.15214944905606395,0.2534872534872535,0.3768097850812787,0.42250000000000004,0.35500000000000004,0.7208911689025645
validation_prolific,full,0.0,0.03,0.03,30,aligned,0.6404378004987482,0.14981245319891942,0.24675324675324675,0.3881513359875332,0.43,0.36500000000000005,0.7286859622710224
validation_prolific,full,0.0,0.03,0.03,30,hyperplane_old,0.4570886930593397,0.18106643259094685,0.36748436748436747,0.2849872457974102,0.42250000000000004,0.36000000000000004,0.7236182168015202
validation_prolific,full,0.0,0.03,0.03,31,plain,0.3260703287726564,0.19395338338223095,0.40644540644540644,0.30953124828474365,0.4175000000000001,0.35625,0.7216719826168134
validation_prolific,full,0.0,0.03,0.03,31,documented,0.7225576243048693,0.14095494719226281,0.22366522366522368,0.38636699457063817,0.4375,0.37374999999999997,0.7304980867842866
validation_prolific,full,0.0,0.03,0.03,31,aligned,0.7297689683156606,0.1390860260659452,0.2178932178932179,0.3938469535726849,0.43499999999999994,0.375,0.7327543379239788
validation_prolific,full,0.0,0.03,0.03,31,hyperplane_old,0.4564761326900667,0.18062991773871512,0.36363636363636365,0.28874069162426624,0.42250000000000004,0.36000000000000004,0.7232734917515773
validation_prolific,full,0.0,0.03,0.03,32,plain,0.3260703287726564,0.19395338338223095,0.40644540644540644,0.30953124828474365,0.4175000000000001,0.35625,0.7216719826168134
validation_prolific,full,0.0,0.03,0.03,32,documented,0.6112174770445312,0.15153239654597275,0.23424723424723426,0.373425411814972,0.43,0.3775,0.7271340498055652
validation_prolific,full,0.0,0.03,0.03,32,aligned,0.6151459660287542,0.15081841103669044,0.23376623376623376,0.37542853511206503,0.4375,0.3725,0.7272902015237696
validation_prolific,full,0.0,0.03,0.03,32,hyperplane_old,0.3954479872679428,0.18606377204653082,0.37902837902837905,0.28248542186160475,0.42000000000000004,0.345,0.7079135888794565
validation_prolific,full,0.0,0.03,0.03,33,plain,0.3260703287726564,0.19395338338223095,0.40644540644540644,0.30953124828474365,0.4175000000000001,0.35625,0.7216719826168134
validation_prolific,full,0.0,0.03,0.03,33,documented,0.6623161820715318,0.14559786695786828,0.22847522847522847,0.3967557028737566,0.445,0.37749999999999995,0.7331996560772299
validation_prolific,full,0.0,0.03,0.03,33,aligned,0.6643405801338205,0.1450376558909954,0.22607022607022606,0.39776097451629006,0.44749999999999995,0.37625000000000003,0.7339637777576795
validation_prolific,full,0.0,0.03,0.03,33,hyperplane_old,0.43967340581300596,0.1828678019160317,0.37421837421837423,0.2767153147307599,0.4175,0.35125,0.7189210308039272
validation_prolific,full,0.0,0.03,0.03,34,plain,0.3260703287726564,0.19395338338223095,0.40644540644540644,0.30953124828474365,0.4175000000000001,0.35625,0.7216719826168134
validation_prolific,full,0.0,0.03,0.03,34,documented,0.5408127829936751,0.1574048934452366,0.2554112554112554,0.3776853642118123,0.43,0.35875,0.7182276524676279
validation_prolific,full,0.0,0.03,0.03,34,aligned,0.5551971889262193,0.1549434981972595,0.24771524771524772,0.3916682224426893,0.4375,0.37249999999999994,0.7267457123937524
validation_prolific,full,0.0,0.03,0.03,34,hyperplane_old,0.41095465890166294,0.1843941786944388,0.37902837902837905,0.2756369334321461,0.42000000000000004,0.35750000000000004,0.719106974467381
validation_prolific,full,0.0,0.03,0.03,35,plain,0.3260703287726564,0.19395338338223095,0.40644540644540644,0.30953124828474365,0.4175000000000001,0.35625,0.7216719826168134
validation_prolific,full,0.0,0.03,0.03,35,documented,0.5485412473910053,0.15809177289269485,0.26551226551226553,0.3924101589317665,0.43,0.37249999999999994,0.7269854892143697
validation_prolific,full,0.0,0.03,0.03,35,aligned,0.544754432849518,0.15832964740260969,0.26455026455026454,0.38921849661066327,0.44000000000000006,0.37500000000000006,0.7321773995506887
validation_prolific,full,0.0,0.03,0.03,35,hyperplane_old,0.44652573517589716,0.18196673193342786,0.36796536796536794,0.2849249506777894,0.42000000000000004,0.36124999999999996,0.7220471413676195
validation_prolific,full,0.0,0.03,0.03,36,plain,0.3260703287726564,0.19395338338223095,0.40644540644540644,0.30953124828474365,0.4175000000000001,0.35625,0.7216719826168134
validation_prolific,full,0.0,0.03,0.03,36,documented,0.6353613248354633,0.14840945869627187,0.22847522847522847,0.38467299400122124,0.43499999999999994,0.37249999999999994,0.7304966606684292
validation_prolific,full,0.0,0.03,0.03,36,aligned,0.6389117396228373,0.14763980071571578,0.22655122655122656,0.386702625067811,0.44000000000000006,0.375,0.7323647150391126
validation_prolific,full,0.0,0.03,0.03,36,hyperplane_old,0.4466870021222868,0.18187809758329856,0.36892736892736894,0.2850112862533274,0.42000000000000004,0.36,0.7213297882142188
validation_prolific,full,0.0,0.03,0.03,37,plain,0.3260703287726564,0.19395338338223095,0.40644540644540644,0.30953124828474365,0.4175000000000001,0.35625,0.7216719826168134
validation_prolific,full,0.0,0.03,0.03,37,documented,0.6192832388158097,0.14978652801098896,0.23184223184223185,0.3824335166573989,0.43499999999999994,0.37375,0.725605833394034
validation_prolific,full,0.0,0.03,0.03,37,aligned,0.6292161514511891,0.14765775520366325,0.22655122655122656,0.3934103646032197,0.4425,0.37375,0.7279446722671616
validation_prolific,full,0.0,0.03,0.03,37,hyperplane_old,0.4112989829468773,0.18427264882803904,0.38095238095238093,0.2765992783614248,0.42000000000000004,0.355,0.7183246533353582
validation_prolific,full,0.0,0.03,0.03,38,plain,0.3260703287726564,0.19395338338223095,0.40644540644540644,0.30953124828474365,0.4175000000000001,0.35625,0.7216719826168134
validation_prolific,full,0.0,0.03,0.03,38,documented,0.6190192796779679,0.15407398410256262,0.2635882635882636,0.36185069646310025,0.4325,0.36750000000000005,0.726717179771281
validation_prolific,full,0.0,0.03,0.03,38,aligned,0.6000964497759186,0.15582010266664567,0.26791726791726794,0.3658948224827171,0.4425,0.36875,0.7276829916906146
validation_prolific,full,0.0,0.03,0.03,38,hyperplane_old,0.4568964192221783,0.18110164854138833,0.36748436748436747,0.28486116441918996,0.42250000000000004,0.35875,0.7229844136668075
validation_prolific,full,0.0,0.03,0.03,39,plain,0.3260703287726564,0.19395338338223095,0.40644540644540644,0.30953124828474365,0.4175000000000001,0.35625,0.7216719826168134
validation_prolific,full,0.0,0.03,0.03,39,documented,0.6226347409062033,0.15239260246984923,0.2631072631072631,0.3801277890719507,0.4375,0.36875,0.7192105604579312
validation_prolific,full,0.0,0.03,0.03,39,aligned,0.6276760728408891,0.15145607823919593,0.2597402597402597,0.3789831440952062,0.4425,0.3775,0.727543439194828
validation_prolific,full,0.0,0.03,0.03,39,hyperplane_old,0.4460224629977892,0.1820257863407826,0.36796536796536794,0.2850267935826353,0.42000000000000004,0.36124999999999996,0.7220159740739609
validation_prolific,full,0.0,0.03,0.03,40,plain,0.3260703287726564,0.19395338338223095,0.40644540644540644,0.30953124828474365,0.4175000000000001,0.35625,0.7216719826168134
validation_prolific,full,0.0,0.03,0.03,40,documented,0.6813062431680516,0.14557966647775844,0.23424723424723426,0.3643331655396037,0.4175000000000001,0.36625,0.7150709620171398
validation_prolific,full,0.0,0.03,0.03,40,aligned,0.6837926605609352,0.14490152888122543,0.23184223184223185,0.3669806010602497,0.425,0.365,0.7173032235325438
validation_prolific,full,0.0,0.03,0.03,40,hyperplane_old,0.4460224629977892,0.1820257863407826,0.36796536796536794,0.2850267935826353,0.42000000000000004,0.36124999999999996,0.7220159740739609
validation_prolific,full,0.0,0.03,0.03,41,plain,0.3260703287726564,0.19395338338223095,0.40644540644540644,0.30953124828474365,0.4175000000000001,0.35625,0.7216719826168134
validation_prolific,full,0.0,0.03,0.03,41,documented,0.7037411712818165,0.14422997567903692,0.2222222222222222,0.3815628714415505,0.41999999999999993,0.36125,0.7173906392445575
validation_prolific,full,0.0,0.03,0.03,41,aligned,0.718022750973984,0.14068503319114112,0.21885521885521886,0.3938561646074853,0.43499999999999994,0.37125,0.727263105409563
validation_prolific,full,0.0,0.03,0.03,41,hyperplane_old,0.4557645132402281,0.1810318157779837,0.36844636844636847,0.28658517184608395,0.425,0.35875,0.7250046145348115
validation_prolific,full,0.0,0.03,0.03,42,plain,0.3260703287726564,0.19395338338223095,0.40644540644540644,0.30953124828474365,0.4175000000000001,0.35625,0.7216719826168134
validation_prolific,full,0.0,0.03,0.03,42,documented,0.7072892697169006,0.14425465040970384,0.2255892255892256,0.3623249148756784,0.4325,0.36874999999999997,0.7245357282985212
validation_prolific,full,0.0,0.03,0.03,42,aligned,0.7123082050336756,0.1425756044471994,0.21933621933621933,0.3718502443221444,0.4325,0.36625,0.722637610441812
validation_prolific,full,0.0,0.03,0.03,42,hyperplane_old,0.4562925482235626,0.18104138377370996,0.36748436748436747,0.28586348790197036,0.42250000000000004,0.36000000000000004,0.7243470051980813
validation_prolific,full,0.0,0.03,0.03,43,plain,0.3260703287726564,0.19395338338223095,0.40644540644540644,0.30953124828474365,0.4175000000000001,0.35625,0.7216719826168134
validation_prolific,full,0.0,0.03,0.03,43,documented,0.5824206532318028,0.1569333291549523,0.2631072631072631,0.37671636500461075,0.43499999999999994,0.37,0.7246099763743638
validation_prolific,full,0.0,0.03,0.03,43,aligned,0.5887368060878055,0.15549957179385188,0.26166426166426165,0.3810625638854458,0.4375,0.3725,0.7292249938456501
validation_prolific,full,0.0,0.03,0.03,43,hyperplane_old,0.4558869974241228,0.1812997838616668,0.36604136604136606,0.2811351977648124,0.425,0.36000000000000004,0.722990314506171
validation_prolific,full,0.0,0.03,0.03,44,plain,0.3260703287726564,0.19395338338223095,0.40644540644540644,0.30953124828474365,0.4175000000000001,0.35625,0.7216719826168134
validation_prolific,full,0.0,0.03,0.03,44,documented,0.6814741171318714,0.14834404946687324,0.24482924482924484,0.3846454003611077,0.42749999999999994,0.3675,0.7207425318076852
validation_prolific,full,0.0,0.03,0.03,44,aligned,0.6878058487270446,0.14677947241152803,0.24242424242424243,0.3928296615570258,0.44000000000000006,0.37124999999999997,0.7292130182697069
validation_prolific,full,0.0,0.03,0.03,44,hyperplane_old,0.45690459357168806,0.1810774416886604,0.36748436748436747,0.2846672528701996,0.42250000000000004,0.36000000000000004,0.7233833847504839
validation_prolific,full,0.0,0.03,0.03,45,plain,0.3260703287726564,0.19395338338223095,0.40644540644540644,0.30953124828474365,0.4175000000000001,0.35625,0.7216719826168134
validation_prolific,full,0.0,0.03,0.03,45,documented,0.6862665268340135,0.14805852684768575,0.2453102453102453,0.3582431301301557,0.425,0.36,0.714977904815356
validation_prolific,full,0.0,0.03,0.03,45,aligned,0.6911887145336433,0.14675204936077893,0.2429052429052429,0.36117771884166044,0.4325,0.36124999999999996,0.7169946255489468
validation_prolific,full,0.0,0.03,0.03,45,hyperplane_old,0.4567434900846008,0.18110643892564762,0.36748436748436747,0.2848210464355731,0.42250000000000004,0.36000000000000004,0.7233362391638268
validation_prolific,full,0.0,0.03,0.03,46,plain,0.3260703287726564,0.19395338338223095,0.40644540644540644,0.30953124828474365,0.4175000000000001,0.35625,0.7216719826168134
validation_prolific,full,0.0,0.03,0.03,46,documented,0.7199424867948047,0.14019703735611808,0.2101972101972102,0.38634212326234557,0.4325,0.3675,0.7275365312845237
validation_prolific,full,0.0,0.03,0.03,46,aligned,0.7249709903890722,0.13868832000766318,0.20827320827320828,0.39604275333798034,0.43999999999999995,0.375,0.7334371096427508
validation_prolific,full,0.0,0.03,0.03,46,hyperplane_old,0.46188197862029573,0.18039650807076776,0.36363636363636365,0.2843626546558745,0.42000000000000004,0.35750000000000004,0.724239374476175
validation_prolific,full,0.0,0.03,0.03,47,plain,0.3260703287726564,0.19395338338223095,0.40644540644540644,0.30953124828474365,0.4175000000000001,0.35625,0.7216719826168134
validation_prolific,full,0.0,0.03,0.03,47,documented,0.6144134992592143,0.1535600680859972,0.2554112554112554,0.3698778683075073,0.42750000000000005,0.365,0.7182127633018833
validation_prolific,full,0.0,0.03,0.03,47,aligned,0.6301042241196237,0.15034476690060378,0.24963924963924963,0.3769663989065404,0.4375,0.37375,0.7289623297968604
validation_prolific,full,0.0,0.03,0.03,47,hyperplane_old,0.45711566520792585,0.18106544791792548,0.36748436748436747,0.2849389036061705,0.42250000000000004,0.36000000000000004,0.7238143074039504
validation_prolific,full,0.0,0.03,0.03,48,plain,0.3260703287726564,0.19395338338223095,0.40644540644540644,0.30953124828474365,0.4175000000000001,0.35625,0.7216719826168134
validation_prolific,full,0.0,0.03,0.03,48,documented,0.675010936578842,0.14908869838767963,0.240981240981241,0.35951411876761474,0.41999999999999993,0.36124999999999996,0.7226531670127079
validation_prolific,full,0.0,0.03,0.03,48,aligned,0.6710207233225649,0.14866395482537645,0.2453102453102453,0.35372000794616776,0.42750000000000005,0.35874999999999996,0.7234597051265873
validation_prolific,full,0.0,0.03,0.03,48,hyperplane_old,0.4564582059384228,0.18113942870047292,0.36748436748436747,0.28386228123007,0.42000000000000004,0.36000000000000004,0.722813714023762
validation_prolific,full,0.0,0.03,0.03,49,plain,0.3260703287726564,0.19395338338223095,0.40644540644540644,0.30953124828474365,0.4175000000000001,0.35625,0.7216719826168134
validation_prolific,full,0.0,0.03,0.03,49,documented,0.7295615415552487,0.1393456902092322,0.20875420875420875,0.38050956957241916,0.4325,0.37124999999999997,0.7252669864899487
validation_prolific,full,0.0,0.03,0.03,49,aligned,0.7334098756113135,0.13783502302196712,0.20586820586820587,0.38556047377150116,0.4325,0.37625000000000003,0.7276481622401368
validation_prolific,full,0.0,0.03,0.03,49,hyperplane_old,0.46009468626646327,0.18016473497982985,0.36123136123136124,0.2895719290217923,0.4225,0.36124999999999996,0.7247421253140645
validation_prolific,full,0.1,0.03,0.03,0,plain,0.3260703287726564,0.19395338338223095,0.40644540644540644,0.30953124828474365,0.4175000000000001,0.35625,0.7216719826168134
validation_prolific,full,0.1,0.03,0.03,0,documented,0.6483482313774802,0.15180546578483037,0.2405002405002405,0.3523669292110033,0.41500000000000004,0.365,0.7294308657711257
validation_prolific,full,0.1,0.03,0.03,0,aligned,0.6449369850647636,0.15223704865758594,0.24867724867724866,0.3539557851330438,0.4175000000000001,0.36124999999999996,0.7248047342803433
validation_prolific,full,0.1,0.03,0.03,0,hyperplane_old,0.3876552752602132,0.18737240231578264,0.3848003848003848,0.29273979734167194,0.425,0.36124999999999996,0.7231744407690293
validation_prolific,full,0.1,0.03,0.03,1,plain,0.3260703287726564,0.19395338338223095,0.40644540644540644,0.30953124828474365,0.4175000000000001,0.35625,0.7216719826168134
validation_prolific,full,0.1,0.03,0.03,1,documented,0.6487029987434012,0.15246085935111692,0.265993265993266,0.3614554743752707,0.445,0.37625,0.7215769667067069
validation_prolific,full,0.1,0.03,0.03,1,aligned,0.6294125446709409,0.15509784271362098,0.2688792688792689,0.3438611714011673,0.4325,0.36249999999999993,0.715501384739708
validation_prolific,full,0.1,0.03,0.03,1,hyperplane_old,0.4566583673889809,0.18112212010800202,0.3665223665223665,0.28265559480977953,0.42000000000000004,0.36124999999999996,0.7220439328275244
validation_prolific,full,0.1,0.03,0.03,2,plain,0.3260703287726564,0.19395338338223095,0.40644540644540644,0.30953124828474365,0.4175000000000001,0.35625,0.7216719826168134
validation_prolific,full,0.1,0.03,0.03,2,documented,0.5995992101852323,0.15802044457065242,0.2597402597402597,0.338125520113413,0.42250000000000004,0.35,0.7188767803422964
validation_prolific,full,0.1,0.03,0.03,2,aligned,0.6070830779151973,0.15653329366883084,0.2544492544492544,0.34368534574008863,0.425,0.36125,0.7236023064226755
validation_prolific,full,0.1,0.03,0.03,2,hyperplane_old,0.4170008196026851,0.1853335285171648,0.3838383838383838,0.29355117602234904,0.42000000000000004,0.36,0.718602150795041
validation_prolific,full,0.1,0.03,0.03,3,plain,0.3260703287726564,0.19395338338223095,0.40644540644540644,0.30953124828474365,0.4175000000000001,0.35625,0.7216719826168134
validation_prolific,full,0.1,0.03,0.03,3,documented,0.6758662055476454,0.14595862005293775,0.23376623376623376,0.37981148680247123,0.44000000000000006,0.38375,0.7262294319931077
validation_prolific,full,0.1,0.03,0.03,3,aligned,0.6789646526981471,0.1445501370463849,0.2352092352092352,0.38737248845235916,0.44000000000000006,0.3825,0.7292992132833266
validation_prolific,full,0.1,0.03,0.03,3,hyperplane_old,0.42189534129246603,0.1844392215635104,0.38047138047138046,0.2956013663233824,0.42000000000000004,0.36499999999999994,0.7221885412269342
validation_prolific,full,0.1,0.03,0.03,4,plain,0.3260703287726564,0.19395338338223095,0.40644540644540644,0.30953124828474365,0.4175000000000001,0.35625,0.7216719826168134
validation_prolific,full,0.1,0.03,0.03,4,documented,0.6126267208127244,0.15686814347874473,0.291967291967292,0.34717378893590184,0.41999999999999993,0.36624999999999996,0.7108885125279123
validation_prolific,full,0.1,0.03,0.03,4,aligned,0.6164727810958729,0.1561382298658508,0.28619528619528617,0.3484124819598257,0.4125,0.3625,0.7081156710241124
validation_prolific,full,0.1,0.03,0.03,4,hyperplane_old,0.40602167797184857,0.1861484197233468,0.38095238095238093,0.29131999022482663,0.42000000000000004,0.3675,0.7219674868216639
validation_prolific,full,0.1,0.03,0.03,5,plain,0.3260703287726564,0.19395338338223095,0.40644540644540644,0.30953124828474365,0.4175000000000001,0.35625,0.7216719826168134
validation_prolific,full,0.1,0.03,0.03,5,documented,0.6710312034005714,0.15077505143437986,0.2534872534872535,0.34776542231925245,0.41000000000000003,0.35250000000000004,0.7031376180603649
validation_prolific,full,0.1,0.03,0.03,5,aligned,0.6725164689194544,0.15041094225250462,0.25204425204425207,0.3532121827788147,0.425,0.36124999999999996,0.7124463647892277
validation_prolific,full,0.1,0.03,0.03,5,hyperplane_old,0.43615049133892314,0.1829173170065528,0.3718133718133718,0.28719130824824574,0.4175,0.36124999999999996,0.7200432954607543
validation_prolific,full,0.1,0.03,0.03,6,plain,0.3260703287726564,0.19395338338223095,0.40644540644540644,0.30953124828474365,0.4175000000000001,0.35625,0.7216719826168134
validation_prolific,full,0.1,0.03,0.03,6,documented,0.6640082295390975,0.14999627865864987,0.23713323713323714,0.3613740883864239,0.44000000000000006,0.355,0.7139257603101804
validation_prolific,full,0.1,0.03,0.03,6,aligned,0.6529380012634505,0.15068455955196372,0.24867724867724866,0.3630847679996963,0.4375,0.35625,0.7152246797643531
validation_prolific,full,0.1,0.03,0.03,6,hyperplane_old,0.43748687812408926,0.18332443291769884,0.37421837421837423,0.2838416790311403,0.4125,0.35750000000000004,0.7198583121866451
validation_prolific,full,0.1,0.03,0.03,7,plain,0.3260703287726564,0.19395338338223095,0.40644540644540644,0.30953124828474365,0.4175000000000001,0.35625,0.7216719826168134
validation_prolific,full,0.1,0.03,0.03,7,documented,0.6011007437365266,0.15846655747259955,0.2804232804232804,0.3566764033965277,0.42000000000000004,0.36250000000000004,0.7139434442961097
validation_prolific,full,0.1,0.03,0.03,7,aligned,0.6109517566706082,0.15617079153843655,0.2741702741702742,0.3715478728654458,0.425,0.3625,0.7170249539164155
validation_prolific,full,0.1,0.03,0.03,7,hyperplane_old,0.3681380272223237,0.1889609379842108,0.39586339586339586,0.3190350377213516,0.4175,0.35875,0.7222405166636785
validation_prolific,full,0.1,0.03,0.03,8,plain,0.3260703287726564,0.19395338338223095,0.40644540644540644,0.30953124828474365,0.4175000000000001,0.35625,0.7216719826168134
validation_prolific,full,0.1,0.03,0.03,8,documented,0.6645504040691251,0.15095349826155857,0.24867724867724866,0.3572300456728452,0.43,0.36875,0.7234842786176011
validation_prolific,full,0.1,0.03,0.03,8,aligned,0.644343417317726,0.15327977879697155,0.25012025012025013,0.33623786598697347,0.425,0.35875,0.7175711204657286
validation_prolific,full,0.1,0.03,0.03,8,hyperplane_old,0.39812400343890114,0.1872548382981745,0.38672438672438675,0.30155659303126947,0.425,0.36124999999999996,0.7227337345583307
validation_prolific,full,0.1,0.03,0.03,9,plain,0.3260703287726564,0.19395338338223095,0.40644540644540644,0.30953124828474365,0.4175000000000001,0.35625,0.7216719826168134
validation_prolific,full,0.1,0.03,0.03,9,documented,0.634037154762572,0.15525656851897407,0.27320827320827323,0.36809597449405096,0.42750000000000005,0.37375,0.7276250181123747
validation_prolific,full,0.1,0.03,0.03,9,aligned,0.6144362449017798,0.15757693009065918,0.27705627705627706,0.3476426038114771,0.42250000000000004,0.36375,0.7202477223427521
validation_prolific,full,0.1,0.03,0.03,9,hyperplane_old,0.4110303802507124,0.1851558533859662,0.37999037999038,0.30241564755205913,0.41999999999999993,0.35124999999999995,0.7267853871245589
validation_prolific,full,0.1,0.03,0.03,10,plain,0.3260703287726564,0.19395338338223095,0.40644540644540644,0.30953124828474365,0.4175000000000001,0.35625,0.7216719826168134
validation_prolific,full,0.1,0.03,0.03,10,documented,0.654999277249369,0.15005045382003188,0.253006253006253,0.3607836785280035,0.4325,0.36625,0.7229831084459379
validation_prolific,full,0.1,0.03,0.03,10,aligned,0.674171944791751,0.1465919304576824,0.24627224627224628,0.38072023542218225,0.4375,0.37124999999999997,0.729637496315032
validation_prolific,full,0.1,0.03,0.03,10,hyperplane_old,0.4197856694502448,0.1848487628333662,0.38095238095238093,0.2873097873865708,0.4125,0.36,0.722794417160151
validation_prolific,full,0.1,0.03,0.03,11,plain,0.3260703287726564,0.19395338338223095,0.40644540644540644,0.30953124828474365,0.4175000000000001,0.35625,0.7216719826168134
validation_prolific,full,0.1,0.03,0.03,11,documented,0.6473988283454434,0.15430355595545528,0.26936026936026936,0.3410621973467912,0.4125,0.355,0.7082833781184219
validation_prolific,full,0.1,0.03,0.03,11,aligned,0.6052800722089797,0.1576380151893542,0.2809042809042809,0.3284938922356108,0.4125,0.35625,0.7083715113393125
validation_prolific,full,0.1,0.03,0.03,11,hyperplane_old,0.37305017969235127,0.18892817571117893,0.3900913900913901,0.30298095568669214,0.4175,0.3625,0.7168626531651592
validation_prolific,full,0.1,0.03,0.03,12,plain,0.3260703287726564,0.19395338338223095,0.40644540644540644,0.30953124828474365,0.4175000000000001,0.35625,0.7216719826168134
validation_prolific,full,0.1,0.03,0.03,12,documented,0.6312283022251124,0.1543963999682647,0.24386724386724387,0.33255881583522245,0.4125,0.35750000000000004,0.7128125437648889
validation_prolific,full,0.1,0.03,0.03,12,aligned,0.6471798288502574,0.15029761603296407,0.24723424723424722,0.3559091958177123,0.42750000000000005,0.365,0.7250776632670918
validation_prolific,full,0.1,0.03,0.03,12,hyperplane_old,0.408091333579717,0.18578437094271463,0.3823953823953824,0.2890712903709175,0.4175,0.3625,0.7226960348338143
validation_prolific,full,0.1,0.03,0.03,13,plain,0.3260703287726564,0.19395338338223095,0.40644540644540644,0.30953124828474365,0.4175000000000001,0.35625,0.7216719826168134
validation_prolific,full,0.1,0.03,0.03,13,documented,0.6067633703677042,0.1560405912424629,0.2698412698412698,0.38351920966762965,0.42749999999999994,0.37374999999999997,0.7305610698622798
validation_prolific,full,0.1,0.03,0.03,13,aligned,0.5937308423553485,0.15745569442787852,0.27176527176527177,0.3735901614606569,0.43,0.36500000000000005,0.7265821396321985
validation_prolific,full,0.1,0.03,0.03,13,hyperplane_old,0.4330779813570499,0.18322161729119524,0.36844636844636847,0.29058442898401776,0.425,0.3625,0.7223574868744433
validation_prolific,full,0.1,0.03,0.03,14,plain,0.3260703287726564,0.19395338338223095,0.40644540644540644,0.30953124828474365,0.4175000000000001,0.35625,0.7216719826168134
validation_prolific,full,0.1,0.03,0.03,14,documented,0.6963651902744227,0.14530810341756908,0.22895622895622897,0.3926742238500617,0.43,0.37124999999999997,0.7302136343349491
validation_prolific,full,0.1,0.03,0.03,14,aligned,0.6982633711291996,0.14448819292931345,0.2299182299182299,0.40202875888547834,0.4425,0.3750000000000001,0.734046058568383
validation_prolific,full,0.1,0.03,0.03,14,hyperplane_old,0.45265111658961504,0.18130542242255263,0.367003367003367,0.28670818752697,0.42000000000000004,0.36124999999999996,0.7218071994882717
validation_prolific,full,0.1,0.03,0.03,15,plain,0.3260703287726564,0.19395338338223095,0.40644540644540644,0.30953124828474365,0.4175000000000001,0.35625,0.7216719826168134
validation_prolific,full,0.1,0.03,0.03,15,documented,0.6864208193124337,0.1510336048169559,0.2664742664742665,0.3576490831920762,0.43249999999999994,0.36374999999999996,0.7238215677929741
validation_prolific,full,0.1,0.03,0.03,15,aligned,0.6896791188129932,0.14959793554363277,0.26262626262626265,0.363634883413763,0.4375,0.37249999999999994,0.7253713466025
validation_prolific,full,0.1,0.03,0.03,15,hyperplane_old,0.42684684889945884,0.18412024171250632,0.37373737373737376,0.2846129208664451,0.4175,0.35750000000000004,0.7183232119011783
validation_prolific,full,0.1,0.03,0.03,16,plain,0.3260703287726564,0.19395338338223095,0.40644540644540644,0.30953124828474365,0.4175000000000001,0.35625,0.7216719826168134
validation_prolific,full,0.1,0.03,0.03,16,documented,0.6472042596616782,0.15142607141821762,0.25252525252525254,0.3755994300298863,0.42750000000000005,0.36375,0.7257717600828808
validation_prolific,full,0.1,0.03,0.03,16,aligned,0.656536005215915,0.14977639996620282,0.24771524771524772,0.38468643205391595,0.42000000000000004,0.37125,0.7280426555061947
validation_prolific,full,0.1,0.03,0.03,16,hyperplane_old,0.39690093558260786,0.18736772472959937,0.38672438672438675,0.29184028472440576,0.425,0.36375,0.7227125425917087
validation_prolific,full,0.1,0.03,0.03,17,plain,0.3260703287726564,0.19395338338223095,0.40644540644540644,0.30953124828474365,0.4175000000000001,0.35625,0.7216719826168134
validation_prolific,full,0.1,0.03,0.03,17,documented,0.5974676937192474,0.15584246921347752,0.26791726791726794,0.3258149366247482,0.42750000000000005,0.3675,0.7154632584843527
validation_prolific,full,0.1,0.03,0.03,17,aligned,0.6022009913873427,0.15472736022772646,0.2621452621452621,0.33428863381475693,0.42750000000000005,0.35875,0.7105622123698014
validation_prolific,full,0.1,0.03,0.03,17,hyperplane_old,0.4158126305536372,0.1852690209717803,0.3823953823953824,0.2794740187826349,0.40750000000000003,0.35625,0.7177152044950711
validation_prolific,full,0.1,0.03,0.03,18,plain,0.3260703287726564,0.19395338338223095,0.40644540644540644,0.30953124828474365,0.4175000000000001,0.35625,0.7216719826168134
validation_prolific,full,0.1,0.03,0.03,18,documented,0.6437101281515522,0.15184778137110228,0.2597402597402597,0.3658248028117011,0.45,0.38625,0.7287835016582959
validation_prolific,full,0.1,0.03,0.03,18,aligned,0.6311662185912803,0.15375152457217242,0.2587782587782588,0.35292274852655686,0.44000000000000006,0.37124999999999997,0.719570391201334
validation_prolific,full,0.1,0.03,0.03,18,hyperplane_old,0.42171556584119113,0.18425599249091829,0.3746993746993747,0.2955229751259128,0.425,0.365,0.724124115428488
validation_prolific,full,0.1,0.03,0.03,19,plain,0.3260703287726564,0.19395338338223095,0.40644540644540644,0.30953124828474365,0.4175000000000001,0.35625,0.7216719826168134
validation_prolific,full,0.1,0.03,0.03,19,documented,0.6623372523453183,0.14720910072564378,0.23665223665223664,0.37272227732530394,0.445,0.38249999999999995,0.7310091861528034
validation_prolific,full,0.1,0.03,0.03,19,aligned,0.6508979425202316,0.14846119009975683,0.23905723905723905,0.3660036436991679,0.4425,0.3675,0.719895410592426
validation_prolific,full,0.1,0.03,0.03,19,hyperplane_old,0.4066483391279644,0.18597233761189622,0.38335738335738334,0.2889449276974961,0.4125,0.35875,0.7164666816199092
validation_prolific,full,0.1,0.03,0.03,20,plain,0.3260703287726564,0.19395338338223095,0.40644540644540644,0.30953124828474365,0.4175000000000001,0.35625,0.7216719826168134
validation_prolific,full,0.1,0.03,0.03,20,documented,0.6645590040722434,0.15230628082144484,0.24579124579124578,0.3362335288288132,0.42250000000000004,0.36375,0.7078233546207067
validation_prolific,full,0.1,0.03,0.03,20,aligned,0.6690013304191093,0.15129403004869643,0.2506012506012506,0.34543829276242366,0.43,0.36875,0.713805502194631
validation_prolific,full,0.1,0.03,0.03,20,hyperplane_old,0.4379224060235875,0.18300127416271195,0.37518037518037517,0.28495288989521184,0.4175,0.35750000000000004,0.7206305081257494
validation_prolific,full,0.1,0.03,0.03,21,plain,0.3260703287726564,0.19395338338223095,0.40644540644540644,0.30953124828474365,0.4175000000000001,0.35625,0.7216719826168134
validation_prolific,full,0.1,0.03,0.03,21,documented,0.7010552550066481,0.1462409036476697,0.25012025012025013,0.36901728466397365,0.44000000000000006,0.38249999999999995,0.7331445255828195
validation_prolific,full,0.1,0.03,0.03,21,aligned,0.6897449546961968,0.14624820539636943,0.25012025012025013,0.37566819049212163,0.44000000000000006,0.37124999999999997,0.7315010653624361
validation_prolific,full,0.1,0.03,0.03,21,hyperplane_old,0.4204038550772795,0.18450530306416468,0.3785473785473785,0.2912364090981896,0.42000000000000004,0.3625,0.7229288246822525
validation_prolific,full,0.1,0.03,0.03,22,plain,0.3260703287726564,0.19395338338223095,0.40644540644540644,0.30953124828474365,0.4175000000000001,0.35625,0.7216719826168134
validation_prolific,full,0.1,0.03,0.03,22,documented,0.5917394009849666,0.1544310378834128,0.26406926406926406,0.3800254841421522,0.4225,0.37249999999999994,0.7246730131411585
validation_prolific,full,0.1,0.03,0.03,22,aligned,0.5546078783221189,0.1577566930552992,0.2683982683982684,0.3639196522663114,0.43,0.3675,0.7227111995897151
validation_prolific,full,0.1,0.03,0.03,22,hyperplane_old,0.455029892293878,0.18127216194502224,0.36796536796536794,0.2846568159336163,0.42000000000000004,0.35875,0.7207045434943898
validation_prolific,full,0.1,0.03,0.03,23,plain,0.3260703287726564,0.19395338338223095,0.40644540644540644,0.30953124828474365,0.4175000000000001,0.35625,0.7216719826168134
validation_prolific,full,0.1,0.03,0.03,23,documented,0.6058347601473839,0.1580019870400175,0.2664742664742665,0.3535926103282191,0.43,0.35625000000000007,0.7155203383025249
validation_prolific,full,0.1,0.03,0.03,23,aligned,0.6255701393954737,0.1537178447673533,0.25925925925925924,0.3723022160244583,0.43499999999999994,0.365,0.7230169483952118
validation_prolific,full,0.1,0.03,0.03,23,hyperplane_old,0.41585622919128706,0.18584962964876317,0.3872053872053872,0.28417565796454414,0.4175,0.35124999999999995,0.7173043820712541
validation_prolific,full,0.1,0.03,0.03,24,plain,0.3260703287726564,0.19395338338223095,0.40644540644540644,0.30953124828474365,0.4175000000000001,0.35625,0.7216719826168134
validation_prolific,full,0.1,0.03,0.03,24,documented,0.6368344798802514,0.151725982546599,0.2481962481962482,0.35695345638501186,0.4,0.33875,0.6995587028616065
validation_prolific,full,0.1,0.03,0.03,24,aligned,0.643815566158211,0.15049906346776645,0.24338624338624337,0.3552481587133985,0.41500000000000004,0.34625000000000006,0.7099496128291556
validation_prolific,full,0.1,0.03,0.03,24,hyperplane_old,0.43157658697548124,0.18351264515744237,0.3718133718133718,0.2886002443342764,0.42000000000000004,0.36500000000000005,0.7219937302608452
validation_prolific,full,0.1,0.03,0.03,25,plain,0.3260703287726564,0.19395338338223095,0.40644540644540644,0.30953124828474365,0.4175000000000001,0.35625,0.7216719826168134
validation_prolific,full,0.1,0.03,0.03,25,documented,0.6380515614966977,0.15357963952205037,0.2621452621452621,0.36247465558213554,0.42250000000000004,0.36875,0.7306687562384907
validation_prolific,full,0.1,0.03,0.03,25,aligned,0.6445368475283193,0.15187960500583556,0.2607022607022607,0.37063074368115284,0.425,0.36624999999999996,0.729310185209609
validation_prolific,full,0.1,0.03,0.03,25,hyperplane_old,0.4411764695617734,0.18272171018440486,0.37277537277537276,0.28463972436781987,0.41500000000000004,0.36,0.7237066264986385
validation_prolific,full,0.1,0.03,0.03,26,plain,0.3260703287726564,0.19395338338223095,0.40644540644540644,0.30953124828474365,0.4175000000000001,0.35625,0.7216719826168134
validation_prolific,full,0.1,0.03,0.03,26,documented,0.5836529642890133,0.15958192781022545,0.2813852813852814,0.3321222939532116,0.4125,0.35875,0.7120907211813721
validation_prolific,full,0.1,0.03,0.03,26,aligned,0.5939258037624152,0.15775914332860044,0.27994227994227994,0.34766321805557954,0.4175,0.35750000000000004,0.7149112403363477
validation_prolific,full,0.1,0.03,0.03,26,hyperplane_old,0.4217451119524172,0.18447629165683116,0.37373737373737376,0.29315682873946214,0.41,0.35375,0.7201978855946309
validation_prolific,full,0.1,0.03,0.03,27,plain,0.3260703287726564,0.19395338338223095,0.40644540644540644,0.30953124828474365,0.4175000000000001,0.35625,0.7216719826168134
validation_prolific,full,0.1,0.03,0.03,27,documented,0.6654474511622447,0.1484707030129358,0.22895622895622897,0.3658332840334853,0.43000000000000005,0.36875,0.7187645739768695
validation_prolific,full,0.1,0.03,0.03,27,aligned,0.678356965944005,0.14484114121798647,0.22077922077922077,0.3884682620881785,0.44749999999999995,0.37374999999999997,0.7311165746624075
validation_prolific,full,0.1,0.03,0.03,27,hyperplane_old,0.4320489166632518,0.18358418750544248,0.37566137566137564,0.28667328361261957,0.42000000000000004,0.36124999999999996,0.7230735092863683
validation_prolific,full,0.1,0.03,0.03,28,plain,0.3260703287726564,0.19395338338223095,0.40644540644540644,0.30953124828474365,0.4175000000000001,0.35625,0.7216719826168134
validation_prolific,full,0.1,0.03,0.03,28,documented,0.6268231482841679,0.15607016406720464,0.2683982683982684,0.33548889430281814,0.43,0.365,0.7046470164767307
validation_prolific,full,0.1,0.03,0.03,28,aligned,0.642189863863095,0.15265748696360595,0.265031265031265,0.3559274842754326,0.43499999999999994,0.36250000000000004,0.7145882481778044
validation_prolific,full,0.1,0.03,0.03,28,hyperplane_old,0.44746534380668507,0.18203957636172294,0.36844636844636847,0.2855447195193362,0.4175,0.36,0.721773068513011
validation_prolific,full,0.1,0.03,0.03,29,plain,0.3260703287726564,0.19395338338223095,0.40644540644540644,0.30953124828474365,0.4175000000000001,0.35625,0.7216719826168134
validation_prolific,full,0.1,0.03,0.03,29,documented,0.6160585251433365,0.15674740632103573,0.25012025012025013,0.33412270562969226,0.4225,0.3575,0.7169897483890394
validation_prolific,full,0.1,0.03,0.03,29,aligned,0.6230121080735819,0.15439156647308658,0.24867724867724866,0.3532861800970963,0.42000000000000004,0.35750000000000004,0.7195028033312872
validation_prolific,full,0.1,0.03,0.03,29,hyperplane_old,0.422934713464249,0.18424148464093487,0.3785473785473785,0.2969972733631296,0.41500000000000004,0.35625,0.7202418948631784
validation_prolific,full,0.1,0.03,0.03,30,plain,0.3260703287726564,0.19395338338223095,0.40644540644540644,0.30953124828474365,0.4175000000000001,0.35625,0.7216719826168134
validation_prolific,full,0.1,0.03,0.03,30,documented,0.6126904178446092,0.15486779546586285,0.25396825396825395,0.352875186954558,0.41500000000000004,0.34750000000000003,0.7131958757160961
validation_prolific,full,0.1,0.03,0.03,30,aligned,0.5956323867337617,0.1566760700256221,0.25493025493025495,0.33903365727006346,0.4225,0.34750000000000003,0.7126413189925251
validation_prolific,full,0.1,0.03,0.03,30,hyperplane_old,0.41425443106303067,0.1856787843181461,0.38864838864838863,0.28405724391884163,0.41500000000000004,0.35124999999999995,0.7174983590080958
validation_prolific,full,0.1,0.03,0.03,31,plain,0.3260703287726564,0.19395338338223095,0.40644540644540644,0.30953124828474365,0.4175000000000001,0.35625,0.7216719826168134
validation_prolific,full,0.1,0.03,0.03,31,documented,0.6805385128936976,0.14823552912465848,0.24146224146224146,0.3460687453489233,0.4325,0.36625,0.7175565877368701
validation_prolific,full,0.1,0.03,0.03,31,aligned,0.6679713038030041,0.14911750354153405,0.24675324675324675,0.3391984610182003,0.4375,0.365,0.7174234526593795
validation_prolific,full,0.1,0.03,0.03,31,hyperplane_old,0.4613744299279443,0.1808347041201663,0.36748436748436747,0.2826385434725733,0.4175,0.36000000000000004,0.7226644222653751
validation_prolific,full,0.1,0.03,0.03,32,plain,0.3260703287726564,0.19395338338223095,0.40644540644540644,0.30953124828474365,0.4175000000000001,0.35625,0.7216719826168134
validation_prolific,full,0.1,0.03,0.03,32,documented,0.6507331956728188,0.15380571834497744,0.24915824915824916,0.3200092646382939,0.4225,0.35375,0.7076600172918603
validation_prolific,full,0.1,0.03,0.03,32,aligned,0.6150714024573574,0.15603980735511144,0.25685425685425683,0.32111002110504555,0.41999999999999993,0.35124999999999995,0.7113836724025758
validation_prolific,full,0.1,0.03,0.03,32,hyperplane_old,0.4179934287705686,0.18544845976208957,0.37999037999038,0.2893760722177744,0.41500000000000004,0.35750000000000004,0.7178949301600848
validation_prolific,full,0.1,0.03,0.03,33,plain,0.3260703287726564,0.19395338338223095,0.40644540644540644,0.30953124828474365,0.4175000000000001,0.35625,0.7216719826168134
validation_prolific,full,0.1,0.03,0.03,33,documented,0.655567764634205,0.1494444344620624,0.24001924001924002,0.36138612219263805,0.4074999999999999,0.3625,0.713409157950125
validation_prolific,full,0.1,0.03,0.03,33,aligned,0.665333176795322,0.14730166404399186,0.2303992303992304,0.37093262276279326,0.42000000000000004,0.36125,0.7162359534926909
validation_prolific,full,0.1,0.03,0.03,33,hyperplane_old,0.42674053602933587,0.18431490074607523,0.37999037999038,0.2903129894164437,0.4175,0.35750000000000004,0.7234888886485786
validation_prolific,full,0.1,0.03,0.03,34,plain,0.3260703287726564,0.19395338338223095,0.40644540644540644,0.30953124828474365,0.4175000000000001,0.35625,0.7216719826168134
validation_prolific,full,0.1,0.03,0.03,34,documented,0.6430648955444203,0.15524893036740986,0.2712842712842713,0.33225351740226766,0.4175,0.35250000000000004,0.7157218786497002
validation_prolific,full,0.1,0.03,0.03,34,aligned,0.6534300396671409,0.15242592553226392,0.2631072631072631,0.3436818909260087,0.42000000000000004,0.3525,0.7149091053119776
validation_prolific,full,0.1,0.03,0.03,34,hyperplane_old,0.3943859036576958,0.18780627711290532,0.38816738816738816,0.28961710220210585,0.3975,0.34624999999999995,0.7150344297193681
validation_prolific,full,0.1,0.03,0.03,35,plain,0.3260703287726564,0.19395338338223095,0.40644540644540644,0.30953124828474365,0.4175000000000001,0.35625,0.7216719826168134
validation_prolific,full,0.1,0.03,0.03,35,documented,0.6678535317462864,0.15116001030070553,0.2611832611832612,0.360206466782815,0.44000000000000006,0.37,0.7268272288089114
validation_prolific,full,0.1,0.03,0.03,35,aligned,0.6885713630199042,0.1469246518680806,0.25252525252525254,0.3807481644817154,0.44750000000000006,0.37625,0.733846877117484
validation_prolific,full,0.1,0.03,0.03,35,hyperplane_old,0.4190789873524815,0.18493203326283586,0.3795093795093795,0.2911582072738807,0.425,0.36124999999999996,0.7212883333335395
validation_prolific,full,0.1,0.03,0.03,36,plain,0.3260703287726564,0.19395338338223095,0.40644540644540644,0.30953124828474365,0.4175000000000001,0.35625,0.7216719826168134
validation_prolific,full,0.1,0.03,0.03,36,documented,0.5586701765485623,0.15932041103668335,0.2664742664742665,0.3679397135739768,0.43000000000000005,0.3625,0.7234758463669521
validation_prolific,full,0.1,0.03,0.03,36,aligned,0.5749357646429701,0.15627376643785149,0.26166426166426165,0.3846193762763311,0.4325,0.375,0.7309509239729038
validation_prolific,full,0.1,0.03,0.03,36,hyperplane_old,0.4145683078884698,0.18572287439901478,0.3848003848003848,0.28811129171317684,0.42000000000000004,0.36,0.7223974542220257
validation_prolific,full,0.1,0.03,0.03,37,plain,0.3260703287726564,0.19395338338223095,0.40644540644540644,0.30953124828474365,0.4175000000000001,0.35625,0.7216719826168134
validation_prolific,full,0.1,0.03,0.03,37,documented,0.6480684982353956,0.15412865323096844,0.26022126022126024,0.3586148284270663,0.4125,0.35125,0.7066007888587085
validation_prolific,full,0.1,0.03,0.03,37,aligned,0.6319817587355092,0.15543927898594304,0.2611832611832612,0.3446682664453447,0.4050000000000001,0.34375,0.7052665115679198
validation_prolific,full,0.1,0.03,0.03,37,hyperplane_old,0.41166311578407866,0.18626179970407805,0.3876863876863877,0.28342603836258384,0.4025,0.34750000000000003,0.7178369491326534
validation_prolific,full,0.1,0.03,0.03,38,plain,0.3260703287726564,0.19395338338223095,0.40644540644540644,0.30953124828474365,0.4175000000000001,0.35625,0.7216719826168134
validation_prolific,full,0.1,0.03,0.03,38,documented,0.5993755247715903,0.15510626065735356,0.24867724867724866,0.3391162795667444,0.41500000000000004,0.35124999999999995,0.7141137509431719
validation_prolific,full,0.1,0.03,0.03,38,aligned,0.6062553808006499,0.15360849122667197,0.24675324675324675,0.34723475173835927,0.4074999999999999,0.35625,0.7144817737792836
validation_prolific,full,0.1,0.03,0.03,38,hyperplane_old,0.41773601754329265,0.1846981288885955,0.3785473785473785,0.30271679023113796,0.4225,0.3675,0.7254943042548967
validation_prolific,full,0.1,0.03,0.03,39,plain,0.3260703287726564,0.19395338338223095,0.40644540644540644,0.30953124828474365,0.4175000000000001,0.35625,0.7216719826168134
validation_prolific,full,0.1,0.03,0.03,39,documented,0.6069721144753417,0.15568128527091632,0.2554112554112554,0.3501293633359076,0.42750000000000005,0.36,0.7138361216007623
validation_prolific,full,0.1,0.03,0.03,39,aligned,0.6110068769729169,0.15392153967653538,0.25252525252525254,0.3653738309996424,0.44000000000000006,0.3662500000000001,0.7254105299795912
validation_prolific,full,0.1,0.03,0.03,39,hyperplane_old,0.39859338473503847,0.18543656058053526,0.38191438191438193,0.2900742461784307,0.4175000000000001,0.35,0.7129357445978048
validation_prolific,full,0.1,0.03,0.03,40,plain,0.3260703287726564,0.19395338338223095,0.40644540644540644,0.30953124828474365,0.4175000000000001,0.35625,0.7216719826168134
validation_prolific,full,0.1,0.03,0.03,40,documented,0.6717998495026855,0.150434663686894,0.24627224627224628,0.37394314727530426,0.4325,0.37625,0.7212642303484567
validation_prolific,full,0.1,0.03,0.03,40,aligned,0.6571331243052769,0.15119281520659336,0.24963924963924963,0.35896272409499735,0.43000000000000005,0.36750000000000005,0.7154105095771778
validation_prolific,full,0.1,0.03,0.03,40,hyperplane_old,0.4081668121391308,0.18576143650311344,0.38095238095238093,0.2820483136125619,0.41500000000000004,0.355,0.7222716408397535
validation_prolific,full,0.1,0.03,0.03,41,plain,0.3260703287726564,0.19395338338223095,0.40644540644540644,0.30953124828474365,0.4175000000000001,0.35625,0.7216719826168134
validation_prolific,full,0.1,0.03,0.03,41,documented,0.6042666513845845,0.15609365509978942,0.2760942760942761,0.3626882325373538,0.43499999999999994,0.37625,0.717023544555502
validation_prolific,full,0.1,0.03,0.03,41,aligned,0.5906473061807803,0.15697454104153485,0.27994227994227994,0.3596317158442198,0.43499999999999994,0.36874999999999997,0.7162573865026252
validation_prolific,full,0.1,0.03,0.03,41,hyperplane_old,0.45430698337948194,0.1815760072388657,0.3698893698893699,0.2842994525972081,0.42000000000000004,0.35875,0.7249620287729366
validation_prolific,full,0.1,0.03,0.03,42,plain,0.3260703287726564,0.19395338338223095,0.40644540644540644,0.30953124828474365,0.4175000000000001,0.35625,0.7216719826168134
validation_prolific,full,0.1,0.03,0.03,42,documented,0.6386972635339906,0.15190639591305893,0.24723424723424722,0.3564706904859638,0.4225,0.36875,0.7218276269288737
validation_prolific,full,0.1,0.03,0.03,42,aligned,0.6489564886246797,0.14967724596159543,0.24627224627224628,0.36901731686952954,0.44000000000000006,0.375,0.723780300302772
validation_prolific,full,0.1,0.03,0.03,42,hyperplane_old,0.44026585889131664,0.18260197730691594,0.36892736892736894,0.28508966855474277,0.42000000000000004,0.36124999999999996,0.7205028256814041
validation_prolific,full,0.1,0.03,0.03,43,plain,0.3260703287726564,0.19395338338223095,0.40644540644540644,0.30953124828474365,0.4175000000000001,0.35625,0.7216719826168134
validation_prolific,full,0.1,0.03,0.03,43,documented,0.6807900105315322,0.1481280762540195,0.23617123617123617,0.3794798903826083,0.44250000000000006,0.38249999999999995,0.7388381495125307
validation_prolific,full,0.1,0.03,0.03,43,aligned,0.656691804059659,0.1513741342229161,0.24579124579124578,0.3541336118743984,0.4325,0.37125,0.7255397064057835
validation_prolific,full,0.1,0.03,0.03,43,hyperplane_old,0.4413070776856567,0.18288370280549313,0.37421837421837423,0.2859328936286549,0.4175,0.35750000000000004,0.721055866955196
validation_prolific,full,0.1,0.03,0.03,44,plain,0.3260703287726564,0.19395338338223095,0.40644540644540644,0.30953124828474365,0.4175000000000001,0.35625,0.7216719826168134
validation_prolific,full,0.1,0.03,0.03,44,documented,0.5999181430301439,0.15868680530891652,0.30447330447330445,0.3641262316646018,0.41500000000000004,0.3625,0.7137556953702806
validation_prolific,full,0.1,0.03,0.03,44,aligned,0.6049103449024006,0.15775268111587745,0.30303030303030304,0.3667544649776847,0.4225,0.3625,0.7150994643660071
validation_prolific,full,0.1,0.03,0.03,44,hyperplane_old,0.4467868693863576,0.18197011914182537,0.3698893698893699,0.29010493596015163,0.42000000000000004,0.36124999999999996,0.722071315211218
validation_prolific,full,0.1,0.03,0.03,45,plain,0.3260703287726564,0.19395338338223095,0.40644540644540644,0.30953124828474365,0.4175000000000001,0.35625,0.7216719826168134
validation_prolific,full,0.1,0.03,0.03,45,documented,0.6473809038379422,0.1532306054405327,0.25493025493025495,0.3443424409068978,0.4175,0.35875,0.7124201526365199
validation_prolific,full,0.1,0.03,0.03,45,aligned,0.663511443673894,0.1494742144089156,0.24627224627224628,0.35688357826601136,0.43000000000000005,0.3675,0.7182726059543957
validation_prolific,full,0.1,0.03,0.03,45,hyperplane_old,0.4205685850762776,0.18414079876812126,0.37277537277537276,0.2969760716592623,0.42000000000000004,0.35625,0.7211877492040762
validation_prolific,full,0.1,0.03,0.03,46,plain,0.3260703287726564,0.19395338338223095,0.40644540644540644,0.30953124828474365,0.4175000000000001,0.35625,0.7216719826168134
validation_prolific,full,0.1,0.03,0.03,46,documented,0.6358406594777934,0.15297400511583548,0.25733525733525736,0.370163999455866,0.43,0.36,0.7226432705109985
validation_prolific,full,0.1,0.03,0.03,46,aligned,0.6314294043902318,0.15377582319866476,0.25925925925925924,0.3688240474518853,0.425,0.35750000000000004,0.7185882931462249
validation_prolific,full,0.1,0.03,0.03,46,hyperplane_old,0.39532903099488226,0.18684213228041308,0.3876863876863877,0.3009100936625518,0.4175,0.35500000000000004,0.7250234975094025
validation_prolific,full,0.1,0.03,0.03,47,plain,0.3260703287726564,0.19395338338223095,0.40644540644540644,0.30953124828474365,0.4175000000000001,0.35625,0.7216719826168134
validation_prolific,full,0.1,0.03,0.03,47,documented,0.5620092783819993,0.1594666454793971,0.2842712842712843,0.34353189805309636,0.4225,0.365,0.718313244409984
validation_prolific,full,0.1,0.03,0.03,47,aligned,0.5176901895303352,0.16348910520079332,0.29148629148629146,0.33471995489738215,0.42750000000000005,0.35750000000000004,0.7101584363788319
validation_prolific,full,0.1,0.03,0.03,47,hyperplane_old,0.444616266061769,0.18215407844976797,0.36844636844636847,0.28506439175883475,0.42000000000000004,0.36124999999999996,0.7199707847046047
validation_prolific,full,0.1,0.03,0.03,48,plain,0.3260703287726564,0.19395338338223095,0.40644540644540644,0.30953124828474365,0.4175000000000001,0.35625,0.7216719826168134
validation_prolific,full,0.1,0.03,0.03,48,documented,0.643955775071004,0.15122362762571523,0.24867724867724866,0.36566668398033675,0.45999999999999996,0.375,0.7315889788424466
validation_prolific,full,0.1,0.03,0.03,48,aligned,0.6612533717878128,0.14740517511381013,0.23713323713323714,0.3844614160104169,0.4575,0.3775,0.7386130461311989
validation_prolific,full,0.1,0.03,0.03,48,hyperplane_old,0.4434600396334606,0.1823394512734948,0.3708513708513709,0.2840920999840778,0.4175,0.36,0.7213116384732761
validation_prolific,full,0.1,0.03,0.03,49,plain,0.3260703287726564,0.19395338338223095,0.40644540644540644,0.30953124828474365,0.4175000000000001,0.35625,0.7216719826168134
validation_prolific,full,0.1,0.03,0.03,49,documented,0.6973075782371401,0.14578553937955843,0.240981240981241,0.3741600517696726,0.44749999999999995,0.37875,0.7308230709609997
validation_prolific,full,0.1,0.03,0.03,49,aligned,0.6938951324002121,0.14437154876878522,0.24386724386724387,0.3725390337366684,0.43,0.3725,0.7270947463805237
validation_prolific,full,0.1,0.03,0.03,49,hyperplane_old,0.41697623604749307,0.18533918654212303,0.38672438672438675,0.28554589912264433,0.41,0.35750000000000004,0.7199632702921489
validation_prolific,full,0.25,0.03,0.03,0,plain,0.3260703287726564,0.19395338338223095,0.40644540644540644,0.30953124828474365,0.4175000000000001,0.35625,0.7216719826168134
validation_prolific,full,0.25,0.03,0.03,0,documented,0.5024364646320372,0.1698861891707021,0.3035113035113035,0.3056766218073201,0.39249999999999996,0.32875,0.6956164529936889
validation_prolific,full,0.25,0.03,0.03,0,aligned,0.5255690022826346,0.16516240639885438,0.2996632996632997,0.32779958759036154,0.4,0.3375,0.7155165770089786
validation_prolific,full,0.25,0.03,0.03,0,hyperplane_old,0.4040594462253845,0.18655042145643885,0.38672438672438675,0.2890408449215264,0.41,0.34875,0.720263179661489
validation_prolific,full,0.25,0.03,0.03,1,plain,0.3260703287726564,0.19395338338223095,0.40644540644540644,0.30953124828474365,0.4175000000000001,0.35625,0.7216719826168134
validation_prolific,full,0.25,0.03,0.03,1,documented,0.5667206892270211,0.16121679573706513,0.2809042809042809,0.34915528369462534,0.425,0.36125,0.7183572547949062
validation_prolific,full,0.25,0.03,0.03,1,aligned,0.5564584594135472,0.16143979290332752,0.28234728234728235,0.3434826587778558,0.4149999999999999,0.35750000000000004,0.7152833843266662
validation_prolific,full,0.25,0.03,0.03,1,hyperplane_old,0.35435871372826205,0.19118672607346485,0.39826839826839827,0.29343856892243625,0.42000000000000004,0.34875,0.7195794754070244
validation_prolific,full,0.25,0.03,0.03,2,plain,0.3260703287726564,0.19395338338223095,0.40644540644540644,0.30953124828474365,0.4175000000000001,0.35625,0.7216719826168134
validation_prolific,full,0.25,0.03,0.03,2,documented,0.6078726239031202,0.16028970834972142,0.2905242905242905,0.34439171301516014,0.41500000000000004,0.36,0.7193700720062179
validation_prolific,full,0.25,0.03,0.03,2,aligned,0.6057130298513813,0.15882751929694158,0.2905242905242905,0.3510284109730077,0.42000000000000004,0.365,0.7163034425624695
validation_prolific,full,0.25,0.03,0.03,2,hyperplane_old,0.3767654372583817,0.18937910237350233,0.39586339586339586,0.2915953775326094,0.40750000000000003,0.35625,0.7216320306754138
validation_prolific,full,0.25,0.03,0.03,3,plain,0.3260703287726564,0.19395338338223095,0.40644540644540644,0.30953124828474365,0.4175000000000001,0.35625,0.7216719826168134
validation_prolific,full,0.25,0.03,0.03,3,documented,0.5245294790451119,0.1612950385114658,0.2760942760942761,0.3515487198941337,0.43499999999999994,0.36500000000000005,0.7214522869284042
validation_prolific,full,0.25,0.03,0.03,3,aligned,0.51148310984233,0.16212132011709823,0.2837902837902838,0.3510223164852832,0.42000000000000004,0.35750000000000004,0.7173287283251908
validation_prolific,full,0.25,0.03,0.03,3,hyperplane_old,0.3820543902560882,0.18829469143605634,0.3862433862433862,0.30550799240466286,0.40499999999999997,0.35624999999999996,0.717512779731204
validation_prolific,full,0.25,0.03,0.03,4,plain,0.3260703287726564,0.19395338338223095,0.40644540644540644,0.30953124828474365,0.4175000000000001,0.35625,0.7216719826168134
validation_prolific,full,0.25,0.03,0.03,4,documented,0.5268763515022258,0.164976697756172,0.30735930735930733,0.3036449209423899,0.4,0.35125,0.701698435292937
validation_prolific,full,0.25,0.03,0.03,4,aligned,0.5101019284300362,0.16639543795733103,0.30976430976430974,0.29462673038110393,0.4025,0.34249999999999997,0.6939914780338517
validation_prolific,full,0.25,0.03,0.03,4,hyperplane_old,0.3710514521817403,0.1893199707207035,0.38864838864838863,0.30357732957719397,0.425,0.37,0.723203851200382
validation_prolific,full,0.25,0.03,0.03,5,plain,0.3260703287726564,0.19395338338223095,0.40644540644540644,0.30953124828474365,0.4175000000000001,0.35625,0.7216719826168134
validation_prolific,full,0.25,0.03,0.03,5,documented,0.5368936981725236,0.16282749960721007,0.291005291005291,0.33501661406950384,0.42000000000000004,0.33125,0.7121870106422823
validation_prolific,full,0.25,0.03,0.03,5,aligned,0.5320308226823132,0.1620786974642884,0.29148629148629146,0.33757075232742884,0.4225,0.34,0.7157398419163776
validation_prolific,full,0.25,0.03,0.03,5,hyperplane_old,0.3655396530993031,0.19061873302330498,0.3968253968253968,0.28081396597021385,0.4,0.34500000000000003,0.7117885712852642
validation_prolific,full,0.25,0.03,0.03,6,plain,0.3260703287726564,0.19395338338223095,0.40644540644540644,0.30953124828474365,0.4175000000000001,0.35625,0.7216719826168134
validation_prolific,full,0.25,0.03,0.03,6,documented,0.6025487044928762,0.1610665030790382,0.28715728715728717,0.3432601697418294,0.42000000000000004,0.36375,0.7203680613729364
validation_prolific,full,0.25,0.03,0.03,6,aligned,0.5934733988590264,0.1607473579510305,0.28715728715728717,0.3523967254321331,0.41999999999999993,0.36,0.7180299410470108
validation_prolific,full,0.25,0.03,0.03,6,hyperplane_old,0.40097636271487713,0.18646046426129026,0.37999037999038,0.30029286404772465,0.4175,0.35374999999999995,0.7236666667170952
validation_prolific,full,0.25,0.03,0.03,7,plain,0.3260703287726564,0.19395338338223095,0.40644540644540644,0.30953124828474365,0.4175000000000001,0.35625,0.7216719826168134
validation_prolific,full,0.25,0.03,0.03,7,documented,0.5478289805437611,0.16256946881832662,0.2809042809042809,0.32335632640101347,0.43,0.3575,0.7167818021789945
validation_prolific,full,0.25,0.03,0.03,7,aligned,0.5359338837630936,0.16295323934490982,0.2828282828282828,0.33039106351413927,0.42750000000000005,0.36,0.7189743151046193
validation_prolific,full,0.25,0.03,0.03,7,hyperplane_old,0.3846209614071515,0.18818711347538153,0.38816738816738816,0.29653076652424815,0.4225,0.36250000000000004,0.7177044794171124
validation_prolific,full,0.25,0.03,0.03,8,plain,0.3260703287726564,0.19395338338223095,0.40644540644540644,0.30953124828474365,0.4175000000000001,0.35625,0.7216719826168134
validation_prolific,full,0.25,0.03,0.03,8,documented,0.6256716096468277,0.15606176357861784,0.27176527176527177,0.3284075584127477,0.43499999999999994,0.37249999999999994,0.7220761432115588
validation_prolific,full,0.25,0.03,0.03,8,aligned,0.6273866263294112,0.15499653578134612,0.26695526695526695,0.3345648407872499,0.4375,0.36500000000000005,0.7163287974203392
validation_prolific,full,0.25,0.03,0.03,8,hyperplane_old,0.39937205141335774,0.18724429284205593,0.3900913900913901,0.2803874992069773,0.40750000000000003,0.35374999999999995,0.7132726106433402
validation_prolific,full,0.25,0.03,0.03,9,plain,0.3260703287726564,0.19395338338223095,0.40644540644540644,0.30953124828474365,0.4175000000000001,0.35625,0.7216719826168134
validation_prolific,full,0.25,0.03,0.03,9,documented,0.5995179235688027,0.16124732665944827,0.2751322751322751,0.3077146008046846,0.4125,0.345,0.6978400290565584
validation_prolific,full,0.25,0.03,0.03,9,aligned,0.5898583651024831,0.16127579612565132,0.2703222703222703,0.30419179755651105,0.39999999999999997,0.33625,0.696481716049524
validation_prolific,full,0.25,0.03,0.03,9,hyperplane_old,0.37719832027120037,0.18914865025128075,0.38816738816738816,0.2910042361404788,0.40499999999999997,0.35124999999999995,0.716147681795462
validation_prolific,full,0.25,0.03,0.03,10,plain,0.3260703287726564,0.19395338338223095,0.40644540644540644,0.30953124828474365,0.4175000000000001,0.35625,0.7216719826168134
validation_prolific,full,0.25,0.03,0.03,10,documented,0.6082125951365088,0.1587470232824168,0.265031265031265,0.29308456241024156,0.41500000000000004,0.3275,0.7063409116563221
validation_prolific,full,0.25,0.03,0.03,10,aligned,0.5812736119157347,0.16084766085816155,0.2760942760942761,0.28512487842124246,0.40499999999999997,0.32875,0.700183964740088
validation_prolific,full,0.25,0.03,0.03,10,hyperplane_old,0.37229438452911,0.18923649226689632,0.39730639730639733,0.29542338630963266,0.4175000000000001,0.35250000000000004,0.7140117267097427
validation_prolific,full,0.25,0.03,0.03,11,plain,0.3260703287726564,0.19395338338223095,0.40644540644540644,0.30953124828474365,0.4175000000000001,0.35625,0.7216719826168134
validation_prolific,full,0.25,0.03,0.03,11,documented,0.5763610608159299,0.16012317867472195,0.27946127946127947,0.3440086261091412,0.44000000000000006,0.36375,0.7260475681464906
validation_prolific,full,0.25,0.03,0.03,11,aligned,0.5769332880130178,0.1589580157853087,0.2833092833092833,0.3480313262977356,0.4225,0.35625,0.7234603489950693
validation_prolific,full,0.25,0.03,0.03,11,hyperplane_old,0.4005387825229492,0.18655332188325838,0.38143338143338146,0.2941667330559633,0.4175,0.36625,0.7242456014388499
validation_prolific,full,0.25,0.03,0.03,12,plain,0.3260703287726564,0.19395338338223095,0.40644540644540644,0.30953124828474365,0.4175000000000001,0.35625,0.7216719826168134
validation_prolific,full,0.25,0.03,0.03,12,documented,0.5511599307274272,0.1624497420490672,0.278980278980279,0.35900968820002394,0.43499999999999994,0.3524999999999999,0.7118200707802591
validation_prolific,full,0.25,0.03,0.03,12,aligned,0.5714401818722535,0.1585934874472103,0.27465127465127465,0.38504760033636043,0.425,0.3575,0.719671652719967
validation_prolific,full,0.25,0.03,0.03,12,hyperplane_old,0.40581013848735303,0.1866450803898929,0.38672438672438675,0.2883931565558379,0.41,0.35875,0.7189354177166383
validation_prolific,full,0.25,0.03,0.03,13,plain,0.3260703287726564,0.19395338338223095,0.40644540644540644,0.30953124828474365,0.4175000000000001,0.35625,0.7216719826168134
validation_prolific,full,0.25,0.03,0.03,13,documented,0.5656490420741073,0.1615569094825837,0.29004329004329005,0.35659941583489024,0.4325,0.3625,0.7359225415682339
validation_prolific,full,0.25,0.03,0.03,13,aligned,0.5401720931477442,0.16436267775750862,0.29533429533429534,0.34092032537427547,0.425,0.355,0.7290751418617178
validation_prolific,full,0.25,0.03,0.03,13,hyperplane_old,0.40019926877230716,0.18669061741222934,0.38864838864838863,0.28954819781870145,0.41,0.35375,0.7160003258570775
validation_prolific,full,0.25,0.03,0.03,14,plain,0.3260703287726564,0.19395338338223095,0.40644540644540644,0.30953124828474365,0.4175000000000001,0.35625,0.7216719826168134
validation_prolific,full,0.25,0.03,0.03,14,documented,0.6294984818247836,0.15469116955352585,0.2597402597402597,0.3340049450801786,0.425,0.3675,0.7169021447168924
validation_prolific,full,0.25,0.03,0.03,14,aligned,0.63344490253922,0.15350086283213457,0.25733525733525736,0.3426155936999169,0.42750000000000005,0.36124999999999996,0.7151778473882556
validation_prolific,full,0.25,0.03,0.03,14,hyperplane_old,0.38968779021791444,0.18797098038025717,0.392977392977393,0.2922414183540827,0.41,0.34750000000000003,0.7197943288607815
validation_prolific,full,0.25,0.03,0.03,15,plain,0.3260703287726564,0.19395338338223095,0.40644540644540644,0.30953124828474365,0.4175000000000001,0.35625,0.7216719826168134
validation_prolific,full,0.25,0.03,0.03,15,documented,0.6298670968809994,0.15447979429799832,0.2712842712842713,0.32309478744063536,0.4,0.35124999999999995,0.7102151446790921
validation_prolific,full,0.25,0.03,0.03,15,aligned,0.6111089328405774,0.15666743378195522,0.27946127946127947,0.3082974213289524,0.3975,0.33999999999999997,0.6990662310089639
validation_prolific,full,0.25,0.03,0.03,15,hyperplane_old,0.3748699599443799,0.18912423948928656,0.3944203944203944,0.2991275801356014,0.41500000000000004,0.36,0.7185907979972622
validation_prolific,full,0.25,0.03,0.03,16,plain,0.3260703287726564,0.19395338338223095,0.40644540644540644,0.30953124828474365,0.4175000000000001,0.35625,0.7216719826168134
validation_prolific,full,0.25,0.03,0.03,16,documented,0.5420592517132191,0.16981473354544055,0.3246753246753247,0.3286783623342456,0.3975000000000001,0.33625,0.7096289520250267
validation_prolific,full,0.25,0.03,0.03,16,aligned,0.5335792260363942,0.1700491239970185,0.328042328042328,0.3293035098455147,0.4,0.33875,0.7086178007303465
validation_prolific,full,0.25,0.03,0.03,16,hyperplane_old,0.35402604620387607,0.1914229473446109,0.40115440115440115,0.29783253809974164,0.4225,0.35875,0.7180187722873822
validation_prolific,full,0.25,0.03,0.03,17,plain,0.3260703287726564,0.19395338338223095,0.40644540644540644,0.30953124828474365,0.4175000000000001,0.35625,0.7216719826168134
validation_prolific,full,0.25,0.03,0.03,17,documented,0.5604385542893014,0.16416455398357396,0.29389129389129387,0.33406541185105343,0.4125,0.35375,0.725044267736967
validation_prolific,full,0.25,0.03,0.03,17,aligned,0.5569270166295078,0.16359303458371263,0.291967291967292,0.3426566134340388,0.40750000000000003,0.35125,0.7239795315772255
validation_prolific,full,0.25,0.03,0.03,17,hyperplane_old,0.415106114432908,0.18496640601531858,0.3775853775853776,0.2908453774051301,0.41500000000000004,0.36375,0.7200766114165312
validation_prolific,full,0.25,0.03,0.03,18,plain,0.3260703287726564,0.19395338338223095,0.40644540644540644,0.30953124828474365,0.4175000000000001,0.35625,0.7216719826168134
validation_prolific,full,0.25,0.03,0.03,18,documented,0.5042728577392533,0.17098390033452918,0.32323232323232326,0.3283248109387403,0.4175000000000001,0.37249999999999994,0.7144990079988203
validation_prolific,full,0.25,0.03,0.03,18,aligned,0.5159400066819565,0.168484764675124,0.3265993265993266,0.3511798651776693,0.425,0.37124999999999997,0.7221205203918053
validation_prolific,full,0.25,0.03,0.03,18,hyperplane_old,0.32509416090363047,0.1936116080528564,0.41125541125541126,0.28261275319750734,0.39249999999999996,0.34375,0.7151651150551931
validation_prolific,full,0.25,0.03,0.03,19,plain,0.3260703287726564,0.19395338338223095,0.40644540644540644,0.30953124828474365,0.4175000000000001,0.35625,0.7216719826168134
validation_prolific,full,0.25,0.03,0.03,19,documented,0.6146002113447128,0.15933328673165253,0.29773929773929775,0.3119665195551876,0.43499999999999994,0.35750000000000004,0.708420756841708
validation_prolific,full,0.25,0.03,0.03,19,aligned,0.5842740360205592,0.16220761234458558,0.303992303992304,0.303421602009933,0.42750000000000005,0.35374999999999995,0.7018748338675365
validation_prolific,full,0.25,0.03,0.03,19,hyperplane_old,0.3621129197504032,0.19079864626072995,0.39730639730639733,0.2986225980254196,0.41000000000000003,0.3625,0.7192608254595222
validation_prolific,full,0.25,0.03,0.03,20,plain,0.3260703287726564,0.19395338338223095,0.40644540644540644,0.30953124828474365,0.4175000000000001,0.35625,0.7216719826168134
validation_prolific,full,0.25,0.03,0.03,20,documented,0.5660314217234399,0.16203875539376833,0.28234728234728235,0.33909825066212945,0.4375,0.37,0.715827815618115
validation_prolific,full,0.25,0.03,0.03,20,aligned,0.5553336990186696,0.16243677783193364,0.2842712842712843,0.3402395430502284,0.44000000000000006,0.36875,0.7162385134597266
validation_prolific,full,0.25,0.03,0.03,20,hyperplane_old,0.3743529460428919,0.18890995933440966,0.39201539201539204,0.2826316444253628,0.40750000000000003,0.35,0.7147850259529772
validation_prolific,full,0.25,0.03,0.03,21,plain,0.3260703287726564,0.19395338338223095,0.40644540644540644,0.30953124828474365,0.4175000000000001,0.35625,0.7216719826168134
validation_prolific,full,0.25,0.03,0.03,21,documented,0.521540013451004,0.16657684971002493,0.303992303992304,0.33440165176533876,0.4225,0.37124999999999997,0.7208963307825955
validation_prolific,full,0.25,0.03,0.03,21,aligned,0.5246953070412965,0.16626177507276024,0.30303030303030304,0.34010163436118007,0.42750000000000005,0.3675,0.7155289604470427
validation_prolific,full,0.25,0.03,0.03,21,hyperplane_old,0.3435504213504574,0.19214186941249534,0.4021164021164021,0.30694146574475456,0.42000000000000004,0.35875,0.7185436719076197
validation_prolific,full,0.25,0.03,0.03,22,plain,0.3260703287726564,0.19395338338223095,0.40644540644540644,0.30953124828474365,0.4175000000000001,0.35625,0.7216719826168134
validation_prolific,full,0.25,0.03,0.03,22,documented,0.6741364264418898,0.1509502446730514,0.23713323713323714,0.31494483632132975,0.40750000000000003,0.35374999999999995,0.7074435451727649
validation_prolific,full,0.25,0.03,0.03,22,aligned,0.6564351517419398,0.15127382580504686,0.2453102453102453,0.30659898117700457,0.4125,0.34625,0.7050821581557296
validation_prolific,full,0.25,0.03,0.03,22,hyperplane_old,0.41910509790128997,0.1849824520663643,0.38287638287638287,0.29287572030809245,0.41,0.355,0.7200049810981464
validation_prolific,full,0.25,0.03,0.03,23,plain,0.3260703287726564,0.19395338338223095,0.40644540644540644,0.30953124828474365,0.4175000000000001,0.35625,0.7216719826168134
validation_prolific,full,0.25,0.03,0.03,23,documented,0.6251604844611016,0.15718251930926658,0.2683982683982684,0.3177134741217202,0.425,0.36124999999999996,0.718246765537289
validation_prolific,full,0.25,0.03,0.03,23,aligned,0.6099858539492967,0.15810509739499298,0.27176527176527177,0.3240952866057575,0.4125,0.35250000000000004,0.7175993701909992
validation_prolific,full,0.25,0.03,0.03,23,hyperplane_old,0.4040156038914614,0.18622641385351218,0.37999037999038,0.2967269308716935,0.41500000000000004,0.36875,0.7228079340877871
validation_prolific,full,0.25,0.03,0.03,24,plain,0.3260703287726564,0.19395338338223095,0.40644540644540644,0.30953124828474365,0.4175000000000001,0.35625,0.7216719826168134
validation_prolific,full,0.25,0.03,0.03,24,documented,0.48979471747842657,0.17210855433107802,0.3342953342953343,0.30583417552796127,0.4025,0.34,0.7071631059630988
validation_prolific,full,0.25,0.03,0.03,24,aligned,0.4884844334658051,0.17206088782170442,0.3362193362193362,0.30298513938412064,0.39749999999999996,0.33875,0.7038876841272523
validation_prolific,full,0.25,0.03,0.03,24,hyperplane_old,0.3941322437088264,0.18764855182406576,0.392977392977393,0.28283800317275604,0.4025,0.35,0.7150391036451971
validation_prolific,full,0.25,0.03,0.03,25,plain,0.3260703287726564,0.19395338338223095,0.40644540644540644,0.30953124828474365,0.4175000000000001,0.35625,0.7216719826168134
validation_prolific,full,0.25,0.03,0.03,25,documented,0.6159198499147288,0.15858214396722892,0.2775372775372775,0.33991947538526357,0.43249999999999994,0.37,0.7235919689989077
validation_prolific,full,0.25,0.03,0.03,25,aligned,0.5950634323331686,0.16123142877863203,0.2890812890812891,0.3217114486096251,0.425,0.36624999999999996,0.7110820274967989
validation_prolific,full,0.25,0.03,0.03,25,hyperplane_old,0.36217031650679815,0.19035785530292587,0.3944203944203944,0.3069194087533686,0.4225,0.3662500000000001,0.7248876680216016
validation_prolific,full,0.25,0.03,0.03,26,plain,0.3260703287726564,0.19395338338223095,0.40644540644540644,0.30953124828474365,0.4175000000000001,0.35625,0.7216719826168134
validation_prolific,full,0.25,0.03,0.03,26,documented,0.5776655029818136,0.16036413168159958,0.2775372775372775,0.3436592630544123,0.4175,0.3575,0.7235820591322718
validation_prolific,full,0.25,0.03,0.03,26,aligned,0.5551426183480724,0.16206364138531662,0.2890812890812891,0.3414066570860034,0.41,0.34875,0.7113027661376617
validation_prolific,full,0.25,0.03,0.03,26,hyperplane_old,0.407909673912769,0.18622416341768813,0.38047138047138046,0.2847065916730274,0.41500000000000004,0.35750000000000004,0.7178919342724835
validation_prolific,full,0.25,0.03,0.03,27,plain,0.3260703287726564,0.19395338338223095,0.40644540644540644,0.30953124828474365,0.4175000000000001,0.35625,0.7216719826168134
validation_prolific,full,0.25,0.03,0.03,27,documented,0.5208363254504408,0.16624170957131992,0.3059163059163059,0.34488088751055945,0.42750000000000005,0.36124999999999996,0.7131915523994433
validation_prolific,full,0.25,0.03,0.03,27,aligned,0.508838273674789,0.1665091315290649,0.30735930735930733,0.34466530252423844,0.425,0.36,0.7114792109063067
validation_prolific,full,0.25,0.03,0.03,27,hyperplane_old,0.3525671416406365,0.19088897139200955,0.4006734006734007,0.2829439252436277,0.4125,0.34500000000000003,0.7156101827610547
validation_prolific,full,0.25,0.03,0.03,28,plain,0.3260703287726564,0.19395338338223095,0.40644540644540644,0.30953124828474365,0.4175000000000001,0.35625,0.7216719826168134
validation_prolific,full,0.25,0.03,0.03,28,documented,0.6662960912570678,0.15045532834653844,0.25733525733525736,0.35128618496260955,0.42750000000000005,0.37124999999999997,0.7271573273879756
validation_prolific,full,0.25,0.03,0.03,28,aligned,0.6337802463162963,0.1525160035768172,0.26262626262626265,0.3652430039452185,0.44000000000000006,0.375,0.733865368974947
validation_prolific,full,0.25,0.03,0.03,28,hyperplane_old,0.3790152298311591,0.18868630220119856,0.39201539201539204,0.29750394873294733,0.4175,0.35375,0.713832915627159
validation_prolific,full,0.25,0.03,0.03,29,plain,0.3260703287726564,0.19395338338223095,0.40644540644540644,0.30953124828474365,0.4175000000000001,0.35625,0.7216719826168134
validation_prolific,full,0.25,0.03,0.03,29,documented,0.5475678159169696,0.16427929259055626,0.29677729677729675,0.33759295508263876,0.41500000000000004,0.34875,0.7090038173486227
validation_prolific,full,0.25,0.03,0.03,29,aligned,0.5257181982841521,0.16568201729157214,0.30447330447330445,0.3321009744842665,0.4175,0.34500000000000003,0.7119135081123392
validation_prolific,full,0.25,0.03,0.03,29,hyperplane_old,0.361707277938923,0.18935788634360998,0.38816738816738816,0.2976853983992531,0.425,0.3625,0.7189036437683486
validation_prolific,full,0.25,0.03,0.03,30,plain,0.3260703287726564,0.19395338338223095,0.40644540644540644,0.30953124828474365,0.4175000000000001,0.35625,0.7216719826168134
validation_prolific,full,0.25,0.03,0.03,30,documented,0.5787000259324905,0.16353722778136914,0.2736892736892737,0.32945715839489936,0.41999999999999993,0.355,0.7170082627949116
validation_prolific,full,0.25,0.03,0.03,30,aligned,0.5832192610600412,0.16205902005896008,0.2813852813852814,0.3430182155155138,0.425,0.36375,0.7199108837381576
validation_prolific,full,0.25,0.03,0.03,30,hyperplane_old,0.400768411905162,0.1870892743387297,0.38576238576238575,0.2886988776396864,0.4074999999999999,0.35,0.7193694161955585
validation_prolific,full,0.25,0.03,0.03,31,plain,0.3260703287726564,0.19395338338223095,0.40644540644540644,0.30953124828474365,0.4175000000000001,0.35625,0.7216719826168134
validation_prolific,full,0.25,0.03,0.03,31,documented,0.5827532780130339,0.1645216486156762,0.291005291005291,0.31499756770895565,0.41500000000000004,0.36,0.705555472614253
validation_prolific,full,0.25,0.03,0.03,31,aligned,0.5830457925347251,0.16318998634953075,0.2890812890812891,0.3132855489836612,0.4175000000000001,0.35875,0.7074065664747368
validation_prolific,full,0.25,0.03,0.03,31,hyperplane_old,0.380977274872764,0.18803825517200384,0.3852813852813853,0.29780262974465,0.42250000000000004,0.36624999999999996,0.7248980830003117
validation_prolific,full,0.25,0.03,0.03,32,plain,0.3260703287726564,0.19395338338223095,0.40644540644540644,0.30953124828474365,0.4175000000000001,0.35625,0.7216719826168134
validation_prolific,full,0.25,0.03,0.03,32,documented,0.577009608654684,0.1628236452016275,0.29148629148629146,0.35744001969004735,0.41500000000000004,0.345,0.7125525828117671
validation_prolific,full,0.25,0.03,0.03,32,aligned,0.5444688248526793,0.1634405925777228,0.2958152958152958,0.36661619660445033,0.42000000000000004,0.36374999999999996,0.7239705352289929
validation_prolific,full,0.25,0.03,0.03,32,hyperplane_old,0.36905879350566656,0.1893330890717504,0.38961038961038963,0.3043478275261738,0.4175000000000001,0.35750000000000004,0.71852855158394
validation_prolific,full,0.25,0.03,0.03,33,plain,0.3260703287726564,0.19395338338223095,0.40644540644540644,0.30953124828474365,0.4175000000000001,0.35625,0.7216719826168134
validation_prolific,full,0.25,0.03,0.03,33,documented,0.6241897869288613,0.15811295320763294,0.2698412698412698,0.3063601798811016,0.40750000000000003,0.34875,0.7070338170280904
validation_prolific,full,0.25,0.03,0.03,33,aligned,0.6291981289052623,0.1560958354629584,0.2688792688792689,0.3208326909716093,0.42000000000000004,0.35374999999999995,0.7109687220415891
validation_prolific,full,0.25,0.03,0.03,33,hyperplane_old,0.3736153829220686,0.18916234375512697,0.392977392977393,0.29940824775495267,0.41,0.35,0.7220350794569688
validation_prolific,full,0.25,0.03,0.03,34,plain,0.3260703287726564,0.19395338338223095,0.40644540644540644,0.30953124828474365,0.4175000000000001,0.35625,0.7216719826168134
validation_prolific,full,0.25,0.03,0.03,34,documented,0.5645837778820958,0.16390001622038977,0.30158730158730157,0.3463959964027087,0.42749999999999994,0.35625,0.7142703026504494
validation_prolific,full,0.25,0.03,0.03,34,aligned,0.5453370071033797,0.16496334274792518,0.3112073112073112,0.35743142778711656,0.4375,0.36624999999999996,0.7265864419716073
validation_prolific,full,0.25,0.03,0.03,34,hyperplane_old,0.4095385813720419,0.18552623107059668,0.37518037518037517,0.29599912027584435,0.42750000000000005,0.35874999999999996,0.7231239535688879
validation_prolific,full,0.25,0.03,0.03,35,plain,0.3260703287726564,0.19395338338223095,0.40644540644540644,0.30953124828474365,0.4175000000000001,0.35625,0.7216719826168134
validation_prolific,full,0.25,0.03,0.03,35,documented,0.5666928315256994,0.16617413778795087,0.31505531505531503,0.30998389585985653,0.41500000000000004,0.3525,0.6925163144983705
validation_prolific,full,0.25,0.03,0.03,35,aligned,0.5626175994950661,0.1660630231148679,0.3217893217893218,0.3173769276180698,0.4175,0.3575,0.6980972154611629
validation_prolific,full,0.25,0.03,0.03,35,hyperplane_old,0.39088244568236685,0.18730976847406042,0.39057239057239057,0.3057393253895301,0.42000000000000004,0.35875,0.7195004007426393
validation_prolific,full,0.25,0.03,0.03,36,plain,0.3260703287726564,0.19395338338223095,0.40644540644540644,0.30953124828474365,0.4175000000000001,0.35625,0.7216719826168134
validation_prolific,full,0.25,0.03,0.03,36,documented,0.6216161603113141,0.1579383660711477,0.265993265993266,0.3228492522978416,0.41500000000000004,0.355,0.7032787959808627
validation_prolific,full,0.25,0.03,0.03,36,aligned,0.6342786192400994,0.15441981024453677,0.26166426166426165,0.34027870464687127,0.42000000000000004,0.35750000000000004,0.709484197515849
validation_prolific,full,0.25,0.03,0.03,36,hyperplane_old,0.39782163555143246,0.18654861083778476,0.38143338143338146,0.2989385711572008,0.4175,0.35250000000000004,0.7242443106312745
validation_prolific,full,0.25,0.03,0.03,37,plain,0.3260703287726564,0.19395338338223095,0.40644540644540644,0.30953124828474365,0.4175000000000001,0.35625,0.7216719826168134
validation_prolific,full,0.25,0.03,0.03,37,documented,0.5346494215738794,0.16718129406385773,0.31986531986531985,0.3397783741936767,0.41500000000000004,0.36374999999999996,0.7125545573165646
validation_prolific,full,0.25,0.03,0.03,37,aligned,0.5332378284786059,0.1664785391423247,0.31457431457431456,0.33762885626098477,0.4175,0.36000000000000004,0.7141826415627298
validation_prolific,full,0.25,0.03,0.03,37,hyperplane_old,0.4285292120697681,0.1841071238305098,0.37662337662337664,0.2919901474992192,0.4175,0.36,0.7207144328615713
validation_prolific,full,0.25,0.03,0.03,38,plain,0.3260703287726564,0.19395338338223095,0.40644540644540644,0.30953124828474365,0.4175000000000001,0.35625,0.7216719826168134
validation_prolific,full,0.25,0.03,0.03,38,documented,0.6543025833079474,0.15501985713905897,0.24627224627224628,0.32396693961879197,0.43499999999999994,0.35124999999999995,0.7106414857953085
validation_prolific,full,0.25,0.03,0.03,38,aligned,0.650787474442586,0.15438817572832494,0.24963924963924963,0.3353733001123926,0.4375,0.3675,0.727239776605231
validation_prolific,full,0.25,0.03,0.03,38,hyperplane_old,0.3889646777644028,0.1880568620556876,0.3953823953823954,0.29159124152228477,0.4125,0.34750000000000003,0.7133335851637965
validation_prolific,full,0.25,0.03,0.03,39,plain,0.3260703287726564,0.19395338338223095,0.40644540644540644,0.30953124828474365,0.4175000000000001,0.35625,0.7216719826168134
validation_prolific,full,0.25,0.03,0.03,39,documented,0.5909167962400825,0.16055028052430195,0.29004329004329005,0.3621691786082807,0.43,0.36,0.728750447879791
validation_prolific,full,0.25,0.03,0.03,39,aligned,0.5335613471692809,0.16532902274317524,0.2996632996632997,0.35107899034176765,0.40499999999999997,0.3525,0.7243415537086116
validation_prolific,full,0.25,0.03,0.03,39,hyperplane_old,0.3715210351725617,0.18904115582794917,0.3900913900913901,0.30335799068972324,0.41500000000000004,0.35625000000000007,0.7166066070642604
validation_prolific,full,0.25,0.03,0.03,40,plain,0.3260703287726564,0.19395338338223095,0.40644540644540644,0.30953124828474365,0.4175000000000001,0.35625,0.7216719826168134
validation_prolific,full,0.25,0.03,0.03,40,documented,0.5543045809188776,0.16435510509991405,0.2828282828282828,0.2857613064157856,0.41000000000000003,0.34249999999999997,0.6966988299155626
validation_prolific,full,0.25,0.03,0.03,40,aligned,0.56561471408778,0.16175433146924068,0.2833092833092833,0.3016661580431386,0.40750000000000003,0.35124999999999995,0.7049809605505305
validation_prolific,full,0.25,0.03,0.03,40,hyperplane_old,0.3851406178611541,0.18819440798272877,0.38816738816738816,0.2910286431128311,0.41500000000000004,0.35875,0.7178086821043815
validation_prolific,full,0.25,0.03,0.03,41,plain,0.3260703287726564,0.19395338338223095,0.40644540644540644,0.30953124828474365,0.4175000000000001,0.35625,0.7216719826168134
validation_prolific,full,0.25,0.03,0.03,41,documented,0.6733419230597961,0.14981546194985998,0.24194324194324193,0.3912402034546817,0.42750000000000005,0.36625,0.7475148364682311
validation_prolific,full,0.25,0.03,0.03,41,aligned,0.6696107104324602,0.14925157145725465,0.24434824434824434,0.37798434179646545,0.43499999999999994,0.36875,0.7443876186135718
validation_prolific,full,0.25,0.03,0.03,41,hyperplane_old,0.39470381112935343,0.18750695715649976,0.38864838864838863,0.29024849843285855,0.42000000000000004,0.36375,0.721640280441828
validation_prolific,full,0.25,0.03,0.03,42,plain,0.3260703287726564,0.19395338338223095,0.40644540644540644,0.30953124828474365,0.4175000000000001,0.35625,0.7216719826168134
validation_prolific,full,0.25,0.03,0.03,42,documented,0.621703622300318,0.15492999783365324,0.2688792688792689,0.3268995789656174,0.44000000000000006,0.37375,0.7193535226603419
validation_prolific,full,0.25,0.03,0.03,42,aligned,0.5900154895896857,0.15841948383198878,0.28234728234728235,0.31311741489913086,0.4325,0.365,0.7094315522113719
validation_prolific,full,0.25,0.03,0.03,42,hyperplane_old,0.3867852979060317,0.18763935438129564,0.38287638287638287,0.30572075686785916,0.4175,0.36374999999999996,0.7210459850995965
validation_prolific,full,0.25,0.03,0.03,43,plain,0.3260703287726564,0.19395338338223095,0.40644540644540644,0.30953124828474365,0.4175000000000001,0.35625,0.7216719826168134
validation_prolific,full,0.25,0.03,0.03,43,documented,0.47023177958421053,0.17001979908260112,0.31216931216931215,0.33200003959309676,0.41,0.34124999999999994,0.7018288313215476
validation_prolific,full,0.25,0.03,0.03,43,aligned,0.46592366823063097,0.17044601819626673,0.31601731601731603,0.33775145407362317,0.4,0.34249999999999997,0.7060529642304856
validation_prolific,full,0.25,0.03,0.03,43,hyperplane_old,0.3151675917606942,0.19366813939345734,0.4025974025974026,0.3017776336292458,0.42000000000000004,0.35125,0.707274878903019
validation_prolific,full,0.25,0.03,0.03,44,plain,0.3260703287726564,0.19395338338223095,0.40644540644540644,0.30953124828474365,0.4175000000000001,0.35625,0.7216719826168134
validation_prolific,full,0.25,0.03,0.03,44,documented,0.5922081277442897,0.16250123668375846,0.2881192881192881,0.3188945262779616,0.4125,0.355,0.7088354402935864
validation_prolific,full,0.25,0.03,0.03,44,aligned,0.5600946757989546,0.16529211585988063,0.30254930254930257,0.310229421890578,0.40499999999999997,0.34249999999999997,0.711662077620068
validation_prolific,full,0.25,0.03,0.03,44,hyperplane_old,0.3663412539301512,0.18982747729697125,0.39201539201539204,0.3020015371319188,0.41000000000000003,0.35375,0.7167741243296435
validation_prolific,full,0.25,0.03,0.03,45,plain,0.3260703287726564,0.19395338338223095,0.40644540644540644,0.30953124828474365,0.4175000000000001,0.35625,0.7216719826168134
validation_prolific,full,0.25,0.03,0.03,45,documented,0.5436786391696657,0.16270982676957252,0.2809042809042809,0.3284998643726083,0.40750000000000003,0.3524999999999999,0.7282049258554084
validation_prolific,full,0.25,0.03,0.03,45,aligned,0.5442466433001741,0.16159312856036284,0.2760942760942761,0.33484957178385516,0.4225,0.35375000000000006,0.7275788293840162
validation_prolific,full,0.25,0.03,0.03,45,hyperplane_old,0.39524643280226723,0.1868275641560875,0.3795093795093795,0.2973352008193458,0.4225,0.3625,0.7216048963143586
validation_prolific,full,0.25,0.03,0.03,46,plain,0.3260703287726564,0.19395338338223095,0.40644540644540644,0.30953124828474365,0.4175000000000001,0.35625,0.7216719826168134
validation_prolific,full,0.25,0.03,0.03,46,documented,0.6491795182683797,0.15223761608840913,0.25493025493025495,0.3588407653455531,0.44000000000000006,0.36624999999999996,0.7226296378762891
validation_prolific,full,0.25,0.03,0.03,46,aligned,0.6340988661552924,0.1535826400025259,0.2607022607022607,0.343871970035112,0.43499999999999994,0.36375,0.720688947925394
validation_prolific,full,0.25,0.03,0.03,46,hyperplane_old,0.4012691577726782,0.1857220333265061,0.3775853775853776,0.3008916265691311,0.425,0.35750000000000004,0.7230318537332019
validation_prolific,full,0.25,0.03,0.03,47,plain,0.3260703287726564,0.19395338338223095,0.40644540644540644,0.30953124828474365,0.4175000000000001,0.35625,0.7216719826168134
validation_prolific,full,0.25,0.03,0.03,47,documented,0.5974322424450175,0.15790571880159682,0.2664742664742665,0.3442416580637759,0.41500000000000004,0.36,0.7148220396815181
validation_prolific,full,0.25,0.03,0.03,47,aligned,0.5560957772023214,0.16189916699389678,0.2828282828282828,0.32896022662643404,0.4125,0.345,0.7099078128457416
validation_prolific,full,0.25,0.03,0.03,47,hyperplane_old,0.3722945196209971,0.18904450440959766,0.3891293891293891,0.30347294677684494,0.41500000000000004,0.35500000000000004,0.7172413903729067
validation_prolific,full,0.25,0.03,0.03,48,plain,0.3260703287726564,0.19395338338223095,0.40644540644540644,0.30953124828474365,0.4175000000000001,0.35625,0.7216719826168134
validation_prolific,full,0.25,0.03,0.03,48,documented,0.5536386867459437,0.1615738967938937,0.2765752765752766,0.32776977662692536,0.40750000000000003,0.33999999999999997,0.7188795696316911
validation_prolific,full,0.25,0.03,0.03,48,aligned,0.5820337646629311,0.15863694428581862,0.27465127465127465,0.33574610995033083,0.4125,0.34375,0.7199321096361312
validation_prolific,full,0.25,0.03,0.03,48,hyperplane_old,0.4043020710976744,0.18593446959542015,0.38095238095238093,0.29566334413622436,0.42000000000000004,0.36124999999999996,0.718130134482309
validation_prolific,full,0.25,0.03,0.03,49,plain,0.3260703287726564,0.19395338338223095,0.40644540644540644,0.30953124828474365,0.4175000000000001,0.35625,0.7216719826168134
validation_prolific,full,0.25,0.03,0.03,49,documented,0.643673391111869,0.15239934891233978,0.2664742664742665,0.35269168917265203,0.425,0.3637499999999999,0.7207153416191275
validation_prolific,full,0.25,0.03,0.03,49,aligned,0.6330557179460905,0.1536392992737198,0.2698412698412698,0.34220236893968947,0.41,0.35625,0.7161269161508903
validation_prolific,full,0.25,0.03,0.03,49,hyperplane_old,0.4272407843660831,0.18379432681845126,0.3718133718133718,0.2895644964109022,0.42000000000000004,0.365,0.7217170799492146
validation_prolific,full,0.5,0.03,0.03,0,plain,0.3260703287726564,0.19395338338223095,0.40644540644540644,0.30953124828474365,0.4175000000000001,0.35625,0.7216719826168134
validation_prolific,full,0.5,0.03,0.03,0,documented,0.4367339095063529,0.17837299289178227,0.3631553631553632,0.2742133867746574,0.41749999999999987,0.34500000000000003,0.706898380839849
validation_prolific,full,0.5,0.03,0.03,0,aligned,0.41295334024922065,0.1804919533720366,0.3617123617123617,0.2772947844778327,0.4025,0.34375,0.7089476472136302
validation_prolific,full,0.5,0.03,0.03,0,hyperplane_old,0.3769500973837536,0.18868992129690973,0.3852813852813853,0.3067136761920312,0.4225,0.3662500000000001,0.7228033599797357
validation_prolific,full,0.5,0.03,0.03,1,plain,0.3260703287726564,0.19395338338223095,0.40644540644540644,0.30953124828474365,0.4175000000000001,0.35625,0.7216719826168134
validation_prolific,full,0.5,0.03,0.03,1,documented,0.4598910840195278,0.1761164429721986,0.34824434824434825,0.28705126531834957,0.3975,0.35,0.7029012963259648
validation_prolific,full,0.5,0.03,0.03,1,aligned,0.4545030006741943,0.17639364732090812,0.35209235209235207,0.2821672637192868,0.40499999999999997,0.34875,0.6986480317174
validation_prolific,full,0.5,0.03,0.03,1,hyperplane_old,0.351656215672455,0.19097709041691047,0.39345839345839345,0.3093160042299864,0.425,0.36375,0.7221584520591016
validation_prolific,full,0.5,0.03,0.03,2,plain,0.3260703287726564,0.19395338338223095,0.40644540644540644,0.30953124828474365,0.4175000000000001,0.35625,0.7216719826168134
validation_prolific,full,0.5,0.03,0.03,2,documented,0.38884916754786214,0.18077109012941842,0.3655603655603656,0.30408934578036384,0.3925,0.32125,0.7068469552578847
validation_prolific,full,0.5,0.03,0.03,2,aligned,0.3538981761784789,0.18379597165986875,0.36844636844636847,0.29099492801636434,0.38750000000000007,0.32,0.7013411351339871
validation_prolific,full,0.5,0.03,0.03,2,hyperplane_old,0.35028305770555385,0.19162419331232475,0.4001924001924002,0.30068546164085175,0.41000000000000003,0.35124999999999995,0.7166010162512464
validation_prolific,full,0.5,0.03,0.03,3,plain,0.3260703287726564,0.19395338338223095,0.40644540644540644,0.30953124828474365,0.4175000000000001,0.35625,0.7216719826168134
validation_prolific,full,0.5,0.03,0.03,3,documented,0.558804923989554,0.16715663816122459,0.3011063011063011,0.30461301587432776,0.4325,0.36500000000000005,0.7118172414645276
validation_prolific,full,0.5,0.03,0.03,3,aligned,0.5410373680840884,0.16828939909946328,0.30976430976430974,0.2960132783262841,0.425,0.36124999999999996,0.7084265449289775
validation_prolific,full,0.5,0.03,0.03,3,hyperplane_old,0.34050661347681305,0.19239271367666205,0.3977873977873978,0.3079579603227575,0.4175000000000001,0.35625,0.7200898588430898
validation_prolific,full,0.5,0.03,0.03,4,plain,0.3260703287726564,0.19395338338223095,0.40644540644540644,0.30953124828474365,0.4175000000000001,0.35625,0.7216719826168134
validation_prolific,full,0.5,0.03,0.03,4,documented,0.43958208411459826,0.17562653284427063,0.3347763347763348,0.31877148018704315,0.425,0.36624999999999996,0.7033360262482199
validation_prolific,full,0.5,0.03,0.03,4,aligned,0.4347598067483311,0.17630064526566883,0.33766233766233766,0.31668208826795097,0.43,0.36124999999999996,0.7039208870250749
validation_prolific,full,0.5,0.03,0.03,4,hyperplane_old,0.37381416373421583,0.18894150686697053,0.3872053872053872,0.3017528277608668,0.425,0.3675,0.7224591892294459
validation_prolific,full,0.5,0.03,0.03,5,plain,0.3260703287726564,0.19395338338223095,0.40644540644540644,0.30953124828474365,0.4175000000000001,0.35625,0.7216719826168134
validation_prolific,full,0.5,0.03,0.03,5,documented,0.558510600108038,0.16670162704775623,0.31313131313131315,0.28289695821061867,0.4074999999999999,0.34125,0.695947097911559
validation_prolific,full,0.5,0.03,0.03,5,aligned,0.5250378118668958,0.16987283972273606,0.3213083213083213,0.28515862283433113,0.3975,0.3375,0.6906533502745003
validation_prolific,full,0.5,0.03,0.03,5,hyperplane_old,0.35822207444020515,0.1907722796589404,0.39634439634439633,0.30349529565972055,0.4225,0.36375,0.7231078418873939
validation_prolific,full,0.5,0.03,0.03,6,plain,0.3260703287726564,0.19395338338223095,0.40644540644540644,0.30953124828474365,0.4175000000000001,0.35625,0.7216719826168134
validation_prolific,full,0.5,0.03,0.03,6,documented,0.46620066646641184,0.17635145175996045,0.3434343434343434,0.2661186364210798,0.39,0.33125000000000004,0.6983508926107852
validation_prolific,full,0.5,0.03,0.03,6,aligned,0.46449616958058104,0.17626938875372897,0.3439153439153439,0.2698154747570977,0.385,0.325,0.6909361954635622
validation_prolific,full,0.5,0.03,0.03,6,hyperplane_old,0.36728261598372086,0.18981925654860055,0.39826839826839827,0.2844681743874256,0.41000000000000003,0.35374999999999995,0.7186130132263707
validation_prolific,full,0.5,0.03,0.03,7,plain,0.3260703287726564,0.19395338338223095,0.40644540644540644,0.30953124828474365,0.4175000000000001,0.35625,0.7216719826168134
validation_prolific,full,0.5,0.03,0.03,7,documented,0.5481102898620351,0.16751970082396286,0.31457431457431456,0.29832817971061176,0.43,0.36250000000000004,0.7223644785042393
validation_prolific,full,0.5,0.03,0.03,7,aligned,0.5367022255804986,0.16775976403815218,0.31457431457431456,0.3124932063058817,0.42750000000000005,0.35875,0.7131533059510728
validation_prolific,full,0.5,0.03,0.03,7,hyperplane_old,0.340327661408211,0.19250110306972343,0.4016354016354016,0.30767145851097033,0.4225,0.3662500000000001,0.7227295850605598
validation_prolific,full,0.5,0.03,0.03,8,plain,0.3260703287726564,0.19395338338223095,0.40644540644540644,0.30953124828474365,0.4175000000000001,0.35625,0.7216719826168134
validation_prolific,full,0.5,0.03,0.03,8,documented,0.47868401431731133,0.17228454166948787,0.3439153439153439,0.29206011190537245,0.40750000000000003,0.35000000000000003,0.6944023896234599
validation_prolific,full,0.5,0.03,0.03,8,aligned,0.47255851324372383,0.17247856238301476,0.3496873496873497,0.3057962376703659,0.4025,0.3475,0.695424862470958
validation_prolific,full,0.5,0.03,0.03,8,hyperplane_old,0.35377530555408016,0.1909648300224961,0.3939393939393939,0.30793406909651644,0.4225,0.36124999999999996,0.7189101328277909
validation_prolific,full,0.5,0.03,0.03,9,plain,0.3260703287726564,0.19395338338223095,0.40644540644540644,0.30953124828474365,0.4175000000000001,0.35625,0.7216719826168134
validation_prolific,full,0.5,0.03,0.03,9,documented,0.5015793737580686,0.17168071252630435,0.3347763347763348,0.30723511781349744,0.4225,0.3325,0.7130683577035367
validation_prolific,full,0.5,0.03,0.03,9,aligned,0.4512686543143618,0.17709112525835116,0.354978354978355,0.2933226970013352,0.40249999999999997,0.32625000000000004,0.6993709640475501
validation_prolific,full,0.5,0.03,0.03,9,hyperplane_old,0.3398226334222142,0.19258842276347807,0.40115440115440115,0.3026273083825962,0.41500000000000004,0.35375,0.7152316483017733
validation_prolific,full,0.5,0.03,0.03,10,plain,0.3260703287726564,0.19395338338223095,0.40644540644540644,0.30953124828474365,0.4175000000000001,0.35625,0.7216719826168134
validation_prolific,full,0.5,0.03,0.03,10,documented,0.48906479736589153,0.17196074296305297,0.3241943241943242,0.316205370121531,0.41999999999999993,0.3475,0.7129928424962488
validation_prolific,full,0.5,0.03,0.03,10,aligned,0.4971039414787773,0.17070576255399797,0.32371332371332373,0.3172792536204588,0.4125,0.35125,0.714244777964482
validation_prolific,full,0.5,0.03,0.03,10,hyperplane_old,0.33432227956380867,0.19249033453080386,0.4016354016354016,0.2928315871032038,0.4225,0.35750000000000004,0.7150096451141138
validation_prolific,full,0.5,0.03,0.03,11,plain,0.3260703287726564,0.19395338338223095,0.40644540644540644,0.30953124828474365,0.4175000000000001,0.35625,0.7216719826168134
validation_prolific,full,0.5,0.03,0.03,11,documented,0.5124606366718855,0.17139801289702727,0.33525733525733525,0.25795760291628855,0.39,0.33625,0.6767611180055031
validation_prolific,full,0.5,0.03,0.03,11,aligned,0.4854085049737696,0.17431907150503884,0.3448773448773449,0.25620610150027295,0.385,0.3325,0.6748977783853244
validation_prolific,full,0.5,0.03,0.03,11,hyperplane_old,0.3586568573794155,0.19103143000955955,0.3997113997113997,0.2959178649241365,0.425,0.36375,0.7216044926555187
validation_prolific,full,0.5,0.03,0.03,12,plain,0.3260703287726564,0.19395338338223095,0.40644540644540644,0.30953124828474365,0.4175000000000001,0.35625,0.7216719826168134
validation_prolific,full,0.5,0.03,0.03,12,documented,0.36129608141562364,0.1837730925788769,0.3722943722943723,0.27506176559746137,0.41999999999999993,0.35624999999999996,0.7021887670614708
validation_prolific,full,0.5,0.03,0.03,12,aligned,0.3630888477888665,0.1833049204053816,0.3665223665223665,0.2825488581685015,0.40750000000000003,0.34124999999999994,0.6980979361039343
validation_prolific,full,0.5,0.03,0.03,12,hyperplane_old,0.34833477112763656,0.1920253362628796,0.4016354016354016,0.3011102918477233,0.4225,0.36250000000000004,0.7226070536622348
validation_prolific,full,0.5,0.03,0.03,13,plain,0.3260703287726564,0.19395338338223095,0.40644540644540644,0.30953124828474365,0.4175000000000001,0.35625,0.7216719826168134
validation_prolific,full,0.5,0.03,0.03,13,documented,0.44866641409870633,0.17575356781481818,0.3443963443963444,0.3101555526588897,0.43499999999999994,0.37124999999999997,0.7164150839581587
validation_prolific,full,0.5,0.03,0.03,13,aligned,0.43181630204027466,0.17639032789826636,0.34295334295334295,0.32076528852475283,0.43499999999999994,0.36750000000000005,0.7135905050653217
validation_prolific,full,0.5,0.03,0.03,13,hyperplane_old,0.33905679063937066,0.19263602759889453,0.4025974025974026,0.3078972480496934,0.4225,0.3625,0.7218661722293614
validation_prolific,full,0.5,0.03,0.03,14,plain,0.3260703287726564,0.19395338338223095,0.40644540644540644,0.30953124828474365,0.4175000000000001,0.35625,0.7216719826168134
validation_prolific,full,0.5,0.03,0.03,14,documented,0.3932114367292227,0.18255944020175172,0.37662337662337664,0.30880148794910384,0.40750000000000003,0.34500000000000003,0.7034740568133946
validation_prolific,full,0.5,0.03,0.03,14,aligned,0.37582998400430895,0.183567284084171,0.3785473785473785,0.3096179171607115,0.4149999999999999,0.34125,0.7038238581548444
validation_prolific,full,0.5,0.03,0.03,14,hyperplane_old,0.3493788528568512,0.19105093816489468,0.3953823953823954,0.3074517228352035,0.42000000000000004,0.3625,0.7191127552724839
validation_prolific,full,0.5,0.03,0.03,15,plain,0.3260703287726564,0.19395338338223095,0.40644540644540644,0.30953124828474365,0.4175000000000001,0.35625,0.7216719826168134
validation_prolific,full,0.5,0.03,0.03,15,documented,0.3677260733967691,0.18525831762449652,0.37518037518037517,0.27238423994648125,0.3975000000000001,0.3375,0.6998584081199991
validation_prolific,full,0.5,0.03,0.03,15,aligned,0.3472321466604285,0.18668946277606066,0.38047138047138046,0.28359878180939324,0.4074999999999999,0.34375,0.7043729750490202
validation_prolific,full,0.5,0.03,0.03,15,hyperplane_old,0.3772695167017519,0.18915697882475951,0.3953823953823954,0.28939579083991507,0.41,0.34750000000000003,0.7138030086771094
validation_prolific,full,0.5,0.03,0.03,16,plain,0.3260703287726564,0.19395338338223095,0.40644540644540644,0.30953124828474365,0.4175000000000001,0.35625,0.7216719826168134
validation_prolific,full,0.5,0.03,0.03,16,documented,0.5987209788660065,0.16380630036706725,0.30784030784030786,0.28972468484493713,0.4225,0.36375,0.7125845268926357
validation_prolific,full,0.5,0.03,0.03,16,aligned,0.595575685042388,0.1621167636936933,0.30303030303030304,0.29993856306636996,0.4125,0.355,0.7121552523276723
validation_prolific,full,0.5,0.03,0.03,16,hyperplane_old,0.33391604027906735,0.19249714426110384,0.4025974025974026,0.31219318616385583,0.425,0.36375,0.7207310529010844
validation_prolific,full,0.5,0.03,0.03,17,plain,0.3260703287726564,0.19395338338223095,0.40644540644540644,0.30953124828474365,0.4175000000000001,0.35625,0.7216719826168134
validation_prolific,full,0.5,0.03,0.03,17,documented,0.5319337089382682,0.16566124500950782,0.29244829244829246,0.30025118658985567,0.39,0.32875,0.7035616990705518
validation_prolific,full,0.5,0.03,0.03,17,aligned,0.5009458654384664,0.1689218909279344,0.30687830687830686,0.2869836754568748,0.3875,0.32999999999999996,0.7054721578277022
validation_prolific,full,0.5,0.03,0.03,17,hyperplane_old,0.360883945613836,0.19019319183202946,0.38961038961038963,0.3071796875398756,0.4200000000000001,0.35625,0.7231820587401712
validation_prolific,full,0.5,0.03,0.03,18,plain,0.3260703287726564,0.19395338338223095,0.40644540644540644,0.30953124828474365,0.4175000000000001,0.35625,0.7216719826168134
validation_prolific,full,0.5,0.03,0.03,18,documented,0.4899425430022088,0.17398263558119245,0.33525733525733525,0.28759977869160397,0.3975,0.34875,0.7003971210340313
validation_prolific,full,0.5,0.03,0.03,18,aligned,0.47856745056258765,0.17400887520475936,0.3386243386243386,0.29701060428613096,0.40499999999999997,0.35,0.7022571374185705
validation_prolific,full,0.5,0.03,0.03,18,hyperplane_old,0.3474010321804663,0.19163390575992767,0.39730639730639733,0.30538528707219914,0.42000000000000004,0.35750000000000004,0.7180435240873104
validation_prolific,full,0.5,0.03,0.03,19,plain,0.3260703287726564,0.19395338338223095,0.40644540644540644,0.30953124828474365,0.4175000000000001,0.35625,0.7216719826168134
validation_prolific,full,0.5,0.03,0.03,19,documented,0.5788956837459921,0.1670696684341048,0.30928330928330927,0.25915947676275924,0.41,0.33875,0.6916704454377227
validation_prolific,full,0.5,0.03,0.03,19,aligned,0.5763547560409078,0.16666544162444072,0.3011063011063011,0.265301351977011,0.4025,0.34,0.6967535228352302
validation_prolific,full,0.5,0.03,0.03,19,hyperplane_old,0.3553236194597939,0.1912285221133502,0.40355940355940356,0.3010609906315058,0.42750000000000005,0.36875,0.7196285733862178
validation_prolific,full,0.5,0.03,0.03,20,plain,0.3260703287726564,0.19395338338223095,0.40644540644540644,0.30953124828474365,0.4175000000000001,0.35625,0.7216719826168134
validation_prolific,full,0.5,0.03,0.03,20,documented,0.4497650713694122,0.17604283591802677,0.34583934583934584,0.26980549872670945,0.3825,0.32125,0.6964689400261538
validation_prolific,full,0.5,0.03,0.03,20,aligned,0.45134840747642563,0.17712761379070852,0.3468013468013468,0.26196865477655096,0.3725,0.31625,0.6909838589166434
validation_prolific,full,0.5,0.03,0.03,20,hyperplane_old,0.3718785642313444,0.18940064158439698,0.38864838864838863,0.30496843432415865,0.41000000000000003,0.35250000000000004,0.7180548444414733
validation_prolific,full,0.5,0.03,0.03,21,plain,0.3260703287726564,0.19395338338223095,0.40644540644540644,0.30953124828474365,0.4175000000000001,0.35625,0.7216719826168134
validation_prolific,full,0.5,0.03,0.03,21,documented,0.46767079742370815,0.17632207497539376,0.3665223665223665,0.3299016790758415,0.43249999999999994,0.36124999999999996,0.7297536802163724
validation_prolific,full,0.5,0.03,0.03,21,aligned,0.4910281860489282,0.17459748106947168,0.3554593554593555,0.3206387004749017,0.425,0.34750000000000003,0.7199932902581543
validation_prolific,full,0.5,0.03,0.03,21,hyperplane_old,0.32971841371334243,0.1936027742348139,0.4102934102934103,0.3093371708367599,0.4225,0.3625,0.7173064619853762
validation_prolific,full,0.5,0.03,0.03,22,plain,0.3260703287726564,0.19395338338223095,0.40644540644540644,0.30953124828474365,0.4175000000000001,0.35625,0.7216719826168134
validation_prolific,full,0.5,0.03,0.03,22,documented,0.45799910082990625,0.1783382930892877,0.3463203463203463,0.20964953720834148,0.385,0.31875,0.6634502738609231
validation_prolific,full,0.5,0.03,0.03,22,aligned,0.41887169011884867,0.1816332649877823,0.3602693602693603,0.22715669899706822,0.38,0.3175,0.6686666811605517
validation_prolific,full,0.5,0.03,0.03,22,hyperplane_old,0.32977749686314334,0.19356075903088885,0.40596440596440597,0.3079129558217066,0.42000000000000004,0.35375,0.717433041424778
validation_prolific,full,0.5,0.03,0.03,23,plain,0.3260703287726564,0.19395338338223095,0.40644540644540644,0.30953124828474365,0.4175000000000001,0.35625,0.7216719826168134
validation_prolific,full,0.5,0.03,0.03,23,documented,0.5061623618064812,0.17281170538445506,0.3333333333333333,0.2601283676336335,0.4025,0.33375,0.6860327350321974
validation_prolific,full,0.5,0.03,0.03,23,aligned,0.5068666538965882,0.17196544822011794,0.3362193362193362,0.26708282722300947,0.39749999999999996,0.335,0.6868162875947673
validation_prolific,full,0.5,0.03,0.03,23,hyperplane_old,0.33403107512852803,0.19341276255600967,0.4069264069264069,0.3047638433644994,0.4175000000000001,0.35625,0.7207790743403348
validation_prolific,full,0.5,0.03,0.03,24,plain,0.3260703287726564,0.19395338338223095,0.40644540644540644,0.30953124828474365,0.4175000000000001,0.35625,0.7216719826168134
validation_prolific,full,0.5,0.03,0.03,24,documented,0.3837629145468361,0.18136546587318306,0.3621933621933622,0.2827503474819594,0.4125,0.34249999999999997,0.6948660361846706
validation_prolific,full,0.5,0.03,0.03,24,aligned,0.35248639100363716,0.18390219173115807,0.3718133718133718,0.29562638152278076,0.41,0.34750000000000003,0.6932797636676432
validation_prolific,full,0.5,0.03,0.03,24,hyperplane_old,0.34497445752567507,0.19197877219797307,0.4021164021164021,0.3054009100629317,0.4225,0.35875,0.7157232553867938
validation_prolific,full,0.5,0.03,0.03,25,plain,0.3260703287726564,0.19395338338223095,0.40644540644540644,0.30953124828474365,0.4175000000000001,0.35625,0.7216719826168134
validation_prolific,full,0.5,0.03,0.03,25,documented,0.4432556469791431,0.17880526632944407,0.37037037037037035,0.26766705113036987,0.3875,0.31124999999999997,0.6921897080780777
validation_prolific,full,0.5,0.03,0.03,25,aligned,0.4157032419318282,0.18010762560181018,0.37037037037037035,0.2780124358436039,0.3975,0.32875,0.6937085771197641
validation_prolific,full,0.5,0.03,0.03,25,hyperplane_old,0.3409760966246023,0.19260123588147746,0.40596440596440597,0.30331216036228176,0.4125,0.34875,0.7156169191795001
validation_prolific,full,0.5,0.03,0.03,26,plain,0.3260703287726564,0.19395338338223095,0.40644540644540644,0.30953124828474365,0.4175000000000001,0.35625,0.7216719826168134
validation_prolific,full,0.5,0.03,0.03,26,documented,0.44725112291617647,0.17665457721324362,0.3386243386243386,0.27827193043012105,0.4074999999999999,0.32625000000000004,0.6874018014277279
validation_prolific,full,0.5,0.03,0.03,26,aligned,0.4465520435253101,0.17549011450154142,0.3367003367003367,0.28878662967534097,0.4074999999999999,0.3375,0.6932414862051348
validation_prolific,full,0.5,0.03,0.03,26,hyperplane_old,0.3237479023923169,0.19395980475914207,0.4078884078884079,0.29947588594807656,0.42000000000000004,0.35375,0.71598284460937
validation_prolific,full,0.5,0.03,0.03,27,plain,0.3260703287726564,0.19395338338223095,0.40644540644540644,0.30953124828474365,0.4175000000000001,0.35625,0.7216719826168134
validation_prolific,full,0.5,0.03,0.03,27,documented,0.6056102416529832,0.16152465631880542,0.2837902837902838,0.32463788234630436,0.40499999999999997,0.35625000000000007,0.7190037177639255
validation_prolific,full,0.5,0.03,0.03,27,aligned,0.6101992233143473,0.1597786510469443,0.2837902837902838,0.33377777109846196,0.42750000000000005,0.35875,0.7155053998046366
validation_prolific,full,0.5,0.03,0.03,27,hyperplane_old,0.3565648893262744,0.19103202734920563,0.39730639730639733,0.3012309912449601,0.41500000000000004,0.35750000000000004,0.7172749619296668
validation_prolific,full,0.5,0.03,0.03,28,plain,0.3260703287726564,0.19395338338223095,0.40644540644540644,0.30953124828474365,0.4175000000000001,0.35625,0.7216719826168134
validation_prolific,full,0.5,0.03,0.03,28,documented,0.5104005744434699,0.17169624970713016,0.33910533910533913,0.28812500561736687,0.4175000000000001,0.35625,0.6942272315648749
validation_prolific,full,0.5,0.03,0.03,28,aligned,0.482967908550453,0.17438555308210302,0.34535834535834536,0.27964476159334023,0.41500000000000004,0.34625,0.6900627550836335
validation_prolific,full,0.5,0.03,0.03,28,hyperplane_old,0.34489263682906557,0.19176366262874295,0.39634439634439633,0.3105161003737555,0.42000000000000004,0.35750000000000004,0.7210373916489379
validation_prolific,full,0.5,0.03,0.03,29,plain,0.3260703287726564,0.19395338338223095,0.40644540644540644,0.30953124828474365,0.4175000000000001,0.35625,0.7216719826168134
validation_prolific,full,0.5,0.03,0.03,29,documented,0.5367231209855078,0.16984752944570938,0.3136123136123136,0.27974754378619526,0.395,0.33375000000000005,0.7120705023185755
validation_prolific,full,0.5,0.03,0.03,29,aligned,0.5175066866580966,0.17068241499818085,0.32371332371332373,0.2875752593744476,0.3975,0.32375000000000004,0.7047310771973595
validation_prolific,full,0.5,0.03,0.03,29,hyperplane_old,0.34119163815443443,0.19215520433431296,0.39874939874939874,0.3082102447675007,0.41500000000000004,0.35,0.7140342400653504
validation_prolific,full,0.5,0.03,0.03,30,plain,0.3260703287726564,0.19395338338223095,0.40644540644540644,0.30953124828474365,0.4175000000000001,0.35625,0.7216719826168134
validation_prolific,full,0.5,0.03,0.03,30,documented,0.4663238069002578,0.17513709946437972,0.341029341029341,0.2595236584873134,0.41500000000000004,0.34625,0.7017305066951127
validation_prolific,full,0.5,0.03,0.03,30,aligned,0.45248790551200857,0.17709248095928734,0.34824434824434825,0.25878093309484984,0.41500000000000004,0.34500000000000003,0.6963118160909656
validation_prolific,full,0.5,0.03,0.03,30,hyperplane_old,0.3533262815930425,0.19098105332002321,0.39730639730639733,0.3054527492963243,0.41500000000000004,0.35625,0.7146726191481951
validation_prolific,full,0.5,0.03,0.03,31,plain,0.3260703287726564,0.19395338338223095,0.40644540644540644,0.30953124828474365,0.4175000000000001,0.35625,0.7216719826168134
validation_prolific,full,0.5,0.03,0.03,31,documented,0.4588538732665759,0.17695804223677794,0.35738335738335736,0.3130426886010897,0.41999999999999993,0.35625,0.7257542818351453
validation_prolific,full,0.5,0.03,0.03,31,aligned,0.4341598615942002,0.17791894007586742,0.3631553631553632,0.315942571835382,0.4074999999999999,0.34500000000000003,0.7195401912487507
validation_prolific,full,0.5,0.03,0.03,31,hyperplane_old,0.33643329651875187,0.19270253868579126,0.4016354016354016,0.3058189161116064,0.41500000000000004,0.35625,0.7201852576035096
validation_prolific,full,0.5,0.03,0.03,32,plain,0.3260703287726564,0.19395338338223095,0.40644540644540644,0.30953124828474365,0.4175000000000001,0.35625,0.7216719826168134
validation_prolific,full,0.5,0.03,0.03,32,documented,0.49009058191863303,0.17544193630373328,0.3468013468013468,0.280768158419883,0.4025,0.34625,0.7011466612587823
validation_prolific,full,0.5,0.03,0.03,32,aligned,0.47035795060141855,0.1775931968225329,0.3554593554593555,0.279615974191444,0.4,0.33625000000000005,0.6980819137837815
validation_prolific,full,0.5,0.03,0.03,32,hyperplane_old,0.3689997256490521,0.19026371627146424,0.3997113997113997,0.29433074672193216,0.4125,0.35,0.7125605102438705
validation_prolific,full,0.5,0.03,0.03,33,plain,0.3260703287726564,0.19395338338223095,0.40644540644540644,0.30953124828474365,0.4175000000000001,0.35625,0.7216719826168134
validation_prolific,full,0.5,0.03,0.03,33,documented,0.4379581573939202,0.17754161315993092,0.3468013468013468,0.28587490877851585,0.41500000000000004,0.35,0.7130213351790886
validation_prolific,full,0.5,0.03,0.03,33,aligned,0.4029862647227205,0.1806833561415713,0.3588263588263588,0.29288491033654135,0.41500000000000004,0.35,0.7176083202173132
validation_prolific,full,0.5,0.03,0.03,33,hyperplane_old,0.35377530555408016,0.1909648300224961,0.3939393939393939,0.30793406909651644,0.4225,0.36124999999999996,0.7189101328277909
validation_prolific,full,0.5,0.03,0.03,34,plain,0.3260703287726564,0.19395338338223095,0.40644540644540644,0.30953124828474365,0.4175000000000001,0.35625,0.7216719826168134
validation_prolific,full,0.5,0.03,0.03,34,documented,0.5637659426454538,0.16633995758004724,0.30447330447330445,0.2496811020229342,0.4149999999999999,0.34,0.6955727407045794
validation_prolific,full,0.5,0.03,0.03,34,aligned,0.5545207157871364,0.16662700272682085,0.30784030784030786,0.2535413812259672,0.4175,0.33375,0.6916998615450111
validation_prolific,full,0.5,0.03,0.03,34,hyperplane_old,0.37857028703903084,0.18920825039798697,0.3968253968253968,0.29572350072316544,0.4175000000000001,0.35750000000000004,0.7220826589400635
validation_prolific,full,0.5,0.03,0.03,35,plain,0.3260703287726564,0.19395338338223095,0.40644540644540644,0.30953124828474365,0.4175000000000001,0.35625,0.7216719826168134
validation_prolific,full,0.5,0.03,0.03,35,documented,0.5436976908966665,0.1666667485420758,0.3063973063973064,0.2917845601281617,0.4175,0.35124999999999995,0.7057870227856624
validation_prolific,full,0.5,0.03,0.03,35,aligned,0.5207332177718468,0.16880882754332166,0.31553631553631556,0.28662698275422754,0.41500000000000004,0.35124999999999995,0.7037431708448282
validation_prolific,full,0.5,0.03,0.03,35,hyperplane_old,0.35957079761509053,0.19049706463646526,0.39826839826839827,0.3011570457024405,0.4175,0.35500000000000004,0.7191582169282625
validation_prolific,full,0.5,0.03,0.03,36,plain,0.3260703287726564,0.19395338338223095,0.40644540644540644,0.30953124828474365,0.4175000000000001,0.35625,0.7216719826168134
validation_prolific,full,0.5,0.03,0.03,36,documented,0.5216245336497775,0.16706147714338135,0.29773929773929775,0.3367225104213419,0.42250000000000004,0.34875,0.7201728921980685
validation_prolific,full,0.5,0.03,0.03,36,aligned,0.5049992923895227,0.16767723478439966,0.3059163059163059,0.3487650982865292,0.43,0.36375,0.731516412930219
validation_prolific,full,0.5,0.03,0.03,36,hyperplane_old,0.3722981745714246,0.18941335194658643,0.3939393939393939,0.2954909946444186,0.4125,0.35500000000000004,0.7151708580555797
validation_prolific,full,0.5,0.03,0.03,37,plain,0.3260703287726564,0.19395338338223095,0.40644540644540644,0.30953124828474365,0.4175000000000001,0.35625,0.7216719826168134
validation_prolific,full,0.5,0.03,0.03,37,documented,0.4683947496935048,0.1781692340588235,0.36363636363636365,0.28858369856787647,0.4,0.34125000000000005,0.7033620251524877
validation_prolific,full,0.5,0.03,0.03,37,aligned,0.447913759455828,0.1801404020806071,0.37133237133237135,0.28331924830662747,0.38499999999999995,0.33375,0.693015954028899
validation_prolific,full,0.5,0.03,0.03,37,hyperplane_old,0.35986397708549067,0.1908521325846762,0.4006734006734007,0.29459600632418126,0.4125,0.3525,0.7205024284205976
validation_prolific,full,0.5,0.03,0.03,38,plain,0.3260703287726564,0.19395338338223095,0.40644540644540644,0.30953124828474365,0.4175000000000001,0.35625,0.7216719826168134
validation_prolific,full,0.5,0.03,0.03,38,documented,0.5192204105431999,0.17112941287449238,0.3203463203463203,0.2605463861342317,0.40499999999999997,0.3475,0.7112965881233513
validation_prolific,full,0.5,0.03,0.03,38,aligned,0.5231930640110942,0.16957209375197044,0.32275132275132273,0.27474036707149446,0.4125,0.35375,0.7149354870443141
validation_prolific,full,0.5,0.03,0.03,38,hyperplane_old,0.3507772743499726,0.19164355653300905,0.4021164021164021,0.29833949899229584,0.41500000000000004,0.35750000000000004,0.7162273315613141
validation_prolific,full,0.5,0.03,0.03,39,plain,0.3260703287726564,0.19395338338223095,0.40644540644540644,0.30953124828474365,0.4175000000000001,0.35625,0.7216719826168134
validation_prolific,full,0.5,0.03,0.03,39,documented,0.5514590126769722,0.16657913586265086,0.31505531505531503,0.30574536332925106,0.41,0.36250000000000004,0.7016935202869234
validation_prolific,full,0.5,0.03,0.03,39,aligned,0.506381121670625,0.17101255955802785,0.32996632996632996,0.3069657996670506,0.41,0.35250000000000004,0.7086394524073981
validation_prolific,full,0.5,0.03,0.03,39,hyperplane_old,0.3766223280415707,0.18933536745651974,0.39345839345839345,0.2927417171218932,0.425,0.365,0.7252264326002239
validation_prolific,full,0.5,0.03,0.03,40,plain,0.3260703287726564,0.19395338338223095,0.40644540644540644,0.30953124828474365,0.4175000000000001,0.35625,0.7216719826168134
validation_prolific,full,0.5,0.03,0.03,40,documented,0.4622143578974657,0.1769545294963815,0.36844636844636847,0.3085499730237509,0.4125,0.34625000000000006,0.7096604337845352
validation_prolific,full,0.5,0.03,0.03,40,aligned,0.44151145751378457,0.17882597113664428,0.37037037037037035,0.30541611405109814,0.4,0.33375000000000005,0.7028234699602378
validation_prolific,full,0.5,0.03,0.03,40,hyperplane_old,0.35065228531237036,0.19168114951844378,0.4006734006734007,0.30018549006344086,0.4225,0.36375,0.7210368053970365
validation_prolific,full,0.5,0.03,0.03,41,plain,0.3260703287726564,0.19395338338223095,0.40644540644540644,0.30953124828474365,0.4175000000000001,0.35625,0.7216719826168134
validation_prolific,full,0.5,0.03,0.03,41,documented,0.4830382613935651,0.1757116402685037,0.35353535353535354,0.3178189313164461,0.4125,0.355,0.7210433074498827
validation_prolific,full,0.5,0.03,0.03,41,aligned,0.4581977936759386,0.17769694961232263,0.3631553631553632,0.308756203135925,0.4,0.34500000000000003,0.7121278874526251
validation_prolific,full,0.5,0.03,0.03,41,hyperplane_old,0.3669328070833609,0.19056411678854848,0.39826839826839827,0.29242998082074145,0.4125,0.35500000000000004,0.7194827205212831
validation_prolific,full,0.5,0.03,0.03,42,plain,0.3260703287726564,0.19395338338223095,0.40644540644540644,0.30953124828474365,0.4175000000000001,0.35625,0.7216719826168134
validation_prolific,full,0.5,0.03,0.03,42,documented,0.47105871496359913,0.17184769190030116,0.32082732082732085,0.3035813138528456,0.40750000000000003,0.34249999999999997,0.714457543190185
validation_prolific,full,0.5,0.03,0.03,42,aligned,0.4537300593409468,0.17260610890757072,0.32515632515632514,0.3216357376940715,0.4225,0.355,0.7238529623656085
validation_prolific,full,0.5,0.03,0.03,42,hyperplane_old,0.3620875362998141,0.1903055682082319,0.3953823953823954,0.30642108809655844,0.42000000000000004,0.36625,0.7239004976453565
validation_prolific,full,0.5,0.03,0.03,43,plain,0.3260703287726564,0.19395338338223095,0.40644540644540644,0.30953124828474365,0.4175000000000001,0.35625,0.7216719826168134
validation_prolific,full,0.5,0.03,0.03,43,documented,0.44985965235541625,0.17813017216154003,0.3496873496873497,0.27336346922210997,0.38,0.3275,0.694873445457536
validation_prolific,full,0.5,0.03,0.03,43,aligned,0.40262536657227777,0.18324860363584444,0.37325637325637323,0.2742611742541717,0.38500000000000006,0.3225,0.6999763466217335
validation_prolific,full,0.5,0.03,0.03,43,hyperplane_old,0.35864061370012723,0.1908202977514076,0.4006734006734007,0.3006032503059021,0.4125,0.3525,0.7158292780628746
validation_prolific,full,0.5,0.03,0.03,44,plain,0.3260703287726564,0.19395338338223095,0.40644540644540644,0.30953124828474365,0.4175000000000001,0.35625,0.7216719826168134
validation_prolific,full,0.5,0.03,0.03,44,documented,0.45690674789073393,0.17330319946226927,0.31313131313131315,0.2899883962591216,0.40499999999999997,0.33625,0.7045054845386597
validation_prolific,full,0.5,0.03,0.03,44,aligned,0.4659500557902488,0.171391302402474,0.3136123136123136,0.30746483471233466,0.41,0.34375,0.7101151304525312
validation_prolific,full,0.5,0.03,0.03,44,hyperplane_old,0.3302147326755984,0.19359610437005484,0.4045214045214045,0.3116460686781453,0.4175000000000001,0.36,0.7238787411125833
validation_prolific,full,0.5,0.03,0.03,45,plain,0.3260703287726564,0.19395338338223095,0.40644540644540644,0.30953124828474365,0.4175000000000001,0.35625,0.7216719826168134
validation_prolific,full,0.5,0.03,0.03,45,documented,0.5061953327855201,0.17211765397329812,0.3318903318903319,0.2773513409885261,0.3975,0.33375000000000005,0.683179788976557
validation_prolific,full,0.5,0.03,0.03,45,aligned,0.47647469835872197,0.17393693907751,0.3424723424723425,0.30185764292025585,0.41,0.34375,0.6912958461997937
validation_prolific,full,0.5,0.03,0.03,45,hyperplane_old,0.3484710454302573,0.1916229051150762,0.3977873977873978,0.3017347237924697,0.42000000000000004,0.3625,0.7185340828586868
validation_prolific,full,0.5,0.03,0.03,46,plain,0.3260703287726564,0.19395338338223095,0.40644540644540644,0.30953124828474365,0.4175000000000001,0.35625,0.7216719826168134
validation_prolific,full,0.5,0.03,0.03,46,documented,0.4503104042576074,0.17506621544407025,0.33766233766233766,0.3073078459241662,0.4125,0.33875,0.7230974231867179
validation_prolific,full,0.5,0.03,0.03,46,aligned,0.47091397253243256,0.17312895997505454,0.3294853294853295,0.29611782468865405,0.4,0.3325,0.7220521867598385
validation_prolific,full,0.5,0.03,0.03,46,hyperplane_old,0.30862079865686376,0.19453822946712473,0.4078884078884079,0.3036283789879897,0.41000000000000003,0.34375,0.7111381283417778
validation_prolific,full,0.5,0.03,0.03,47,plain,0.3260703287726564,0.19395338338223095,0.40644540644540644,0.30953124828474365,0.4175000000000001,0.35625,0.7216719826168134
validation_prolific,full,0.5,0.03,0.03,47,documented,0.4199030891881486,0.18171991747622995,0.37421837421837423,0.2631189144521127,0.4025,0.3375,0.6964689682115031
validation_prolific,full,0.5,0.03,0.03,47,aligned,0.38914166765921754,0.18428814156843404,0.38335738335738334,0.2526145254549449,0.395,0.32999999999999996,0.6912086756883649
validation_prolific,full,0.5,0.03,0.03,47,hyperplane_old,0.3530410091785869,0.19117454968817024,0.39730639730639733,0.3016183403747886,0.4125,0.35500000000000004,0.7161236462690617
validation_prolific,full,0.5,0.03,0.03,48,plain,0.3260703287726564,0.19395338338223095,0.40644540644540644,0.30953124828474365,0.4175000000000001,0.35625,0.7216719826168134
validation_prolific,full,0.5,0.03,0.03,48,documented,0.46699001153517605,0.1718115331367606,0.32275132275132273,0.2751012256426183,0.4125,0.34500000000000003,0.7023725188864614
validation_prolific,full,0.5,0.03,0.03,48,aligned,0.4622276855671942,0.17256366384145486,0.32996632996632996,0.28676845135531354,0.40499999999999997,0.34500000000000003,0.6991677139277398
validation_prolific,full,0.5,0.03,0.03,48,hyperplane_old,0.3125543753164739,0.1936236880265614,0.405002405002405,0.29856888256117864,0.42000000000000004,0.36,0.7144246898849992
validation_prolific,full,0.5,0.03,0.03,49,plain,0.3260703287726564,0.19395338338223095,0.40644540644540644,0.30953124828474365,0.4175000000000001,0.35625,0.7216719826168134
validation_prolific,full,0.5,0.03,0.03,49,documented,0.5398641813621504,0.16974251312371888,0.328042328042328,0.2821044489857557,0.40750000000000003,0.355,0.718391362060127
validation_prolific,full,0.5,0.03,0.03,49,aligned,0.532145939224185,0.16920726151854773,0.3318903318903319,0.2909421640773328,0.425,0.3575,0.7160287893098138
validation_prolific,full,0.5,0.03,0.03,49,hyperplane_old,0.3599600271443466,0.19068793592756075,0.3944203944203944,0.30575584213093454,0.4225,0.36875,0.7252127235038811
validation_prolific,full,0.75,0.03,0.03,0,plain,0.3260703287726564,0.19395338338223095,0.40644540644540644,0.30953124828474365,0.4175000000000001,0.35625,0.7216719826168134
validation_prolific,full,0.75,0.03,0.03,0,documented,0.37238473726971805,0.18882595429259277,0.39874939874939874,0.2538278450968302,0.40499999999999997,0.33125,0.7027645496569302
validation_prolific,full,0.75,0.03,0.03,0,aligned,0.36556822193352684,0.18937001250290558,0.39874939874939874,0.25950133264543707,0.4025,0.3325,0.704853139454407
validation_prolific,full,0.75,0.03,0.03,0,hyperplane_old,0.31005194606814457,0.19503566300646338,0.4107744107744108,0.30402765813676846,0.4175000000000001,0.35625,0.7195765815947098
validation_prolific,full,0.75,0.03,0.03,1,plain,0.3260703287726564,0.19395338338223095,0.40644540644540644,0.30953124828474365,0.4175000000000001,0.35625,0.7216719826168134
validation_prolific,full,0.75,0.03,0.03,1,documented,0.33510730703164243,0.1902363398305393,0.4078884078884079,0.28693412545399005,0.41999999999999993,0.34875,0.7144166144286782
validation_prolific,full,0.75,0.03,0.03,1,aligned,0.3510787395712125,0.18846376142602259,0.3997113997113997,0.2920753592223863,0.4175,0.34500000000000003,0.7145619824259791
validation_prolific,full,0.75,0.03,0.03,1,hyperplane_old,0.328497922725801,0.19367571329230165,0.40644540644540644,0.30954104698510854,0.4175000000000001,0.355,0.7217457858474843
validation_prolific,full,0.75,0.03,0.03,2,plain,0.3260703287726564,0.19395338338223095,0.40644540644540644,0.30953124828474365,0.4175000000000001,0.35625,0.7216719826168134
validation_prolific,full,0.75,0.03,0.03,2,documented,0.3351061556931231,0.1899712466058168,0.4131794131794132,0.2884745146948929,0.4175000000000001,0.36375,0.7053927753389663
validation_prolific,full,0.75,0.03,0.03,2,aligned,0.30467236889806515,0.19322889749990366,0.4213564213564214,0.29207481578452654,0.41,0.36,0.7036471619447361
validation_prolific,full,0.75,0.03,0.03,2,hyperplane_old,0.33990017876940515,0.19257001569377952,0.4030784030784031,0.3084264175777362,0.4225,0.36000000000000004,0.7190109131205877
validation_prolific,full,0.75,0.03,0.03,3,plain,0.3260703287726564,0.19395338338223095,0.40644540644540644,0.30953124828474365,0.4175000000000001,0.35625,0.7216719826168134
validation_prolific,full,0.75,0.03,0.03,3,documented,0.3624051502013595,0.186791236523528,0.39730639730639733,0.26050891475953275,0.41,0.3525,0.6988577654741539
validation_prolific,full,0.75,0.03,0.03,3,aligned,0.35265338711333827,0.18761504165957668,0.3997113997113997,0.26691781207412396,0.40750000000000003,0.35125,0.69897549499335
validation_prolific,full,0.75,0.03,0.03,3,hyperplane_old,0.31313883070796705,0.19443479406659053,0.4054834054834055,0.29758309131642674,0.425,0.34875,0.710776679604687
validation_prolific,full,0.75,0.03,0.03,4,plain,0.3260703287726564,0.19395338338223095,0.40644540644540644,0.30953124828474365,0.4175000000000001,0.35625,0.7216719826168134
validation_prolific,full,0.75,0.03,0.03,4,documented,0.3814423438517483,0.18554816977516475,0.39634439634439633,0.31124577895246064,0.43,0.36625,0.728421566255899
validation_prolific,full,0.75,0.03,0.03,4,aligned,0.3640928816958295,0.1871661918672352,0.4016354016354016,0.3092366685591704,0.4125,0.35750000000000004,0.7224365074776589
validation_prolific,full,0.75,0.03,0.03,4,hyperplane_old,0.3260703287726564,0.19395338338223095,0.40644540644540644,0.30953124828474365,0.4175000000000001,0.35625,0.7216719826168134
validation_prolific,full,0.75,0.03,0.03,5,plain,0.3260703287726564,0.19395338338223095,0.40644540644540644,0.30953124828474365,0.4175000000000001,0.35625,0.7216719826168134
validation_prolific,full,0.75,0.03,0.03,5,documented,0.4098192234136732,0.18303144669395993,0.36748436748436747,0.28466777281454114,0.4,0.33125,0.6925804570485691
validation_prolific,full,0.75,0.03,0.03,5,aligned,0.4158197316740478,0.18171476983231305,0.3621933621933622,0.29031330581948206,0.4025,0.34,0.6969927854129117
validation_prolific,full,0.75,0.03,0.03,5,hyperplane_old,0.33822744264515586,0.19264157496893147,0.4025974025974026,0.30759509419666686,0.4225,0.36125,0.7202923810598749
validation_prolific,full,0.75,0.03,0.03,6,plain,0.3260703287726564,0.19395338338223095,0.40644540644540644,0.30953124828474365,0.4175000000000001,0.35625,0.7216719826168134
validation_prolific,full,0.75,0.03,0.03,6,documented,0.3346747384717454,0.19055794370825177,0.39730639730639733,0.3092813490852957,0.4025,0.3325,0.7177849193749546
validation_prolific,full,0.75,0.03,0.03,6,aligned,0.3082586325735383,0.19230942801286535,0.4074074074074074,0.3237775273922544,0.3925,0.33125,0.7137434949719281
validation_prolific,full,0.75,0.03,0.03,6,hyperplane_old,0.34231133321886337,0.19213221933106508,0.4045214045214045,0.3043198703107277,0.41500000000000004,0.34875,0.7164891062686582
validation_prolific,full,0.75,0.03,0.03,7,plain,0.3260703287726564,0.19395338338223095,0.40644540644540644,0.30953124828474365,0.4175000000000001,0.35625,0.7216719826168134
validation_prolific,full,0.75,0.03,0.03,7,documented,0.3974687665189469,0.1856260461910324,0.3992303992303992,0.25850160328925254,0.4025,0.32875,0.7075340449959255
validation_prolific,full,0.75,0.03,0.03,7,aligned,0.3786227155504502,0.18659708934854619,0.3992303992303992,0.2735667610003606,0.4,0.33499999999999996,0.7074924574462917
validation_prolific,full,0.75,0.03,0.03,7,hyperplane_old,0.33707962600776414,0.19296393692249114,0.405002405002405,0.3069218303859545,0.4125,0.35375,0.7207638863489032
validation_prolific,full,0.75,0.03,0.03,8,plain,0.3260703287726564,0.19395338338223095,0.40644540644540644,0.30953124828474365,0.4175000000000001,0.35625,0.7216719826168134
validation_prolific,full,0.75,0.03,0.03,8,documented,0.35506157571084745,0.1911516819716248,0.40355940355940356,0.25421958809374817,0.41,0.33125,0.704093584134445
validation_prolific,full,0.75,0.03,0.03,8,aligned,0.3431717928047409,0.1913868762610241,0.4025974025974026,0.25773201583709343,0.41500000000000004,0.33625,0.7013142632410638
validation_prolific,full,0.75,0.03,0.03,8,hyperplane_old,0.3380988288315765,0.19269927875148124,0.4025974025974026,0.30651069208975534,0.4225,0.3625,0.7211641124195793
validation_prolific,full,0.75,0.03,0.03,9,plain,0.3260703287726564,0.19395338338223095,0.40644540644540644,0.30953124828474365,0.4175000000000001,0.35625,0.7216719826168134
validation_prolific,full,0.75,0.03,0.03,9,documented,0.41103749168911824,0.18219170380681643,0.3631553631553632,0.24837367901197807,0.39499999999999996,0.34375,0.6874494745780121
validation_prolific,full,0.75,0.03,0.03,9,aligned,0.4101941074112942,0.18253829579109684,0.36123136123136124,0.2592346854407098,0.39499999999999996,0.34500000000000003,0.6925399908429928
validation_prolific,full,0.75,0.03,0.03,9,hyperplane_old,0.33664495489127594,0.19292259307723722,0.4025974025974026,0.30775187584639935,0.4225,0.3625,0.721440923913342
validation_prolific,full,0.75,0.03,0.03,10,plain,0.3260703287726564,0.19395338338223095,0.40644540644540644,0.30953124828474365,0.4175000000000001,0.35625,0.7216719826168134
validation_prolific,full,0.75,0.03,0.03,10,documented,0.3243926303734022,0.19086686023773086,0.4006734006734007,0.3084964644185681,0.4,0.3475,0.7128958454887899
validation_prolific,full,0.75,0.03,0.03,10,aligned,0.31071922398569785,0.19250139991785392,0.40596440596440597,0.30568574436694174,0.4025,0.33625,0.7068748534935887
validation_prolific,full,0.75,0.03,0.03,10,hyperplane_old,0.31177078570046857,0.19526697529720563,0.4107744107744108,0.2999867925040798,0.4175,0.35,0.719245986282942
validation_prolific,full,0.75,0.03,0.03,11,plain,0.3260703287726564,0.19395338338223095,0.40644540644540644,0.30953124828474365,0.4175000000000001,0.35625,0.7216719826168134
validation_prolific,full,0.75,0.03,0.03,11,documented,0.3099895440136166,0.19266035866806938,0.4155844155844156,0.2511491336575588,0.41,0.33,0.6848482279682752
validation_prolific,full,0.75,0.03,0.03,11,aligned,0.3129835953105848,0.19280017062133203,0.41414141414141414,0.2673744375513417,0.4050000000000001,0.325,0.6863105787881123
validation_prolific,full,0.75,0.03,0.03,11,hyperplane_old,0.3259420164932094,0.19392564414969762,0.4069264069264069,0.31061423223725415,0.4175000000000001,0.35625,0.7202803338316274
validation_prolific,full,0.75,0.03,0.03,12,plain,0.3260703287726564,0.19395338338223095,0.40644540644540644,0.30953124828474365,0.4175000000000001,0.35625,0.7216719826168134
validation_prolific,full,0.75,0.03,0.03,12,documented,0.385466691917724,0.18557861017163765,0.38816738816738816,0.2761791383798562,0.42000000000000004,0.35625,0.6935787934350467
validation_prolific,full,0.75,0.03,0.03,12,aligned,0.3762737452001371,0.1857826007479486,0.3876863876863877,0.28091618333748974,0.41999999999999993,0.35875,0.6994912237684424
validation_prolific,full,0.75,0.03,0.03,12,hyperplane_old,0.3481801532184243,0.191738947290921,0.3953823953823954,0.3078766416025582,0.4175000000000001,0.35750000000000004,0.7192951450364871
validation_prolific,full,0.75,0.03,0.03,13,plain,0.3260703287726564,0.19395338338223095,0.40644540644540644,0.30953124828474365,0.4175000000000001,0.35625,0.7216719826168134
validation_prolific,full,0.75,0.03,0.03,13,documented,0.34201090675017237,0.18970954500524484,0.38191438191438193,0.2556300646959055,0.39,0.34,0.7029859134502544
validation_prolific,full,0.75,0.03,0.03,13,aligned,0.32023236153427087,0.19141208781435884,0.3939393939393939,0.2677965874980211,0.39,0.3375,0.7008413918039228
validation_prolific,full,0.75,0.03,0.03,13,hyperplane_old,0.32760876025124785,0.19372842912252483,0.40644540644540644,0.3081865768696275,0.4175000000000001,0.35625,0.7213951711230507
validation_prolific,full,0.75,0.03,0.03,14,plain,0.3260703287726564,0.19395338338223095,0.40644540644540644,0.30953124828474365,0.4175000000000001,0.35625,0.7216719826168134
validation_prolific,full,0.75,0.03,0.03,14,documented,0.34210770677567487,0.18662231428111417,0.3992303992303992,0.2884084888919386,0.41500000000000004,0.35625000000000007,0.7146221571717728
validation_prolific,full,0.75,0.03,0.03,14,aligned,0.3988671125876495,0.18145932958963598,0.37277537277537276,0.31139043549297246,0.4050000000000001,0.3475,0.7078270527283451
validation_prolific,full,0.75,0.03,0.03,14,hyperplane_old,0.2993750970921694,0.19555741255352144,0.4078884078884079,0.30222757107903825,0.4225,0.34875,0.7156209735573562
validation_prolific,full,0.75,0.03,0.03,15,plain,0.3260703287726564,0.19395338338223095,0.40644540644540644,0.30953124828474365,0.4175000000000001,0.35625,0.7216719826168134
validation_prolific,full,0.75,0.03,0.03,15,documented,0.3478317508659622,0.1892391085895176,0.3852813852813853,0.23873736856138428,0.385,0.32125,0.6810345890506807
validation_prolific,full,0.75,0.03,0.03,15,aligned,0.3581705932072926,0.1883104067164189,0.3876863876863877,0.24884491575827133,0.39,0.32375,0.6827173853469253
validation_prolific,full,0.75,0.03,0.03,15,hyperplane_old,0.3259420164932094,0.19392564414969762,0.4069264069264069,0.31061423223725415,0.4175000000000001,0.35625,0.7202803338316274
validation_prolific,full,0.75,0.03,0.03,16,plain,0.3260703287726564,0.19395338338223095,0.40644540644540644,0.30953124828474365,0.4175000000000001,0.35625,0.7216719826168134
validation_prolific,full,0.75,0.03,0.03,16,documented,0.31962840267248344,0.19163271453628722,0.39730639730639733,0.30059826215473134,0.4175,0.35124999999999995,0.7046733245417356
validation_prolific,full,0.75,0.03,0.03,16,aligned,0.3033351660639246,0.1924478921545635,0.4030784030784031,0.3002200489051006,0.4025,0.34500000000000003,0.7039837688009897
validation_prolific,full,0.75,0.03,0.03,16,hyperplane_old,0.3260703287726564,0.19395338338223095,0.40644540644540644,0.30953124828474365,0.4175000000000001,0.35625,0.7216719826168134
validation_prolific,full,0.75,0.03,0.03,17,plain,0.3260703287726564,0.19395338338223095,0.40644540644540644,0.30953124828474365,0.4175000000000001,0.35625,0.7216719826168134
validation_prolific,full,0.75,0.03,0.03,17,documented,0.390452036266154,0.18563949140762537,0.3838383838383838,0.2650996027030952,0.4050000000000001,0.34500000000000003,0.7065588231292135
validation_prolific,full,0.75,0.03,0.03,17,aligned,0.3777719872799044,0.1863992391145481,0.39105339105339104,0.27217522427406293,0.41500000000000004,0.34,0.7028590390201359
validation_prolific,full,0.75,0.03,0.03,17,hyperplane_old,0.33677916714952005,0.19286393558138348,0.4030784030784031,0.3088369419394116,0.4225,0.36125,0.7205691925536376
validation_prolific,full,0.75,0.03,0.03,18,plain,0.3260703287726564,0.19395338338223095,0.40644540644540644,0.30953124828474365,0.4175000000000001,0.35625,0.7216719826168134
validation_prolific,full,0.75,0.03,0.03,18,documented,0.38431171108939455,0.187495762937759,0.4045214045214045,0.26503636510226863,0.39249999999999996,0.3375,0.684831701110751
validation_prolific,full,0.75,0.03,0.03,18,aligned,0.36363962094758656,0.18853308664334592,0.4102934102934103,0.2777907541168713,0.4050000000000001,0.3425,0.6982238918603357
validation_prolific,full,0.75,0.03,0.03,18,hyperplane_old,0.33664495489127594,0.19292259307723722,0.4025974025974026,0.30775187584639935,0.4225,0.3625,0.721440923913342
validation_prolific,full,0.75,0.03,0.03,19,plain,0.3260703287726564,0.19395338338223095,0.40644540644540644,0.30953124828474365,0.4175000000000001,0.35625,0.7216719826168134
validation_prolific,full,0.75,0.03,0.03,19,documented,0.23811805889111948,0.19680768834977727,0.4175084175084175,0.2643012124898581,0.38,0.31,0.6861632919918185
validation_prolific,full,0.75,0.03,0.03,19,aligned,0.24323403412936495,0.19676816737181183,0.41798941798941797,0.2660687284906483,0.36500000000000005,0.30375,0.6803922047703199
validation_prolific,full,0.75,0.03,0.03,19,hyperplane_old,0.3344336060139384,0.1931329817559819,0.4021164021164021,0.3044493595137069,0.41500000000000004,0.355,0.7193953135861583
validation_prolific,full,0.75,0.03,0.03,20,plain,0.3260703287726564,0.19395338338223095,0.40644540644540644,0.30953124828474365,0.4175000000000001,0.35625,0.7216719826168134
validation_prolific,full,0.75,0.03,0.03,20,documented,0.34233211325762364,0.19076366539441095,0.4054834054834055,0.275514643777295,0.3925,0.315,0.6697258723748989
validation_prolific,full,0.75,0.03,0.03,20,aligned,0.30281361810180907,0.192636665586573,0.4093314093314093,0.2773000521049692,0.395,0.32375,0.6798017773287508
validation_prolific,full,0.75,0.03,0.03,20,hyperplane_old,0.3221147774023285,0.19414336268797244,0.41125541125541126,0.3143203735661686,0.41500000000000004,0.35500000000000004,0.7205927707032531
validation_prolific,full,0.75,0.03,0.03,21,plain,0.3260703287726564,0.19395338338223095,0.40644540644540644,0.30953124828474365,0.4175000000000001,0.35625,0.7216719826168134
validation_prolific,full,0.75,0.03,0.03,21,documented,0.40172156368455947,0.18761178633086462,0.38191438191438193,0.25028153826569866,0.395,0.325,0.701496682750183
validation_prolific,full,0.75,0.03,0.03,21,aligned,0.3965534143891698,0.18766735432653292,0.39105339105339104,0.2601229870195321,0.385,0.32625000000000004,0.7002579172415109
validation_prolific,full,0.75,0.03,0.03,21,hyperplane_old,0.3313984100283658,0.1934110641979138,0.40596440596440597,0.30658280036312247,0.4175000000000001,0.35500000000000004,0.7199848575940339
validation_prolific,full,0.75,0.03,0.03,22,plain,0.3260703287726564,0.19395338338223095,0.40644540644540644,0.30953124828474365,0.4175000000000001,0.35625,0.7216719826168134
validation_prolific,full,0.75,0.03,0.03,22,documented,0.4039346640670564,0.18326544415643653,0.36507936507936506,0.311964551621606,0.425,0.36124999999999996,0.7230766773562094
validation_prolific,full,0.75,0.03,0.03,22,aligned,0.3984758686868907,0.18355942435008338,0.36604136604136606,0.32311887305159537,0.4325,0.36875,0.7211103982563148
validation_prolific,full,0.75,0.03,0.03,22,hyperplane_old,0.32098011019766,0.19433841955608686,0.4078884078884079,0.31291667173633303,0.4175000000000001,0.35374999999999995,0.7223072141756458
validation_prolific,full,0.75,0.03,0.03,23,plain,0.3260703287726564,0.19395338338223095,0.40644540644540644,0.30953124828474365,0.4175000000000001,0.35625,0.7216719826168134
validation_prolific,full,0.75,0.03,0.03,23,documented,0.2554694379653626,0.19534362311662778,0.41173641173641173,0.273971279735962,0.4,0.33625000000000005,0.6799214082163544
validation_prolific,full,0.75,0.03,0.03,23,aligned,0.26400483136548536,0.19432613501477597,0.4126984126984127,0.2873813793554624,0.41,0.34375,0.6886697973154329
validation_prolific,full,0.75,0.03,0.03,23,hyperplane_old,0.34050661347681305,0.19239271367666205,0.3977873977873978,0.3079579603227575,0.4175000000000001,0.35625,0.7200898588430898
validation_prolific,full,0.75,0.03,0.03,24,plain,0.3260703287726564,0.19395338338223095,0.40644540644540644,0.30953124828474365,0.4175000000000001,0.35625,0.7216719826168134
validation_prolific,full,0.75,0.03,0.03,24,documented,0.40716430803979947,0.18481972568082292,0.3949013949013949,0.2849426332604108,0.4225,0.355,0.7121179128950204
validation_prolific,full,0.75,0.03,0.03,24,aligned,0.3801921658358956,0.18694121618954926,0.4030784030784031,0.2845579224866926,0.41500000000000004,0.355,0.7176787207479947
validation_prolific,full,0.75,0.03,0.03,24,hyperplane_old,0.33905679063937066,0.19263602759889453,0.4025974025974026,0.3078972480496934,0.4225,0.3625,0.7218661722293614
validation_prolific,full,0.75,0.03,0.03,25,plain,0.3260703287726564,0.19395338338223095,0.40644540644540644,0.30953124828474365,0.4175000000000001,0.35625,0.7216719826168134
validation_prolific,full,0.75,0.03,0.03,25,documented,0.394868552642654,0.18447445397627016,0.3569023569023569,0.27278007974389695,0.39,0.3325,0.7025238965252727
validation_prolific,full,0.75,0.03,0.03,25,aligned,0.38796195275397927,0.18502123750282,0.3655603655603656,0.27507972082277155,0.395,0.32375,0.7045958565571789
validation_prolific,full,0.75,0.03,0.03,25,hyperplane_old,0.3260703287726564,0.19395338338223095,0.40644540644540644,0.30953124828474365,0.4175000000000001,0.35625,0.7216719826168134
validation_prolific,full,0.75,0.03,0.03,26,plain,0.3260703287726564,0.19395338338223095,0.40644540644540644,0.30953124828474365,0.4175000000000001,0.35625,0.7216719826168134
validation_prolific,full,0.75,0.03,0.03,26,documented,0.3473610400476578,0.18909437858364195,0.3872053872053872,0.27672866113446476,0.43,0.3475,0.7177234331050693
validation_prolific,full,0.75,0.03,0.03,26,aligned,0.32079598385936264,0.1911530498470201,0.3924963924963925,0.285495969003001,0.4074999999999999,0.34750000000000003,0.7144135124877129
validation_prolific,full,0.75,0.03,0.03,26,hyperplane_old,0.295989702721752,0.19569985441830037,0.4102934102934103,0.3064299460501041,0.4125,0.34625000000000006,0.713942283444528
validation_prolific,full,0.75,0.03,0.03,27,plain,0.3260703287726564,0.19395338338223095,0.40644540644540644,0.30953124828474365,0.4175000000000001,0.35625,0.7216719826168134
validation_prolific,full,0.75,0.03,0.03,27,documented,0.4552667465726087,0.1780015157081587,0.34295334295334295,0.2778164516897586,0.42750000000000005,0.375,0.7204507100785451
validation_prolific,full,0.75,0.03,0.03,27,aligned,0.44925992924321884,0.1790286778752274,0.35305435305435307,0.28434713035346515,0.425,0.3625,0.7173525778226171
validation_prolific,full,0.75,0.03,0.03,27,hyperplane_old,0.33664495489127594,0.19292259307723722,0.4025974025974026,0.30775187584639935,0.4225,0.3625,0.721440923913342
validation_prolific,full,0.75,0.03,0.03,28,plain,0.3260703287726564,0.19395338338223095,0.40644540644540644,0.30953124828474365,0.4175000000000001,0.35625,0.7216719826168134
validation_prolific,full,0.75,0.03,0.03,28,documented,0.3970454377013739,0.1836872486611214,0.3785473785473785,0.2953745559686241,0.425,0.36124999999999996,0.7227318022468834
validation_prolific,full,0.75,0.03,0.03,28,aligned,0.37689340196087834,0.18585959853878728,0.3852813852813853,0.2965721085929048,0.4225,0.35125,0.7119769162018823
validation_prolific,full,0.75,0.03,0.03,28,hyperplane_old,0.33905679063937066,0.19263602759889453,0.4025974025974026,0.3078972480496934,0.4225,0.3625,0.7218661722293614
validation_prolific,full,0.75,0.03,0.03,29,plain,0.3260703287726564,0.19395338338223095,0.40644540644540644,0.30953124828474365,0.4175000000000001,0.35625,0.7216719826168134
validation_prolific,full,0.75,0.03,0.03,29,documented,0.40738871324225806,0.18146103739701905,0.3569023569023569,0.2793129177648204,0.4050000000000001,0.34500000000000003,0.7007407385147507
validation_prolific,full,0.75,0.03,0.03,29,aligned,0.40963124304647053,0.17971856238077186,0.35978835978835977,0.29405090716994,0.425,0.34875,0.7047317018352237
validation_prolific,full,0.75,0.03,0.03,29,hyperplane_old,0.36433157450812514,0.19027218689370165,0.39730639730639733,0.29822776096564185,0.41500000000000004,0.35250000000000004,0.7168508434993045
validation_prolific,full,0.75,0.03,0.03,30,plain,0.3260703287726564,0.19395338338223095,0.40644540644540644,0.30953124828474365,0.4175000000000001,0.35625,0.7216719826168134
validation_prolific,full,0.75,0.03,0.03,30,documented,0.32262108735561695,0.19293101683585775,0.4078884078884079,0.2586466642887973,0.4025,0.34750000000000003,0.6937422508529003
validation_prolific,full,0.75,0.03,0.03,30,aligned,0.3044449693930511,0.19453671408109185,0.41943241943241943,0.2676968871207482,0.39,0.3375,0.6988382736267562
validation_prolific,full,0.75,0.03,0.03,30,hyperplane_old,0.3260703287726564,0.19395338338223095,0.40644540644540644,0.30953124828474365,0.4175000000000001,0.35625,0.7216719826168134
validation_prolific,full,0.75,0.03,0.03,31,plain,0.3260703287726564,0.19395338338223095,0.40644540644540644,0.30953124828474365,0.4175000000000001,0.35625,0.7216719826168134
validation_prolific,full,0.75,0.03,0.03,31,documented,0.3689260333027565,0.18590380391642627,0.38095238095238093,0.29770193875955175,0.43,0.37,0.7209600189792319
validation_prolific,full,0.75,0.03,0.03,31,aligned,0.365682770213457,0.1866088662700575,0.38095238095238093,0.2934847586540957,0.425,0.3625,0.7135580682183338
validation_prolific,full,0.75,0.03,0.03,31,hyperplane_old,0.3299014189057114,0.19331430813039807,0.40644540644540644,0.3100721740679693,0.4175000000000001,0.35625,0.7214126198440634
validation_prolific,full,0.75,0.03,0.03,32,plain,0.3260703287726564,0.19395338338223095,0.40644540644540644,0.30953124828474365,0.4175000000000001,0.35625,0.7216719826168134
validation_prolific,full,0.75,0.03,0.03,32,documented,0.473922162817933,0.1780348965373715,0.35353535353535354,0.266452104486509,0.3925,0.3275,0.6766182084581762
validation_prolific,full,0.75,0.03,0.03,32,aligned,0.428350795205637,0.1809501284272157,0.3641173641173641,0.28739893894553115,0.395,0.32999999999999996,0.680237894561605
validation_prolific,full,0.75,0.03,0.03,32,hyperplane_old,0.33338386349791327,0.19324495987318108,0.40355940355940356,0.3066238832837637,0.41500000000000004,0.355,0.7185649852577781
validation_prolific,full,0.75,0.03,0.03,33,plain,0.3260703287726564,0.19395338338223095,0.40644540644540644,0.30953124828474365,0.4175000000000001,0.35625,0.7216719826168134
validation_prolific,full,0.75,0.03,0.03,33,documented,0.3934422752574089,0.18739908003104117,0.38047138047138046,0.2406031104596536,0.3975,0.32125,0.6871787303414179
validation_prolific,full,0.75,0.03,0.03,33,aligned,0.3889952210131185,0.18767490162336017,0.3823953823953824,0.24318565171358716,0.395,0.32375,0.6865289014536062
validation_prolific,full,0.75,0.03,0.03,33,hyperplane_old,0.3287003859191899,0.19367260872973915,0.40644540644540644,0.30941645250620886,0.4175000000000001,0.35750000000000004,0.7222365467126772
validation_prolific,full,0.75,0.03,0.03,34,plain,0.3260703287726564,0.19395338338223095,0.40644540644540644,0.30953124828474365,0.4175000000000001,0.35625,0.7216719826168134
validation_prolific,full,0.75,0.03,0.03,34,documented,0.3802681186737141,0.18587310531580511,0.37518037518037517,0.27757356203944067,0.4,0.34750000000000003,0.6938599849624367
validation_prolific,full,0.75,0.03,0.03,34,aligned,0.3752421466015561,0.1854386959359807,0.37806637806637805,0.30991155977467927,0.4125,0.355,0.7103515681961083
validation_prolific,full,0.75,0.03,0.03,34,hyperplane_old,0.3260703287726564,0.19395338338223095,0.40644540644540644,0.30953124828474365,0.4175000000000001,0.35625,0.7216719826168134
validation_prolific,full,0.75,0.03,0.03,35,plain,0.3260703287726564,0.19395338338223095,0.40644540644540644,0.30953124828474365,0.4175000000000001,0.35625,0.7216719826168134
validation_prolific,full,0.75,0.03,0.03,35,documented,0.26924478502545435,0.19381854457603034,0.4030784030784031,0.29466790357109596,0.42000000000000004,0.35875,0.7076641185857347
validation_prolific,full,0.75,0.03,0.03,35,aligned,0.28773568659293736,0.19217661273698905,0.4001924001924002,0.305482071206921,0.4175,0.3524999999999999,0.7059590826854463
validation_prolific,full,0.75,0.03,0.03,35,hyperplane_old,0.31251338711577387,0.19490777213760624,0.4102934102934103,0.30468307672246997,0.41500000000000004,0.35375,0.7182707907645426
validation_prolific,full,0.75,0.03,0.03,36,plain,0.3260703287726564,0.19395338338223095,0.40644540644540644,0.30953124828474365,0.4175000000000001,0.35625,0.7216719826168134
validation_prolific,full,0.75,0.03,0.03,36,documented,0.39920896309587944,0.18390886278844373,0.3775853775853776,0.2654988351000512,0.41500000000000004,0.34750000000000003,0.7086058638097699
validation_prolific,full,0.75,0.03,0.03,36,aligned,0.3473112761157853,0.18934915711919542,0.3977873977873978,0.2723993937576344,0.41,0.3375,0.6957790618472515
validation_prolific,full,0.75,0.03,0.03,36,hyperplane_old,0.3380988288315765,0.19269927875148124,0.4025974025974026,0.30651069208975534,0.4225,0.3625,0.7211641124195793
validation_prolific,full,0.75,0.03,0.03,37,plain,0.3260703287726564,0.19395338338223095,0.40644540644540644,0.30953124828474365,0.4175000000000001,0.35625,0.7216719826168134
validation_prolific,full,0.75,0.03,0.03,37,documented,0.30690330204614574,0.19104328302595006,0.39730639730639733,0.2508338434095305,0.41,0.35,0.6935568157072385
validation_prolific,full,0.75,0.03,0.03,37,aligned,0.3030362105928795,0.1910146626398838,0.39730639730639733,0.2653595285175731,0.40499999999999997,0.34875,0.6942249366180541
validation_prolific,full,0.75,0.03,0.03,37,hyperplane_old,0.34474753157746113,0.19219918748054213,0.4001924001924002,0.304348648449096,0.41500000000000004,0.355,0.7220057304903618
validation_prolific,full,0.75,0.03,0.03,38,plain,0.3260703287726564,0.19395338338223095,0.40644540644540644,0.30953124828474365,0.4175000000000001,0.35625,0.7216719826168134
validation_prolific,full,0.75,0.03,0.03,38,documented,0.37703171626533327,0.1874468838558805,0.38095238095238093,0.27596349766161515,0.4175,0.355,0.7145031363122877
validation_prolific,full,0.75,0.03,0.03,38,aligned,0.35252230741768764,0.1890471481778887,0.39586339586339586,0.29713914360591887,0.41500000000000004,0.36125000000000007,0.7156412368954552
validation_prolific,full,0.75,0.03,0.03,38,hyperplane_old,0.3260703287726564,0.19395338338223095,0.40644540644540644,0.30953124828474365,0.4175000000000001,0.35625,0.7216719826168134
validation_prolific,full,0.75,0.03,0.03,39,plain,0.3260703287726564,0.19395338338223095,0.40644540644540644,0.30953124828474365,0.4175000000000001,0.35625,0.7216719826168134
validation_prolific,full,0.75,0.03,0.03,39,documented,0.33797765283024844,0.19085783266726777,0.39634439634439633,0.2783607097345751,0.4025,0.325,0.6912141018525991
validation_prolific,full,0.75,0.03,0.03,39,aligned,0.3143872714699609,0.19216410455790897,0.39826839826839827,0.2830221091675586,0.395,0.32125,0.6827550963784977
validation_prolific,full,0.75,0.03,0.03,39,hyperplane_old,0.3176800035915261,0.1943565902355384,0.405002405002405,0.29851553803237724,0.42000000000000004,0.35625,0.7168155963136067
validation_prolific,full,0.75,0.03,0.03,40,plain,0.3260703287726564,0.19395338338223095,0.40644540644540644,0.30953124828474365,0.4175000000000001,0.35625,0.7216719826168134
validation_prolific,full,0.75,0.03,0.03,40,documented,0.27316491870954046,0.19307761173386173,0.4030784030784031,0.26359638159836846,0.395,0.3375,0.6862264175577149
validation_prolific,full,0.75,0.03,0.03,40,aligned,0.2613889782851561,0.1932072699876372,0.39874939874939874,0.2854648779076696,0.4,0.33499999999999996,0.6885399462138169
validation_prolific,full,0.75,0.03,0.03,40,hyperplane_old,0.30893980320540143,0.19520098737006977,0.4107744107744108,0.30585974954500345,0.4175000000000001,0.35625,0.7213333924667522
validation_prolific,full,0.75,0.03,0.03,41,plain,0.3260703287726564,0.19395338338223095,0.40644540644540644,0.30953124828474365,0.4175000000000001,0.35625,0.7216719826168134
validation_prolific,full,0.75,0.03,0.03,41,documented,0.30073336152629054,0.18997126727066838,0.3915343915343915,0.26932850847366485,0.395,0.32875,0.6982309902149417
validation_prolific,full,0.75,0.03,0.03,41,aligned,0.27847138930621357,0.19220425915012268,0.39874939874939874,0.2765038185382475,0.3925,0.3325,0.6987002065871526
validation_prolific,full,0.75,0.03,0.03,41,hyperplane_old,0.2938063867110404,0.19590859999346039,0.4098124098124098,0.30205487573985546,0.425,0.34624999999999995,0.71129239241023
validation_prolific,full,0.75,0.03,0.03,42,plain,0.3260703287726564,0.19395338338223095,0.40644540644540644,0.30953124828474365,0.4175000000000001,0.35625,0.7216719826168134
validation_prolific,full,0.75,0.03,0.03,42,documented,0.4250199367800915,0.18478650743708258,0.3698893698893699,0.26183294177871597,0.4175000000000001,0.35,0.7035509692195736
validation_prolific,full,0.75,0.03,0.03,42,aligned,0.4089927801109928,0.18487980181754177,0.37133237133237135,0.28495492239178954,0.4175,0.34875,0.7105618368381451
validation_prolific,full,0.75,0.03,0.03,42,hyperplane_old,0.3340646826707507,0.19318836931919306,0.40596440596440597,0.3079241557833085,0.41500000000000004,0.35124999999999995,0.7188802828188244
validation_prolific,full,0.75,0.03,0.03,43,plain,0.3260703287726564,0.19395338338223095,0.40644540644540644,0.30953124828474365,0.4175000000000001,0.35625,0.7216719826168134
validation_prolific,full,0.75,0.03,0.03,43,documented,0.44705909658755427,0.18037518833604455,0.3655603655603656,0.2834787041529868,0.43,0.36124999999999996,0.7211554168618194
validation_prolific,full,0.75,0.03,0.03,43,aligned,0.42741694876324327,0.18104505650231242,0.3641173641173641,0.30403876807378166,0.42749999999999994,0.36124999999999996,0.7189911768293775
validation_prolific,full,0.75,0.03,0.03,43,hyperplane_old,0.3396901164849953,0.19221446116551133,0.40115440115440115,0.31723696426905756,0.4225,0.3625,0.7258423963836084
validation_prolific,full,0.75,0.03,0.03,44,plain,0.3260703287726564,0.19395338338223095,0.40644540644540644,0.30953124828474365,0.4175000000000001,0.35625,0.7216719826168134
validation_prolific,full,0.75,0.03,0.03,44,documented,0.3933065219962639,0.18512519418900625,0.3823953823953824,0.3065850472907073,0.4074999999999999,0.3375,0.701410172774728
validation_prolific,full,0.75,0.03,0.03,44,aligned,0.4117716390157146,0.18252073052981915,0.38287638287638287,0.3193859807580234,0.40750000000000003,0.35,0.7106242692867915
validation_prolific,full,0.75,0.03,0.03,44,hyperplane_old,0.32713045007257197,0.193819643626811,0.40644540644540644,0.3081629783531311,0.4175000000000001,0.35500000000000004,0.7203035590052759
validation_prolific,full,0.75,0.03,0.03,45,plain,0.3260703287726564,0.19395338338223095,0.40644540644540644,0.30953124828474365,0.4175000000000001,0.35625,0.7216719826168134
validation_prolific,full,0.75,0.03,0.03,45,documented,0.3481480988757293,0.18777060451583416,0.38335738335738334,0.2845548177756504,0.4050000000000001,0.355,0.7118416811895176
validation_prolific,full,0.75,0.03,0.03,45,aligned,0.3487277277015795,0.1878464480547368,0.38191438191438193,0.29561714195181366,0.40750000000000003,0.34500000000000003,0.7109701926642318
validation_prolific,full,0.75,0.03,0.03,45,hyperplane_old,0.33516188674452335,0.19329334823186908,0.40644540644540644,0.30323886561545754,0.41500000000000004,0.355,0.7209982539241628
validation_prolific,full,0.75,0.03,0.03,46,plain,0.3260703287726564,0.19395338338223095,0.40644540644540644,0.30953124828474365,0.4175000000000001,0.35625,0.7216719826168134
validation_prolific,full,0.75,0.03,0.03,46,documented,0.4149651321819165,0.18433563011257095,0.37902837902837905,0.28124791273690597,0.39249999999999996,0.34124999999999994,0.7073481440253493
validation_prolific,full,0.75,0.03,0.03,46,aligned,0.4022602820745457,0.18440763616292502,0.3785473785473785,0.2914232510935014,0.395,0.34625,0.7024252181783117
validation_prolific,full,0.75,0.03,0.03,46,hyperplane_old,0.3344336060139384,0.1931329817559819,0.4021164021164021,0.3044493595137069,0.41500000000000004,0.355,0.7193953135861583
validation_prolific,full,0.75,0.03,0.03,47,plain,0.3260703287726564,0.19395338338223095,0.40644540644540644,0.30953124828474365,0.4175000000000001,0.35625,0.7216719826168134
validation_prolific,full,0.75,0.03,0.03,47,documented,0.336002897679592,0.18842308592843632,0.38287638287638287,0.26805836173277103,0.3875,0.3275,0.6968259791520637
validation_prolific,full,0.75,0.03,0.03,47,aligned,0.31616421491739166,0.19019265282661404,0.38816738816738816,0.2855075343530761,0.38499999999999995,0.32875,0.6952320814602977
validation_prolific,full,0.75,0.03,0.03,47,hyperplane_old,0.3260703287726564,0.19395338338223095,0.40644540644540644,0.30953124828474365,0.4175000000000001,0.35625,0.7216719826168134
validation_prolific,full,0.75,0.03,0.03,48,plain,0.3260703287726564,0.19395338338223095,0.40644540644540644,0.30953124828474365,0.4175000000000001,0.35625,0.7216719826168134
validation_prolific,full,0.75,0.03,0.03,48,documented,0.3603909788089794,0.18944590702711814,0.39586339586339586,0.28188120865781907,0.4125,0.35375,0.7054447317978236
validation_prolific,full,0.75,0.03,0.03,48,aligned,0.3326250762461669,0.19101404471878827,0.4001924001924002,0.2912752653016364,0.40750000000000003,0.34625,0.7036846781612657
validation_prolific,full,0.75,0.03,0.03,48,hyperplane_old,0.31817828406620213,0.19429702639900578,0.4074074074074074,0.3138076034934157,0.42000000000000004,0.35750000000000004,0.7226229201112648
validation_prolific,full,0.75,0.03,0.03,49,plain,0.3260703287726564,0.19395338338223095,0.40644540644540644,0.30953124828474365,0.4175000000000001,0.35625,0.7216719826168134
validation_prolific,full,0.75,0.03,0.03,49,documented,0.3520876663834403,0.18619221186273552,0.3602693602693603,0.3015254443417966,0.4125,0.34124999999999994,0.7048262603232922
validation_prolific,full,0.75,0.03,0.03,49,aligned,0.3427606446758413,0.1880403376844156,0.37037037037037035,0.2900976768184969,0.4,0.33,0.6973114466215213
validation_prolific,full,0.75,0.03,0.03,49,hyperplane_old,0.32479828374466563,0.19399620322930192,0.4069264069264069,0.30915987401769807,0.4175000000000001,0.355,0.7225824470927623
validation_prolific,full,1.0,0.03,0.03,0,plain,0.3260703287726564,0.19395338338223095,0.40644540644540644,0.30953124828474365,0.4175000000000001,0.35625,0.7216719826168134
validation_prolific,full,1.0,0.03,0.03,0,documented,0.2723790750414993,0.1955602796573346,0.40644540644540644,0.29820313602402126,0.41,0.33375000000000005,0.6985083265553825
validation_prolific,full,1.0,0.03,0.03,0,aligned,0.2707886247024597,0.1955788451399698,0.4102934102934103,0.29319945199063746,0.40750000000000003,0.33625000000000005,0.7009367757407168
validation_prolific,full,1.0,0.03,0.03,0,hyperplane_old,0.3260703287726564,0.19395338338223095,0.40644540644540644,0.30953124828474365,0.4175000000000001,0.35625,0.7216719826168134
validation_prolific,full,1.0,0.03,0.03,1,plain,0.3260703287726564,0.19395338338223095,0.40644540644540644,0.30953124828474365,0.4175000000000001,0.35625,0.7216719826168134
validation_prolific,full,1.0,0.03,0.03,1,documented,0.17727243577888582,0.2048100445209685,0.4458874458874459,0.27998937230514576,0.40750000000000003,0.34375,0.708038808172019
validation_prolific,full,1.0,0.03,0.03,1,aligned,0.20781152626259392,0.2022622778901127,0.4381914381914382,0.2999719824021632,0.41000000000000003,0.35375,0.7147747899986348
validation_prolific,full,1.0,0.03,0.03,1,hyperplane_old,0.3260703287726564,0.19395338338223095,0.40644540644540644,0.30953124828474365,0.4175000000000001,0.35625,0.7216719826168134
validation_prolific,full,1.0,0.03,0.03,2,plain,0.3260703287726564,0.19395338338223095,0.40644540644540644,0.30953124828474365,0.4175000000000001,0.35625,0.7216719826168134
validation_prolific,full,1.0,0.03,0.03,2,documented,0.2523787416794034,0.1992190530803693,0.4252044252044252,0.30568304809025676,0.4125,0.35625,0.7094047089907187
validation_prolific,full,1.0,0.03,0.03,2,aligned,0.25099846095832046,0.1993317313408917,0.42712842712842713,0.30458999862661845,0.40750000000000003,0.35,0.704623950881546
validation_prolific,full,1.0,0.03,0.03,2,hyperplane_old,0.3260703287726564,0.19395338338223095,0.40644540644540644,0.30953124828474365,0.4175000000000001,0.35625,0.7216719826168134
validation_prolific,full,1.0,0.03,0.03,3,plain,0.3260703287726564,0.19395338338223095,0.40644540644540644,0.30953124828474365,0.4175000000000001,0.35625,0.7216719826168134
validation_prolific,full,1.0,0.03,0.03,3,documented,0.20431438746041913,0.20072819087353386,0.42953342953342954,0.30159578704437057,0.4149999999999999,0.34625000000000006,0.6977312518602229
validation_prolific,full,1.0,0.03,0.03,3,aligned,0.20721190120331753,0.20079415764796404,0.4357864357864358,0.2959990244860009,0.4175,0.34750000000000003,0.6977426513189199
validation_prolific,full,1.0,0.03,0.03,3,hyperplane_old,0.3260703287726564,0.19395338338223095,0.40644540644540644,0.30953124828474365,0.4175000000000001,0.35625,0.7216719826168134
validation_prolific,full,1.0,0.03,0.03,4,plain,0.3260703287726564,0.19395338338223095,0.40644540644540644,0.30953124828474365,0.4175000000000001,0.35625,0.7216719826168134
validation_prolific,full,1.0,0.03,0.03,4,documented,0.26915632748435087,0.19861289936916648,0.4227994227994228,0.30495106959496665,0.4025,0.34125,0.7078622286895031
validation_prolific,full,1.0,0.03,0.03,4,aligned,0.2757891148762766,0.1980752054298148,0.4261664261664262,0.30019703079721044,0.4,0.33625,0.7063410941776835
validation_prolific,full,1.0,0.03,0.03,4,hyperplane_old,0.3260703287726564,0.19395338338223095,0.40644540644540644,0.30953124828474365,0.4175000000000001,0.35625,0.7216719826168134
validation_prolific,full,1.0,0.03,0.03,5,plain,0.3260703287726564,0.19395338338223095,0.40644540644540644,0.30953124828474365,0.4175000000000001,0.35625,0.7216719826168134
validation_prolific,full,1.0,0.03,0.03,5,documented,0.21276945595530278,0.2024784036894653,0.43482443482443484,0.30631806841982945,0.42250000000000004,0.35750000000000004,0.7143306310154858
validation_prolific,full,1.0,0.03,0.03,5,aligned,0.20631042090067597,0.2023826892235844,0.4357864357864358,0.30622151418745347,0.41500000000000004,0.35875,0.7133513477267263
validation_prolific,full,1.0,0.03,0.03,5,hyperplane_old,0.30655794603477576,0.19546734599258436,0.4107744107744108,0.30586144231102874,0.4175000000000001,0.35625,0.7206610223736158
validation_prolific,full,1.0,0.03,0.03,6,plain,0.3260703287726564,0.19395338338223095,0.40644540644540644,0.30953124828474365,0.4175000000000001,0.35625,0.7216719826168134
validation_prolific,full,1.0,0.03,0.03,6,documented,0.20650307519844677,0.20200600262886106,0.4247234247234247,0.2789388406878622,0.395,0.3175,0.6949016284039775
validation_prolific,full,1.0,0.03,0.03,6,aligned,0.21731216399144387,0.20088678008232227,0.4252044252044252,0.28265215580364,0.38,0.31625000000000003,0.6978208208626028
validation_prolific,full,1.0,0.03,0.03,6,hyperplane_old,0.3260703287726564,0.19395338338223095,0.40644540644540644,0.30953124828474365,0.4175000000000001,0.35625,0.7216719826168134
validation_prolific,full,1.0,0.03,0.03,7,plain,0.3260703287726564,0.19395338338223095,0.40644540644540644,0.30953124828474365,0.4175000000000001,0.35625,0.7216719826168134
validation_prolific,full,1.0,0.03,0.03,7,documented,0.2004023908981949,0.20340751790082642,0.4304954304954305,0.2906302881320732,0.4025,0.34750000000000003,0.711080920692509
validation_prolific,full,1.0,0.03,0.03,7,aligned,0.21179678940499466,0.20233072962999007,0.43482443482443484,0.2904284922026096,0.4,0.34624999999999995,0.7085508408099078
validation_prolific,full,1.0,0.03,0.03,7,hyperplane_old,0.3260703287726564,0.19395338338223095,0.40644540644540644,0.30953124828474365,0.4175000000000001,0.35625,0.7216719826168134
validation_prolific,full,1.0,0.03,0.03,8,plain,0.3260703287726564,0.19395338338223095,0.40644540644540644,0.30953124828474365,0.4175000000000001,0.35625,0.7216719826168134
validation_prolific,full,1.0,0.03,0.03,8,documented,0.25571552581561596,0.19801837076996326,0.41895141895141896,0.27135550878462567,0.4025,0.34125,0.6838347574204524
validation_prolific,full,1.0,0.03,0.03,8,aligned,0.26555667264262417,0.19709930828332137,0.4213564213564214,0.27399446319149,0.4,0.33875,0.6875317460716925
validation_prolific,full,1.0,0.03,0.03,8,hyperplane_old,0.3260703287726564,0.19395338338223095,0.40644540644540644,0.30953124828474365,0.4175000000000001,0.35625,0.7216719826168134
validation_prolific,full,1.0,0.03,0.03,9,plain,0.3260703287726564,0.19395338338223095,0.40644540644540644,0.30953124828474365,0.4175000000000001,0.35625,0.7216719826168134
validation_prolific,full,1.0,0.03,0.03,9,documented,0.1665376931418585,0.20629649830635005,0.4458874458874459,0.27085684345464095,0.40499999999999997,0.33375000000000005,0.7035735672079362
validation_prolific,full,1.0,0.03,0.03,9,aligned,0.17070939002881694,0.20578179855378476,0.4478114478114478,0.2687655507643215,0.39749999999999996,0.33,0.7017742136043468
validation_prolific,full,1.0,0.03,0.03,9,hyperplane_old,0.3260703287726564,0.19395338338223095,0.40644540644540644,0.30953124828474365,0.4175000000000001,0.35625,0.7216719826168134
validation_prolific,full,1.0,0.03,0.03,10,plain,0.3260703287726564,0.19395338338223095,0.40644540644540644,0.30953124828474365,0.4175000000000001,0.35625,0.7216719826168134
validation_prolific,full,1.0,0.03,0.03,10,documented,0.25834930755169966,0.19892898785644322,0.4208754208754209,0.287862086072025,0.41,0.34625000000000006,0.7067450287464832
validation_prolific,full,1.0,0.03,0.03,10,aligned,0.26924952464062224,0.19774439203271738,0.4223184223184223,0.28974594925706,0.4025,0.3425,0.7100181073843522
validation_prolific,full,1.0,0.03,0.03,10,hyperplane_old,0.3260703287726564,0.19395338338223095,0.40644540644540644,0.30953124828474365,0.4175000000000001,0.35625,0.7216719826168134
validation_prolific,full,1.0,0.03,0.03,11,plain,0.3260703287726564,0.19395338338223095,0.40644540644540644,0.30953124828474365,0.4175000000000001,0.35625,0.7216719826168134
validation_prolific,full,1.0,0.03,0.03,11,documented,0.2348462687064169,0.20062808520159656,0.43001443001443,0.31003555384466724,0.4175000000000001,0.34625000000000006,0.7184572825817076
validation_prolific,full,1.0,0.03,0.03,11,aligned,0.2448381599887903,0.19963457628682496,0.4304954304954305,0.3162432737357707,0.41,0.35124999999999995,0.7241610267155464
validation_prolific,full,1.0,0.03,0.03,11,hyperplane_old,0.3260703287726564,0.19395338338223095,0.40644540644540644,0.30953124828474365,0.4175000000000001,0.35625,0.7216719826168134
validation_prolific,full,1.0,0.03,0.03,12,plain,0.3260703287726564,0.19395338338223095,0.40644540644540644,0.30953124828474365,0.4175000000000001,0.35625,0.7216719826168134
validation_prolific,full,1.0,0.03,0.03,12,documented,0.2611925267326677,0.19897437235494528,0.41895141895141896,0.284010181879359,0.4,0.34125,0.6970452749347832
validation_prolific,full,1.0,0.03,0.03,12,aligned,0.2796623156442618,0.19733248210287443,0.4199134199134199,0.28826533576973706,0.39749999999999996,0.34625000000000006,0.6990145440733406
validation_prolific,full,1.0,0.03,0.03,12,hyperplane_old,0.3260703287726564,0.19395338338223095,0.40644540644540644,0.30953124828474365,0.4175000000000001,0.35625,0.7216719826168134
validation_prolific,full,1.0,0.03,0.03,13,plain,0.3260703287726564,0.19395338338223095,0.40644540644540644,0.30953124828474365,0.4175000000000001,0.35625,0.7216719826168134
validation_prolific,full,1.0,0.03,0.03,13,documented,0.25842164428985154,0.19877504713072222,0.42857142857142855,0.30928057200672116,0.4225,0.35875,0.7219811191696861
validation_prolific,full,1.0,0.03,0.03,13,aligned,0.27294707439251686,0.1972003722405714,0.42568542568542567,0.31305405646442386,0.4125,0.35375,0.7217892555267708
validation_prolific,full,1.0,0.03,0.03,13,hyperplane_old,0.3260703287726564,0.19395338338223095,0.40644540644540644,0.30953124828474365,0.4175000000000001,0.35625,0.7216719826168134
validation_prolific,full,1.0,0.03,0.03,14,plain,0.3260703287726564,0.19395338338223095,0.40644540644540644,0.30953124828474365,0.4175000000000001,0.35625,0.7216719826168134
validation_prolific,full,1.0,0.03,0.03,14,documented,0.2652729723080896,0.1960873985136543,0.4045214045214045,0.29475512526316117,0.41000000000000003,0.34375,0.7110277105946646
validation_prolific,full,1.0,0.03,0.03,14,aligned,0.2787645999227956,0.19503620608430444,0.4074074074074074,0.2992866283575525,0.4025,0.34624999999999995,0.7121038134190129
validation_prolific,full,1.0,0.03,0.03,14,hyperplane_old,0.3260703287726564,0.19395338338223095,0.40644540644540644,0.30953124828474365,0.4175000000000001,0.35625,0.7216719826168134
validation_prolific,full,1.0,0.03,0.03,15,plain,0.3260703287726564,0.19395338338223095,0.40644540644540644,0.30953124828474365,0.4175000000000001,0.35625,0.7216719826168134
validation_prolific,full,1.0,0.03,0.03,15,documented,0.2477437596476922,0.19970388044346027,0.42857142857142855,0.3152626943759542,0.4175000000000001,0.35875,0.7128388860570471
validation_prolific,full,1.0,0.03,0.03,15,aligned,0.25555979294337405,0.19912659726857437,0.42857142857142855,0.31042788389962134,0.40750000000000003,0.35375,0.7101660558753515
validation_prolific,full,1.0,0.03,0.03,15,hyperplane_old,0.3260703287726564,0.19395338338223095,0.40644540644540644,0.30953124828474365,0.4175000000000001,0.35625,0.7216719826168134
validation_prolific,full,1.0,0.03,0.03,16,plain,0.3260703287726564,0.19395338338223095,0.40644540644540644,0.30953124828474365,0.4175000000000001,0.35625,0.7216719826168134
validation_prolific,full,1.0,0.03,0.03,16,documented,0.2830176467230245,0.19752728884568413,0.4304954304954305,0.2828183806478555,0.4050000000000001,0.34,0.7092509622630171
validation_prolific,full,1.0,0.03,0.03,16,aligned,0.2982046994933903,0.19652594629651005,0.42328042328042326,0.30029748740876927,0.41,0.34875,0.7140571401780652
validation_prolific,full,1.0,0.03,0.03,16,hyperplane_old,0.3260703287726564,0.19395338338223095,0.40644540644540644,0.30953124828474365,0.4175000000000001,0.35625,0.7216719826168134
validation_prolific,full,1.0,0.03,0.03,17,plain,0.3260703287726564,0.19395338338223095,0.40644540644540644,0.30953124828474365,0.4175000000000001,0.35625,0.7216719826168134
validation_prolific,full,1.0,0.03,0.03,17,documented,0.26762764868554495,0.19888492411687392,0.43338143338143337,0.2898076455744941,0.4025,0.345,0.7058321613655132
validation_prolific,full,1.0,0.03,0.03,17,aligned,0.2866904806100579,0.19710812773928116,0.43386243386243384,0.2970048300127117,0.41,0.34875,0.7089662874986831
validation_prolific,full,1.0,0.03,0.03,17,hyperplane_old,0.3260703287726564,0.19395338338223095,0.40644540644540644,0.30953124828474365,0.4175000000000001,0.35625,0.7216719826168134
validation_prolific,full,1.0,0.03,0.03,18,plain,0.3260703287726564,0.19395338338223095,0.40644540644540644,0.30953124828474365,0.4175000000000001,0.35625,0.7216719826168134
validation_prolific,full,1.0,0.03,0.03,18,documented,0.2648470986668164,0.198834572241704,0.4213564213564214,0.28725840330424973,0.4125,0.35250000000000004,0.7122236841964454
validation_prolific,full,1.0,0.03,0.03,18,aligned,0.2823329494316991,0.1972089955731296,0.41943241943241943,0.29932770008827475,0.41000000000000003,0.3525,0.7114463627703278
validation_prolific,full,1.0,0.03,0.03,18,hyperplane_old,0.3260703287726564,0.19395338338223095,0.40644540644540644,0.30953124828474365,0.4175000000000001,0.35625,0.7216719826168134
validation_prolific,full,1.0,0.03,0.03,19,plain,0.3260703287726564,0.19395338338223095,0.40644540644540644,0.30953124828474365,0.4175000000000001,0.35625,0.7216719826168134
validation_prolific,full,1.0,0.03,0.03,19,documented,0.2821749147152677,0.19625026852894575,0.4208754208754209,0.2965653200227494,0.4125,0.35,0.6994547726109447
validation_prolific,full,1.0,0.03,0.03,19,aligned,0.29365636212482416,0.19546066134374251,0.41895141895141896,0.2945234737199061,0.4050000000000001,0.34249999999999997,0.6999288877401277
validation_prolific,full,1.0,0.03,0.03,19,hyperplane_old,0.3260703287726564,0.19395338338223095,0.40644540644540644,0.30953124828474365,0.4175000000000001,0.35625,0.7216719826168134
validation_prolific,full,1.0,0.03,0.03,20,plain,0.3260703287726564,0.19395338338223095,0.40644540644540644,0.30953124828474365,0.4175000000000001,0.35625,0.7216719826168134
validation_prolific,full,1.0,0.03,0.03,20,documented,0.23151474896289245,0.20122028384893909,0.43338143338143337,0.2990024891430398,0.40750000000000003,0.34125,0.710268758318082
validation_prolific,full,1.0,0.03,0.03,20,aligned,0.2409534615003007,0.2001302588210442,0.43434343434343436,0.29891094140537305,0.4,0.33625,0.7066783868585481
validation_prolific,full,1.0,0.03,0.03,20,hyperplane_old,0.32971245432073387,0.19322502159600013,0.4045214045214045,0.3101658136544947,0.42000000000000004,0.35374999999999995,0.7222730482505106
validation_prolific,full,1.0,0.03,0.03,21,plain,0.3260703287726564,0.19395338338223095,0.40644540644540644,0.30953124828474365,0.4175000000000001,0.35625,0.7216719826168134
validation_prolific,full,1.0,0.03,0.03,21,documented,0.26149305820187185,0.19745541780904416,0.4078884078884079,0.2873585637543816,0.40499999999999997,0.34125,0.721416442434552
validation_prolific,full,1.0,0.03,0.03,21,aligned,0.27509448845843104,0.19625127959230523,0.4122174122174122,0.29098837204203953,0.4,0.34249999999999997,0.7188377607166092
validation_prolific,full,1.0,0.03,0.03,21,hyperplane_old,0.3260703287726564,0.19395338338223095,0.40644540644540644,0.30953124828474365,0.4175000000000001,0.35625,0.7216719826168134
validation_prolific,full,1.0,0.03,0.03,22,plain,0.3260703287726564,0.19395338338223095,0.40644540644540644,0.30953124828474365,0.4175000000000001,0.35625,0.7216719826168134
validation_prolific,full,1.0,0.03,0.03,22,documented,0.18722605195514108,0.20468903397447452,0.44155844155844154,0.3064819300996895,0.4050000000000001,0.34375,0.7135073508699312
validation_prolific,full,1.0,0.03,0.03,22,aligned,0.20464300388203946,0.20330317655835556,0.44203944203944207,0.31444857331416615,0.4125,0.35250000000000004,0.7220134048686881
validation_prolific,full,1.0,0.03,0.03,22,hyperplane_old,0.3260703287726564,0.19395338338223095,0.40644540644540644,0.30953124828474365,0.4175000000000001,0.35625,0.7216719826168134
validation_prolific,full,1.0,0.03,0.03,23,plain,0.3260703287726564,0.19395338338223095,0.40644540644540644,0.30953124828474365,0.4175000000000001,0.35625,0.7216719826168134
validation_prolific,full,1.0,0.03,0.03,23,documented,0.19283720834781581,0.20311424058518454,0.4511784511784512,0.2822065041477913,0.4125,0.34249999999999997,0.711290280261245
validation_prolific,full,1.0,0.03,0.03,23,aligned,0.21687778160889556,0.20113496222075877,0.4458874458874459,0.2909929828748271,0.40499999999999997,0.34249999999999997,0.7146547261036833
validation_prolific,full,1.0,0.03,0.03,23,hyperplane_old,0.3260703287726564,0.19395338338223095,0.40644540644540644,0.30953124828474365,0.4175000000000001,0.35625,0.7216719826168134
validation_prolific,full,1.0,0.03,0.03,24,plain,0.3260703287726564,0.19395338338223095,0.40644540644540644,0.30953124828474365,0.4175000000000001,0.35625,0.7216719826168134
validation_prolific,full,1.0,0.03,0.03,24,documented,0.24538795129806631,0.19811426034008203,0.4146224146224146,0.3081705903650124,0.41,0.35625,0.717653944569209
validation_prolific,full,1.0,0.03,0.03,24,aligned,0.2510158846263879,0.19779284168179984,0.4151034151034151,0.3056810598415202,0.40499999999999997,0.35,0.714387083099704
validation_prolific,full,1.0,0.03,0.03,24,hyperplane_old,0.3260703287726564,0.19395338338223095,0.40644540644540644,0.30953124828474365,0.4175000000000001,0.35625,0.7216719826168134
validation_prolific,full,1.0,0.03,0.03,25,plain,0.3260703287726564,0.19395338338223095,0.40644540644540644,0.30953124828474365,0.4175000000000001,0.35625,0.7216719826168134
validation_prolific,full,1.0,0.03,0.03,25,documented,0.216220200564685,0.20243211821452872,0.42664742664742666,0.28870562055649235,0.40499999999999997,0.34875,0.7038716554878521
validation_prolific,full,1.0,0.03,0.03,25,aligned,0.22846458677706738,0.20135107566129812,0.4261664261664262,0.29198713246004593,0.41,0.3525,0.7111339807074553
validation_prolific,full,1.0,0.03,0.03,25,hyperplane_old,0.3260703287726564,0.19395338338223095,0.40644540644540644,0.30953124828474365,0.4175000000000001,0.35625,0.7216719826168134
validation_prolific,full,1.0,0.03,0.03,26,plain,0.3260703287726564,0.19395338338223095,0.40644540644540644,0.30953124828474365,0.4175000000000001,0.35625,0.7216719826168134
validation_prolific,full,1.0,0.03,0.03,26,documented,0.22161103268337642,0.20153708290340913,0.4247234247234247,0.29112548673630484,0.41500000000000004,0.34125,0.7103661952730119
validation_prolific,full,1.0,0.03,0.03,26,aligned,0.23297087053901022,0.20058916135679095,0.4304954304954305,0.2952281762173287,0.41000000000000003,0.34500000000000003,0.7133346238954591
validation_prolific,full,1.0,0.03,0.03,26,hyperplane_old,0.30655794603477576,0.19546734599258436,0.4107744107744108,0.30586144231102874,0.4175000000000001,0.35625,0.7206610223736158
validation_prolific,full,1.0,0.03,0.03,27,plain,0.3260703287726564,0.19395338338223095,0.40644540644540644,0.30953124828474365,0.4175000000000001,0.35625,0.7216719826168134
validation_prolific,full,1.0,0.03,0.03,27,documented,0.24049643186433875,0.19857460694487078,0.42953342953342954,0.30947552164370146,0.4050000000000001,0.35,0.7094003872608907
validation_prolific,full,1.0,0.03,0.03,27,aligned,0.24888917578924052,0.19779452964501212,0.43001443001443,0.3136386467534593,0.4125,0.34625,0.7098825252381269
validation_prolific,full,1.0,0.03,0.03,27,hyperplane_old,0.32839136558699106,0.19379708444553992,0.40596440596440597,0.3071430271056609,0.4175000000000001,0.355,0.7215027874409048
validation_prolific,full,1.0,0.03,0.03,28,plain,0.3260703287726564,0.19395338338223095,0.40644540644540644,0.30953124828474365,0.4175000000000001,0.35625,0.7216719826168134
validation_prolific,full,1.0,0.03,0.03,28,documented,0.26554068943483294,0.19895913913570437,0.42424242424242425,0.29126611980340955,0.41000000000000003,0.35624999999999996,0.7168081271695521
validation_prolific,full,1.0,0.03,0.03,28,aligned,0.27544339020140085,0.19789302884794094,0.4227994227994228,0.2952767874557771,0.40750000000000003,0.35125,0.7132625617382273
validation_prolific,full,1.0,0.03,0.03,28,hyperplane_old,0.3260703287726564,0.19395338338223095,0.40644540644540644,0.30953124828474365,0.4175000000000001,0.35625,0.7216719826168134
validation_prolific,full,1.0,0.03,0.03,29,plain,0.3260703287726564,0.19395338338223095,0.40644540644540644,0.30953124828474365,0.4175000000000001,0.35625,0.7216719826168134
validation_prolific,full,1.0,0.03,0.03,29,documented,0.3042345751517231,0.19681191145175322,0.4175084175084175,0.29289763671773567,0.41500000000000004,0.34750000000000003,0.7126680756029524
validation_prolific,full,1.0,0.03,0.03,29,aligned,0.30870163493850433,0.19643125633573788,0.4175084175084175,0.29112628525545514,0.41000000000000003,0.35125,0.7130093821125569
validation_prolific,full,1.0,0.03,0.03,29,hyperplane_old,0.3260703287726564,0.19395338338223095,0.40644540644540644,0.30953124828474365,0.4175000000000001,0.35625,0.7216719826168134
validation_prolific,full,1.0,0.03,0.03,30,plain,0.3260703287726564,0.19395338338223095,0.40644540644540644,0.30953124828474365,0.4175000000000001,0.35625,0.7216719826168134
validation_prolific,full,1.0,0.03,0.03,30,documented,0.27601041972318985,0.1968061177024181,0.41414141414141414,0.3133683527724284,0.4175,0.34875,0.7093573178301
validation_prolific,full,1.0,0.03,0.03,30,aligned,0.27461482163968387,0.19688535032371027,0.4151034151034151,0.31029987268960796,0.40750000000000003,0.3525,0.7077508562278313
validation_prolific,full,1.0,0.03,0.03,30,hyperplane_old,0.31865881468194573,0.19460964081295254,0.4078884078884079,0.31289420949853375,0.4175000000000001,0.355,0.7224589118694345
validation_prolific,full,1.0,0.03,0.03,31,plain,0.3260703287726564,0.19395338338223095,0.40644540644540644,0.30953124828474365,0.4175000000000001,0.35625,0.7216719826168134
validation_prolific,full,1.0,0.03,0.03,31,documented,0.24813959832715207,0.197136154871407,0.4098124098124098,0.3102937449973993,0.4175,0.35000000000000003,0.7163755656155358
validation_prolific,full,1.0,0.03,0.03,31,aligned,0.24799504300332503,0.19730171179473396,0.4102934102934103,0.31352044845780114,0.4125,0.35125,0.7170053991101419
validation_prolific,full,1.0,0.03,0.03,31,hyperplane_old,0.3260703287726564,0.19395338338223095,0.40644540644540644,0.30953124828474365,0.4175000000000001,0.35625,0.7216719826168134
validation_prolific,full,1.0,0.03,0.03,32,plain,0.3260703287726564,0.19395338338223095,0.40644540644540644,0.30953124828474365,0.4175000000000001,0.35625,0.7216719826168134
validation_prolific,full,1.0,0.03,0.03,32,documented,0.24156232970700023,0.20034701896447338,0.4314574314574315,0.2874833114368802,0.4025,0.34750000000000003,0.7044241875057005
validation_prolific,full,1.0,0.03,0.03,32,aligned,0.2542009157478651,0.19886657674947275,0.4290524290524291,0.29589472426386776,0.39999999999999997,0.34875,0.7080458849986924
validation_prolific,full,1.0,0.03,0.03,32,hyperplane_old,0.3260703287726564,0.19395338338223095,0.40644540644540644,0.30953124828474365,0.4175000000000001,0.35625,0.7216719826168134
validation_prolific,full,1.0,0.03,0.03,33,plain,0.3260703287726564,0.19395338338223095,0.40644540644540644,0.30953124828474365,0.4175000000000001,0.35625,0.7216719826168134
validation_prolific,full,1.0,0.03,0.03,33,documented,0.2816843427288053,0.19905609646430975,0.4252044252044252,0.3000788769058825,0.4125,0.34500000000000003,0.7153862729246604
validation_prolific,full,1.0,0.03,0.03,33,aligned,0.2994027006738155,0.19747896611631033,0.4280904280904281,0.3046300965828156,0.41000000000000003,0.34500000000000003,0.717858320801807
validation_prolific,full,1.0,0.03,0.03,33,hyperplane_old,0.3435460963362115,0.19247515601911167,0.40355940355940356,0.30398721425550923,0.40750000000000003,0.35250000000000004,0.7220284221427659
validation_prolific,full,1.0,0.03,0.03,34,plain,0.3260703287726564,0.19395338338223095,0.40644540644540644,0.30953124828474365,0.4175000000000001,0.35625,0.7216719826168134
validation_prolific,full,1.0,0.03,0.03,34,documented,0.2737726992798398,0.19761729281596296,0.41125541125541126,0.29894788134607136,0.41500000000000004,0.34875,0.7038000772312744
validation_prolific,full,1.0,0.03,0.03,34,aligned,0.30427929024754885,0.19464114249176337,0.40115440115440115,0.31210694379623527,0.4125,0.35500000000000004,0.7162083248230404
validation_prolific,full,1.0,0.03,0.03,34,hyperplane_old,0.3181785653605733,0.19464292428697724,0.4069264069264069,0.31404172723264406,0.4175000000000001,0.35750000000000004,0.7221385402847668
validation_prolific,full,1.0,0.03,0.03,35,plain,0.3260703287726564,0.19395338338223095,0.40644540644540644,0.30953124828474365,0.4175000000000001,0.35625,0.7216719826168134
validation_prolific,full,1.0,0.03,0.03,35,documented,0.2808932946210108,0.19600057937208723,0.4083694083694084,0.31684380328250167,0.4125,0.35124999999999995,0.7243831020227243
validation_prolific,full,1.0,0.03,0.03,35,aligned,0.28543203320998684,0.19546306039691275,0.4131794131794132,0.3121970622870518,0.4125,0.35,0.7174165807962662
validation_prolific,full,1.0,0.03,0.03,35,hyperplane_old,0.3260703287726564,0.19395338338223095,0.40644540644540644,0.30953124828474365,0.4175000000000001,0.35625,0.7216719826168134
validation_prolific,full,1.0,0.03,0.03,36,plain,0.3260703287726564,0.19395338338223095,0.40644540644540644,0.30953124828474365,0.4175000000000001,0.35625,0.7216719826168134
validation_prolific,full,1.0,0.03,0.03,36,documented,0.2846674382659436,0.19672418992893262,0.4223184223184223,0.3034116608822175,0.4025,0.34624999999999995,0.7180484908428809
validation_prolific,full,1.0,0.03,0.03,36,aligned,0.29117976422378,0.1963433414188093,0.4227994227994228,0.2940802837203861,0.4,0.33999999999999997,0.7081704192264336
validation_prolific,full,1.0,0.03,0.03,36,hyperplane_old,0.3260703287726564,0.19395338338223095,0.40644540644540644,0.30953124828474365,0.4175000000000001,0.35625,0.7216719826168134
validation_prolific,full,1.0,0.03,0.03,37,plain,0.3260703287726564,0.19395338338223095,0.40644540644540644,0.30953124828474365,0.4175000000000001,0.35625,0.7216719826168134
validation_prolific,full,1.0,0.03,0.03,37,documented,0.23567957145027557,0.20039809601335426,0.42953342953342954,0.2816866906232202,0.40499999999999997,0.34875,0.7116229142619579
validation_prolific,full,1.0,0.03,0.03,37,aligned,0.2464263990763708,0.19950991410281144,0.4203944203944204,0.29018368221187474,0.40499999999999997,0.3475,0.7123848439308453
validation_prolific,full,1.0,0.03,0.03,37,hyperplane_old,0.3260703287726564,0.19395338338223095,0.40644540644540644,0.30953124828474365,0.4175000000000001,0.35625,0.7216719826168134
validation_prolific,full,1.0,0.03,0.03,38,plain,0.3260703287726564,0.19395338338223095,0.40644540644540644,0.30953124828474365,0.4175000000000001,0.35625,0.7216719826168134
validation_prolific,full,1.0,0.03,0.03,38,documented,0.3053812810941919,0.19613643733538394,0.4213564213564214,0.3044777005257835,0.41000000000000003,0.34625,0.7103688424163315
validation_prolific,full,1.0,0.03,0.03,38,aligned,0.30926354352614593,0.19586740092632246,0.4252044252044252,0.29676302325789294,0.41000000000000003,0.34875,0.7135259476049811
validation_prolific,full,1.0,0.03,0.03,38,hyperplane_old,0.3260703287726564,0.19395338338223095,0.40644540644540644,0.30953124828474365,0.4175000000000001,0.35625,0.7216719826168134
validation_prolific,full,1.0,0.03,0.03,39,plain,0.3260703287726564,0.19395338338223095,0.40644540644540644,0.30953124828474365,0.4175000000000001,0.35625,0.7216719826168134
validation_prolific,full,1.0,0.03,0.03,39,documented,0.2663117684751268,0.19817284566866494,0.42424242424242425,0.30400858199689684,0.4025,0.35124999999999995,0.7209963800359889
validation_prolific,full,1.0,0.03,0.03,39,aligned,0.27741385203593555,0.1969816003132491,0.42568542568542567,0.30379097705717983,0.40750000000000003,0.3475,0.7236881515659276
validation_prolific,full,1.0,0.03,0.03,39,hyperplane_old,0.3260703287726564,0.19395338338223095,0.40644540644540644,0.30953124828474365,0.4175000000000001,0.35625,0.7216719826168134
validation_prolific,full,1.0,0.03,0.03,40,plain,0.3260703287726564,0.19395338338223095,0.40644540644540644,0.30953124828474365,0.4175000000000001,0.35625,0.7216719826168134
validation_prolific,full,1.0,0.03,0.03,40,documented,0.30225506476604375,0.19537116907363059,0.41414141414141414,0.2935157681494064,0.41500000000000004,0.34625000000000006,0.7141323811329297
validation_prolific,full,1.0,0.03,0.03,40,aligned,0.31592761342113057,0.1935968161807336,0.417027417027417,0.2957943106669397,0.41000000000000003,0.34500000000000003,0.7141366726206073
validation_prolific,full,1.0,0.03,0.03,40,hyperplane_old,0.34407817277660574,0.19229229579126902,0.40355940355940356,0.2997597726283255,0.41500000000000004,0.3525,0.7232209043576693
validation_prolific,full,1.0,0.03,0.03,41,plain,0.3260703287726564,0.19395338338223095,0.40644540644540644,0.30953124828474365,0.4175000000000001,0.35625,0.7216719826168134
validation_prolific,full,1.0,0.03,0.03,41,documented,0.2571357121581791,0.19717674737638963,0.4098124098124098,0.3145117946450607,0.4125,0.34375,0.7161099665464363
validation_prolific,full,1.0,0.03,0.03,41,aligned,0.25682532109426176,0.19720145286296598,0.4122174122174122,0.31042870205568074,0.4125,0.34249999999999997,0.7153360995461272
validation_prolific,full,1.0,0.03,0.03,41,hyperplane_old,0.3260703287726564,0.19395338338223095,0.40644540644540644,0.30953124828474365,0.4175000000000001,0.35625,0.7216719826168134
validation_prolific,full,1.0,0.03,0.03,42,plain,0.3260703287726564,0.19395338338223095,0.40644540644540644,0.30953124828474365,0.4175000000000001,0.35625,0.7216719826168134
validation_prolific,full,1.0,0.03,0.03,42,documented,0.22802740998243967,0.19945066352030913,0.4126984126984127,0.30593585988554406,0.41,0.35625,0.719249304518776
validation_prolific,full,1.0,0.03,0.03,42,aligned,0.23480830717949358,0.19885259999858707,0.41654641654641655,0.3074907593092141,0.41000000000000003,0.35125,0.7195926261258322
validation_prolific,full,1.0,0.03,0.03,42,hyperplane_old,0.3260703287726564,0.19395338338223095,0.40644540644540644,0.30953124828474365,0.4175000000000001,0.35625,0.7216719826168134
validation_prolific,full,1.0,0.03,0.03,43,plain,0.3260703287726564,0.19395338338223095,0.40644540644540644,0.30953124828474365,0.4175000000000001,0.35625,0.7216719826168134
validation_prolific,full,1.0,0.03,0.03,43,documented,0.2625870280137398,0.19718293705431517,0.40355940355940356,0.29459644658571554,0.42000000000000004,0.35,0.718337169086837
validation_prolific,full,1.0,0.03,0.03,43,aligned,0.2843103206434274,0.19448443169770405,0.4016354016354016,0.3050356812650914,0.41500000000000004,0.35375,0.7193784506109882
validation_prolific,full,1.0,0.03,0.03,43,hyperplane_old,0.3260703287726564,0.19395338338223095,0.40644540644540644,0.30953124828474365,0.4175000000000001,0.35625,0.7216719826168134
validation_prolific,full,1.0,0.03,0.03,44,plain,0.3260703287726564,0.19395338338223095,0.40644540644540644,0.30953124828474365,0.4175000000000001,0.35625,0.7216719826168134
validation_prolific,full,1.0,0.03,0.03,44,documented,0.2604364934886398,0.19750624239086628,0.42568542568542567,0.2953032215183826,0.4175000000000001,0.35750000000000004,0.7066538124197107
validation_prolific,full,1.0,0.03,0.03,44,aligned,0.26463423917208306,0.19724527402947595,0.42712842712842713,0.2887542805143824,0.4050000000000001,0.35124999999999995,0.7033589404581965
validation_prolific,full,1.0,0.03,0.03,44,hyperplane_old,0.3260703287726564,0.19395338338223095,0.40644540644540644,0.30953124828474365,0.4175000000000001,0.35625,0.7216719826168134
validation_prolific,full,1.0,0.03,0.03,45,plain,0.3260703287726564,0.19395338338223095,0.40644540644540644,0.30953124828474365,0.4175000000000001,0.35625,0.7216719826168134
validation_prolific,full,1.0,0.03,0.03,45,documented,0.2675423454649025,0.1982558849303518,0.4227994227994228,0.3005113187483036,0.40750000000000003,0.34249999999999997,0.7070291523607468
validation_prolific,full,1.0,0.03,0.03,45,aligned,0.27297143240469385,0.19743600115044815,0.4223184223184223,0.304392239974448,0.40750000000000003,0.34750000000000003,0.7117611986151511
validation_prolific,full,1.0,0.03,0.03,45,hyperplane_old,0.3181785653605733,0.19464292428697724,0.4069264069264069,0.31404172723264406,0.4175000000000001,0.35750000000000004,0.7221385402847668
validation_prolific,full,1.0,0.03,0.03,46,plain,0.3260703287726564,0.19395338338223095,0.40644540644540644,0.30953124828474365,0.4175000000000001,0.35625,0.7216719826168134
validation_prolific,full,1.0,0.03,0.03,46,documented,0.2965274369941667,0.19545812845233126,0.4136604136604137,0.29841929059100775,0.4025,0.34624999999999995,0.7065266023645738
validation_prolific,full,1.0,0.03,0.03,46,aligned,0.3099035243125642,0.19370505402815688,0.4155844155844156,0.2992720444825491,0.3975,0.34500000000000003,0.7089907246508604
validation_prolific,full,1.0,0.03,0.03,46,hyperplane_old,0.3260703287726564,0.19395338338223095,0.40644540644540644,0.30953124828474365,0.4175000000000001,0.35625,0.7216719826168134
validation_prolific,full,1.0,0.03,0.03,47,plain,0.3260703287726564,0.19395338338223095,0.40644540644540644,0.30953124828474365,0.4175000000000001,0.35625,0.7216719826168134
validation_prolific,full,1.0,0.03,0.03,47,documented,0.25945494214022324,0.19885614554441702,0.4203944203944204,0.29833408874249556,0.41500000000000004,0.34124999999999994,0.7061624704882641
validation_prolific,full,1.0,0.03,0.03,47,aligned,0.26572106507253457,0.19834064312343555,0.42183742183742184,0.29592996656896553,0.41,0.33625,0.7039619759092064
validation_prolific,full,1.0,0.03,0.03,47,hyperplane_old,0.3260703287726564,0.19395338338223095,0.40644540644540644,0.30953124828474365,0.4175000000000001,0.35625,0.7216719826168134
validation_prolific,full,1.0,0.03,0.03,48,plain,0.3260703287726564,0.19395338338223095,0.40644540644540644,0.30953124828474365,0.4175000000000001,0.35625,0.7216719826168134
validation_prolific,full,1.0,0.03,0.03,48,documented,0.23968645480045145,0.20043027573463018,0.4280904280904281,0.3141536747036627,0.4175,0.35125,0.7169072338455809
validation_prolific,full,1.0,0.03,0.03,48,aligned,0.24682647258357693,0.1998534221743665,0.4304954304954305,0.3106676521286909,0.40499999999999997,0.34750000000000003,0.7108603455396317
validation_prolific,full,1.0,0.03,0.03,48,hyperplane_old,0.3260703287726564,0.19395338338223095,0.40644540644540644,0.30953124828474365,0.4175000000000001,0.35625,0.7216719826168134
validation_prolific,full,1.0,0.03,0.03,49,plain,0.3260703287726564,0.19395338338223095,0.40644540644540644,0.30953124828474365,0.4175000000000001,0.35625,0.7216719826168134
validation_prolific,full,1.0,0.03,0.03,49,documented,0.21212556242280542,0.2007263618328901,0.43097643097643096,0.3001344485411838,0.4,0.3525,0.7099784995252236
validation_prolific,full,1.0,0.03,0.03,49,aligned,0.216671939814381,0.20005572555272502,0.43097643097643096,0.29615733496798774,0.395,0.34625000000000006,0.7055958349041236
validation_prolific,full,1.0,0.03,0.03,49,hyperplane_old,0.3260703287726564,0.19395338338223095,0.40644540644540644,0.30953124828474365,0.4175000000000001,0.35625,0.7216719826168134
validation_prolific,missing_only,0.0,0.0,0.0,0,plain,0.3260703287726564,0.19395338338223095,0.40644540644540644,0.30953124828474365,0.4175000000000001,0.35625,0.7216719826168134
validation_prolific,missing_only,0.0,0.0,0.0,0,documented,0.7461275265930332,0.1371156426398581,0.20394420394420396,0.3907804010105274,0.4375,0.37625,0.729738715486972
validation_prolific,missing_only,0.0,0.0,0.0,0,aligned,0.748772431745018,0.1361893433457427,0.2000962000962001,0.394400196971232,0.4425,0.37625000000000003,0.7322193814406406
validation_prolific,missing_only,0.0,0.0,0.0,0,hyperplane_old,0.4567434900846008,0.18110643892564762,0.36748436748436747,0.2848210464355731,0.42250000000000004,0.36000000000000004,0.7233362391638268
validation_prolific,missing_only,0.0,0.0,0.0,1,plain,0.3260703287726564,0.19395338338223095,0.40644540644540644,0.30953124828474365,0.4175000000000001,0.35625,0.7216719826168134
validation_prolific,missing_only,0.0,0.0,0.0,1,documented,0.7461275265930332,0.1371156426398581,0.20394420394420396,0.3907804010105274,0.4375,0.37625,0.729738715486972
validation_prolific,missing_only,0.0,0.0,0.0,1,aligned,0.748772431745018,0.1361893433457427,0.2000962000962001,0.394400196971232,0.4425,0.37625000000000003,0.7322193814406406
validation_prolific,missing_only,0.0,0.0,0.0,1,hyperplane_old,0.4567434900846008,0.18110643892564762,0.36748436748436747,0.2848210464355731,0.42250000000000004,0.36000000000000004,0.7233362391638268
validation_prolific,missing_only,0.0,0.0,0.0,2,plain,0.3260703287726564,0.19395338338223095,0.40644540644540644,0.30953124828474365,0.4175000000000001,0.35625,0.7216719826168134
validation_prolific,missing_only,0.0,0.0,0.0,2,documented,0.7461275265930332,0.1371156426398581,0.20394420394420396,0.3907804010105274,0.4375,0.37625,0.729738715486972
validation_prolific,missing_only,0.0,0.0,0.0,2,aligned,0.748772431745018,0.1361893433457427,0.2000962000962001,0.394400196971232,0.4425,0.37625000000000003,0.7322193814406406
validation_prolific,missing_only,0.0,0.0,0.0,2,hyperplane_old,0.4567434900846008,0.18110643892564762,0.36748436748436747,0.2848210464355731,0.42250000000000004,0.36000000000000004,0.7233362391638268
validation_prolific,missing_only,0.0,0.0,0.0,3,plain,0.3260703287726564,0.19395338338223095,0.40644540644540644,0.30953124828474365,0.4175000000000001,0.35625,0.7216719826168134
validation_prolific,missing_only,0.0,0.0,0.0,3,documented,0.7461275265930332,0.1371156426398581,0.20394420394420396,0.3907804010105274,0.4375,0.37625,0.729738715486972
validation_prolific,missing_only,0.0,0.0,0.0,3,aligned,0.748772431745018,0.1361893433457427,0.2000962000962001,0.394400196971232,0.4425,0.37625000000000003,0.7322193814406406
validation_prolific,missing_only,0.0,0.0,0.0,3,hyperplane_old,0.4567434900846008,0.18110643892564762,0.36748436748436747,0.2848210464355731,0.42250000000000004,0.36000000000000004,0.7233362391638268
validation_prolific,missing_only,0.0,0.0,0.0,4,plain,0.3260703287726564,0.19395338338223095,0.40644540644540644,0.30953124828474365,0.4175000000000001,0.35625,0.7216719826168134
validation_prolific,missing_only,0.0,0.0,0.0,4,documented,0.7461275265930332,0.1371156426398581,0.20394420394420396,0.3907804010105274,0.4375,0.37625,0.729738715486972
validation_prolific,missing_only,0.0,0.0,0.0,4,aligned,0.748772431745018,0.1361893433457427,0.2000962000962001,0.394400196971232,0.4425,0.37625000000000003,0.7322193814406406
validation_prolific,missing_only,0.0,0.0,0.0,4,hyperplane_old,0.4567434900846008,0.18110643892564762,0.36748436748436747,0.2848210464355731,0.42250000000000004,0.36000000000000004,0.7233362391638268
validation_prolific,missing_only,0.0,0.0,0.0,5,plain,0.3260703287726564,0.19395338338223095,0.40644540644540644,0.30953124828474365,0.4175000000000001,0.35625,0.7216719826168134
validation_prolific,missing_only,0.0,0.0,0.0,5,documented,0.7461275265930332,0.1371156426398581,0.20394420394420396,0.3907804010105274,0.4375,0.37625,0.729738715486972
validation_prolific,missing_only,0.0,0.0,0.0,5,aligned,0.748772431745018,0.1361893433457427,0.2000962000962001,0.394400196971232,0.4425,0.37625000000000003,0.7322193814406406
validation_prolific,missing_only,0.0,0.0,0.0,5,hyperplane_old,0.4567434900846008,0.18110643892564762,0.36748436748436747,0.2848210464355731,0.42250000000000004,0.36000000000000004,0.7233362391638268
validation_prolific,missing_only,0.0,0.0,0.0,6,plain,0.3260703287726564,0.19395338338223095,0.40644540644540644,0.30953124828474365,0.4175000000000001,0.35625,0.7216719826168134
validation_prolific,missing_only,0.0,0.0,0.0,6,documented,0.7461275265930332,0.1371156426398581,0.20394420394420396,0.3907804010105274,0.4375,0.37625,0.729738715486972
validation_prolific,missing_only,0.0,0.0,0.0,6,aligned,0.748772431745018,0.1361893433457427,0.2000962000962001,0.394400196971232,0.4425,0.37625000000000003,0.7322193814406406
validation_prolific,missing_only,0.0,0.0,0.0,6,hyperplane_old,0.4567434900846008,0.18110643892564762,0.36748436748436747,0.2848210464355731,0.42250000000000004,0.36000000000000004,0.7233362391638268
validation_prolific,missing_only,0.0,0.0,0.0,7,plain,0.3260703287726564,0.19395338338223095,0.40644540644540644,0.30953124828474365,0.4175000000000001,0.35625,0.7216719826168134
validation_prolific,missing_only,0.0,0.0,0.0,7,documented,0.7461275265930332,0.1371156426398581,0.20394420394420396,0.3907804010105274,0.4375,0.37625,0.729738715486972
validation_prolific,missing_only,0.0,0.0,0.0,7,aligned,0.748772431745018,0.1361893433457427,0.2000962000962001,0.394400196971232,0.4425,0.37625000000000003,0.7322193814406406
validation_prolific,missing_only,0.0,0.0,0.0,7,hyperplane_old,0.4567434900846008,0.18110643892564762,0.36748436748436747,0.2848210464355731,0.42250000000000004,0.36000000000000004,0.7233362391638268
validation_prolific,missing_only,0.0,0.0,0.0,8,plain,0.3260703287726564,0.19395338338223095,0.40644540644540644,0.30953124828474365,0.4175000000000001,0.35625,0.7216719826168134
validation_prolific,missing_only,0.0,0.0,0.0,8,documented,0.7461275265930332,0.1371156426398581,0.20394420394420396,0.3907804010105274,0.4375,0.37625,0.729738715486972
validation_prolific,missing_only,0.0,0.0,0.0,8,aligned,0.748772431745018,0.1361893433457427,0.2000962000962001,0.394400196971232,0.4425,0.37625000000000003,0.7322193814406406
validation_prolific,missing_only,0.0,0.0,0.0,8,hyperplane_old,0.4567434900846008,0.18110643892564762,0.36748436748436747,0.2848210464355731,0.42250000000000004,0.36000000000000004,0.7233362391638268
validation_prolific,missing_only,0.0,0.0,0.0,9,plain,0.3260703287726564,0.19395338338223095,0.40644540644540644,0.30953124828474365,0.4175000000000001,0.35625,0.7216719826168134
validation_prolific,missing_only,0.0,0.0,0.0,9,documented,0.7461275265930332,0.1371156426398581,0.20394420394420396,0.3907804010105274,0.4375,0.37625,0.729738715486972
validation_prolific,missing_only,0.0,0.0,0.0,9,aligned,0.748772431745018,0.1361893433457427,0.2000962000962001,0.394400196971232,0.4425,0.37625000000000003,0.7322193814406406
validation_prolific,missing_only,0.0,0.0,0.0,9,hyperplane_old,0.4567434900846008,0.18110643892564762,0.36748436748436747,0.2848210464355731,0.42250000000000004,0.36000000000000004,0.7233362391638268
validation_prolific,missing_only,0.0,0.0,0.0,10,plain,0.3260703287726564,0.19395338338223095,0.40644540644540644,0.30953124828474365,0.4175000000000001,0.35625,0.7216719826168134
validation_prolific,missing_only,0.0,0.0,0.0,10,documented,0.7461275265930332,0.1371156426398581,0.20394420394420396,0.3907804010105274,0.4375,0.37625,0.729738715486972
validation_prolific,missing_only,0.0,0.0,0.0,10,aligned,0.748772431745018,0.1361893433457427,0.2000962000962001,0.394400196971232,0.4425,0.37625000000000003,0.7322193814406406
validation_prolific,missing_only,0.0,0.0,0.0,10,hyperplane_old,0.4567434900846008,0.18110643892564762,0.36748436748436747,0.2848210464355731,0.42250000000000004,0.36000000000000004,0.7233362391638268
validation_prolific,missing_only,0.0,0.0,0.0,11,plain,0.3260703287726564,0.19395338338223095,0.40644540644540644,0.30953124828474365,0.4175000000000001,0.35625,0.7216719826168134
validation_prolific,missing_only,0.0,0.0,0.0,11,documented,0.7461275265930332,0.1371156426398581,0.20394420394420396,0.3907804010105274,0.4375,0.37625,0.729738715486972
validation_prolific,missing_only,0.0,0.0,0.0,11,aligned,0.748772431745018,0.1361893433457427,0.2000962000962001,0.394400196971232,0.4425,0.37625000000000003,0.7322193814406406
validation_prolific,missing_only,0.0,0.0,0.0,11,hyperplane_old,0.4567434900846008,0.18110643892564762,0.36748436748436747,0.2848210464355731,0.42250000000000004,0.36000000000000004,0.7233362391638268
validation_prolific,missing_only,0.0,0.0,0.0,12,plain,0.3260703287726564,0.19395338338223095,0.40644540644540644,0.30953124828474365,0.4175000000000001,0.35625,0.7216719826168134
validation_prolific,missing_only,0.0,0.0,0.0,12,documented,0.7461275265930332,0.1371156426398581,0.20394420394420396,0.3907804010105274,0.4375,0.37625,0.729738715486972
validation_prolific,missing_only,0.0,0.0,0.0,12,aligned,0.748772431745018,0.1361893433457427,0.2000962000962001,0.394400196971232,0.4425,0.37625000000000003,0.7322193814406406
validation_prolific,missing_only,0.0,0.0,0.0,12,hyperplane_old,0.4567434900846008,0.18110643892564762,0.36748436748436747,0.2848210464355731,0.42250000000000004,0.36000000000000004,0.7233362391638268
validation_prolific,missing_only,0.0,0.0,0.0,13,plain,0.3260703287726564,0.19395338338223095,0.40644540644540644,0.30953124828474365,0.4175000000000001,0.35625,0.7216719826168134
validation_prolific,missing_only,0.0,0.0,0.0,13,documented,0.7461275265930332,0.1371156426398581,0.20394420394420396,0.3907804010105274,0.4375,0.37625,0.729738715486972
validation_prolific,missing_only,0.0,0.0,0.0,13,aligned,0.748772431745018,0.1361893433457427,0.2000962000962001,0.394400196971232,0.4425,0.37625000000000003,0.7322193814406406
validation_prolific,missing_only,0.0,0.0,0.0,13,hyperplane_old,0.4567434900846008,0.18110643892564762,0.36748436748436747,0.2848210464355731,0.42250000000000004,0.36000000000000004,0.7233362391638268
validation_prolific,missing_only,0.0,0.0,0.0,14,plain,0.3260703287726564,0.19395338338223095,0.40644540644540644,0.30953124828474365,0.4175000000000001,0.35625,0.7216719826168134
validation_prolific,missing_only,0.0,0.0,0.0,14,documented,0.7461275265930332,0.1371156426398581,0.20394420394420396,0.3907804010105274,0.4375,0.37625,0.729738715486972
validation_prolific,missing_only,0.0,0.0,0.0,14,aligned,0.748772431745018,0.1361893433457427,0.2000962000962001,0.394400196971232,0.4425,0.37625000000000003,0.7322193814406406
validation_prolific,missing_only,0.0,0.0,0.0,14,hyperplane_old,0.4567434900846008,0.18110643892564762,0.36748436748436747,0.2848210464355731,0.42250000000000004,0.36000000000000004,0.7233362391638268
validation_prolific,missing_only,0.0,0.0,0.0,15,plain,0.3260703287726564,0.19395338338223095,0.40644540644540644,0.30953124828474365,0.4175000000000001,0.35625,0.7216719826168134
validation_prolific,missing_only,0.0,0.0,0.0,15,documented,0.7461275265930332,0.1371156426398581,0.20394420394420396,0.3907804010105274,0.4375,0.37625,0.729738715486972
validation_prolific,missing_only,0.0,0.0,0.0,15,aligned,0.748772431745018,0.1361893433457427,0.2000962000962001,0.394400196971232,0.4425,0.37625000000000003,0.7322193814406406
validation_prolific,missing_only,0.0,0.0,0.0,15,hyperplane_old,0.4567434900846008,0.18110643892564762,0.36748436748436747,0.2848210464355731,0.42250000000000004,0.36000000000000004,0.7233362391638268
validation_prolific,missing_only,0.0,0.0,0.0,16,plain,0.3260703287726564,0.19395338338223095,0.40644540644540644,0.30953124828474365,0.4175000000000001,0.35625,0.7216719826168134
validation_prolific,missing_only,0.0,0.0,0.0,16,documented,0.7461275265930332,0.1371156426398581,0.20394420394420396,0.3907804010105274,0.4375,0.37625,0.729738715486972
validation_prolific,missing_only,0.0,0.0,0.0,16,aligned,0.748772431745018,0.1361893433457427,0.2000962000962001,0.394400196971232,0.4425,0.37625000000000003,0.7322193814406406
validation_prolific,missing_only,0.0,0.0,0.0,16,hyperplane_old,0.4567434900846008,0.18110643892564762,0.36748436748436747,0.2848210464355731,0.42250000000000004,0.36000000000000004,0.7233362391638268
validation_prolific,missing_only,0.0,0.0,0.0,17,plain,0.3260703287726564,0.19395338338223095,0.40644540644540644,0.30953124828474365,0.4175000000000001,0.35625,0.7216719826168134
validation_prolific,missing_only,0.0,0.0,0.0,17,documented,0.7461275265930332,0.1371156426398581,0.20394420394420396,0.3907804010105274,0.4375,0.37625,0.729738715486972
validation_prolific,missing_only,0.0,0.0,0.0,17,aligned,0.748772431745018,0.1361893433457427,0.2000962000962001,0.394400196971232,0.4425,0.37625000000000003,0.7322193814406406
validation_prolific,missing_only,0.0,0.0,0.0,17,hyperplane_old,0.4567434900846008,0.18110643892564762,0.36748436748436747,0.2848210464355731,0.42250000000000004,0.36000000000000004,0.7233362391638268
validation_prolific,missing_only,0.0,0.0,0.0,18,plain,0.3260703287726564,0.19395338338223095,0.40644540644540644,0.30953124828474365,0.4175000000000001,0.35625,0.7216719826168134
validation_prolific,missing_only,0.0,0.0,0.0,18,documented,0.7461275265930332,0.1371156426398581,0.20394420394420396,0.3907804010105274,0.4375,0.37625,0.729738715486972
validation_prolific,missing_only,0.0,0.0,0.0,18,aligned,0.748772431745018,0.1361893433457427,0.2000962000962001,0.394400196971232,0.4425,0.37625000000000003,0.7322193814406406
validation_prolific,missing_only,0.0,0.0,0.0,18,hyperplane_old,0.4567434900846008,0.18110643892564762,0.36748436748436747,0.2848210464355731,0.42250000000000004,0.36000000000000004,0.7233362391638268
validation_prolific,missing_only,0.0,0.0,0.0,19,plain,0.3260703287726564,0.19395338338223095,0.40644540644540644,0.30953124828474365,0.4175000000000001,0.35625,0.7216719826168134
validation_prolific,missing_only,0.0,0.0,0.0,19,documented,0.7461275265930332,0.1371156426398581,0.20394420394420396,0.3907804010105274,0.4375,0.37625,0.729738715486972
validation_prolific,missing_only,0.0,0.0,0.0,19,aligned,0.748772431745018,0.1361893433457427,0.2000962000962001,0.394400196971232,0.4425,0.37625000000000003,0.7322193814406406
validation_prolific,missing_only,0.0,0.0,0.0,19,hyperplane_old,0.4567434900846008,0.18110643892564762,0.36748436748436747,0.2848210464355731,0.42250000000000004,0.36000000000000004,0.7233362391638268
validation_prolific,missing_only,0.0,0.0,0.0,20,plain,0.3260703287726564,0.19395338338223095,0.40644540644540644,0.30953124828474365,0.4175000000000001,0.35625,0.7216719826168134
validation_prolific,missing_only,0.0,0.0,0.0,20,documented,0.7461275265930332,0.1371156426398581,0.20394420394420396,0.3907804010105274,0.4375,0.37625,0.729738715486972
validation_prolific,missing_only,0.0,0.0,0.0,20,aligned,0.748772431745018,0.1361893433457427,0.2000962000962001,0.394400196971232,0.4425,0.37625000000000003,0.7322193814406406
validation_prolific,missing_only,0.0,0.0,0.0,20,hyperplane_old,0.4567434900846008,0.18110643892564762,0.36748436748436747,0.2848210464355731,0.42250000000000004,0.36000000000000004,0.7233362391638268
validation_prolific,missing_only,0.0,0.0,0.0,21,plain,0.3260703287726564,0.19395338338223095,0.40644540644540644,0.30953124828474365,0.4175000000000001,0.35625,0.7216719826168134
validation_prolific,missing_only,0.0,0.0,0.0,21,documented,0.7461275265930332,0.1371156426398581,0.20394420394420396,0.3907804010105274,0.4375,0.37625,0.729738715486972
validation_prolific,missing_only,0.0,0.0,0.0,21,aligned,0.748772431745018,0.1361893433457427,0.2000962000962001,0.394400196971232,0.4425,0.37625000000000003,0.7322193814406406
validation_prolific,missing_only,0.0,0.0,0.0,21,hyperplane_old,0.4567434900846008,0.18110643892564762,0.36748436748436747,0.2848210464355731,0.42250000000000004,0.36000000000000004,0.7233362391638268
validation_prolific,missing_only,0.0,0.0,0.0,22,plain,0.3260703287726564,0.19395338338223095,0.40644540644540644,0.30953124828474365,0.4175000000000001,0.35625,0.7216719826168134
validation_prolific,missing_only,0.0,0.0,0.0,22,documented,0.7461275265930332,0.1371156426398581,0.20394420394420396,0.3907804010105274,0.4375,0.37625,0.729738715486972
validation_prolific,missing_only,0.0,0.0,0.0,22,aligned,0.748772431745018,0.1361893433457427,0.2000962000962001,0.394400196971232,0.4425,0.37625000000000003,0.7322193814406406
validation_prolific,missing_only,0.0,0.0,0.0,22,hyperplane_old,0.4567434900846008,0.18110643892564762,0.36748436748436747,0.2848210464355731,0.42250000000000004,0.36000000000000004,0.7233362391638268
validation_prolific,missing_only,0.0,0.0,0.0,23,plain,0.3260703287726564,0.19395338338223095,0.40644540644540644,0.30953124828474365,0.4175000000000001,0.35625,0.7216719826168134
validation_prolific,missing_only,0.0,0.0,0.0,23,documented,0.7461275265930332,0.1371156426398581,0.20394420394420396,0.3907804010105274,0.4375,0.37625,0.729738715486972
validation_prolific,missing_only,0.0,0.0,0.0,23,aligned,0.748772431745018,0.1361893433457427,0.2000962000962001,0.394400196971232,0.4425,0.37625000000000003,0.7322193814406406
validation_prolific,missing_only,0.0,0.0,0.0,23,hyperplane_old,0.4567434900846008,0.18110643892564762,0.36748436748436747,0.2848210464355731,0.42250000000000004,0.36000000000000004,0.7233362391638268
validation_prolific,missing_only,0.0,0.0,0.0,24,plain,0.3260703287726564,0.19395338338223095,0.40644540644540644,0.30953124828474365,0.4175000000000001,0.35625,0.7216719826168134
validation_prolific,missing_only,0.0,0.0,0.0,24,documented,0.7461275265930332,0.1371156426398581,0.20394420394420396,0.3907804010105274,0.4375,0.37625,0.729738715486972
validation_prolific,missing_only,0.0,0.0,0.0,24,aligned,0.748772431745018,0.1361893433457427,0.2000962000962001,0.394400196971232,0.4425,0.37625000000000003,0.7322193814406406
validation_prolific,missing_only,0.0,0.0,0.0,24,hyperplane_old,0.4567434900846008,0.18110643892564762,0.36748436748436747,0.2848210464355731,0.42250000000000004,0.36000000000000004,0.7233362391638268
validation_prolific,missing_only,0.0,0.0,0.0,25,plain,0.3260703287726564,0.19395338338223095,0.40644540644540644,0.30953124828474365,0.4175000000000001,0.35625,0.7216719826168134
validation_prolific,missing_only,0.0,0.0,0.0,25,documented,0.7461275265930332,0.1371156426398581,0.20394420394420396,0.3907804010105274,0.4375,0.37625,0.729738715486972
validation_prolific,missing_only,0.0,0.0,0.0,25,aligned,0.748772431745018,0.1361893433457427,0.2000962000962001,0.394400196971232,0.4425,0.37625000000000003,0.7322193814406406
validation_prolific,missing_only,0.0,0.0,0.0,25,hyperplane_old,0.4567434900846008,0.18110643892564762,0.36748436748436747,0.2848210464355731,0.42250000000000004,0.36000000000000004,0.7233362391638268
validation_prolific,missing_only,0.0,0.0,0.0,26,plain,0.3260703287726564,0.19395338338223095,0.40644540644540644,0.30953124828474365,0.4175000000000001,0.35625,0.7216719826168134
validation_prolific,missing_only,0.0,0.0,0.0,26,documented,0.7461275265930332,0.1371156426398581,0.20394420394420396,0.3907804010105274,0.4375,0.37625,0.729738715486972
validation_prolific,missing_only,0.0,0.0,0.0,26,aligned,0.748772431745018,0.1361893433457427,0.2000962000962001,0.394400196971232,0.4425,0.37625000000000003,0.7322193814406406
validation_prolific,missing_only,0.0,0.0,0.0,26,hyperplane_old,0.4567434900846008,0.18110643892564762,0.36748436748436747,0.2848210464355731,0.42250000000000004,0.36000000000000004,0.7233362391638268
validation_prolific,missing_only,0.0,0.0,0.0,27,plain,0.3260703287726564,0.19395338338223095,0.40644540644540644,0.30953124828474365,0.4175000000000001,0.35625,0.7216719826168134
validation_prolific,missing_only,0.0,0.0,0.0,27,documented,0.7461275265930332,0.1371156426398581,0.20394420394420396,0.3907804010105274,0.4375,0.37625,0.729738715486972
validation_prolific,missing_only,0.0,0.0,0.0,27,aligned,0.748772431745018,0.1361893433457427,0.2000962000962001,0.394400196971232,0.4425,0.37625000000000003,0.7322193814406406
validation_prolific,missing_only,0.0,0.0,0.0,27,hyperplane_old,0.4567434900846008,0.18110643892564762,0.36748436748436747,0.2848210464355731,0.42250000000000004,0.36000000000000004,0.7233362391638268
validation_prolific,missing_only,0.0,0.0,0.0,28,plain,0.3260703287726564,0.19395338338223095,0.40644540644540644,0.30953124828474365,0.4175000000000001,0.35625,0.7216719826168134
validation_prolific,missing_only,0.0,0.0,0.0,28,documented,0.7461275265930332,0.1371156426398581,0.20394420394420396,0.3907804010105274,0.4375,0.37625,0.729738715486972
validation_prolific,missing_only,0.0,0.0,0.0,28,aligned,0.748772431745018,0.1361893433457427,0.2000962000962001,0.394400196971232,0.4425,0.37625000000000003,0.7322193814406406
validation_prolific,missing_only,0.0,0.0,0.0,28,hyperplane_old,0.4567434900846008,0.18110643892564762,0.36748436748436747,0.2848210464355731,0.42250000000000004,0.36000000000000004,0.7233362391638268
validation_prolific,missing_only,0.0,0.0,0.0,29,plain,0.3260703287726564,0.19395338338223095,0.40644540644540644,0.30953124828474365,0.4175000000000001,0.35625,0.7216719826168134
validation_prolific,missing_only,0.0,0.0,0.0,29,documented,0.7461275265930332,0.1371156426398581,0.20394420394420396,0.3907804010105274,0.4375,0.37625,0.729738715486972
validation_prolific,missing_only,0.0,0.0,0.0,29,aligned,0.748772431745018,0.1361893433457427,0.2000962000962001,0.394400196971232,0.4425,0.37625000000000003,0.7322193814406406
validation_prolific,missing_only,0.0,0.0,0.0,29,hyperplane_old,0.4567434900846008,0.18110643892564762,0.36748436748436747,0.2848210464355731,0.42250000000000004,0.36000000000000004,0.7233362391638268
validation_prolific,missing_only,0.0,0.0,0.0,30,plain,0.3260703287726564,0.19395338338223095,0.40644540644540644,0.30953124828474365,0.4175000000000001,0.35625,0.7216719826168134
validation_prolific,missing_only,0.0,0.0,0.0,30,documented,0.7461275265930332,0.1371156426398581,0.20394420394420396,0.3907804010105274,0.4375,0.37625,0.729738715486972
validation_prolific,missing_only,0.0,0.0,0.0,30,aligned,0.748772431745018,0.1361893433457427,0.2000962000962001,0.394400196971232,0.4425,0.37625000000000003,0.7322193814406406
validation_prolific,missing_only,0.0,0.0,0.0,30,hyperplane_old,0.4567434900846008,0.18110643892564762,0.36748436748436747,0.2848210464355731,0.42250000000000004,0.36000000000000004,0.7233362391638268
validation_prolific,missing_only,0.0,0.0,0.0,31,plain,0.3260703287726564,0.19395338338223095,0.40644540644540644,0.30953124828474365,0.4175000000000001,0.35625,0.7216719826168134
validation_prolific,missing_only,0.0,0.0,0.0,31,documented,0.7461275265930332,0.1371156426398581,0.20394420394420396,0.3907804010105274,0.4375,0.37625,0.729738715486972
validation_prolific,missing_only,0.0,0.0,0.0,31,aligned,0.748772431745018,0.1361893433457427,0.2000962000962001,0.394400196971232,0.4425,0.37625000000000003,0.7322193814406406
validation_prolific,missing_only,0.0,0.0,0.0,31,hyperplane_old,0.4567434900846008,0.18110643892564762,0.36748436748436747,0.2848210464355731,0.42250000000000004,0.36000000000000004,0.7233362391638268
validation_prolific,missing_only,0.0,0.0,0.0,32,plain,0.3260703287726564,0.19395338338223095,0.40644540644540644,0.30953124828474365,0.4175000000000001,0.35625,0.7216719826168134
validation_prolific,missing_only,0.0,0.0,0.0,32,documented,0.7461275265930332,0.1371156426398581,0.20394420394420396,0.3907804010105274,0.4375,0.37625,0.729738715486972
validation_prolific,missing_only,0.0,0.0,0.0,32,aligned,0.748772431745018,0.1361893433457427,0.2000962000962001,0.394400196971232,0.4425,0.37625000000000003,0.7322193814406406
validation_prolific,missing_only,0.0,0.0,0.0,32,hyperplane_old,0.4567434900846008,0.18110643892564762,0.36748436748436747,0.2848210464355731,0.42250000000000004,0.36000000000000004,0.7233362391638268
validation_prolific,missing_only,0.0,0.0,0.0,33,plain,0.3260703287726564,0.19395338338223095,0.40644540644540644,0.30953124828474365,0.4175000000000001,0.35625,0.7216719826168134
validation_prolific,missing_only,0.0,0.0,0.0,33,documented,0.7461275265930332,0.1371156426398581,0.20394420394420396,0.3907804010105274,0.4375,0.37625,0.729738715486972
validation_prolific,missing_only,0.0,0.0,0.0,33,aligned,0.748772431745018,0.1361893433457427,0.2000962000962001,0.394400196971232,0.4425,0.37625000000000003,0.7322193814406406
validation_prolific,missing_only,0.0,0.0,0.0,33,hyperplane_old,0.4567434900846008,0.18110643892564762,0.36748436748436747,0.2848210464355731,0.42250000000000004,0.36000000000000004,0.7233362391638268
validation_prolific,missing_only,0.0,0.0,0.0,34,plain,0.3260703287726564,0.19395338338223095,0.40644540644540644,0.30953124828474365,0.4175000000000001,0.35625,0.7216719826168134
validation_prolific,missing_only,0.0,0.0,0.0,34,documented,0.7461275265930332,0.1371156426398581,0.20394420394420396,0.3907804010105274,0.4375,0.37625,0.729738715486972
validation_prolific,missing_only,0.0,0.0,0.0,34,aligned,0.748772431745018,0.1361893433457427,0.2000962000962001,0.394400196971232,0.4425,0.37625000000000003,0.7322193814406406
validation_prolific,missing_only,0.0,0.0,0.0,34,hyperplane_old,0.4567434900846008,0.18110643892564762,0.36748436748436747,0.2848210464355731,0.42250000000000004,0.36000000000000004,0.7233362391638268
validation_prolific,missing_only,0.0,0.0,0.0,35,plain,0.3260703287726564,0.19395338338223095,0.40644540644540644,0.30953124828474365,0.4175000000000001,0.35625,0.7216719826168134
validation_prolific,missing_only,0.0,0.0,0.0,35,documented,0.7461275265930332,0.1371156426398581,0.20394420394420396,0.3907804010105274,0.4375,0.37625,0.729738715486972
validation_prolific,missing_only,0.0,0.0,0.0,35,aligned,0.748772431745018,0.1361893433457427,0.2000962000962001,0.394400196971232,0.4425,0.37625000000000003,0.7322193814406406
validation_prolific,missing_only,0.0,0.0,0.0,35,hyperplane_old,0.4567434900846008,0.18110643892564762,0.36748436748436747,0.2848210464355731,0.42250000000000004,0.36000000000000004,0.7233362391638268
validation_prolific,missing_only,0.0,0.0,0.0,36,plain,0.3260703287726564,0.19395338338223095,0.40644540644540644,0.30953124828474365,0.4175000000000001,0.35625,0.7216719826168134
validation_prolific,missing_only,0.0,0.0,0.0,36,documented,0.7461275265930332,0.1371156426398581,0.20394420394420396,0.3907804010105274,0.4375,0.37625,0.729738715486972
validation_prolific,missing_only,0.0,0.0,0.0,36,aligned,0.748772431745018,0.1361893433457427,0.2000962000962001,0.394400196971232,0.4425,0.37625000000000003,0.7322193814406406
validation_prolific,missing_only,0.0,0.0,0.0,36,hyperplane_old,0.4567434900846008,0.18110643892564762,0.36748436748436747,0.2848210464355731,0.42250000000000004,0.36000000000000004,0.7233362391638268
validation_prolific,missing_only,0.0,0.0,0.0,37,plain,0.3260703287726564,0.19395338338223095,0.40644540644540644,0.30953124828474365,0.4175000000000001,0.35625,0.7216719826168134
validation_prolific,missing_only,0.0,0.0,0.0,37,documented,0.7461275265930332,0.1371156426398581,0.20394420394420396,0.3907804010105274,0.4375,0.37625,0.729738715486972
validation_prolific,missing_only,0.0,0.0,0.0,37,aligned,0.748772431745018,0.1361893433457427,0.2000962000962001,0.394400196971232,0.4425,0.37625000000000003,0.7322193814406406
validation_prolific,missing_only,0.0,0.0,0.0,37,hyperplane_old,0.4567434900846008,0.18110643892564762,0.36748436748436747,0.2848210464355731,0.42250000000000004,0.36000000000000004,0.7233362391638268
validation_prolific,missing_only,0.0,0.0,0.0,38,plain,0.3260703287726564,0.19395338338223095,0.40644540644540644,0.30953124828474365,0.4175000000000001,0.35625,0.7216719826168134
validation_prolific,missing_only,0.0,0.0,0.0,38,documented,0.7461275265930332,0.1371156426398581,0.20394420394420396,0.3907804010105274,0.4375,0.37625,0.729738715486972
validation_prolific,missing_only,0.0,0.0,0.0,38,aligned,0.748772431745018,0.1361893433457427,0.2000962000962001,0.394400196971232,0.4425,0.37625000000000003,0.7322193814406406
validation_prolific,missing_only,0.0,0.0,0.0,38,hyperplane_old,0.4567434900846008,0.18110643892564762,0.36748436748436747,0.2848210464355731,0.42250000000000004,0.36000000000000004,0.7233362391638268
validation_prolific,missing_only,0.0,0.0,0.0,39,plain,0.3260703287726564,0.19395338338223095,0.40644540644540644,0.30953124828474365,0.4175000000000001,0.35625,0.7216719826168134
validation_prolific,missing_only,0.0,0.0,0.0,39,documented,0.7461275265930332,0.1371156426398581,0.20394420394420396,0.3907804010105274,0.4375,0.37625,0.729738715486972
validation_prolific,missing_only,0.0,0.0,0.0,39,aligned,0.748772431745018,0.1361893433457427,0.2000962000962001,0.394400196971232,0.4425,0.37625000000000003,0.7322193814406406
validation_prolific,missing_only,0.0,0.0,0.0,39,hyperplane_old,0.4567434900846008,0.18110643892564762,0.36748436748436747,0.2848210464355731,0.42250000000000004,0.36000000000000004,0.7233362391638268
validation_prolific,missing_only,0.0,0.0,0.0,40,plain,0.3260703287726564,0.19395338338223095,0.40644540644540644,0.30953124828474365,0.4175000000000001,0.35625,0.7216719826168134
validation_prolific,missing_only,0.0,0.0,0.0,40,documented,0.7461275265930332,0.1371156426398581,0.20394420394420396,0.3907804010105274,0.4375,0.37625,0.729738715486972
validation_prolific,missing_only,0.0,0.0,0.0,40,aligned,0.748772431745018,0.1361893433457427,0.2000962000962001,0.394400196971232,0.4425,0.37625000000000003,0.7322193814406406
validation_prolific,missing_only,0.0,0.0,0.0,40,hyperplane_old,0.4567434900846008,0.18110643892564762,0.36748436748436747,0.2848210464355731,0.42250000000000004,0.36000000000000004,0.7233362391638268
validation_prolific,missing_only,0.0,0.0,0.0,41,plain,0.3260703287726564,0.19395338338223095,0.40644540644540644,0.30953124828474365,0.4175000000000001,0.35625,0.7216719826168134
validation_prolific,missing_only,0.0,0.0,0.0,41,documented,0.7461275265930332,0.1371156426398581,0.20394420394420396,0.3907804010105274,0.4375,0.37625,0.729738715486972
validation_prolific,missing_only,0.0,0.0,0.0,41,aligned,0.748772431745018,0.1361893433457427,0.2000962000962001,0.394400196971232,0.4425,0.37625000000000003,0.7322193814406406
validation_prolific,missing_only,0.0,0.0,0.0,41,hyperplane_old,0.4567434900846008,0.18110643892564762,0.36748436748436747,0.2848210464355731,0.42250000000000004,0.36000000000000004,0.7233362391638268
validation_prolific,missing_only,0.0,0.0,0.0,42,plain,0.3260703287726564,0.19395338338223095,0.40644540644540644,0.30953124828474365,0.4175000000000001,0.35625,0.7216719826168134
validation_prolific,missing_only,0.0,0.0,0.0,42,documented,0.7461275265930332,0.1371156426398581,0.20394420394420396,0.3907804010105274,0.4375,0.37625,0.729738715486972
validation_prolific,missing_only,0.0,0.0,0.0,42,aligned,0.748772431745018,0.1361893433457427,0.2000962000962001,0.394400196971232,0.4425,0.37625000000000003,0.7322193814406406
validation_prolific,missing_only,0.0,0.0,0.0,42,hyperplane_old,0.4567434900846008,0.18110643892564762,0.36748436748436747,0.2848210464355731,0.42250000000000004,0.36000000000000004,0.7233362391638268
validation_prolific,missing_only,0.0,0.0,0.0,43,plain,0.3260703287726564,0.19395338338223095,0.40644540644540644,0.30953124828474365,0.4175000000000001,0.35625,0.7216719826168134
validation_prolific,missing_only,0.0,0.0,0.0,43,documented,0.7461275265930332,0.1371156426398581,0.20394420394420396,0.3907804010105274,0.4375,0.37625,0.729738715486972
validation_prolific,missing_only,0.0,0.0,0.0,43,aligned,0.748772431745018,0.1361893433457427,0.2000962000962001,0.394400196971232,0.4425,0.37625000000000003,0.7322193814406406
validation_prolific,missing_only,0.0,0.0,0.0,43,hyperplane_old,0.4567434900846008,0.18110643892564762,0.36748436748436747,0.2848210464355731,0.42250000000000004,0.36000000000000004,0.7233362391638268
validation_prolific,missing_only,0.0,0.0,0.0,44,plain,0.3260703287726564,0.19395338338223095,0.40644540644540644,0.30953124828474365,0.4175000000000001,0.35625,0.7216719826168134
validation_prolific,missing_only,0.0,0.0,0.0,44,documented,0.7461275265930332,0.1371156426398581,0.20394420394420396,0.3907804010105274,0.4375,0.37625,0.729738715486972
validation_prolific,missing_only,0.0,0.0,0.0,44,aligned,0.748772431745018,0.1361893433457427,0.2000962000962001,0.394400196971232,0.4425,0.37625000000000003,0.7322193814406406
validation_prolific,missing_only,0.0,0.0,0.0,44,hyperplane_old,0.4567434900846008,0.18110643892564762,0.36748436748436747,0.2848210464355731,0.42250000000000004,0.36000000000000004,0.7233362391638268
validation_prolific,missing_only,0.0,0.0,0.0,45,plain,0.3260703287726564,0.19395338338223095,0.40644540644540644,0.30953124828474365,0.4175000000000001,0.35625,0.7216719826168134
validation_prolific,missing_only,0.0,0.0,0.0,45,documented,0.7461275265930332,0.1371156426398581,0.20394420394420396,0.3907804010105274,0.4375,0.37625,0.729738715486972
validation_prolific,missing_only,0.0,0.0,0.0,45,aligned,0.748772431745018,0.1361893433457427,0.2000962000962001,0.394400196971232,0.4425,0.37625000000000003,0.7322193814406406
validation_prolific,missing_only,0.0,0.0,0.0,45,hyperplane_old,0.4567434900846008,0.18110643892564762,0.36748436748436747,0.2848210464355731,0.42250000000000004,0.36000000000000004,0.7233362391638268
validation_prolific,missing_only,0.0,0.0,0.0,46,plain,0.3260703287726564,0.19395338338223095,0.40644540644540644,0.30953124828474365,0.4175000000000001,0.35625,0.7216719826168134
validation_prolific,missing_only,0.0,0.0,0.0,46,documented,0.7461275265930332,0.1371156426398581,0.20394420394420396,0.3907804010105274,0.4375,0.37625,0.729738715486972
validation_prolific,missing_only,0.0,0.0,0.0,46,aligned,0.748772431745018,0.1361893433457427,0.2000962000962001,0.394400196971232,0.4425,0.37625000000000003,0.7322193814406406
validation_prolific,missing_only,0.0,0.0,0.0,46,hyperplane_old,0.4567434900846008,0.18110643892564762,0.36748436748436747,0.2848210464355731,0.42250000000000004,0.36000000000000004,0.7233362391638268
validation_prolific,missing_only,0.0,0.0,0.0,47,plain,0.3260703287726564,0.19395338338223095,0.40644540644540644,0.30953124828474365,0.4175000000000001,0.35625,0.7216719826168134
validation_prolific,missing_only,0.0,0.0,0.0,47,documented,0.7461275265930332,0.1371156426398581,0.20394420394420396,0.3907804010105274,0.4375,0.37625,0.729738715486972
validation_prolific,missing_only,0.0,0.0,0.0,47,aligned,0.748772431745018,0.1361893433457427,0.2000962000962001,0.394400196971232,0.4425,0.37625000000000003,0.7322193814406406
validation_prolific,missing_only,0.0,0.0,0.0,47,hyperplane_old,0.4567434900846008,0.18110643892564762,0.36748436748436747,0.2848210464355731,0.42250000000000004,0.36000000000000004,0.7233362391638268
validation_prolific,missing_only,0.0,0.0,0.0,48,plain,0.3260703287726564,0.19395338338223095,0.40644540644540644,0.30953124828474365,0.4175000000000001,0.35625,0.7216719826168134
validation_prolific,missing_only,0.0,0.0,0.0,48,documented,0.7461275265930332,0.1371156426398581,0.20394420394420396,0.3907804010105274,0.4375,0.37625,0.729738715486972
validation_prolific,missing_only,0.0,0.0,0.0,48,aligned,0.748772431745018,0.1361893433457427,0.2000962000962001,0.394400196971232,0.4425,0.37625000000000003,0.7322193814406406
validation_prolific,missing_only,0.0,0.0,0.0,48,hyperplane_old,0.4567434900846008,0.18110643892564762,0.36748436748436747,0.2848210464355731,0.42250000000000004,0.36000000000000004,0.7233362391638268
validation_prolific,missing_only,0.0,0.0,0.0,49,plain,0.3260703287726564,0.19395338338223095,0.40644540644540644,0.30953124828474365,0.4175000000000001,0.35625,0.7216719826168134
validation_prolific,missing_only,0.0,0.0,0.0,49,documented,0.7461275265930332,0.1371156426398581,0.20394420394420396,0.3907804010105274,0.4375,0.37625,0.729738715486972
validation_prolific,missing_only,0.0,0.0,0.0,49,aligned,0.748772431745018,0.1361893433457427,0.2000962000962001,0.394400196971232,0.4425,0.37625000000000003,0.7322193814406406
validation_prolific,missing_only,0.0,0.0,0.0,49,hyperplane_old,0.4567434900846008,0.18110643892564762,0.36748436748436747,0.2848210464355731,0.42250000000000004,0.36000000000000004,0.7233362391638268
validation_prolific,missing_only,0.1,0.0,0.0,0,plain,0.3260703287726564,0.19395338338223095,0.40644540644540644,0.30953124828474365,0.4175000000000001,0.35625,0.7216719826168134
validation_prolific,missing_only,0.1,0.0,0.0,0,documented,0.7217817142845502,0.1433743658154817,0.2227032227032227,0.34497847778950275,0.41999999999999993,0.37,0.716619909610739
validation_prolific,missing_only,0.1,0.0,0.0,0,aligned,0.7104536657365353,0.1436891713897956,0.215007215007215,0.3467751051410529,0.4225,0.36124999999999996,0.7145192616636781
validation_prolific,missing_only,0.1,0.0,0.0,0,hyperplane_old,0.4123227081500755,0.1853034035748598,0.37614237614237617,0.2990847815708315,0.43000000000000005,0.37125,0.7276564790599005
validation_prolific,missing_only,0.1,0.0,0.0,1,plain,0.3260703287726564,0.19395338338223095,0.40644540644540644,0.30953124828474365,0.4175000000000001,0.35625,0.7216719826168134
validation_prolific,missing_only,0.1,0.0,0.0,1,documented,0.7385237530486185,0.1389364594559814,0.20683020683020684,0.38765411427550067,0.43249999999999994,0.36875,0.7276118091449066
validation_prolific,missing_only,0.1,0.0,0.0,1,aligned,0.740667103877485,0.13809196984321,0.20586820586820587,0.3898922649549392,0.43499999999999994,0.37124999999999997,0.7282165062189965
validation_prolific,missing_only,0.1,0.0,0.0,1,hyperplane_old,0.4248594360753558,0.1842709617079891,0.37566137566137564,0.2865453673430403,0.42000000000000004,0.35875,0.7192901233689877
validation_prolific,missing_only,0.1,0.0,0.0,2,plain,0.3260703287726564,0.19395338338223095,0.40644540644540644,0.30953124828474365,0.4175000000000001,0.35625,0.7216719826168134
validation_prolific,missing_only,0.1,0.0,0.0,2,documented,0.7129573376458265,0.1440680391767682,0.2255892255892256,0.37053227520513926,0.425,0.37875000000000003,0.7288601957829505
validation_prolific,missing_only,0.1,0.0,0.0,2,aligned,0.7143848324582824,0.14350572610708387,0.22414622414622415,0.37143725028443525,0.42000000000000004,0.375,0.7257919867161389
validation_prolific,missing_only,0.1,0.0,0.0,2,hyperplane_old,0.39541712108874566,0.18715004183089834,0.38335738335738334,0.293181890333899,0.41000000000000003,0.36,0.723591142142341
validation_prolific,missing_only,0.1,0.0,0.0,3,plain,0.3260703287726564,0.19395338338223095,0.40644540644540644,0.30953124828474365,0.4175000000000001,0.35625,0.7216719826168134
validation_prolific,missing_only,0.1,0.0,0.0,3,documented,0.7182444896620933,0.1432335818094348,0.22847522847522847,0.3746630402899845,0.445,0.37375,0.7275552326935772
validation_prolific,missing_only,0.1,0.0,0.0,3,aligned,0.7200942973804393,0.14250976782257327,0.22414622414622415,0.3765507982714432,0.44000000000000006,0.37,0.7246785791949051
validation_prolific,missing_only,0.1,0.0,0.0,3,hyperplane_old,0.4232827176134101,0.1846913781816762,0.38095238095238093,0.2877780076969082,0.41500000000000004,0.35750000000000004,0.7185203672619215
validation_prolific,missing_only,0.1,0.0,0.0,4,plain,0.3260703287726564,0.19395338338223095,0.40644540644540644,0.30953124828474365,0.4175000000000001,0.35625,0.7216719826168134
validation_prolific,missing_only,0.1,0.0,0.0,4,documented,0.7371183189954177,0.13982990085631142,0.2183742183742184,0.3775130628844824,0.43499999999999994,0.37625000000000003,0.7246608670580938
validation_prolific,missing_only,0.1,0.0,0.0,4,aligned,0.717583193318209,0.1420170506186722,0.22077922077922077,0.3625983270371676,0.44000000000000006,0.36624999999999996,0.7152219675724993
validation_prolific,missing_only,0.1,0.0,0.0,4,hyperplane_old,0.44471915076798585,0.18234033284595957,0.36796536796536794,0.28430026318419216,0.42000000000000004,0.36,0.7211528928035701
validation_prolific,missing_only,0.1,0.0,0.0,5,plain,0.3260703287726564,0.19395338338223095,0.40644540644540644,0.30953124828474365,0.4175000000000001,0.35625,0.7216719826168134
validation_prolific,missing_only,0.1,0.0,0.0,5,documented,0.6953025408095657,0.1461031917039851,0.23424723424723426,0.3706355285337716,0.43499999999999994,0.37125,0.7231685564584365
validation_prolific,missing_only,0.1,0.0,0.0,5,aligned,0.7011888400393054,0.14371525493477616,0.2275132275132275,0.38333856480524353,0.4425,0.37374999999999997,0.7295681985380057
validation_prolific,missing_only,0.1,0.0,0.0,5,hyperplane_old,0.41990135568161063,0.1848336452850614,0.37902837902837905,0.2936639201187392,0.40499999999999997,0.34374999999999994,0.718251188781724
validation_prolific,missing_only,0.1,0.0,0.0,6,plain,0.3260703287726564,0.19395338338223095,0.40644540644540644,0.30953124828474365,0.4175000000000001,0.35625,0.7216719826168134
validation_prolific,missing_only,0.1,0.0,0.0,6,documented,0.7190765006788443,0.14241200823840494,0.21933621933621933,0.37847423176135025,0.445,0.38125,0.7314942052574946
validation_prolific,missing_only,0.1,0.0,0.0,6,aligned,0.72063925308303,0.14159252171055975,0.21933621933621933,0.3809446176496262,0.44000000000000006,0.38,0.7319050281591547
validation_prolific,missing_only,0.1,0.0,0.0,6,hyperplane_old,0.44502117251883766,0.18230801772008415,0.36796536796536794,0.28507376472249835,0.42000000000000004,0.36,0.7222155582759626
validation_prolific,missing_only,0.1,0.0,0.0,7,plain,0.3260703287726564,0.19395338338223095,0.40644540644540644,0.30953124828474365,0.4175000000000001,0.35625,0.7216719826168134
validation_prolific,missing_only,0.1,0.0,0.0,7,documented,0.7119573227050144,0.14230945970604972,0.22126022126022127,0.3808885151390492,0.42750000000000005,0.37374999999999997,0.7227397591608835
validation_prolific,missing_only,0.1,0.0,0.0,7,aligned,0.7142451622708712,0.14149026785793112,0.2183742183742184,0.38576545950071006,0.43499999999999994,0.37249999999999994,0.7235471732319173
validation_prolific,missing_only,0.1,0.0,0.0,7,hyperplane_old,0.4420785366366615,0.18254329533197108,0.3698893698893699,0.2860848631246116,0.4175,0.36124999999999996,0.7192967174851319
validation_prolific,missing_only,0.1,0.0,0.0,8,plain,0.3260703287726564,0.19395338338223095,0.40644540644540644,0.30953124828474365,0.4175000000000001,0.35625,0.7216719826168134
validation_prolific,missing_only,0.1,0.0,0.0,8,documented,0.7377825107669457,0.1388025122454039,0.2130832130832131,0.37567654762898356,0.43,0.37625000000000003,0.7292769464605163
validation_prolific,missing_only,0.1,0.0,0.0,8,aligned,0.7413094579519477,0.13777270023566882,0.2101972101972102,0.3761443000454734,0.43249999999999994,0.375,0.7283748317876511
validation_prolific,missing_only,0.1,0.0,0.0,8,hyperplane_old,0.4243739191086983,0.18441775896652107,0.37566137566137564,0.2859768737834537,0.4125,0.36,0.7187295271661102
validation_prolific,missing_only,0.1,0.0,0.0,9,plain,0.3260703287726564,0.19395338338223095,0.40644540644540644,0.30953124828474365,0.4175000000000001,0.35625,0.7216719826168134
validation_prolific,missing_only,0.1,0.0,0.0,9,documented,0.719678859459211,0.14207350908581043,0.21452621452621454,0.34630625329516124,0.4225,0.36375,0.7175253425777616
validation_prolific,missing_only,0.1,0.0,0.0,9,aligned,0.7017392272648081,0.14437765525392537,0.21645021645021645,0.3279647664545267,0.42000000000000004,0.35374999999999995,0.7090534070907765
validation_prolific,missing_only,0.1,0.0,0.0,9,hyperplane_old,0.45487774427362837,0.18154148505254875,0.36892736892736894,0.28239135513601776,0.42250000000000004,0.35875,0.7219964489627234
validation_prolific,missing_only,0.1,0.0,0.0,10,plain,0.3260703287726564,0.19395338338223095,0.40644540644540644,0.30953124828474365,0.4175000000000001,0.35625,0.7216719826168134
validation_prolific,missing_only,0.1,0.0,0.0,10,documented,0.7458036049162141,0.13714863923709944,0.20202020202020202,0.40192104584228633,0.4425,0.38375000000000004,0.7401065505174297
validation_prolific,missing_only,0.1,0.0,0.0,10,aligned,0.7489376319759511,0.1354691769736019,0.19865319865319866,0.41082724130795734,0.44749999999999995,0.38125,0.7448721147316084
validation_prolific,missing_only,0.1,0.0,0.0,10,hyperplane_old,0.4286850655647634,0.18371165063379544,0.37037037037037035,0.2927696575499691,0.425,0.36249999999999993,0.7238597873108643
validation_prolific,missing_only,0.1,0.0,0.0,11,plain,0.3260703287726564,0.19395338338223095,0.40644540644540644,0.30953124828474365,0.4175000000000001,0.35625,0.7216719826168134
validation_prolific,missing_only,0.1,0.0,0.0,11,documented,0.7143135637625119,0.14263598413749914,0.2202982202982203,0.37191094332743396,0.42750000000000005,0.37249999999999994,0.7165859713134557
validation_prolific,missing_only,0.1,0.0,0.0,11,aligned,0.6947076642674183,0.1447576829696641,0.22366522366522368,0.3602787961083793,0.43000000000000005,0.3625,0.7111851929328313
validation_prolific,missing_only,0.1,0.0,0.0,11,hyperplane_old,0.442378796286766,0.18247301139728886,0.3698893698893699,0.28262148785771296,0.42000000000000004,0.36,0.7197492663291432
validation_prolific,missing_only,0.1,0.0,0.0,12,plain,0.3260703287726564,0.19395338338223095,0.40644540644540644,0.30953124828474365,0.4175000000000001,0.35625,0.7216719826168134
validation_prolific,missing_only,0.1,0.0,0.0,12,documented,0.7149632829290001,0.14388972855563645,0.22847522847522847,0.35714724668470305,0.425,0.37124999999999997,0.7167931082809684
validation_prolific,missing_only,0.1,0.0,0.0,12,aligned,0.6952073909091432,0.14608012120655073,0.23088023088023088,0.34450841058106974,0.425,0.3625,0.7097223905499466
validation_prolific,missing_only,0.1,0.0,0.0,12,hyperplane_old,0.4213315858524896,0.18468475892342506,0.37902837902837905,0.29216273126910053,0.40499999999999997,0.34750000000000003,0.717742744295116
validation_prolific,missing_only,0.1,0.0,0.0,13,plain,0.3260703287726564,0.19395338338223095,0.40644540644540644,0.30953124828474365,0.4175000000000001,0.35625,0.7216719826168134
validation_prolific,missing_only,0.1,0.0,0.0,13,documented,0.7371369745697479,0.14023440338776605,0.2101972101972102,0.3708661438139242,0.4375,0.37374999999999997,0.7296035351009887
validation_prolific,missing_only,0.1,0.0,0.0,13,aligned,0.7185670270124689,0.14207786737949193,0.21115921115921116,0.35974870939193665,0.43,0.365,0.7215818108331176
validation_prolific,missing_only,0.1,0.0,0.0,13,hyperplane_old,0.4307018933442025,0.1839494947105377,0.3771043771043771,0.29205707197255515,0.42250000000000004,0.35500000000000004,0.7184882037135315
validation_prolific,missing_only,0.1,0.0,0.0,14,plain,0.3260703287726564,0.19395338338223095,0.40644540644540644,0.30953124828474365,0.4175000000000001,0.35625,0.7216719826168134
validation_prolific,missing_only,0.1,0.0,0.0,14,documented,0.7333834988313902,0.13930393570464816,0.2053872053872054,0.3814673156412559,0.4325,0.37625000000000003,0.7378704082627636
validation_prolific,missing_only,0.1,0.0,0.0,14,aligned,0.7157465131126655,0.14118816125915365,0.2077922077922078,0.37058037058099574,0.43000000000000005,0.36875,0.7291521271053554
validation_prolific,missing_only,0.1,0.0,0.0,14,hyperplane_old,0.41651020320657994,0.1849632951357278,0.37614237614237617,0.29011647410469654,0.425,0.36625,0.7235808558306512
validation_prolific,missing_only,0.1,0.0,0.0,15,plain,0.3260703287726564,0.19395338338223095,0.40644540644540644,0.30953124828474365,0.4175000000000001,0.35625,0.7216719826168134
validation_prolific,missing_only,0.1,0.0,0.0,15,documented,0.7098896350785561,0.14456564606879957,0.22703222703222703,0.3529966270884594,0.43,0.365,0.717796905867272
validation_prolific,missing_only,0.1,0.0,0.0,15,aligned,0.7112052229791876,0.14390771306826766,0.22318422318422318,0.3550676850271223,0.43249999999999994,0.37,0.7187622536860947
validation_prolific,missing_only,0.1,0.0,0.0,15,hyperplane_old,0.42240281052813705,0.18497025587817917,0.38095238095238093,0.28567208309881253,0.40750000000000003,0.35,0.7173579352198383
validation_prolific,missing_only,0.1,0.0,0.0,16,plain,0.3260703287726564,0.19395338338223095,0.40644540644540644,0.30953124828474365,0.4175000000000001,0.35625,0.7216719826168134
validation_prolific,missing_only,0.1,0.0,0.0,16,documented,0.7257763343954448,0.14081961139560664,0.22174122174122174,0.38760342543382076,0.43499999999999994,0.37625,0.7297305470201044
validation_prolific,missing_only,0.1,0.0,0.0,16,aligned,0.7042207586794225,0.14315951890688264,0.22895622895622897,0.3747519749833451,0.425,0.36500000000000005,0.7276459398534518
validation_prolific,missing_only,0.1,0.0,0.0,16,hyperplane_old,0.4424548984618052,0.18239821097865286,0.36844636844636847,0.2881533673641137,0.4175,0.3625,0.7237081483524445
validation_prolific,missing_only,0.1,0.0,0.0,17,plain,0.3260703287726564,0.19395338338223095,0.40644540644540644,0.30953124828474365,0.4175000000000001,0.35625,0.7216719826168134
validation_prolific,missing_only,0.1,0.0,0.0,17,documented,0.7028439347606789,0.1440920528002991,0.2303992303992304,0.38117480300258616,0.44000000000000006,0.37374999999999997,0.7303596297082248
validation_prolific,missing_only,0.1,0.0,0.0,17,aligned,0.6851690362061683,0.14590716528616457,0.2332852332852333,0.3686553923937547,0.4375,0.365,0.725558246269857
validation_prolific,missing_only,0.1,0.0,0.0,17,hyperplane_old,0.42412463662341376,0.1844971498290351,0.3771043771043771,0.28824124587542455,0.42750000000000005,0.36375,0.7260057279022603
validation_prolific,missing_only,0.1,0.0,0.0,18,plain,0.3260703287726564,0.19395338338223095,0.40644540644540644,0.30953124828474365,0.4175000000000001,0.35625,0.7216719826168134
validation_prolific,missing_only,0.1,0.0,0.0,18,documented,0.7222993891625709,0.1422630011114972,0.2101972101972102,0.3801201608206154,0.4325,0.37,0.7310997788371626
validation_prolific,missing_only,0.1,0.0,0.0,18,aligned,0.7257573074447106,0.1409323675898771,0.21115921115921116,0.38367214860066906,0.4325,0.37124999999999997,0.7352493100453306
validation_prolific,missing_only,0.1,0.0,0.0,18,hyperplane_old,0.42112977272945895,0.1851553181022773,0.38431938431938434,0.2837752834255839,0.4175,0.35875,0.7231545249481572
validation_prolific,missing_only,0.1,0.0,0.0,19,plain,0.3260703287726564,0.19395338338223095,0.40644540644540644,0.30953124828474365,0.4175000000000001,0.35625,0.7216719826168134
validation_prolific,missing_only,0.1,0.0,0.0,19,documented,0.7285437634837035,0.14176890478363943,0.21212121212121213,0.3597531610705217,0.4325000000000001,0.38,0.7248290033666647
validation_prolific,missing_only,0.1,0.0,0.0,19,aligned,0.6857004457728583,0.14736388945119994,0.2255892255892256,0.3283059575012414,0.4175,0.36,0.7124841907081979
validation_prolific,missing_only,0.1,0.0,0.0,19,hyperplane_old,0.4118552182615057,0.1857549962110283,0.3795093795093795,0.28603384599059745,0.4175,0.36375,0.7226864336817441
validation_prolific,missing_only,0.1,0.0,0.0,20,plain,0.3260703287726564,0.19395338338223095,0.40644540644540644,0.30953124828474365,0.4175000000000001,0.35625,0.7216719826168134
validation_prolific,missing_only,0.1,0.0,0.0,20,documented,0.7261534927176294,0.14177043949416182,0.22174122174122174,0.3713231268178788,0.4375,0.37374999999999997,0.7235516378688297
validation_prolific,missing_only,0.1,0.0,0.0,20,aligned,0.71073280690063,0.14290861555465303,0.22318422318422318,0.3608106927699448,0.43499999999999994,0.36625,0.7230091960879161
validation_prolific,missing_only,0.1,0.0,0.0,20,hyperplane_old,0.42460819196775723,0.1846335877122478,0.3771043771043771,0.2878941387381623,0.425,0.3625,0.7237203846454794
validation_prolific,missing_only,0.1,0.0,0.0,21,plain,0.3260703287726564,0.19395338338223095,0.40644540644540644,0.30953124828474365,0.4175000000000001,0.35625,0.7216719826168134
validation_prolific,missing_only,0.1,0.0,0.0,21,documented,0.6915641525723194,0.14551583409842642,0.23184223184223185,0.3471886154147533,0.42250000000000004,0.3625,0.7107710112490884
validation_prolific,missing_only,0.1,0.0,0.0,21,aligned,0.6761193075653498,0.1472837047216135,0.23424723424723426,0.3318281993014766,0.425,0.35,0.7034334143886959
validation_prolific,missing_only,0.1,0.0,0.0,21,hyperplane_old,0.43859558090674694,0.18269482013465219,0.3718133718133718,0.28414382580001735,0.4175,0.36124999999999996,0.71832490377582
validation_prolific,missing_only,0.1,0.0,0.0,22,plain,0.3260703287726564,0.19395338338223095,0.40644540644540644,0.30953124828474365,0.4175000000000001,0.35625,0.7216719826168134
validation_prolific,missing_only,0.1,0.0,0.0,22,documented,0.7180055822344917,0.14381254195647603,0.22126022126022127,0.36920872612930805,0.43499999999999994,0.37,0.7190156316429082
validation_prolific,missing_only,0.1,0.0,0.0,22,aligned,0.7234601563866812,0.14188550260198554,0.21981721981721983,0.378425124951124,0.4375,0.3775,0.7252699110262127
validation_prolific,missing_only,0.1,0.0,0.0,22,hyperplane_old,0.43351229702629773,0.18378265769213342,0.38047138047138046,0.2798765768183259,0.4175,0.355,0.7208535579148524
validation_prolific,missing_only,0.1,0.0,0.0,23,plain,0.3260703287726564,0.19395338338223095,0.40644540644540644,0.30953124828474365,0.4175000000000001,0.35625,0.7216719826168134
validation_prolific,missing_only,0.1,0.0,0.0,23,documented,0.7379429013866703,0.13974935412525644,0.2106782106782107,0.37563885341427455,0.45,0.3775,0.7269735553325833
validation_prolific,missing_only,0.1,0.0,0.0,23,aligned,0.7426894937411208,0.1379651133505798,0.20634920634920634,0.3848255200550413,0.44000000000000006,0.375,0.7278785838906106
validation_prolific,missing_only,0.1,0.0,0.0,23,hyperplane_old,0.4091733094634878,0.186193282449719,0.3876863876863877,0.29143257927750155,0.4175,0.35374999999999995,0.7170677042553917
validation_prolific,missing_only,0.1,0.0,0.0,24,plain,0.3260703287726564,0.19395338338223095,0.40644540644540644,0.30953124828474365,0.4175000000000001,0.35625,0.7216719826168134
validation_prolific,missing_only,0.1,0.0,0.0,24,documented,0.7318760135316265,0.14023967932340903,0.21452621452621454,0.3678580492088376,0.43,0.3775,0.73127856096489
validation_prolific,missing_only,0.1,0.0,0.0,24,aligned,0.7339951114697054,0.1393625043099318,0.20875420875420875,0.38252674628755257,0.4375,0.38249999999999995,0.7356468964426321
validation_prolific,missing_only,0.1,0.0,0.0,24,hyperplane_old,0.42928759930909527,0.18357619544190665,0.37037037037037035,0.2916757218398537,0.425,0.365,0.7244476847396045
validation_prolific,missing_only,0.1,0.0,0.0,25,plain,0.3260703287726564,0.19395338338223095,0.40644540644540644,0.30953124828474365,0.4175000000000001,0.35625,0.7216719826168134
validation_prolific,missing_only,0.1,0.0,0.0,25,documented,0.7189534918216027,0.14227216105741192,0.22510822510822512,0.3837524949622792,0.445,0.37375,0.7355766873365581
validation_prolific,missing_only,0.1,0.0,0.0,25,aligned,0.7274006004928909,0.1399403184978022,0.21885521885521886,0.39474331577741817,0.44250000000000006,0.37875,0.7395642289622317
validation_prolific,missing_only,0.1,0.0,0.0,25,hyperplane_old,0.4143052976776402,0.1849431413292202,0.3775853775853776,0.29655411332526704,0.4125,0.35750000000000004,0.7201074818642649
validation_prolific,missing_only,0.1,0.0,0.0,26,plain,0.3260703287726564,0.19395338338223095,0.40644540644540644,0.30953124828474365,0.4175000000000001,0.35625,0.7216719826168134
validation_prolific,missing_only,0.1,0.0,0.0,26,documented,0.7003059462756356,0.14392346055926308,0.23376623376623376,0.38561932771473917,0.43499999999999994,0.38,0.7298532652707173
validation_prolific,missing_only,0.1,0.0,0.0,26,aligned,0.6825010669227655,0.14605231855753903,0.2352092352092352,0.37005186533175827,0.4325,0.37,0.7217579933278664
validation_prolific,missing_only,0.1,0.0,0.0,26,hyperplane_old,0.4118552182615057,0.1857549962110283,0.3795093795093795,0.28603384599059745,0.4175,0.36375,0.7226864336817441
validation_prolific,missing_only,0.1,0.0,0.0,27,plain,0.3260703287726564,0.19395338338223095,0.40644540644540644,0.30953124828474365,0.4175000000000001,0.35625,0.7216719826168134
validation_prolific,missing_only,0.1,0.0,0.0,27,documented,0.7126614295996491,0.14419785195538232,0.23136123136123135,0.3539139745862239,0.43499999999999994,0.38,0.7199924466163623
validation_prolific,missing_only,0.1,0.0,0.0,27,aligned,0.715486513566341,0.14297931456303592,0.22895622895622897,0.3590182238930352,0.43500000000000005,0.38249999999999995,0.7208002244693426
validation_prolific,missing_only,0.1,0.0,0.0,27,hyperplane_old,0.4158963011879458,0.1850254888779066,0.37614237614237617,0.28873373894258625,0.425,0.36625,0.7234734661717022
validation_prolific,missing_only,0.1,0.0,0.0,28,plain,0.3260703287726564,0.19395338338223095,0.40644540644540644,0.30953124828474365,0.4175000000000001,0.35625,0.7216719826168134
validation_prolific,missing_only,0.1,0.0,0.0,28,documented,0.7336356119577941,0.14039236238306416,0.21164021164021163,0.36802236060498145,0.4425,0.37374999999999997,0.7274409579154447
validation_prolific,missing_only,0.1,0.0,0.0,28,aligned,0.7180575517812254,0.14153525174925907,0.21548821548821548,0.366984687019888,0.44000000000000006,0.37,0.7204784575678262
validation_prolific,missing_only,0.1,0.0,0.0,28,hyperplane_old,0.4320693935677096,0.18387308133496227,0.38047138047138046,0.2865923472212607,0.41500000000000004,0.35750000000000004,0.7216075234940307
validation_prolific,missing_only,0.1,0.0,0.0,29,plain,0.3260703287726564,0.19395338338223095,0.40644540644540644,0.30953124828474365,0.4175000000000001,0.35625,0.7216719826168134
validation_prolific,missing_only,0.1,0.0,0.0,29,documented,0.7408704684985387,0.1388268282650562,0.21115921115921116,0.3829047164541756,0.445,0.3825,0.7303900243076246
validation_prolific,missing_only,0.1,0.0,0.0,29,aligned,0.7421774431742703,0.1379204297954227,0.20923520923520925,0.3852263908386888,0.44000000000000006,0.37625,0.7274568498463823
validation_prolific,missing_only,0.1,0.0,0.0,29,hyperplane_old,0.4250390196213544,0.1843856535121417,0.3775853775853776,0.281176957406978,0.41500000000000004,0.35750000000000004,0.7186279625368964
validation_prolific,missing_only,0.1,0.0,0.0,30,plain,0.3260703287726564,0.19395338338223095,0.40644540644540644,0.30953124828474365,0.4175000000000001,0.35625,0.7216719826168134
validation_prolific,missing_only,0.1,0.0,0.0,30,documented,0.7047565649724891,0.14466471691131277,0.22126022126022127,0.3665693040585093,0.425,0.36875,0.7184834449576991
validation_prolific,missing_only,0.1,0.0,0.0,30,aligned,0.6862489051021666,0.14667673675243748,0.22462722462722462,0.35102730595803366,0.42750000000000005,0.36375,0.713317020728448
validation_prolific,missing_only,0.1,0.0,0.0,30,hyperplane_old,0.4505308266671274,0.18183871406303248,0.3694083694083694,0.28817929856763086,0.42000000000000004,0.35750000000000004,0.72044914343286
validation_prolific,missing_only,0.1,0.0,0.0,31,plain,0.3260703287726564,0.19395338338223095,0.40644540644540644,0.30953124828474365,0.4175000000000001,0.35625,0.7216719826168134
validation_prolific,missing_only,0.1,0.0,0.0,31,documented,0.7139519821346682,0.14297520938437855,0.22703222703222703,0.3916083034070606,0.445,0.38625,0.7447301554494773
validation_prolific,missing_only,0.1,0.0,0.0,31,aligned,0.7012861340357127,0.14410577009205472,0.2275132275132275,0.3845744985950947,0.4375,0.3725,0.7333028195033411
validation_prolific,missing_only,0.1,0.0,0.0,31,hyperplane_old,0.44045561152606605,0.18284046892670983,0.37373737373737376,0.286234063665876,0.4175,0.35875,0.7228640280115544
validation_prolific,missing_only,0.1,0.0,0.0,32,plain,0.3260703287726564,0.19395338338223095,0.40644540644540644,0.30953124828474365,0.4175000000000001,0.35625,0.7216719826168134
validation_prolific,missing_only,0.1,0.0,0.0,32,documented,0.7153258804023729,0.14263433680143028,0.2303992303992304,0.37801715568699623,0.44000000000000006,0.3775,0.7301648842395518
validation_prolific,missing_only,0.1,0.0,0.0,32,aligned,0.6956642717664099,0.14500539993959105,0.23136123136123135,0.3593934762776427,0.43499999999999994,0.37,0.7232594531147496
validation_prolific,missing_only,0.1,0.0,0.0,32,hyperplane_old,0.4572137859466873,0.18112736203406613,0.36748436748436747,0.2847226888563891,0.42250000000000004,0.36000000000000004,0.7225438521803094
validation_prolific,missing_only,0.1,0.0,0.0,33,plain,0.3260703287726564,0.19395338338223095,0.40644540644540644,0.30953124828474365,0.4175000000000001,0.35625,0.7216719826168134
validation_prolific,missing_only,0.1,0.0,0.0,33,documented,0.7238166602744922,0.14209134795409095,0.2130832130832131,0.3826428278186542,0.43500000000000005,0.38,0.7372945068067569
validation_prolific,missing_only,0.1,0.0,0.0,33,aligned,0.7288267078654925,0.14012658734239544,0.20971620971620972,0.3920804716101213,0.4375,0.37875000000000003,0.7388076599811572
validation_prolific,missing_only,0.1,0.0,0.0,33,hyperplane_old,0.3788660043930015,0.1889679752735541,0.39201539201539204,0.2980741127842096,0.42000000000000004,0.36000000000000004,0.721098493627813
validation_prolific,missing_only,0.1,0.0,0.0,34,plain,0.3260703287726564,0.19395338338223095,0.40644540644540644,0.30953124828474365,0.4175000000000001,0.35625,0.7216719826168134
validation_prolific,missing_only,0.1,0.0,0.0,34,documented,0.7298930209355161,0.14079358431929795,0.20827320827320828,0.36676229729312587,0.4375,0.375,0.7251520555906202
validation_prolific,missing_only,0.1,0.0,0.0,34,aligned,0.7240744285501292,0.14040115767443026,0.20586820586820587,0.36947953337247913,0.4375,0.3675,0.7227502207069822
validation_prolific,missing_only,0.1,0.0,0.0,34,hyperplane_old,0.43629182481711964,0.1834875696579564,0.37373737373737376,0.2776314729089999,0.4125,0.35625,0.7191671249250474
validation_prolific,missing_only,0.1,0.0,0.0,35,plain,0.3260703287726564,0.19395338338223095,0.40644540644540644,0.30953124828474365,0.4175000000000001,0.35625,0.7216719826168134
validation_prolific,missing_only,0.1,0.0,0.0,35,documented,0.7287392039282413,0.14185599504765314,0.20971620971620972,0.35633963308835537,0.42750000000000005,0.37625000000000003,0.7230840846815261
validation_prolific,missing_only,0.1,0.0,0.0,35,aligned,0.718477507655493,0.14170744734185914,0.2077922077922078,0.36023430339106877,0.425,0.365,0.7217113551807977
validation_prolific,missing_only,0.1,0.0,0.0,35,hyperplane_old,0.41339473995100956,0.18523993011631132,0.38095238095238093,0.30064746093066297,0.4175,0.36124999999999996,0.7208122928087829
validation_prolific,missing_only,0.1,0.0,0.0,36,plain,0.3260703287726564,0.19395338338223095,0.40644540644540644,0.30953124828474365,0.4175000000000001,0.35625,0.7216719826168134
validation_prolific,missing_only,0.1,0.0,0.0,36,documented,0.7258190766290445,0.14129359312911108,0.2222222222222222,0.3638206597436892,0.4375,0.38125,0.72833732491121
validation_prolific,missing_only,0.1,0.0,0.0,36,aligned,0.707576183846715,0.14343394288256947,0.22414622414622415,0.3515048118568873,0.42750000000000005,0.36124999999999996,0.7142361655133002
validation_prolific,missing_only,0.1,0.0,0.0,36,hyperplane_old,0.428536975173949,0.18381270026712654,0.37518037518037517,0.293538134316737,0.4175,0.36374999999999996,0.7226749460682288
validation_prolific,missing_only,0.1,0.0,0.0,37,plain,0.3260703287726564,0.19395338338223095,0.40644540644540644,0.30953124828474365,0.4175000000000001,0.35625,0.7216719826168134
validation_prolific,missing_only,0.1,0.0,0.0,37,documented,0.7264814071840233,0.14066242776261992,0.2202982202982203,0.37626760859691577,0.43,0.37124999999999997,0.7278952733043182
validation_prolific,missing_only,0.1,0.0,0.0,37,aligned,0.7288999763966036,0.13953408787403188,0.21693121693121692,0.38422215822376815,0.425,0.37,0.7254498307214593
validation_prolific,missing_only,0.1,0.0,0.0,37,hyperplane_old,0.41258781237077335,0.1854519241274976,0.38191438191438193,0.28605467361001685,0.40499999999999997,0.35250000000000004,0.7164644847793497
validation_prolific,missing_only,0.1,0.0,0.0,38,plain,0.3260703287726564,0.19395338338223095,0.40644540644540644,0.30953124828474365,0.4175000000000001,0.35625,0.7216719826168134
validation_prolific,missing_only,0.1,0.0,0.0,38,documented,0.715266521317531,0.14406716048296078,0.22318422318422318,0.35298824994434364,0.41500000000000004,0.36625,0.7118569682385301
validation_prolific,missing_only,0.1,0.0,0.0,38,aligned,0.6998530135281698,0.14511508551276364,0.22126022126022127,0.3456411486217327,0.4125,0.355,0.7079296702493318
validation_prolific,missing_only,0.1,0.0,0.0,38,hyperplane_old,0.43038363322475376,0.18365568661345272,0.37373737373737376,0.2953632398136815,0.42000000000000004,0.36875,0.7246980886521422
validation_prolific,missing_only,0.1,0.0,0.0,39,plain,0.3260703287726564,0.19395338338223095,0.40644540644540644,0.30953124828474365,0.4175000000000001,0.35625,0.7216719826168134
validation_prolific,missing_only,0.1,0.0,0.0,39,documented,0.7269682726858205,0.14101330926652636,0.2130832130832131,0.37683114213140045,0.42750000000000005,0.36875,0.7294844847534911
validation_prolific,missing_only,0.1,0.0,0.0,39,aligned,0.7313960751429822,0.13960486194583507,0.20875420875420875,0.38354160607920396,0.43249999999999994,0.37,0.7311781871699455
validation_prolific,missing_only,0.1,0.0,0.0,39,hyperplane_old,0.4213241120285689,0.1843021912657478,0.37566137566137564,0.29223999289278657,0.41500000000000004,0.35625,0.7198462003565194
validation_prolific,missing_only,0.1,0.0,0.0,40,plain,0.3260703287726564,0.19395338338223095,0.40644540644540644,0.30953124828474365,0.4175000000000001,0.35625,0.7216719826168134
validation_prolific,missing_only,0.1,0.0,0.0,40,documented,0.727219685577036,0.14087676344098018,0.21404521404521404,0.38210185170080324,0.4375,0.3675,0.7282443582580598
validation_prolific,missing_only,0.1,0.0,0.0,40,aligned,0.7332735049307604,0.13904848160128216,0.20923520923520925,0.3914016082107259,0.445,0.37500000000000006,0.7355991522662441
validation_prolific,missing_only,0.1,0.0,0.0,40,hyperplane_old,0.4502831795090362,0.1819483094532049,0.3708513708513709,0.28007294758309864,0.42250000000000004,0.35750000000000004,0.7210014352637358
validation_prolific,missing_only,0.1,0.0,0.0,41,plain,0.3260703287726564,0.19395338338223095,0.40644540644540644,0.30953124828474365,0.4175000000000001,0.35625,0.7216719826168134
validation_prolific,missing_only,0.1,0.0,0.0,41,documented,0.721279609593919,0.14279574011069157,0.2299182299182299,0.3793997583967529,0.43499999999999994,0.37625,0.7250958255016676
validation_prolific,missing_only,0.1,0.0,0.0,41,aligned,0.7015313521908426,0.14502093894237378,0.2328042328042328,0.3653381180939316,0.43499999999999994,0.36875,0.7195759546049016
validation_prolific,missing_only,0.1,0.0,0.0,41,hyperplane_old,0.43663745942998977,0.18293654026537984,0.3718133718133718,0.28601693757524443,0.42000000000000004,0.36,0.7184010327299919
validation_prolific,missing_only,0.1,0.0,0.0,42,plain,0.3260703287726564,0.19395338338223095,0.40644540644540644,0.30953124828474365,0.4175000000000001,0.35625,0.7216719826168134
validation_prolific,missing_only,0.1,0.0,0.0,42,documented,0.723230875338353,0.142468330498934,0.21885521885521886,0.35253489080231537,0.4225,0.37,0.721542976093341
validation_prolific,missing_only,0.1,0.0,0.0,42,aligned,0.7304183528898918,0.14069884259894447,0.21212121212121213,0.36473285411194495,0.4325,0.36875,0.7260038567986979
validation_prolific,missing_only,0.1,0.0,0.0,42,hyperplane_old,0.4383770441476203,0.1828052584542251,0.3698893698893699,0.29289243924989006,0.425,0.3625,0.7260883231321735
validation_prolific,missing_only,0.1,0.0,0.0,43,plain,0.3260703287726564,0.19395338338223095,0.40644540644540644,0.30953124828474365,0.4175000000000001,0.35625,0.7216719826168134
validation_prolific,missing_only,0.1,0.0,0.0,43,documented,0.7283280425614825,0.14136868147751444,0.21356421356421357,0.36061035425389265,0.4325,0.3775,0.7237238027060375
validation_prolific,missing_only,0.1,0.0,0.0,43,aligned,0.7169739269440337,0.14196050907364802,0.215007215007215,0.35867957081536456,0.43499999999999994,0.37,0.7203525996340912
validation_prolific,missing_only,0.1,0.0,0.0,43,hyperplane_old,0.3970287293480611,0.18681883736646349,0.37999037999038,0.2945570965249939,0.43,0.3675,0.7247096198010947
validation_prolific,missing_only,0.1,0.0,0.0,44,plain,0.3260703287726564,0.19395338338223095,0.40644540644540644,0.30953124828474365,0.4175000000000001,0.35625,0.7216719826168134
validation_prolific,missing_only,0.1,0.0,0.0,44,documented,0.7191561722723582,0.14303665006065294,0.22943722943722944,0.36496885348573077,0.4375,0.3675,0.7196464995665306
validation_prolific,missing_only,0.1,0.0,0.0,44,aligned,0.7033541059475354,0.14457189068288542,0.2328042328042328,0.35309694058440994,0.43249999999999994,0.36499999999999994,0.7154904935648505
validation_prolific,missing_only,0.1,0.0,0.0,44,hyperplane_old,0.41086265357936236,0.18571080264470302,0.38095238095238093,0.29520569800289104,0.425,0.36375,0.7230510100343339
validation_prolific,missing_only,0.1,0.0,0.0,45,plain,0.3260703287726564,0.19395338338223095,0.40644540644540644,0.30953124828474365,0.4175000000000001,0.35625,0.7216719826168134
validation_prolific,missing_only,0.1,0.0,0.0,45,documented,0.7286088778810378,0.14159645426404027,0.2183742183742184,0.37118779611136304,0.44000000000000006,0.37374999999999997,0.7258052013412761
validation_prolific,missing_only,0.1,0.0,0.0,45,aligned,0.7120231116991182,0.14297327531460235,0.2222222222222222,0.35634446377938617,0.4375,0.37,0.7206272505801106
validation_prolific,missing_only,0.1,0.0,0.0,45,hyperplane_old,0.44955111852146196,0.18214199824316546,0.3698893698893699,0.2813971051238539,0.42000000000000004,0.35750000000000004,0.721960835388394
validation_prolific,missing_only,0.1,0.0,0.0,46,plain,0.3260703287726564,0.19395338338223095,0.40644540644540644,0.30953124828474365,0.4175000000000001,0.35625,0.7216719826168134
validation_prolific,missing_only,0.1,0.0,0.0,46,documented,0.7339010914698467,0.14057021549178222,0.20923520923520925,0.3701791351341571,0.4425,0.38499999999999995,0.7308748749758319
validation_prolific,missing_only,0.1,0.0,0.0,46,aligned,0.7191621398832215,0.1413963351236676,0.2053872053872054,0.3645613577819932,0.43499999999999994,0.36875,0.724112755603233
validation_prolific,missing_only,0.1,0.0,0.0,46,hyperplane_old,0.4246999262805554,0.1840216609982541,0.37566137566137564,0.29536806014561395,0.42000000000000004,0.3625,0.7256794795619756
validation_prolific,missing_only,0.1,0.0,0.0,47,plain,0.3260703287726564,0.19395338338223095,0.40644540644540644,0.30953124828474365,0.4175000000000001,0.35625,0.7216719826168134
validation_prolific,missing_only,0.1,0.0,0.0,47,documented,0.7231183248709961,0.14138463093549794,0.22077922077922077,0.3879967787427613,0.44000000000000006,0.37875,0.7401666973286984
validation_prolific,missing_only,0.1,0.0,0.0,47,aligned,0.7073395273059937,0.14322922414699019,0.2222222222222222,0.37621426196368474,0.43500000000000005,0.3675,0.7311069986617486
validation_prolific,missing_only,0.1,0.0,0.0,47,hyperplane_old,0.44741293275765914,0.18246904846156106,0.37325637325637323,0.2770623199293271,0.41500000000000004,0.35625,0.7204502200874392
validation_prolific,missing_only,0.1,0.0,0.0,48,plain,0.3260703287726564,0.19395338338223095,0.40644540644540644,0.30953124828474365,0.4175000000000001,0.35625,0.7216719826168134
validation_prolific,missing_only,0.1,0.0,0.0,48,documented,0.7112316747675863,0.1441898052049213,0.22366522366522368,0.3791103378992644,0.4425,0.37625000000000003,0.7415282485340099
validation_prolific,missing_only,0.1,0.0,0.0,48,aligned,0.6920430863392787,0.14634187578958058,0.22607022607022606,0.3624757781884275,0.44000000000000006,0.37,0.7363893354779563
validation_prolific,missing_only,0.1,0.0,0.0,48,hyperplane_old,0.43653969108349305,0.18339651574771332,0.37518037518037517,0.2868180667334469,0.42000000000000004,0.35750000000000004,0.7216276313384722
validation_prolific,missing_only,0.1,0.0,0.0,49,plain,0.3260703287726564,0.19395338338223095,0.40644540644540644,0.30953124828474365,0.4175000000000001,0.35625,0.7216719826168134
validation_prolific,missing_only,0.1,0.0,0.0,49,documented,0.7153208464057912,0.14234035760704675,0.22895622895622897,0.3933758040692276,0.44000000000000006,0.38375,0.7413758447229759
validation_prolific,missing_only,0.1,0.0,0.0,49,aligned,0.6972777391544576,0.14435906040578786,0.2303992303992304,0.37734947717929124,0.43000000000000005,0.36875,0.7300109433619901
validation_prolific,missing_only,0.1,0.0,0.0,49,hyperplane_old,0.4372412168517212,0.1833336313174778,0.37373737373737376,0.27794856210571633,0.4125,0.35750000000000004,0.7185201589583788
validation_prolific,missing_only,0.25,0.0,0.0,0,plain,0.3260703287726564,0.19395338338223095,0.40644540644540644,0.30953124828474365,0.4175000000000001,0.35625,0.7216719826168134
validation_prolific,missing_only,0.25,0.0,0.0,0,documented,0.6416057739308201,0.15573216042462712,0.2688792688792689,0.30152069634092693,0.40750000000000003,0.35625,0.6999630529613128
validation_prolific,missing_only,0.25,0.0,0.0,0,aligned,0.6351237373695626,0.1554575562724997,0.2683982683982684,0.31603385691391345,0.4175,0.3525,0.6959807818986529
validation_prolific,missing_only,0.25,0.0,0.0,0,hyperplane_old,0.4070102986004238,0.18655032879446712,0.3862433862433862,0.2893688115520656,0.41500000000000004,0.36124999999999996,0.7230816418951107
validation_prolific,missing_only,0.25,0.0,0.0,1,plain,0.3260703287726564,0.19395338338223095,0.40644540644540644,0.30953124828474365,0.4175000000000001,0.35625,0.7216719826168134
validation_prolific,missing_only,0.25,0.0,0.0,1,documented,0.6830555516552771,0.1478560411863728,0.23809523809523808,0.3643284231990239,0.4175000000000001,0.36875,0.7275473986471017
validation_prolific,missing_only,0.25,0.0,0.0,1,aligned,0.6638450103247794,0.14997563258533367,0.24146224146224146,0.3483953644426095,0.41500000000000004,0.35500000000000004,0.7201998325204251
validation_prolific,missing_only,0.25,0.0,0.0,1,hyperplane_old,0.414881854957789,0.18506029572034607,0.38047138047138046,0.2954835207113687,0.4175,0.3575,0.71981898495929
validation_prolific,missing_only,0.25,0.0,0.0,2,plain,0.3260703287726564,0.19395338338223095,0.40644540644540644,0.30953124828474365,0.4175000000000001,0.35625,0.7216719826168134
validation_prolific,missing_only,0.25,0.0,0.0,2,documented,0.6644866677500181,0.15156515484488015,0.25252525252525254,0.34812521628294607,0.42749999999999994,0.3525,0.7144432083636281
validation_prolific,missing_only,0.25,0.0,0.0,2,aligned,0.6449047946835795,0.15321048689582256,0.25925925925925924,0.3385647082227046,0.42000000000000004,0.34875,0.7095315328955968
validation_prolific,missing_only,0.25,0.0,0.0,2,hyperplane_old,0.384336240722038,0.18867219536182192,0.3939393939393939,0.29439991585278474,0.4125,0.34875,0.7198441591871613
validation_prolific,missing_only,0.25,0.0,0.0,3,plain,0.3260703287726564,0.19395338338223095,0.40644540644540644,0.30953124828474365,0.4175000000000001,0.35625,0.7216719826168134
validation_prolific,missing_only,0.25,0.0,0.0,3,documented,0.6747593436986589,0.150490808430721,0.24963924963924963,0.3232501585568026,0.41999999999999993,0.36124999999999996,0.7160169427983637
validation_prolific,missing_only,0.25,0.0,0.0,3,aligned,0.6433070792880631,0.1537394570607388,0.2582972582972583,0.3164361484398726,0.4025,0.34624999999999995,0.7023121396065106
validation_prolific,missing_only,0.25,0.0,0.0,3,hyperplane_old,0.3921296493709377,0.18717842390459172,0.38143338143338146,0.30015117301124233,0.4225,0.37125,0.7247639537974833
validation_prolific,missing_only,0.25,0.0,0.0,4,plain,0.3260703287726564,0.19395338338223095,0.40644540644540644,0.30953124828474365,0.4175000000000001,0.35625,0.7216719826168134
validation_prolific,missing_only,0.25,0.0,0.0,4,documented,0.6958138807389544,0.14873785654250377,0.25493025493025495,0.3426462447230143,0.4375,0.37625,0.7159273234551435
validation_prolific,missing_only,0.25,0.0,0.0,4,aligned,0.6968256710296259,0.14789472454653352,0.2510822510822511,0.34487663473684205,0.44000000000000006,0.37875000000000003,0.7160040697325405
validation_prolific,missing_only,0.25,0.0,0.0,4,hyperplane_old,0.3797474183250273,0.18857952653988835,0.3900913900913901,0.30613793148819884,0.4175,0.3625,0.7200407680527917
validation_prolific,missing_only,0.25,0.0,0.0,5,plain,0.3260703287726564,0.19395338338223095,0.40644540644540644,0.30953124828474365,0.4175000000000001,0.35625,0.7216719826168134
validation_prolific,missing_only,0.25,0.0,0.0,5,documented,0.6889564982723373,0.14974439088562466,0.25156325156325154,0.3357158036781006,0.4225,0.3675,0.7193114532385982
validation_prolific,missing_only,0.25,0.0,0.0,5,aligned,0.6730266557973353,0.15094965064537183,0.253006253006253,0.32891545176584636,0.42000000000000004,0.36124999999999996,0.7104062394281783
validation_prolific,missing_only,0.25,0.0,0.0,5,hyperplane_old,0.36018143546211195,0.19014306281248053,0.39201539201539204,0.3075215547107084,0.4225,0.36375,0.7172175434905195
validation_prolific,missing_only,0.25,0.0,0.0,6,plain,0.3260703287726564,0.19395338338223095,0.40644540644540644,0.30953124828474365,0.4175000000000001,0.35625,0.7216719826168134
validation_prolific,missing_only,0.25,0.0,0.0,6,documented,0.6715409259032424,0.14996500782451647,0.24579124579124578,0.35264928858298505,0.4425,0.3725,0.7241607910059731
validation_prolific,missing_only,0.25,0.0,0.0,6,aligned,0.6474934043628245,0.15229673967424592,0.25685425685425683,0.3453302130955972,0.43249999999999994,0.36499999999999994,0.7236344715315222
validation_prolific,missing_only,0.25,0.0,0.0,6,hyperplane_old,0.40498282309763695,0.186634860766338,0.38816738816738816,0.2829288653136519,0.4125,0.35374999999999995,0.7189445411224481
validation_prolific,missing_only,0.25,0.0,0.0,7,plain,0.3260703287726564,0.19395338338223095,0.40644540644540644,0.30953124828474365,0.4175000000000001,0.35625,0.7216719826168134
validation_prolific,missing_only,0.25,0.0,0.0,7,documented,0.6532654505111264,0.15288211686038652,0.2582972582972583,0.33031313640228943,0.425,0.36374999999999996,0.7216591347905008
validation_prolific,missing_only,0.25,0.0,0.0,7,aligned,0.6477933067176205,0.15321169986072486,0.2582972582972583,0.3280940845684047,0.42750000000000005,0.36,0.71710172669191
validation_prolific,missing_only,0.25,0.0,0.0,7,hyperplane_old,0.3870941539781403,0.18749994910904247,0.3852813852813853,0.3062023825155694,0.4225,0.36625,0.721972675168751
validation_prolific,missing_only,0.25,0.0,0.0,8,plain,0.3260703287726564,0.19395338338223095,0.40644540644540644,0.30953124828474365,0.4175000000000001,0.35625,0.7216719826168134
validation_prolific,missing_only,0.25,0.0,0.0,8,documented,0.6648589075498895,0.15315699733693613,0.2587782587782588,0.34620432208009866,0.4325,0.37,0.7166134732037301
validation_prolific,missing_only,0.25,0.0,0.0,8,aligned,0.6463531223877461,0.15455274864803756,0.2664742664742665,0.34110857442895054,0.4325,0.36374999999999996,0.7153710629748685
validation_prolific,missing_only,0.25,0.0,0.0,8,hyperplane_old,0.42640365076875736,0.18420130946908378,0.37421837421837423,0.28743066759816266,0.4175,0.36500000000000005,0.7223074526682387
validation_prolific,missing_only,0.25,0.0,0.0,9,plain,0.3260703287726564,0.19395338338223095,0.40644540644540644,0.30953124828474365,0.4175000000000001,0.35625,0.7216719826168134
validation_prolific,missing_only,0.25,0.0,0.0,9,documented,0.6704757436913391,0.15162298004745145,0.24963924963924963,0.31164637870069506,0.41500000000000004,0.35374999999999995,0.7158459939732735
validation_prolific,missing_only,0.25,0.0,0.0,9,aligned,0.6582086241380126,0.15209076296828378,0.24867724867724866,0.3068202189453915,0.41,0.34875,0.7053698357466245
validation_prolific,missing_only,0.25,0.0,0.0,9,hyperplane_old,0.3849848704847475,0.18878103642113095,0.3992303992303992,0.28834824616295784,0.40750000000000003,0.34125,0.7150575315770851
validation_prolific,missing_only,0.25,0.0,0.0,10,plain,0.3260703287726564,0.19395338338223095,0.40644540644540644,0.30953124828474365,0.4175000000000001,0.35625,0.7216719826168134
validation_prolific,missing_only,0.25,0.0,0.0,10,documented,0.6762790967171786,0.15078424978803437,0.24627224627224628,0.33320087603709625,0.44000000000000006,0.37124999999999997,0.7209879150916401
validation_prolific,missing_only,0.25,0.0,0.0,10,aligned,0.6576906322873176,0.15192172277752466,0.25204425204425207,0.3290990680112329,0.43249999999999994,0.3675,0.7139106579154699
validation_prolific,missing_only,0.25,0.0,0.0,10,hyperplane_old,0.3604417590129771,0.19076048420634392,0.4021164021164021,0.303116348700053,0.42000000000000004,0.35625,0.716214578000183
validation_prolific,missing_only,0.25,0.0,0.0,11,plain,0.3260703287726564,0.19395338338223095,0.40644540644540644,0.30953124828474365,0.4175000000000001,0.35625,0.7216719826168134
validation_prolific,missing_only,0.25,0.0,0.0,11,documented,0.7182913744274976,0.14176796763311436,0.22174122174122174,0.38229426741833367,0.4425,0.3825,0.7250378367690171
validation_prolific,missing_only,0.25,0.0,0.0,11,aligned,0.7209528538463948,0.140585577510853,0.21981721981721983,0.3845260142159918,0.4425,0.38,0.7239772532573324
validation_prolific,missing_only,0.25,0.0,0.0,11,hyperplane_old,0.43534234645358977,0.18316373353738796,0.3718133718133718,0.28477680171139813,0.4175,0.36124999999999996,0.7188716330623126
validation_prolific,missing_only,0.25,0.0,0.0,12,plain,0.3260703287726564,0.19395338338223095,0.40644540644540644,0.30953124828474365,0.4175000000000001,0.35625,0.7216719826168134
validation_prolific,missing_only,0.25,0.0,0.0,12,documented,0.7064385231637536,0.1453293371018781,0.21885521885521886,0.3655377253719888,0.44250000000000006,0.37750000000000006,0.7420175289959439
validation_prolific,missing_only,0.25,0.0,0.0,12,aligned,0.7173454960744742,0.14256652105902043,0.2130832130832131,0.3843001517222696,0.44000000000000006,0.37500000000000006,0.745105972175794
validation_prolific,missing_only,0.25,0.0,0.0,12,hyperplane_old,0.3841060936373018,0.18864815335990875,0.3915343915343915,0.2921764058819643,0.41500000000000004,0.3625,0.722887667936231
validation_prolific,missing_only,0.25,0.0,0.0,13,plain,0.3260703287726564,0.19395338338223095,0.40644540644540644,0.30953124828474365,0.4175000000000001,0.35625,0.7216719826168134
validation_prolific,missing_only,0.25,0.0,0.0,13,documented,0.6784855332342015,0.15174092044936713,0.24915824915824916,0.3315556118459407,0.44000000000000006,0.3675,0.7236421032724435
validation_prolific,missing_only,0.25,0.0,0.0,13,aligned,0.6670186633298223,0.15218493826773924,0.25396825396825395,0.3264290914128072,0.4375,0.3625,0.7193188612242317
validation_prolific,missing_only,0.25,0.0,0.0,13,hyperplane_old,0.3977005855973534,0.1867606477201711,0.38864838864838863,0.2928875538084135,0.4125,0.35375,0.7180080880682305
validation_prolific,missing_only,0.25,0.0,0.0,14,plain,0.3260703287726564,0.19395338338223095,0.40644540644540644,0.30953124828474365,0.4175000000000001,0.35625,0.7216719826168134
validation_prolific,missing_only,0.25,0.0,0.0,14,documented,0.6528921328258862,0.15386190129195818,0.2621452621452621,0.3191218532170724,0.43499999999999994,0.3725,0.7190695062545023
validation_prolific,missing_only,0.25,0.0,0.0,14,aligned,0.6546025099037011,0.15306085768043579,0.2631072631072631,0.32222693510012834,0.4325,0.37124999999999997,0.7176447757700196
validation_prolific,missing_only,0.25,0.0,0.0,14,hyperplane_old,0.35916959950469396,0.19055399409005375,0.39634439634439633,0.3031685951282678,0.4225,0.36375,0.7219642774461933
validation_prolific,missing_only,0.25,0.0,0.0,15,plain,0.3260703287726564,0.19395338338223095,0.40644540644540644,0.30953124828474365,0.4175000000000001,0.35625,0.7216719826168134
validation_prolific,missing_only,0.25,0.0,0.0,15,documented,0.6784669838781476,0.14924062865020124,0.24675324675324675,0.34600831408358435,0.42750000000000005,0.36625,0.7234630643977339
validation_prolific,missing_only,0.25,0.0,0.0,15,aligned,0.6653381747238838,0.15014206622261803,0.24771524771524772,0.3417463213440862,0.425,0.35875,0.7186671455261144
validation_prolific,missing_only,0.25,0.0,0.0,15,hyperplane_old,0.4069484088552929,0.18601293387933693,0.37999037999038,0.29362052542697653,0.40499999999999997,0.3475,0.7174365589946159
validation_prolific,missing_only,0.25,0.0,0.0,16,plain,0.3260703287726564,0.19395338338223095,0.40644540644540644,0.30953124828474365,0.4175000000000001,0.35625,0.7216719826168134
validation_prolific,missing_only,0.25,0.0,0.0,16,documented,0.7091031679685,0.14467832807471506,0.2178932178932179,0.35921153860326344,0.43500000000000005,0.36624999999999996,0.7163631481128454
validation_prolific,missing_only,0.25,0.0,0.0,16,aligned,0.691420445768449,0.1465584607551613,0.22414622414622415,0.3460791609925467,0.42750000000000005,0.355,0.7082410812248311
validation_prolific,missing_only,0.25,0.0,0.0,16,hyperplane_old,0.40474380998346576,0.186221856532068,0.3795093795093795,0.29267510662859986,0.425,0.36124999999999996,0.7215069324433506
validation_prolific,missing_only,0.25,0.0,0.0,17,plain,0.3260703287726564,0.19395338338223095,0.40644540644540644,0.30953124828474365,0.4175000000000001,0.35625,0.7216719826168134
validation_prolific,missing_only,0.25,0.0,0.0,17,documented,0.6833715993909234,0.14971779793881318,0.24146224146224146,0.3538801343950926,0.4424999999999999,0.375,0.7397189784902006
validation_prolific,missing_only,0.25,0.0,0.0,17,aligned,0.6927627702591481,0.1475172110096136,0.23424723424723426,0.36780081592006725,0.43249999999999994,0.37125,0.7398579352817727
validation_prolific,missing_only,0.25,0.0,0.0,17,hyperplane_old,0.3533649836976882,0.19134231315459413,0.4006734006734007,0.2999806151277228,0.41500000000000004,0.35625,0.7163302451852738
validation_prolific,missing_only,0.25,0.0,0.0,18,plain,0.3260703287726564,0.19395338338223095,0.40644540644540644,0.30953124828474365,0.4175000000000001,0.35625,0.7216719826168134
validation_prolific,missing_only,0.25,0.0,0.0,18,documented,0.690438740195521,0.14868374556623679,0.22655122655122656,0.33061330210550066,0.4375,0.35750000000000004,0.7190727468734753
validation_prolific,missing_only,0.25,0.0,0.0,18,aligned,0.6797932599621738,0.14865096956615637,0.2275132275132275,0.3312000631046769,0.42750000000000005,0.35374999999999995,0.715860498804839
validation_prolific,missing_only,0.25,0.0,0.0,18,hyperplane_old,0.3811566941829876,0.1889759039852849,0.39634439634439633,0.28898661427317535,0.41500000000000004,0.35250000000000004,0.7162708251126686
validation_prolific,missing_only,0.25,0.0,0.0,19,plain,0.3260703287726564,0.19395338338223095,0.40644540644540644,0.30953124828474365,0.4175000000000001,0.35625,0.7216719826168134
validation_prolific,missing_only,0.25,0.0,0.0,19,documented,0.63870559502477,0.1516446385989633,0.24723424723424722,0.36402171432580266,0.44250000000000006,0.36499999999999994,0.7310060747996017
validation_prolific,missing_only,0.25,0.0,0.0,19,aligned,0.6424315266252643,0.1509432261412035,0.2453102453102453,0.36459029927898395,0.44250000000000006,0.37,0.729180806206619
validation_prolific,missing_only,0.25,0.0,0.0,19,hyperplane_old,0.4226813038245847,0.1849442513138587,0.38287638287638287,0.28356928556609606,0.41,0.355,0.71529041192201
validation_prolific,missing_only,0.25,0.0,0.0,20,plain,0.3260703287726564,0.19395338338223095,0.40644540644540644,0.30953124828474365,0.4175000000000001,0.35625,0.7216719826168134
validation_prolific,missing_only,0.25,0.0,0.0,20,documented,0.6960860097155238,0.14594976651603683,0.22895622895622897,0.3748938086646797,0.45,0.38125000000000003,0.7365654931891592
validation_prolific,missing_only,0.25,0.0,0.0,20,aligned,0.6831816490416892,0.14627981487436742,0.2275132275132275,0.3702500653181081,0.445,0.37625,0.734372374126149
validation_prolific,missing_only,0.25,0.0,0.0,20,hyperplane_old,0.4274862005409499,0.18405606804125765,0.3771043771043771,0.2896867160733483,0.4175,0.35250000000000004,0.7171500020698536
validation_prolific,missing_only,0.25,0.0,0.0,21,plain,0.3260703287726564,0.19395338338223095,0.40644540644540644,0.30953124828474365,0.4175000000000001,0.35625,0.7216719826168134
validation_prolific,missing_only,0.25,0.0,0.0,21,documented,0.6705987818392574,0.1502633055248537,0.24723424723424722,0.3394668531859987,0.42750000000000005,0.36874999999999997,0.7206106327678371
validation_prolific,missing_only,0.25,0.0,0.0,21,aligned,0.6511917482619014,0.152359530440782,0.25204425204425207,0.3233731805517245,0.425,0.36125,0.7132191777869441
validation_prolific,missing_only,0.25,0.0,0.0,21,hyperplane_old,0.40366567656406754,0.18594627754241097,0.37806637806637805,0.2994352967832773,0.42000000000000004,0.3625,0.7234363033182142
validation_prolific,missing_only,0.25,0.0,0.0,22,plain,0.3260703287726564,0.19395338338223095,0.40644540644540644,0.30953124828474365,0.4175000000000001,0.35625,0.7216719826168134
validation_prolific,missing_only,0.25,0.0,0.0,22,documented,0.6814851037478692,0.15068827945694313,0.24146224146224146,0.34706246731430146,0.42750000000000005,0.355,0.7244392936166104
validation_prolific,missing_only,0.25,0.0,0.0,22,aligned,0.69689164990554,0.14661710071322756,0.23665223665223664,0.36743523037191395,0.42000000000000004,0.37125,0.7279079917235594
validation_prolific,missing_only,0.25,0.0,0.0,22,hyperplane_old,0.3508988442993165,0.19182344484558475,0.40404040404040403,0.2940496050466832,0.41000000000000003,0.355,0.7179654653673629
validation_prolific,missing_only,0.25,0.0,0.0,23,plain,0.3260703287726564,0.19395338338223095,0.40644540644540644,0.30953124828474365,0.4175000000000001,0.35625,0.7216719826168134
validation_prolific,missing_only,0.25,0.0,0.0,23,documented,0.6454536844594433,0.15419807994015158,0.26022126022126024,0.333993688520254,0.4375,0.37374999999999997,0.719665032214066
validation_prolific,missing_only,0.25,0.0,0.0,23,aligned,0.6143705053626347,0.15709355870354255,0.2708032708032708,0.33575722119179546,0.42749999999999994,0.36624999999999996,0.7148353687533426
validation_prolific,missing_only,0.25,0.0,0.0,23,hyperplane_old,0.3988614903254756,0.18653708488549295,0.38335738335738334,0.30086863815091675,0.4175,0.36000000000000004,0.7219566502931778
validation_prolific,missing_only,0.25,0.0,0.0,24,plain,0.3260703287726564,0.19395338338223095,0.40644540644540644,0.30953124828474365,0.4175000000000001,0.35625,0.7216719826168134
validation_prolific,missing_only,0.25,0.0,0.0,24,documented,0.6655057013873799,0.15061753844822734,0.24338624338624337,0.35754237926921806,0.43,0.36500000000000005,0.724530799987959
validation_prolific,missing_only,0.25,0.0,0.0,24,aligned,0.6537087204015452,0.15116044703296302,0.24771524771524772,0.3558260113863678,0.425,0.36125,0.7205237855129378
validation_prolific,missing_only,0.25,0.0,0.0,24,hyperplane_old,0.40835516556456625,0.18621684784066492,0.3848003848003848,0.2908621674444322,0.41,0.34875,0.7215228239623679
validation_prolific,missing_only,0.25,0.0,0.0,25,plain,0.3260703287726564,0.19395338338223095,0.40644540644540644,0.30953124828474365,0.4175000000000001,0.35625,0.7216719826168134
validation_prolific,missing_only,0.25,0.0,0.0,25,documented,0.6774472577728771,0.14912962052255688,0.23472823472823473,0.355805397083971,0.445,0.37374999999999997,0.7298787885166108
validation_prolific,missing_only,0.25,0.0,0.0,25,aligned,0.6737061502782737,0.14855201580233168,0.23376623376623376,0.35706658403466796,0.4375,0.36500000000000005,0.7245647098768281
validation_prolific,missing_only,0.25,0.0,0.0,25,hyperplane_old,0.4066276820527417,0.18625719893236375,0.38576238576238575,0.28962434344633825,0.4125,0.35375,0.7163888736968321
validation_prolific,missing_only,0.25,0.0,0.0,26,plain,0.3260703287726564,0.19395338338223095,0.40644540644540644,0.30953124828474365,0.4175000000000001,0.35625,0.7216719826168134
validation_prolific,missing_only,0.25,0.0,0.0,26,documented,0.6614965870889169,0.15186984469723752,0.26551226551226553,0.3581511192998181,0.43000000000000005,0.36875,0.7305494911854289
validation_prolific,missing_only,0.25,0.0,0.0,26,aligned,0.646520415144628,0.15306677825462256,0.26695526695526695,0.35826158901470934,0.4175000000000001,0.36,0.7245538569324651
validation_prolific,missing_only,0.25,0.0,0.0,26,hyperplane_old,0.3741180062698902,0.18966624997165019,0.39586339586339586,0.2897569884673189,0.40750000000000003,0.355,0.720680919119774
validation_prolific,missing_only,0.25,0.0,0.0,27,plain,0.3260703287726564,0.19395338338223095,0.40644540644540644,0.30953124828474365,0.4175000000000001,0.35625,0.7216719826168134
validation_prolific,missing_only,0.25,0.0,0.0,27,documented,0.6371995206967409,0.15603140175548144,0.27320827320827323,0.31462300747056116,0.42000000000000004,0.36,0.7144204055149125
validation_prolific,missing_only,0.25,0.0,0.0,27,aligned,0.6168449817595967,0.1582429651185597,0.2784992784992785,0.3006708191706379,0.41500000000000004,0.34625000000000006,0.7040943307282995
validation_prolific,missing_only,0.25,0.0,0.0,27,hyperplane_old,0.3691334295693531,0.18936312296511415,0.39057239057239057,0.3023418851220395,0.4175,0.35875,0.7182797001404231
validation_prolific,missing_only,0.25,0.0,0.0,28,plain,0.3260703287726564,0.19395338338223095,0.40644540644540644,0.30953124828474365,0.4175000000000001,0.35625,0.7216719826168134
validation_prolific,missing_only,0.25,0.0,0.0,28,documented,0.6883625023006595,0.14889687708195878,0.24001924001924002,0.3434039394054682,0.42750000000000005,0.3625,0.7216787378596903
validation_prolific,missing_only,0.25,0.0,0.0,28,aligned,0.671145791528764,0.15064540011744584,0.24482924482924484,0.331664288222547,0.425,0.35625,0.7168272398191403
validation_prolific,missing_only,0.25,0.0,0.0,28,hyperplane_old,0.3902726783201408,0.18777301649089595,0.38672438672438675,0.2999119222901531,0.40750000000000003,0.35125,0.7196019124672334
validation_prolific,missing_only,0.25,0.0,0.0,29,plain,0.3260703287726564,0.19395338338223095,0.40644540644540644,0.30953124828474365,0.4175000000000001,0.35625,0.7216719826168134
validation_prolific,missing_only,0.25,0.0,0.0,29,documented,0.7025411225689757,0.14676939533078603,0.2202982202982203,0.3627625913520637,0.44749999999999995,0.37125,0.737695761216664
validation_prolific,missing_only,0.25,0.0,0.0,29,aligned,0.667562364060872,0.15009880361384878,0.23617123617123617,0.3413090887951875,0.43249999999999994,0.355,0.7259633183898103
validation_prolific,missing_only,0.25,0.0,0.0,29,hyperplane_old,0.3682916151855608,0.19001723277228832,0.39874939874939874,0.2958974238172893,0.4125,0.35625,0.7168713420671037
validation_prolific,missing_only,0.25,0.0,0.0,30,plain,0.3260703287726564,0.19395338338223095,0.40644540644540644,0.30953124828474365,0.4175000000000001,0.35625,0.7216719826168134
validation_prolific,missing_only,0.25,0.0,0.0,30,documented,0.6776880379841025,0.14953275967864726,0.24194324194324193,0.3274555612148481,0.425,0.36375,0.7139538962764619
validation_prolific,missing_only,0.25,0.0,0.0,30,aligned,0.6617133202236346,0.1511589146697798,0.24338624338624337,0.31768995390989874,0.4175,0.35124999999999995,0.705712873987401
validation_prolific,missing_only,0.25,0.0,0.0,30,hyperplane_old,0.3993800438599516,0.1868804890890478,0.3891293891293891,0.28695986990526573,0.41500000000000004,0.3575,0.7176736757225177
validation_prolific,missing_only,0.25,0.0,0.0,31,plain,0.3260703287726564,0.19395338338223095,0.40644540644540644,0.30953124828474365,0.4175000000000001,0.35625,0.7216719826168134
validation_prolific,missing_only,0.25,0.0,0.0,31,documented,0.7175095610144644,0.14317440751071078,0.21645021645021645,0.3603433954590598,0.4325,0.36625,0.7261763453320715
validation_prolific,missing_only,0.25,0.0,0.0,31,aligned,0.703035460110975,0.14299525387062673,0.21693121693121692,0.36620419438567675,0.43000000000000005,0.36374999999999996,0.7252392615627338
validation_prolific,missing_only,0.25,0.0,0.0,31,hyperplane_old,0.42823059546243347,0.18398542644630228,0.37806637806637805,0.2916850012105565,0.4175,0.35625,0.7192724190616133
validation_prolific,missing_only,0.25,0.0,0.0,32,plain,0.3260703287726564,0.19395338338223095,0.40644540644540644,0.30953124828474365,0.4175000000000001,0.35625,0.7216719826168134
validation_prolific,missing_only,0.25,0.0,0.0,32,documented,0.6824748012470905,0.15186456116240515,0.2453102453102453,0.3179697863949581,0.44000000000000006,0.36500000000000005,0.7131460657597769
validation_prolific,missing_only,0.25,0.0,0.0,32,aligned,0.6647868325378328,0.15168447925721182,0.2453102453102453,0.32701511024202246,0.425,0.36625,0.7164441092605957
validation_prolific,missing_only,0.25,0.0,0.0,32,hyperplane_old,0.377193687766922,0.18936268594640124,0.3949013949013949,0.29009786199577736,0.4175,0.3625,0.7179184216835781
validation_prolific,missing_only,0.25,0.0,0.0,33,plain,0.3260703287726564,0.19395338338223095,0.40644540644540644,0.30953124828474365,0.4175000000000001,0.35625,0.7216719826168134
validation_prolific,missing_only,0.25,0.0,0.0,33,documented,0.6870248311240393,0.14919325827569846,0.24771524771524772,0.3583389681751988,0.445,0.38375000000000004,0.741084046062712
validation_prolific,missing_only,0.25,0.0,0.0,33,aligned,0.6694248256951468,0.15077934846901597,0.2554112554112554,0.3506390633881181,0.445,0.37875,0.7380469950887827
validation_prolific,missing_only,0.25,0.0,0.0,33,hyperplane_old,0.392254304716246,0.18714985823556402,0.3848003848003848,0.30068063136007667,0.42000000000000004,0.35875,0.7178012594356362
validation_prolific,missing_only,0.25,0.0,0.0,34,plain,0.3260703287726564,0.19395338338223095,0.40644540644540644,0.30953124828474365,0.4175000000000001,0.35625,0.7216719826168134
validation_prolific,missing_only,0.25,0.0,0.0,34,documented,0.6728568233571944,0.15027795609527891,0.24675324675324675,0.3143025359932249,0.43000000000000005,0.36874999999999997,0.7030773634006556
validation_prolific,missing_only,0.25,0.0,0.0,34,aligned,0.6636002055494795,0.14995337371460093,0.24675324675324675,0.3215932790587054,0.43000000000000005,0.3625,0.7034545198369025
validation_prolific,missing_only,0.25,0.0,0.0,34,hyperplane_old,0.39255959993222905,0.18733664219561114,0.38287638287638287,0.29771188498829204,0.425,0.365,0.7215265541866773
validation_prolific,missing_only,0.25,0.0,0.0,35,plain,0.3260703287726564,0.19395338338223095,0.40644540644540644,0.30953124828474365,0.4175000000000001,0.35625,0.7216719826168134
validation_prolific,missing_only,0.25,0.0,0.0,35,documented,0.6670215183484489,0.15062988411247993,0.24386724386724387,0.3591506542047063,0.4375,0.3825,0.7409306681884226
validation_prolific,missing_only,0.25,0.0,0.0,35,aligned,0.6640958102838908,0.14972512336099958,0.24242424242424243,0.3675920413732138,0.44000000000000006,0.37249999999999994,0.7350308358792839
validation_prolific,missing_only,0.25,0.0,0.0,35,hyperplane_old,0.38540507220191006,0.18839472507662613,0.3924963924963925,0.2917081382401433,0.41500000000000004,0.36500000000000005,0.7207168622519804
validation_prolific,missing_only,0.25,0.0,0.0,36,plain,0.3260703287726564,0.19395338338223095,0.40644540644540644,0.30953124828474365,0.4175000000000001,0.35625,0.7216719826168134
validation_prolific,missing_only,0.25,0.0,0.0,36,documented,0.6356799977023919,0.15634490723932687,0.2703222703222703,0.3232443810279344,0.4025,0.33749999999999997,0.703157157106385
validation_prolific,missing_only,0.25,0.0,0.0,36,aligned,0.6392526082035557,0.1546411017845612,0.2683982683982684,0.33633172848432286,0.40499999999999997,0.33999999999999997,0.7081688012888462
validation_prolific,missing_only,0.25,0.0,0.0,36,hyperplane_old,0.38170385540884805,0.18898932789085124,0.39201539201539204,0.29326660440789976,0.41,0.35,0.7183718239433967
validation_prolific,missing_only,0.25,0.0,0.0,37,plain,0.3260703287726564,0.19395338338223095,0.40644540644540644,0.30953124828474365,0.4175000000000001,0.35625,0.7216719826168134
validation_prolific,missing_only,0.25,0.0,0.0,37,documented,0.7138839141836225,0.14523817869150007,0.22607022607022606,0.36964514335089016,0.43999999999999995,0.37249999999999994,0.7343641848139658
validation_prolific,missing_only,0.25,0.0,0.0,37,aligned,0.6999428744080611,0.14495601208232264,0.22655122655122656,0.371958424544123,0.4375,0.36750000000000005,0.7367187256843402
validation_prolific,missing_only,0.25,0.0,0.0,37,hyperplane_old,0.3939825918233281,0.18729577329584077,0.39057239057239057,0.2908265054650497,0.41500000000000004,0.35375,0.7150947529085755
validation_prolific,missing_only,0.25,0.0,0.0,38,plain,0.3260703287726564,0.19395338338223095,0.40644540644540644,0.30953124828474365,0.4175000000000001,0.35625,0.7216719826168134
validation_prolific,missing_only,0.25,0.0,0.0,38,documented,0.6842467942784861,0.14896482036574032,0.23713323713323714,0.3506901853626081,0.4425,0.37625,0.7215484877203266
validation_prolific,missing_only,0.25,0.0,0.0,38,aligned,0.6725359533642341,0.1493006969799244,0.23905723905723905,0.34489353127856553,0.4375,0.36625,0.7176970991582815
validation_prolific,missing_only,0.25,0.0,0.0,38,hyperplane_old,0.3885786009672517,0.187859401778155,0.3852813852813853,0.29502227717707646,0.42000000000000004,0.36375,0.7190817592681973
validation_prolific,missing_only,0.25,0.0,0.0,39,plain,0.3260703287726564,0.19395338338223095,0.40644540644540644,0.30953124828474365,0.4175000000000001,0.35625,0.7216719826168134
validation_prolific,missing_only,0.25,0.0,0.0,39,documented,0.6966819203065204,0.1470711088441562,0.23809523809523808,0.3494727849718483,0.4225,0.35750000000000004,0.7260811848367398
validation_prolific,missing_only,0.25,0.0,0.0,39,aligned,0.6774470160846171,0.14887642414616295,0.240981240981241,0.33426032981798615,0.41999999999999993,0.35375,0.7183652928637473
validation_prolific,missing_only,0.25,0.0,0.0,39,hyperplane_old,0.3913117682966841,0.1875778454849911,0.38672438672438675,0.29206935038995824,0.4125,0.34875,0.7128475790206367
validation_prolific,missing_only,0.25,0.0,0.0,40,plain,0.3260703287726564,0.19395338338223095,0.40644540644540644,0.30953124828474365,0.4175000000000001,0.35625,0.7216719826168134
validation_prolific,missing_only,0.25,0.0,0.0,40,documented,0.7026551871506291,0.14779435078917408,0.23713323713323714,0.35107398999358197,0.42250000000000004,0.37374999999999997,0.7196927433844028
validation_prolific,missing_only,0.25,0.0,0.0,40,aligned,0.686715432124082,0.14852009802272534,0.24242424242424243,0.34138792768048304,0.425,0.365,0.7119987958558647
validation_prolific,missing_only,0.25,0.0,0.0,40,hyperplane_old,0.36989308851746017,0.1896824031913854,0.3939393939393939,0.3042695153394091,0.4225,0.36375,0.7207351704887669
validation_prolific,missing_only,0.25,0.0,0.0,41,plain,0.3260703287726564,0.19395338338223095,0.40644540644540644,0.30953124828474365,0.4175000000000001,0.35625,0.7216719826168134
validation_prolific,missing_only,0.25,0.0,0.0,41,documented,0.6264167077971791,0.15493153931420373,0.27176527176527177,0.3216730993179254,0.41500000000000004,0.36625,0.7051755186149403
validation_prolific,missing_only,0.25,0.0,0.0,41,aligned,0.6101519095315665,0.1559213459607413,0.2727272727272727,0.31695003100801566,0.4125,0.36,0.703691107250684
validation_prolific,missing_only,0.25,0.0,0.0,41,hyperplane_old,0.4065241022552097,0.1861068557818564,0.3785473785473785,0.2975336117807611,0.42750000000000005,0.3675,0.7252815272648176
validation_prolific,missing_only,0.25,0.0,0.0,42,plain,0.3260703287726564,0.19395338338223095,0.40644540644540644,0.30953124828474365,0.4175000000000001,0.35625,0.7216719826168134
validation_prolific,missing_only,0.25,0.0,0.0,42,documented,0.6610029338679759,0.15251375754896285,0.2775372775372775,0.3282269300964925,0.425,0.36874999999999997,0.7186735379798125
validation_prolific,missing_only,0.25,0.0,0.0,42,aligned,0.632586621150379,0.15451797709813464,0.27705627705627706,0.3346231552340951,0.4225,0.36375,0.7123932064315706
validation_prolific,missing_only,0.25,0.0,0.0,42,hyperplane_old,0.38206542116182046,0.18817723987211746,0.3872053872053872,0.3016230391134599,0.41000000000000003,0.35749999999999993,0.7183532791637257
validation_prolific,missing_only,0.25,0.0,0.0,43,plain,0.3260703287726564,0.19395338338223095,0.40644540644540644,0.30953124828474365,0.4175000000000001,0.35625,0.7216719826168134
validation_prolific,missing_only,0.25,0.0,0.0,43,documented,0.6842882040157395,0.14697578118144625,0.240981240981241,0.36544669619191195,0.44250000000000006,0.37875,0.7321670250774771
validation_prolific,missing_only,0.25,0.0,0.0,43,aligned,0.672836547462018,0.14795575257648594,0.24146224146224146,0.35783774502728044,0.4325000000000001,0.3725,0.7283371119969666
validation_prolific,missing_only,0.25,0.0,0.0,43,hyperplane_old,0.42510485498455763,0.18420684811924903,0.37614237614237617,0.2944278188438591,0.42000000000000004,0.3625,0.7250150287449602
validation_prolific,missing_only,0.25,0.0,0.0,44,plain,0.3260703287726564,0.19395338338223095,0.40644540644540644,0.30953124828474365,0.4175000000000001,0.35625,0.7216719826168134
validation_prolific,missing_only,0.25,0.0,0.0,44,documented,0.7054448000187133,0.14635919403765524,0.2255892255892256,0.33223855890287013,0.43499999999999994,0.35625,0.7140290357173589
validation_prolific,missing_only,0.25,0.0,0.0,44,aligned,0.6901677587963875,0.1476152574143758,0.2303992303992304,0.33338228572812134,0.43,0.35374999999999995,0.7111135260199358
validation_prolific,missing_only,0.25,0.0,0.0,44,hyperplane_old,0.38425097280113235,0.18788227195855045,0.3852813852813853,0.3034436568964657,0.42000000000000004,0.36000000000000004,0.7206701638145518
validation_prolific,missing_only,0.25,0.0,0.0,45,plain,0.3260703287726564,0.19395338338223095,0.40644540644540644,0.30953124828474365,0.4175000000000001,0.35625,0.7216719826168134
validation_prolific,missing_only,0.25,0.0,0.0,45,documented,0.6781431576994388,0.1501889081747789,0.24434824434824434,0.3573926848936709,0.4525,0.38125,0.7344503503076375
validation_prolific,missing_only,0.25,0.0,0.0,45,aligned,0.6423998307729312,0.15399913348546063,0.2597402597402597,0.3446565559115376,0.43499999999999994,0.365,0.7222980837187636
validation_prolific,missing_only,0.25,0.0,0.0,45,hyperplane_old,0.4111571144134151,0.18586340803585233,0.3838383838383838,0.28205633924188006,0.40750000000000003,0.35625,0.7170323432496707
validation_prolific,missing_only,0.25,0.0,0.0,46,plain,0.3260703287726564,0.19395338338223095,0.40644540644540644,0.30953124828474365,0.4175000000000001,0.35625,0.7216719826168134
validation_prolific,missing_only,0.25,0.0,0.0,46,documented,0.6258714342524999,0.15452884502427255,0.2765752765752766,0.3522424092642894,0.4225,0.36375,0.7166751623354018
validation_prolific,missing_only,0.25,0.0,0.0,46,aligned,0.5988745084143824,0.15686592285933942,0.27946127946127947,0.3449513558382663,0.4175000000000001,0.35625,0.7133826898771625
validation_prolific,missing_only,0.25,0.0,0.0,46,hyperplane_old,0.3645908224394615,0.18972466806731106,0.38961038961038963,0.30589199539556705,0.4175000000000001,0.35875,0.7207917438614475
validation_prolific,missing_only,0.25,0.0,0.0,47,plain,0.3260703287726564,0.19395338338223095,0.40644540644540644,0.30953124828474365,0.4175000000000001,0.35625,0.7216719826168134
validation_prolific,missing_only,0.25,0.0,0.0,47,documented,0.6605527401954462,0.15185734216664382,0.24386724386724387,0.2985077040706698,0.41500000000000004,0.35625,0.6983736350214744
validation_prolific,missing_only,0.25,0.0,0.0,47,aligned,0.6501101802709397,0.15254750300688252,0.24771524771524772,0.29898322412863615,0.4175000000000001,0.35124999999999995,0.6930782260469472
validation_prolific,missing_only,0.25,0.0,0.0,47,hyperplane_old,0.40262816352240716,0.18686982543066083,0.3872053872053872,0.29044349752711673,0.41,0.36124999999999996,0.7203542839932113
validation_prolific,missing_only,0.25,0.0,0.0,48,plain,0.3260703287726564,0.19395338338223095,0.40644540644540644,0.30953124828474365,0.4175000000000001,0.35625,0.7216719826168134
validation_prolific,missing_only,0.25,0.0,0.0,48,documented,0.6338098954909354,0.15601208707943498,0.27176527176527177,0.313691668566262,0.42000000000000004,0.35125,0.7036238604813877
validation_prolific,missing_only,0.25,0.0,0.0,48,aligned,0.6189044225917834,0.1571692120890943,0.2784992784992785,0.3058634213104368,0.41500000000000004,0.34375,0.6960776535527421
validation_prolific,missing_only,0.25,0.0,0.0,48,hyperplane_old,0.3884009977117215,0.18794926574349857,0.3939393939393939,0.2963347518577197,0.4025,0.34124999999999994,0.7145555579172386
validation_prolific,missing_only,0.25,0.0,0.0,49,plain,0.3260703287726564,0.19395338338223095,0.40644540644540644,0.30953124828474365,0.4175000000000001,0.35625,0.7216719826168134
validation_prolific,missing_only,0.25,0.0,0.0,49,documented,0.6451192230978349,0.15308668419596372,0.26455026455026454,0.3248108076806402,0.43249999999999994,0.36624999999999996,0.7165499579111111
validation_prolific,missing_only,0.25,0.0,0.0,49,aligned,0.6335660230980807,0.1536397655408109,0.2635882635882636,0.3222988648415265,0.425,0.3625,0.7138828435993629
validation_prolific,missing_only,0.25,0.0,0.0,49,hyperplane_old,0.391518931473903,0.18723875404119186,0.3848003848003848,0.30723812727894567,0.4225,0.35750000000000004,0.7215167882199636
validation_prolific,missing_only,0.5,0.0,0.0,0,plain,0.3260703287726564,0.19395338338223095,0.40644540644540644,0.30953124828474365,0.4175000000000001,0.35625,0.7216719826168134
validation_prolific,missing_only,0.5,0.0,0.0,0,documented,0.6028817499984853,0.16239410468468737,0.30303030303030304,0.3175019973029637,0.41999999999999993,0.35374999999999995,0.7103890896212345
validation_prolific,missing_only,0.5,0.0,0.0,0,aligned,0.5821016593982427,0.16409961555505725,0.3140933140933141,0.31710246243896795,0.4125,0.35250000000000004,0.7095076521386557
validation_prolific,missing_only,0.5,0.0,0.0,0,hyperplane_old,0.3470188615552258,0.19188853429452096,0.4001924001924002,0.3057289547792095,0.41500000000000004,0.355,0.7217069256964184
validation_prolific,missing_only,0.5,0.0,0.0,1,plain,0.3260703287726564,0.19395338338223095,0.40644540644540644,0.30953124828474365,0.4175000000000001,0.35625,0.7216719826168134
validation_prolific,missing_only,0.5,0.0,0.0,1,documented,0.58283047387275,0.16598250442343054,0.2958152958152958,0.29975070120612435,0.42000000000000004,0.3475,0.7155425036909964
validation_prolific,missing_only,0.5,0.0,0.0,1,aligned,0.5573433020075362,0.1677333491687687,0.3116883116883117,0.30689655448004305,0.40750000000000003,0.35,0.7109924745774763
validation_prolific,missing_only,0.5,0.0,0.0,1,hyperplane_old,0.36976601623043653,0.1901262297692389,0.39730639730639733,0.29630872303281725,0.40499999999999997,0.35124999999999995,0.718450659261044
validation_prolific,missing_only,0.5,0.0,0.0,2,plain,0.3260703287726564,0.19395338338223095,0.40644540644540644,0.30953124828474365,0.4175000000000001,0.35625,0.7216719826168134
validation_prolific,missing_only,0.5,0.0,0.0,2,documented,0.6339078785773338,0.1576501525635848,0.25781625781625783,0.29358736522524564,0.44250000000000006,0.36875,0.723583186510225
validation_prolific,missing_only,0.5,0.0,0.0,2,aligned,0.5966302899332632,0.16087630012401438,0.2712842712842713,0.2912021913177611,0.42749999999999994,0.35874999999999996,0.7175689706526338
validation_prolific,missing_only,0.5,0.0,0.0,2,hyperplane_old,0.3520917440431425,0.19175544931420155,0.4006734006734007,0.3003230657999575,0.4175,0.36125,0.7212181836491032
validation_prolific,missing_only,0.5,0.0,0.0,3,plain,0.3260703287726564,0.19395338338223095,0.40644540644540644,0.30953124828474365,0.4175000000000001,0.35625,0.7216719826168134
validation_prolific,missing_only,0.5,0.0,0.0,3,documented,0.5690193175131529,0.16634047206183045,0.3246753246753247,0.31292457101804294,0.4125,0.36875,0.7046091999225246
validation_prolific,missing_only,0.5,0.0,0.0,3,aligned,0.563372272947026,0.16600126316428093,0.3309283309283309,0.32334833221100306,0.425,0.35750000000000004,0.7034590105359575
validation_prolific,missing_only,0.5,0.0,0.0,3,hyperplane_old,0.37235675253569644,0.1896462101735447,0.392977392977393,0.29891309851589626,0.4225,0.36625,0.7257644964578023
validation_prolific,missing_only,0.5,0.0,0.0,4,plain,0.3260703287726564,0.19395338338223095,0.40644540644540644,0.30953124828474365,0.4175000000000001,0.35625,0.7216719826168134
validation_prolific,missing_only,0.5,0.0,0.0,4,documented,0.5614705470425911,0.16682762427979225,0.304954304954305,0.2632211694572385,0.40750000000000003,0.34124999999999994,0.6824896975289192
validation_prolific,missing_only,0.5,0.0,0.0,4,aligned,0.5488256159706684,0.16612668895931576,0.2972582972582973,0.2767779660981492,0.41500000000000004,0.34750000000000003,0.6907769322401769
validation_prolific,missing_only,0.5,0.0,0.0,4,hyperplane_old,0.32938522612881543,0.19348129788949903,0.40644540644540644,0.30880238505459645,0.4175000000000001,0.35625,0.7193445391404044
validation_prolific,missing_only,0.5,0.0,0.0,5,plain,0.3260703287726564,0.19395338338223095,0.40644540644540644,0.30953124828474365,0.4175000000000001,0.35625,0.7216719826168134
validation_prolific,missing_only,0.5,0.0,0.0,5,documented,0.6166108995548476,0.16041489104226955,0.2683982683982684,0.29668184060049796,0.4175,0.3625,0.702147653756305
validation_prolific,missing_only,0.5,0.0,0.0,5,aligned,0.6208461269670877,0.15866882140528588,0.2674362674362674,0.3003667313432886,0.425,0.36,0.701782031926472
validation_prolific,missing_only,0.5,0.0,0.0,5,hyperplane_old,0.36078411298496493,0.19067849439143314,0.39586339586339586,0.3015396250278686,0.42000000000000004,0.36,0.7198890782094509
validation_prolific,missing_only,0.5,0.0,0.0,6,plain,0.3260703287726564,0.19395338338223095,0.40644540644540644,0.30953124828474365,0.4175000000000001,0.35625,0.7216719826168134
validation_prolific,missing_only,0.5,0.0,0.0,6,documented,0.5877639255208239,0.16436142521922184,0.3112073112073112,0.3209903253293279,0.4225,0.3575,0.7286263719304094
validation_prolific,missing_only,0.5,0.0,0.0,6,aligned,0.5778276072448844,0.16502597383328335,0.3241943241943242,0.32293566758450226,0.4225,0.355,0.7229565829868905
validation_prolific,missing_only,0.5,0.0,0.0,6,hyperplane_old,0.38098415522137646,0.1887829614452138,0.3977873977873978,0.2959042832329013,0.4175,0.3475,0.7158128756780278
validation_prolific,missing_only,0.5,0.0,0.0,7,plain,0.3260703287726564,0.19395338338223095,0.40644540644540644,0.30953124828474365,0.4175000000000001,0.35625,0.7216719826168134
validation_prolific,missing_only,0.5,0.0,0.0,7,documented,0.5757200097762416,0.16402759000495384,0.3059163059163059,0.31649617310377587,0.43,0.365,0.7095040948634074
validation_prolific,missing_only,0.5,0.0,0.0,7,aligned,0.564517680030111,0.16455309347747288,0.31313131313131315,0.3246613297057581,0.42750000000000005,0.36500000000000005,0.7132000056246082
validation_prolific,missing_only,0.5,0.0,0.0,7,hyperplane_old,0.3573768493989419,0.19078785128095105,0.39634439634439633,0.30336545550847815,0.4225,0.3625,0.722301682543115
validation_prolific,missing_only,0.5,0.0,0.0,8,plain,0.3260703287726564,0.19395338338223095,0.40644540644540644,0.30953124828474365,0.4175000000000001,0.35625,0.7216719826168134
validation_prolific,missing_only,0.5,0.0,0.0,8,documented,0.6085758001323145,0.161946544291219,0.2895622895622896,0.26993483289272924,0.42000000000000004,0.34625,0.6961656479889171
validation_prolific,missing_only,0.5,0.0,0.0,8,aligned,0.6017957806734092,0.16143544582531202,0.291967291967292,0.2790923078505143,0.4125,0.34875,0.6970112977166864
validation_prolific,missing_only,0.5,0.0,0.0,8,hyperplane_old,0.3380988288315765,0.19269927875148124,0.4025974025974026,0.30651069208975534,0.4225,0.3625,0.7211641124195793
validation_prolific,missing_only,0.5,0.0,0.0,9,plain,0.3260703287726564,0.19395338338223095,0.40644540644540644,0.30953124828474365,0.4175000000000001,0.35625,0.7216719826168134
validation_prolific,missing_only,0.5,0.0,0.0,9,documented,0.5534406275838706,0.16596647457705427,0.32082732082732085,0.32756803423747477,0.43000000000000005,0.36499999999999994,0.7202705103927709
validation_prolific,missing_only,0.5,0.0,0.0,9,aligned,0.5211559914558395,0.1681796806850236,0.3213083213083213,0.32518964560389124,0.425,0.35625,0.7138238306882737
validation_prolific,missing_only,0.5,0.0,0.0,9,hyperplane_old,0.34181322026253447,0.19271931641389678,0.4030784030784031,0.3020138576205734,0.4175000000000001,0.35875,0.7235207257435922
validation_prolific,missing_only,0.5,0.0,0.0,10,plain,0.3260703287726564,0.19395338338223095,0.40644540644540644,0.30953124828474365,0.4175000000000001,0.35625,0.7216719826168134
validation_prolific,missing_only,0.5,0.0,0.0,10,documented,0.5565481822754292,0.16786056375359137,0.3126503126503126,0.29776219028949885,0.41,0.36,0.721737410705949
validation_prolific,missing_only,0.5,0.0,0.0,10,aligned,0.5292110597310251,0.1704216688497596,0.32756132756132755,0.29413054987097514,0.4125,0.34750000000000003,0.7155101208677512
validation_prolific,missing_only,0.5,0.0,0.0,10,hyperplane_old,0.3561035373223365,0.1910087079406876,0.3968253968253968,0.30442936264295967,0.4225,0.3625,0.7225784940368778
validation_prolific,missing_only,0.5,0.0,0.0,11,plain,0.3260703287726564,0.19395338338223095,0.40644540644540644,0.30953124828474365,0.4175000000000001,0.35625,0.7216719826168134
validation_prolific,missing_only,0.5,0.0,0.0,11,documented,0.49732000870479515,0.17478735841477874,0.3463203463203463,0.290678030456524,0.4325,0.35875,0.7219038220210854
validation_prolific,missing_only,0.5,0.0,0.0,11,aligned,0.4556522416870854,0.17774166741352046,0.3511303511303511,0.29984541972292506,0.41,0.34875,0.7145320566182848
validation_prolific,missing_only,0.5,0.0,0.0,11,hyperplane_old,0.35361651286662965,0.19143877033920878,0.3992303992303992,0.2986287588255463,0.40750000000000003,0.35125,0.7156865423949857
validation_prolific,missing_only,0.5,0.0,0.0,12,plain,0.3260703287726564,0.19395338338223095,0.40644540644540644,0.30953124828474365,0.4175000000000001,0.35625,0.7216719826168134
validation_prolific,missing_only,0.5,0.0,0.0,12,documented,0.546498816809898,0.1682767923923936,0.32852332852332855,0.3019119211300243,0.43,0.36,0.709631088605876
validation_prolific,missing_only,0.5,0.0,0.0,12,aligned,0.5349089795994482,0.1683754987796622,0.33140933140933143,0.30632236345580044,0.41999999999999993,0.355,0.709011984824318
validation_prolific,missing_only,0.5,0.0,0.0,12,hyperplane_old,0.3477936222586422,0.19143991859191178,0.3944203944203944,0.31208507247518086,0.42000000000000004,0.3625,0.7215092504290215
validation_prolific,missing_only,0.5,0.0,0.0,13,plain,0.3260703287726564,0.19395338338223095,0.40644540644540644,0.30953124828474365,0.4175000000000001,0.35625,0.7216719826168134
validation_prolific,missing_only,0.5,0.0,0.0,13,documented,0.5698950910428383,0.16730842855111347,0.31697931697931697,0.2698473365621849,0.4050000000000001,0.34625000000000006,0.7033859183024561
validation_prolific,missing_only,0.5,0.0,0.0,13,aligned,0.5505996591705521,0.1688436417868278,0.3246753246753247,0.2656312805514234,0.4025,0.34500000000000003,0.7011203905147806
validation_prolific,missing_only,0.5,0.0,0.0,13,hyperplane_old,0.32980447156184634,0.1936001516796883,0.40644540644540644,0.30845530186521564,0.4175000000000001,0.35375,0.7178506375170457
validation_prolific,missing_only,0.5,0.0,0.0,14,plain,0.3260703287726564,0.19395338338223095,0.40644540644540644,0.30953124828474365,0.4175000000000001,0.35625,0.7216719826168134
validation_prolific,missing_only,0.5,0.0,0.0,14,documented,0.5607087750346186,0.16635786236493766,0.31505531505531503,0.31402698743511487,0.4499999999999999,0.38,0.718344281969342
validation_prolific,missing_only,0.5,0.0,0.0,14,aligned,0.5537761060099349,0.1669762053266787,0.32082732082732085,0.3182519441817216,0.44749999999999995,0.37,0.7119012196693042
validation_prolific,missing_only,0.5,0.0,0.0,14,hyperplane_old,0.3568415496191659,0.19117552468117918,0.3968253968253968,0.2962632391776454,0.42000000000000004,0.36125,0.7198671600856299
validation_prolific,missing_only,0.5,0.0,0.0,15,plain,0.3260703287726564,0.19395338338223095,0.40644540644540644,0.30953124828474365,0.4175000000000001,0.35625,0.7216719826168134
validation_prolific,missing_only,0.5,0.0,0.0,15,documented,0.5877869611138093,0.1655016693867239,0.3035113035113035,0.26633304696445376,0.42000000000000004,0.35,0.7062557132877005
validation_prolific,missing_only,0.5,0.0,0.0,15,aligned,0.5533855026399284,0.16718072043685483,0.30784030784030786,0.284982985914317,0.41,0.33875,0.701317210269768
validation_prolific,missing_only,0.5,0.0,0.0,15,hyperplane_old,0.3371133512087058,0.19286305661972714,0.40404040404040403,0.3071645463957374,0.4175000000000001,0.35750000000000004,0.7200131409381102
validation_prolific,missing_only,0.5,0.0,0.0,16,plain,0.3260703287726564,0.19395338338223095,0.40644540644540644,0.30953124828474365,0.4175000000000001,0.35625,0.7216719826168134
validation_prolific,missing_only,0.5,0.0,0.0,16,documented,0.4855489226044042,0.17453688016438312,0.33381433381433384,0.28222535020458717,0.40750000000000003,0.33999999999999997,0.7035279704935548
validation_prolific,missing_only,0.5,0.0,0.0,16,aligned,0.44966948924382355,0.17730097873519546,0.34295334295334295,0.28106594768984106,0.4025,0.34,0.704200305528523
validation_prolific,missing_only,0.5,0.0,0.0,16,hyperplane_old,0.32938522612881543,0.19348129788949903,0.40644540644540644,0.30880238505459645,0.4175000000000001,0.35625,0.7193445391404044
validation_prolific,missing_only,0.5,0.0,0.0,17,plain,0.3260703287726564,0.19395338338223095,0.40644540644540644,0.30953124828474365,0.4175000000000001,0.35625,0.7216719826168134
validation_prolific,missing_only,0.5,0.0,0.0,17,documented,0.5604342735798722,0.16702910939245671,0.32323232323232326,0.287941251984248,0.42000000000000004,0.35625,0.7081641779927885
validation_prolific,missing_only,0.5,0.0,0.0,17,aligned,0.5351379968906954,0.16948173616197762,0.3318903318903319,0.2929485944221637,0.41500000000000004,0.3524999999999999,0.7061321759609946
validation_prolific,missing_only,0.5,0.0,0.0,17,hyperplane_old,0.3476621158644486,0.19179625514328513,0.4001924001924002,0.3060597509040063,0.4225,0.36375,0.7200440832282032
validation_prolific,missing_only,0.5,0.0,0.0,18,plain,0.3260703287726564,0.19395338338223095,0.40644540644540644,0.30953124828474365,0.4175000000000001,0.35625,0.7216719826168134
validation_prolific,missing_only,0.5,0.0,0.0,18,documented,0.5411831979952082,0.168847623528716,0.3217893217893218,0.31537477120493296,0.42000000000000004,0.35750000000000004,0.7204130235299278
validation_prolific,missing_only,0.5,0.0,0.0,18,aligned,0.5319109887992717,0.1690514020219734,0.31986531986531985,0.313537818272109,0.41000000000000003,0.355,0.7130511652052565
validation_prolific,missing_only,0.5,0.0,0.0,18,hyperplane_old,0.3359321678235999,0.19305592606915306,0.40404040404040403,0.3078281467637262,0.41500000000000004,0.35625,0.7200827076768346
validation_prolific,missing_only,0.5,0.0,0.0,19,plain,0.3260703287726564,0.19395338338223095,0.40644540644540644,0.30953124828474365,0.4175000000000001,0.35625,0.7216719826168134
validation_prolific,missing_only,0.5,0.0,0.0,19,documented,0.5405671648812144,0.16906855188824746,0.3179413179413179,0.31126759732108134,0.4125,0.33999999999999997,0.7217349685941981
validation_prolific,missing_only,0.5,0.0,0.0,19,aligned,0.5269225193434285,0.16871586569691957,0.3193843193843194,0.33317134925387454,0.41,0.34500000000000003,0.7248020438203175
validation_prolific,missing_only,0.5,0.0,0.0,19,hyperplane_old,0.35627112758494206,0.19090457654313067,0.40115440115440115,0.30087956900802687,0.41,0.34750000000000003,0.7141970540577403
validation_prolific,missing_only,0.5,0.0,0.0,20,plain,0.3260703287726564,0.19395338338223095,0.40644540644540644,0.30953124828474365,0.4175000000000001,0.35625,0.7216719826168134
validation_prolific,missing_only,0.5,0.0,0.0,20,documented,0.5562544539072065,0.16727068649589413,0.31072631072631074,0.28708220299329523,0.4225,0.34750000000000003,0.713320494722789
validation_prolific,missing_only,0.5,0.0,0.0,20,aligned,0.5472735760821007,0.1673013427054601,0.30832130832130833,0.29281153561349826,0.40499999999999997,0.33999999999999997,0.7073843173470038
validation_prolific,missing_only,0.5,0.0,0.0,20,hyperplane_old,0.3420234516266203,0.1923170095681431,0.40115440115440115,0.30254890776957954,0.4125,0.35375,0.7152483156023413
validation_prolific,missing_only,0.5,0.0,0.0,21,plain,0.3260703287726564,0.19395338338223095,0.40644540644540644,0.30953124828474365,0.4175000000000001,0.35625,0.7216719826168134
validation_prolific,missing_only,0.5,0.0,0.0,21,documented,0.6150852398031065,0.16249793522232414,0.30206830206830204,0.32118882668095106,0.42749999999999994,0.36375,0.7182703342593756
validation_prolific,missing_only,0.5,0.0,0.0,21,aligned,0.5699515706838877,0.16720900149188153,0.3164983164983165,0.30616654398620796,0.41999999999999993,0.34624999999999995,0.7098841556063036
validation_prolific,missing_only,0.5,0.0,0.0,21,hyperplane_old,0.3705859130388467,0.18982708626456427,0.3968253968253968,0.29414881671204335,0.4175,0.35625,0.7200785221247662
validation_prolific,missing_only,0.5,0.0,0.0,22,plain,0.3260703287726564,0.19395338338223095,0.40644540644540644,0.30953124828474365,0.4175000000000001,0.35625,0.7216719826168134
validation_prolific,missing_only,0.5,0.0,0.0,22,documented,0.5208397101160187,0.17262739159061874,0.33525733525733525,0.2819567181732439,0.41,0.34124999999999994,0.694374830571116
validation_prolific,missing_only,0.5,0.0,0.0,22,aligned,0.5041886216874408,0.1725092576649719,0.341991341991342,0.2968285212868941,0.4,0.3375,0.702018108970152
validation_prolific,missing_only,0.5,0.0,0.0,22,hyperplane_old,0.3409760966246023,0.19260123588147746,0.40596440596440597,0.30331216036228176,0.4125,0.34875,0.7156169191795001
validation_prolific,missing_only,0.5,0.0,0.0,23,plain,0.3260703287726564,0.19395338338223095,0.40644540644540644,0.30953124828474365,0.4175000000000001,0.35625,0.7216719826168134
validation_prolific,missing_only,0.5,0.0,0.0,23,documented,0.5453367137064621,0.1680237208383525,0.3189033189033189,0.30275661192057374,0.42750000000000005,0.36125,0.70967855439714
validation_prolific,missing_only,0.5,0.0,0.0,23,aligned,0.5209196620955112,0.16916890582820393,0.32275132275132273,0.31820600882061134,0.42750000000000005,0.365,0.7156851121445366
validation_prolific,missing_only,0.5,0.0,0.0,23,hyperplane_old,0.36405505526750176,0.19037498157462204,0.3992303992303992,0.3068876339860903,0.4175000000000001,0.36,0.7207411344078836
validation_prolific,missing_only,0.5,0.0,0.0,24,plain,0.3260703287726564,0.19395338338223095,0.40644540644540644,0.30953124828474365,0.4175000000000001,0.35625,0.7216719826168134
validation_prolific,missing_only,0.5,0.0,0.0,24,documented,0.5274753596996964,0.1700237845170836,0.3294853294853295,0.2923790297157051,0.4175,0.34375,0.7007750950438982
validation_prolific,missing_only,0.5,0.0,0.0,24,aligned,0.5207618608835681,0.16988587273768316,0.33044733044733043,0.3069254552415794,0.4149999999999999,0.34124999999999994,0.6998060300936502
validation_prolific,missing_only,0.5,0.0,0.0,24,hyperplane_old,0.37915831970792885,0.18883671157866994,0.39057239057239057,0.2948135820576506,0.41500000000000004,0.35250000000000004,0.7191115280287516
validation_prolific,missing_only,0.5,0.0,0.0,25,plain,0.3260703287726564,0.19395338338223095,0.40644540644540644,0.30953124828474365,0.4175000000000001,0.35625,0.7216719826168134
validation_prolific,missing_only,0.5,0.0,0.0,25,documented,0.5611293570804187,0.16668224042065108,0.30543530543530545,0.2843800288376022,0.42750000000000005,0.35500000000000004,0.70647218604733
validation_prolific,missing_only,0.5,0.0,0.0,25,aligned,0.543486890457336,0.16753001642997217,0.31697931697931697,0.2936196237564884,0.4225,0.35250000000000004,0.7012711722377947
validation_prolific,missing_only,0.5,0.0,0.0,25,hyperplane_old,0.34169158934913646,0.19240829196067394,0.4021164021164021,0.3054979111609426,0.42000000000000004,0.36000000000000004,0.7190167771366807
validation_prolific,missing_only,0.5,0.0,0.0,26,plain,0.3260703287726564,0.19395338338223095,0.40644540644540644,0.30953124828474365,0.4175000000000001,0.35625,0.7216719826168134
validation_prolific,missing_only,0.5,0.0,0.0,26,documented,0.547802344674644,0.16815790575316716,0.3059163059163059,0.2815545036195765,0.4175,0.35500000000000004,0.7156703289695712
validation_prolific,missing_only,0.5,0.0,0.0,26,aligned,0.5307297604887486,0.16988212043633535,0.31216931216931215,0.27666675547181196,0.4050000000000001,0.34750000000000003,0.710704645286017
validation_prolific,missing_only,0.5,0.0,0.0,26,hyperplane_old,0.34208611505328285,0.19223301154590158,0.4025974025974026,0.30650980928409277,0.4225,0.36125,0.7179842827056329
validation_prolific,missing_only,0.5,0.0,0.0,27,plain,0.3260703287726564,0.19395338338223095,0.40644540644540644,0.30953124828474365,0.4175000000000001,0.35625,0.7216719826168134
validation_prolific,missing_only,0.5,0.0,0.0,27,documented,0.656062025310883,0.15616522263850782,0.26695526695526695,0.3358890542126565,0.43499999999999994,0.37374999999999997,0.7300409188729853
validation_prolific,missing_only,0.5,0.0,0.0,27,aligned,0.6173806783821234,0.15979543914031688,0.28234728234728235,0.3156430744762161,0.4225,0.35875,0.7207960488310724
validation_prolific,missing_only,0.5,0.0,0.0,27,hyperplane_old,0.39137632117670385,0.18773003869899615,0.38576238576238575,0.29110963437467524,0.41500000000000004,0.365,0.7205565540741619
validation_prolific,missing_only,0.5,0.0,0.0,28,plain,0.3260703287726564,0.19395338338223095,0.40644540644540644,0.30953124828474365,0.4175000000000001,0.35625,0.7216719826168134
validation_prolific,missing_only,0.5,0.0,0.0,28,documented,0.5850824435176408,0.1659449887868747,0.30832130832130833,0.29979306284442286,0.42000000000000004,0.3475,0.705638073547355
validation_prolific,missing_only,0.5,0.0,0.0,28,aligned,0.5766348560703796,0.16623090793798365,0.3126503126503126,0.3140647871392445,0.41500000000000004,0.34249999999999997,0.7037838021827486
validation_prolific,missing_only,0.5,0.0,0.0,28,hyperplane_old,0.34443854937196194,0.19215350002327014,0.4030784030784031,0.30728632439938675,0.4125,0.35374999999999995,0.7184335057084917
validation_prolific,missing_only,0.5,0.0,0.0,29,plain,0.3260703287726564,0.19395338338223095,0.40644540644540644,0.30953124828474365,0.4175000000000001,0.35625,0.7216719826168134
validation_prolific,missing_only,0.5,0.0,0.0,29,documented,0.4994532081197402,0.17406364953684167,0.3472823472823473,0.281016495885858,0.42000000000000004,0.35,0.7119620934791163
validation_prolific,missing_only,0.5,0.0,0.0,29,aligned,0.46491816715143375,0.17736175382666014,0.3588263588263588,0.2878227978054294,0.40499999999999997,0.34625,0.7079067739432865
validation_prolific,missing_only,0.5,0.0,0.0,29,hyperplane_old,0.34489263682906557,0.19176366262874295,0.39634439634439633,0.3105161003737555,0.42000000000000004,0.35750000000000004,0.7210373916489379
validation_prolific,missing_only,0.5,0.0,0.0,30,plain,0.3260703287726564,0.19395338338223095,0.40644540644540644,0.30953124828474365,0.4175000000000001,0.35625,0.7216719826168134
validation_prolific,missing_only,0.5,0.0,0.0,30,documented,0.5443664509641553,0.16945142669163782,0.30928330928330927,0.28855372142010643,0.41999999999999993,0.34875,0.7017987915954434
validation_prolific,missing_only,0.5,0.0,0.0,30,aligned,0.542648329164809,0.16834869941645098,0.31313131313131315,0.295435245517203,0.4175,0.35125,0.7024177552002451
validation_prolific,missing_only,0.5,0.0,0.0,30,hyperplane_old,0.33707962600776414,0.19296393692249114,0.405002405002405,0.3069218303859545,0.4125,0.35375,0.7207638863489032
validation_prolific,missing_only,0.5,0.0,0.0,31,plain,0.3260703287726564,0.19395338338223095,0.40644540644540644,0.30953124828474365,0.4175000000000001,0.35625,0.7216719826168134
validation_prolific,missing_only,0.5,0.0,0.0,31,documented,0.5929802235784716,0.16209181003965614,0.2804232804232804,0.28567830959490886,0.41500000000000004,0.34500000000000003,0.7039413584070185
validation_prolific,missing_only,0.5,0.0,0.0,31,aligned,0.5689995274299834,0.16364353838735865,0.28619528619528617,0.29309921642678016,0.40750000000000003,0.33999999999999997,0.6955959560891167
validation_prolific,missing_only,0.5,0.0,0.0,31,hyperplane_old,0.34379322954000496,0.19214447633334245,0.4021164021164021,0.30399055571483113,0.4225,0.36000000000000004,0.7182537554815991
validation_prolific,missing_only,0.5,0.0,0.0,32,plain,0.3260703287726564,0.19395338338223095,0.40644540644540644,0.30953124828474365,0.4175000000000001,0.35625,0.7216719826168134
validation_prolific,missing_only,0.5,0.0,0.0,32,documented,0.5320075618191036,0.1716063939352435,0.34054834054834054,0.30747415252946037,0.4175,0.35250000000000004,0.7248599136463498
validation_prolific,missing_only,0.5,0.0,0.0,32,aligned,0.520648226936008,0.17113808426560165,0.34054834054834054,0.3267428493354773,0.4074999999999999,0.34875,0.7226159243960264
validation_prolific,missing_only,0.5,0.0,0.0,32,hyperplane_old,0.33315045173124663,0.19316088101192022,0.4045214045214045,0.3103716546486332,0.4175000000000001,0.35875,0.7206039547003303
validation_prolific,missing_only,0.5,0.0,0.0,33,plain,0.3260703287726564,0.19395338338223095,0.40644540644540644,0.30953124828474365,0.4175000000000001,0.35625,0.7216719826168134
validation_prolific,missing_only,0.5,0.0,0.0,33,documented,0.6448577829083565,0.1580276633227069,0.26262626262626265,0.30331685693654287,0.425,0.35875,0.7095431050100032
validation_prolific,missing_only,0.5,0.0,0.0,33,aligned,0.6064069063633883,0.16127803682332098,0.2813852813852814,0.30799964102145505,0.4225,0.35,0.7059772651448417
validation_prolific,missing_only,0.5,0.0,0.0,33,hyperplane_old,0.3613608051154213,0.1903379636561795,0.3977873977873978,0.3003468895291342,0.4175,0.35500000000000004,0.7180714968136088
validation_prolific,missing_only,0.5,0.0,0.0,34,plain,0.3260703287726564,0.19395338338223095,0.40644540644540644,0.30953124828474365,0.4175000000000001,0.35625,0.7216719826168134
validation_prolific,missing_only,0.5,0.0,0.0,34,documented,0.5862208950841569,0.16539120581619116,0.3063973063973064,0.2862582190844531,0.4,0.34750000000000003,0.7047531378155665
validation_prolific,missing_only,0.5,0.0,0.0,34,aligned,0.5517423395381907,0.16917991040601896,0.3189033189033189,0.279279827219007,0.395,0.34500000000000003,0.7040516772146546
validation_prolific,missing_only,0.5,0.0,0.0,34,hyperplane_old,0.34487594190723475,0.19208603558885473,0.4045214045214045,0.30470722982941895,0.41,0.35125,0.7158903366587465
validation_prolific,missing_only,0.5,0.0,0.0,35,plain,0.3260703287726564,0.19395338338223095,0.40644540644540644,0.30953124828474365,0.4175000000000001,0.35625,0.7216719826168134
validation_prolific,missing_only,0.5,0.0,0.0,35,documented,0.5827750892751657,0.16551187428922567,0.29918229918229916,0.24961209252070155,0.4050000000000001,0.3275,0.6924674681243266
validation_prolific,missing_only,0.5,0.0,0.0,35,aligned,0.5525754778066704,0.16782377640253965,0.31072631072631074,0.26529246387226496,0.38,0.32375,0.687374163772108
validation_prolific,missing_only,0.5,0.0,0.0,35,hyperplane_old,0.35093405784279585,0.1914277678360206,0.4016354016354016,0.3016141493934376,0.4125,0.35,0.7182581222759636
validation_prolific,missing_only,0.5,0.0,0.0,36,plain,0.3260703287726564,0.19395338338223095,0.40644540644540644,0.30953124828474365,0.4175000000000001,0.35625,0.7216719826168134
validation_prolific,missing_only,0.5,0.0,0.0,36,documented,0.5875946959431662,0.16514933113793936,0.30976430976430974,0.31233154302881194,0.425,0.36,0.7217100704741766
validation_prolific,missing_only,0.5,0.0,0.0,36,aligned,0.5770840673557407,0.16540899147268087,0.3126503126503126,0.31763221712832274,0.4225,0.35375,0.7158333053388715
validation_prolific,missing_only,0.5,0.0,0.0,36,hyperplane_old,0.3474779730360494,0.19202463117876037,0.4016354016354016,0.3007274777627268,0.4225,0.36124999999999996,0.7210332624927484
validation_prolific,missing_only,0.5,0.0,0.0,37,plain,0.3260703287726564,0.19395338338223095,0.40644540644540644,0.30953124828474365,0.4175000000000001,0.35625,0.7216719826168134
validation_prolific,missing_only,0.5,0.0,0.0,37,documented,0.5122593396538677,0.17121802825141694,0.32371332371332373,0.30190667301480856,0.425,0.35125,0.7211957215607036
validation_prolific,missing_only,0.5,0.0,0.0,37,aligned,0.5014756842840354,0.17147390115191552,0.329004329004329,0.30616460836078047,0.4175,0.35,0.715257966418588
validation_prolific,missing_only,0.5,0.0,0.0,37,hyperplane_old,0.33800426871954425,0.19280256319993527,0.40596440596440597,0.30633781047651537,0.41500000000000004,0.34875,0.718271503108452
validation_prolific,missing_only,0.5,0.0,0.0,38,plain,0.3260703287726564,0.19395338338223095,0.40644540644540644,0.30953124828474365,0.4175000000000001,0.35625,0.7216719826168134
validation_prolific,missing_only,0.5,0.0,0.0,38,documented,0.5814596541513177,0.16548823356331957,0.29918229918229916,0.2921637418925834,0.4050000000000001,0.34375,0.7044909860159253
validation_prolific,missing_only,0.5,0.0,0.0,38,aligned,0.5667172763080547,0.16625975896268314,0.304954304954305,0.2929442817211504,0.40499999999999997,0.34125,0.7025377311176942
validation_prolific,missing_only,0.5,0.0,0.0,38,hyperplane_old,0.38750891367718154,0.18786375734955454,0.3848003848003848,0.29845358299275865,0.42000000000000004,0.36624999999999996,0.7209496679688504
validation_prolific,missing_only,0.5,0.0,0.0,39,plain,0.3260703287726564,0.19395338338223095,0.40644540644540644,0.30953124828474365,0.4175000000000001,0.35625,0.7216719826168134
validation_prolific,missing_only,0.5,0.0,0.0,39,documented,0.5606200351376621,0.16741205788798136,0.31842231842231844,0.30329355337778235,0.43499999999999994,0.3625,0.7117222039794983
validation_prolific,missing_only,0.5,0.0,0.0,39,aligned,0.5444520537639971,0.1675001146105517,0.31697931697931697,0.3204782887339597,0.425,0.35375,0.7081869043443867
validation_prolific,missing_only,0.5,0.0,0.0,39,hyperplane_old,0.35035762298405165,0.19157643595651255,0.4001924001924002,0.30558721491184737,0.4125,0.35374999999999995,0.7201007236847065
validation_prolific,missing_only,0.5,0.0,0.0,40,plain,0.3260703287726564,0.19395338338223095,0.40644540644540644,0.30953124828474365,0.4175000000000001,0.35625,0.7216719826168134
validation_prolific,missing_only,0.5,0.0,0.0,40,documented,0.5886666049107285,0.16325584031032012,0.29004329004329005,0.3103451529869594,0.42250000000000004,0.36,0.7136601929361905
validation_prolific,missing_only,0.5,0.0,0.0,40,aligned,0.5593240353727504,0.16510087180515334,0.304954304954305,0.31720114916757797,0.42000000000000004,0.35374999999999995,0.7112740774366402
validation_prolific,missing_only,0.5,0.0,0.0,40,hyperplane_old,0.3259420164932094,0.19392564414969762,0.4069264069264069,0.31061423223725415,0.4175000000000001,0.35625,0.7202803338316274
validation_prolific,missing_only,0.5,0.0,0.0,41,plain,0.3260703287726564,0.19395338338223095,0.40644540644540644,0.30953124828474365,0.4175000000000001,0.35625,0.7216719826168134
validation_prolific,missing_only,0.5,0.0,0.0,41,documented,0.565507257812799,0.1671313359666111,0.3116883116883117,0.2881156926038334,0.41500000000000004,0.34625,0.7041895084269433
validation_prolific,missing_only,0.5,0.0,0.0,41,aligned,0.5447351555603123,0.16797796227201825,0.3203463203463203,0.2989032055777995,0.4125,0.34500000000000003,0.7017613900836978
validation_prolific,missing_only,0.5,0.0,0.0,41,hyperplane_old,0.3439384624118204,0.192205080643787,0.4006734006734007,0.30603775549437956,0.41500000000000004,0.355,0.7219862608078529
validation_prolific,missing_only,0.5,0.0,0.0,42,plain,0.3260703287726564,0.19395338338223095,0.40644540644540644,0.30953124828474365,0.4175000000000001,0.35625,0.7216719826168134
validation_prolific,missing_only,0.5,0.0,0.0,42,documented,0.5783500905599201,0.1634428706251167,0.2972582972582973,0.31644449539117137,0.4325,0.3662500000000001,0.6999944732088998
validation_prolific,missing_only,0.5,0.0,0.0,42,aligned,0.5194487420491236,0.16914261471936973,0.3164983164983165,0.3027563445638493,0.41500000000000004,0.35500000000000004,0.6896724721092056
validation_prolific,missing_only,0.5,0.0,0.0,42,hyperplane_old,0.3775081789136856,0.1892137514080362,0.3939393939393939,0.29217758949092454,0.4175,0.3625,0.722576624026663
validation_prolific,missing_only,0.5,0.0,0.0,43,plain,0.3260703287726564,0.19395338338223095,0.40644540644540644,0.30953124828474365,0.4175000000000001,0.35625,0.7216719826168134
validation_prolific,missing_only,0.5,0.0,0.0,43,documented,0.5868279672746065,0.16338464116879572,0.2890812890812891,0.3241513532043983,0.42749999999999994,0.37124999999999997,0.7195391879170221
validation_prolific,missing_only,0.5,0.0,0.0,43,aligned,0.5766115431874343,0.16365216320704692,0.29533429533429534,0.32961038317452,0.43000000000000005,0.3625,0.715889855058913
validation_prolific,missing_only,0.5,0.0,0.0,43,hyperplane_old,0.35744792929461844,0.19118204998963445,0.4006734006734007,0.2958363724160919,0.4175,0.36000000000000004,0.7182439382288595
validation_prolific,missing_only,0.5,0.0,0.0,44,plain,0.3260703287726564,0.19395338338223095,0.40644540644540644,0.30953124828474365,0.4175000000000001,0.35625,0.7216719826168134
validation_prolific,missing_only,0.5,0.0,0.0,44,documented,0.5683136291871688,0.167946878540536,0.30784030784030786,0.24576711079172223,0.4125,0.3325,0.685623375375957
validation_prolific,missing_only,0.5,0.0,0.0,44,aligned,0.5497878784485303,0.16884113222433764,0.31072631072631074,0.2629767152013093,0.3975,0.33625,0.6867325172217609
validation_prolific,missing_only,0.5,0.0,0.0,44,hyperplane_old,0.3329251888122035,0.19314552431166737,0.40644540644540644,0.3073491957038863,0.4175000000000001,0.35374999999999995,0.7165614031881181
validation_prolific,missing_only,0.5,0.0,0.0,45,plain,0.3260703287726564,0.19395338338223095,0.40644540644540644,0.30953124828474365,0.4175000000000001,0.35625,0.7216719826168134
validation_prolific,missing_only,0.5,0.0,0.0,45,documented,0.5711460277391803,0.16632062882828516,0.31216931216931215,0.28599649345896294,0.42250000000000004,0.34624999999999995,0.7037512314087303
validation_prolific,missing_only,0.5,0.0,0.0,45,aligned,0.554422467216373,0.167284896281116,0.3217893217893218,0.29507444811925765,0.42000000000000004,0.34625000000000006,0.7034996809817379
validation_prolific,missing_only,0.5,0.0,0.0,45,hyperplane_old,0.3432199001701262,0.19214287847750747,0.4021164021164021,0.3057804321518521,0.4225,0.36000000000000004,0.7164397700372825
validation_prolific,missing_only,0.5,0.0,0.0,46,plain,0.3260703287726564,0.19395338338223095,0.40644540644540644,0.30953124828474365,0.4175000000000001,0.35625,0.7216719826168134
validation_prolific,missing_only,0.5,0.0,0.0,46,documented,0.5183704441452339,0.17230863873560814,0.3241943241943242,0.2792906445931701,0.4175000000000001,0.3625,0.7184400518052344
validation_prolific,missing_only,0.5,0.0,0.0,46,aligned,0.5181011614420907,0.17130326348747235,0.3217893217893218,0.2937866895960569,0.4149999999999999,0.35374999999999995,0.7173383918045229
validation_prolific,missing_only,0.5,0.0,0.0,46,hyperplane_old,0.331353925770694,0.1934139591457558,0.4045214045214045,0.30984117783396803,0.4175000000000001,0.35875,0.7225583051775158
validation_prolific,missing_only,0.5,0.0,0.0,47,plain,0.3260703287726564,0.19395338338223095,0.40644540644540644,0.30953124828474365,0.4175000000000001,0.35625,0.7216719826168134
validation_prolific,missing_only,0.5,0.0,0.0,47,documented,0.511717324252724,0.17005010525985978,0.3193843193843194,0.2882730224287986,0.40499999999999997,0.35,0.7097451968617781
validation_prolific,missing_only,0.5,0.0,0.0,47,aligned,0.4859388799248724,0.17237672169759338,0.32611832611832614,0.2869392900010787,0.395,0.34125,0.7038137940297252
validation_prolific,missing_only,0.5,0.0,0.0,47,hyperplane_old,0.34621518254881023,0.19158753181460256,0.39634439634439633,0.3096609642271472,0.42000000000000004,0.35875,0.7190428230278888
validation_prolific,missing_only,0.5,0.0,0.0,48,plain,0.3260703287726564,0.19395338338223095,0.40644540644540644,0.30953124828474365,0.4175000000000001,0.35625,0.7216719826168134
validation_prolific,missing_only,0.5,0.0,0.0,48,documented,0.5616879714415893,0.1677172814368342,0.30976430976430974,0.27860291867302617,0.41999999999999993,0.34625000000000006,0.7086989358506486
validation_prolific,missing_only,0.5,0.0,0.0,48,aligned,0.5535807396196025,0.16807630195918327,0.3136123136123136,0.280906106620946,0.4125,0.34125,0.7025980857295504
validation_prolific,missing_only,0.5,0.0,0.0,48,hyperplane_old,0.33860098961360124,0.1929269854282768,0.405002405002405,0.30095931205892656,0.4175000000000001,0.355,0.721081612209967
validation_prolific,missing_only,0.5,0.0,0.0,49,plain,0.3260703287726564,0.19395338338223095,0.40644540644540644,0.30953124828474365,0.4175000000000001,0.35625,0.7216719826168134
validation_prolific,missing_only,0.5,0.0,0.0,49,documented,0.5868668130841751,0.1638212790475357,0.3088023088023088,0.32481475993796877,0.4225,0.35,0.7292191756614533
validation_prolific,missing_only,0.5,0.0,0.0,49,aligned,0.5523458516477674,0.1674680097303406,0.32515632515632514,0.3159350209897053,0.4125,0.335,0.7234796628370922
validation_prolific,missing_only,0.5,0.0,0.0,49,hyperplane_old,0.3794355786419695,0.18873589641139918,0.39057239057239057,0.29536551291338853,0.41500000000000004,0.35250000000000004,0.7145127830234352
validation_prolific,missing_only,0.75,0.0,0.0,0,plain,0.3260703287726564,0.19395338338223095,0.40644540644540644,0.30953124828474365,0.4175000000000001,0.35625,0.7216719826168134
validation_prolific,missing_only,0.75,0.0,0.0,0,documented,0.46861465793344476,0.1804397533257867,0.35978835978835977,0.2642198275548124,0.41500000000000004,0.34124999999999994,0.7123027600223848
validation_prolific,missing_only,0.75,0.0,0.0,0,aligned,0.4470268882533988,0.18198718659442314,0.36796536796536794,0.2790992812824718,0.4074999999999999,0.3375,0.7072792989086657
validation_prolific,missing_only,0.75,0.0,0.0,0,hyperplane_old,0.3260703287726564,0.19395338338223095,0.40644540644540644,0.30953124828474365,0.4175000000000001,0.35625,0.7216719826168134
validation_prolific,missing_only,0.75,0.0,0.0,1,plain,0.3260703287726564,0.19395338338223095,0.40644540644540644,0.30953124828474365,0.4175000000000001,0.35625,0.7216719826168134
validation_prolific,missing_only,0.75,0.0,0.0,1,documented,0.4455964434089755,0.181531911434525,0.37277537277537276,0.2920666167514888,0.4125,0.34875,0.7184665147540498
validation_prolific,missing_only,0.75,0.0,0.0,1,aligned,0.419749304697059,0.18291572362756645,0.3722943722943723,0.2995343449221691,0.4125,0.35375,0.7184142922965788
validation_prolific,missing_only,0.75,0.0,0.0,1,hyperplane_old,0.32760876025124785,0.19372842912252483,0.40644540644540644,0.3081865768696275,0.4175000000000001,0.35625,0.7213951711230507
validation_prolific,missing_only,0.75,0.0,0.0,2,plain,0.3260703287726564,0.19395338338223095,0.40644540644540644,0.30953124828474365,0.4175000000000001,0.35625,0.7216719826168134
validation_prolific,missing_only,0.75,0.0,0.0,2,documented,0.43970295285753996,0.18052424365260208,0.36363636363636365,0.28588992107067124,0.4325,0.35625,0.7155422381800637
validation_prolific,missing_only,0.75,0.0,0.0,2,aligned,0.44505323506612526,0.17963650218990904,0.3602693602693603,0.28985290238094785,0.425,0.35,0.713751046376394
validation_prolific,missing_only,0.75,0.0,0.0,2,hyperplane_old,0.33664495489127594,0.19292259307723722,0.4025974025974026,0.30775187584639935,0.4225,0.3625,0.721440923913342
validation_prolific,missing_only,0.75,0.0,0.0,3,plain,0.3260703287726564,0.19395338338223095,0.40644540644540644,0.30953124828474365,0.4175000000000001,0.35625,0.7216719826168134
validation_prolific,missing_only,0.75,0.0,0.0,3,documented,0.43303867022750797,0.1816880090518936,0.36844636844636847,0.2660630080472465,0.4175000000000001,0.35124999999999995,0.7024437306302849
validation_prolific,missing_only,0.75,0.0,0.0,3,aligned,0.4046757344219126,0.18392457591008102,0.37277537277537276,0.2595610283426694,0.4025,0.3525,0.6979238738310937
validation_prolific,missing_only,0.75,0.0,0.0,3,hyperplane_old,0.32760876025124785,0.19372842912252483,0.40644540644540644,0.3081865768696275,0.4175000000000001,0.35625,0.7213951711230507
validation_prolific,missing_only,0.75,0.0,0.0,4,plain,0.3260703287726564,0.19395338338223095,0.40644540644540644,0.30953124828474365,0.4175000000000001,0.35625,0.7216719826168134
validation_prolific,missing_only,0.75,0.0,0.0,4,documented,0.4005423333992031,0.18409602314275905,0.37518037518037517,0.30174548454889993,0.425,0.3475,0.7141377140874667
validation_prolific,missing_only,0.75,0.0,0.0,4,aligned,0.3921454080343591,0.1844819792398212,0.38047138047138046,0.29614219341086934,0.42000000000000004,0.33999999999999997,0.7071043282828146
validation_prolific,missing_only,0.75,0.0,0.0,4,hyperplane_old,0.3260703287726564,0.19395338338223095,0.40644540644540644,0.30953124828474365,0.4175000000000001,0.35625,0.7216719826168134
validation_prolific,missing_only,0.75,0.0,0.0,5,plain,0.3260703287726564,0.19395338338223095,0.40644540644540644,0.30953124828474365,0.4175000000000001,0.35625,0.7216719826168134
validation_prolific,missing_only,0.75,0.0,0.0,5,documented,0.41894893418931384,0.18327517981677877,0.3852813852813853,0.3076796957997703,0.41500000000000004,0.35000000000000003,0.7259466288544867
validation_prolific,missing_only,0.75,0.0,0.0,5,aligned,0.3821654612738884,0.18651794694685894,0.3949013949013949,0.30451625201917504,0.4125,0.34249999999999997,0.7201589132850622
validation_prolific,missing_only,0.75,0.0,0.0,5,hyperplane_old,0.33905679063937066,0.19263602759889453,0.4025974025974026,0.3078972480496934,0.4225,0.3625,0.7218661722293614
validation_prolific,missing_only,0.75,0.0,0.0,6,plain,0.3260703287726564,0.19395338338223095,0.40644540644540644,0.30953124828474365,0.4175000000000001,0.35625,0.7216719826168134
validation_prolific,missing_only,0.75,0.0,0.0,6,documented,0.47325323996917046,0.17750997906799507,0.341029341029341,0.3022231494100659,0.43499999999999994,0.36875,0.7288582668277648
validation_prolific,missing_only,0.75,0.0,0.0,6,aligned,0.4291149166630203,0.18089297544667796,0.3544973544973545,0.3090179437915325,0.425,0.36125000000000007,0.7203117720774045
validation_prolific,missing_only,0.75,0.0,0.0,6,hyperplane_old,0.33664495489127594,0.19292259307723722,0.4025974025974026,0.30775187584639935,0.4225,0.3625,0.721440923913342
validation_prolific,missing_only,0.75,0.0,0.0,7,plain,0.3260703287726564,0.19395338338223095,0.40644540644540644,0.30953124828474365,0.4175000000000001,0.35625,0.7216719826168134
validation_prolific,missing_only,0.75,0.0,0.0,7,documented,0.4408331327408026,0.1813548335976743,0.38047138047138046,0.26849914935914165,0.425,0.35750000000000004,0.7015526302032861
validation_prolific,missing_only,0.75,0.0,0.0,7,aligned,0.4410230513739295,0.18057796580242144,0.3775853775853776,0.27933936568818424,0.425,0.35625,0.7007555976671067
validation_prolific,missing_only,0.75,0.0,0.0,7,hyperplane_old,0.3380988288315765,0.19269927875148124,0.4025974025974026,0.30651069208975534,0.4225,0.3625,0.7211641124195793
validation_prolific,missing_only,0.75,0.0,0.0,8,plain,0.3260703287726564,0.19395338338223095,0.40644540644540644,0.30953124828474365,0.4175000000000001,0.35625,0.7216719826168134
validation_prolific,missing_only,0.75,0.0,0.0,8,documented,0.4263215349448673,0.18312054336588587,0.36892736892736894,0.27780480694596943,0.4175,0.34750000000000003,0.7033555311443629
validation_prolific,missing_only,0.75,0.0,0.0,8,aligned,0.38616273932636436,0.18571331522931767,0.38047138047138046,0.28460211544899067,0.40750000000000003,0.34125,0.7006001185298704
validation_prolific,missing_only,0.75,0.0,0.0,8,hyperplane_old,0.3259420164932094,0.19392564414969762,0.4069264069264069,0.31061423223725415,0.4175000000000001,0.35625,0.7202803338316274
validation_prolific,missing_only,0.75,0.0,0.0,9,plain,0.3260703287726564,0.19395338338223095,0.40644540644540644,0.30953124828474365,0.4175000000000001,0.35625,0.7216719826168134
validation_prolific,missing_only,0.75,0.0,0.0,9,documented,0.4706255272244494,0.17923219118249614,0.36363636363636365,0.29729630801665097,0.4325,0.36125,0.7146037718414814
validation_prolific,missing_only,0.75,0.0,0.0,9,aligned,0.4387604279856154,0.18128263670009054,0.3708513708513709,0.3024020867211627,0.425,0.35625,0.7130461288908156
validation_prolific,missing_only,0.75,0.0,0.0,9,hyperplane_old,0.328497922725801,0.19367571329230165,0.40644540644540644,0.30954104698510854,0.4175000000000001,0.355,0.7217457858474843
validation_prolific,missing_only,0.75,0.0,0.0,10,plain,0.3260703287726564,0.19395338338223095,0.40644540644540644,0.30953124828474365,0.4175000000000001,0.35625,0.7216719826168134
validation_prolific,missing_only,0.75,0.0,0.0,10,documented,0.4612050804782101,0.17958489780991757,0.37037037037037035,0.28672673654186903,0.41,0.35374999999999995,0.7112460213941616
validation_prolific,missing_only,0.75,0.0,0.0,10,aligned,0.44085156925474245,0.1804287412801121,0.36844636844636847,0.29011186827630087,0.4125,0.35375,0.7092338025025724
validation_prolific,missing_only,0.75,0.0,0.0,10,hyperplane_old,0.3470188615552258,0.19188853429452096,0.4001924001924002,0.3057289547792095,0.41500000000000004,0.355,0.7217069256964184
validation_prolific,missing_only,0.75,0.0,0.0,11,plain,0.3260703287726564,0.19395338338223095,0.40644540644540644,0.30953124828474365,0.4175000000000001,0.35625,0.7216719826168134
validation_prolific,missing_only,0.75,0.0,0.0,11,documented,0.4547649899329972,0.18156344531776836,0.3641173641173641,0.2607471934895975,0.40249999999999997,0.34625,0.7112460970698837
validation_prolific,missing_only,0.75,0.0,0.0,11,aligned,0.4353359217315786,0.18361227490299473,0.3718133718133718,0.25751102377221263,0.395,0.34124999999999994,0.7065143426882147
validation_prolific,missing_only,0.75,0.0,0.0,11,hyperplane_old,0.32952082488257006,0.19350757686162068,0.40644540644540644,0.30767734439749195,0.4175000000000001,0.35625,0.7207361879255905
validation_prolific,missing_only,0.75,0.0,0.0,12,plain,0.3260703287726564,0.19395338338223095,0.40644540644540644,0.30953124828474365,0.4175000000000001,0.35625,0.7216719826168134
validation_prolific,missing_only,0.75,0.0,0.0,12,documented,0.41822253918533747,0.1822482523552683,0.367003367003367,0.30483390199080984,0.4125,0.34625,0.707788553082378
validation_prolific,missing_only,0.75,0.0,0.0,12,aligned,0.4162838469111178,0.1822126996422295,0.36748436748436747,0.3070435876965321,0.40750000000000003,0.34,0.7021370430992647
validation_prolific,missing_only,0.75,0.0,0.0,12,hyperplane_old,0.32760876025124785,0.19372842912252483,0.40644540644540644,0.3081865768696275,0.4175000000000001,0.35625,0.7213951711230507
validation_prolific,missing_only,0.75,0.0,0.0,13,plain,0.3260703287726564,0.19395338338223095,0.40644540644540644,0.30953124828474365,0.4175000000000001,0.35625,0.7216719826168134
validation_prolific,missing_only,0.75,0.0,0.0,13,documented,0.4722241083167019,0.18007748424851783,0.3617123617123617,0.3051161859146398,0.42250000000000004,0.3525,0.7131831123985167
validation_prolific,missing_only,0.75,0.0,0.0,13,aligned,0.46329175663278477,0.17997280202263577,0.367003367003367,0.3100455565785008,0.425,0.3475,0.7102055651372198
validation_prolific,missing_only,0.75,0.0,0.0,13,hyperplane_old,0.33526550658642035,0.19337659523229428,0.4054834054834055,0.3028885919541754,0.4175000000000001,0.35625,0.7222031782117418
validation_prolific,missing_only,0.75,0.0,0.0,14,plain,0.3260703287726564,0.19395338338223095,0.40644540644540644,0.30953124828474365,0.4175000000000001,0.35625,0.7216719826168134
validation_prolific,missing_only,0.75,0.0,0.0,14,documented,0.45015273032756337,0.18155046896292298,0.37614237614237617,0.26087433889648165,0.4025,0.3375,0.697196857418629
validation_prolific,missing_only,0.75,0.0,0.0,14,aligned,0.43897145789062253,0.1822566213862269,0.38191438191438193,0.2718599677626043,0.4025,0.33,0.6946611925021564
validation_prolific,missing_only,0.75,0.0,0.0,14,hyperplane_old,0.3389842669682844,0.19298435846128706,0.405002405002405,0.302016765343733,0.4175000000000001,0.35625000000000007,0.7228423064133185
validation_prolific,missing_only,0.75,0.0,0.0,15,plain,0.3260703287726564,0.19395338338223095,0.40644540644540644,0.30953124828474365,0.4175000000000001,0.35625,0.7216719826168134
validation_prolific,missing_only,0.75,0.0,0.0,15,documented,0.44098079111045946,0.18112704202500451,0.3665223665223665,0.28951119991715546,0.39749999999999996,0.33875,0.7171987372238379
validation_prolific,missing_only,0.75,0.0,0.0,15,aligned,0.43432871843487525,0.18119412444555524,0.36748436748436747,0.29373884716024734,0.39499999999999996,0.3375,0.7099686947775319
validation_prolific,missing_only,0.75,0.0,0.0,15,hyperplane_old,0.332623361249725,0.1932147154847736,0.40644540644540644,0.30733202776173246,0.4175000000000001,0.355,0.7183159897894562
validation_prolific,missing_only,0.75,0.0,0.0,16,plain,0.3260703287726564,0.19395338338223095,0.40644540644540644,0.30953124828474365,0.4175000000000001,0.35625,0.7216719826168134
validation_prolific,missing_only,0.75,0.0,0.0,16,documented,0.4411876381336639,0.18327645573018392,0.3698893698893699,0.23242741047663365,0.3975,0.33375000000000005,0.6887549128421254
validation_prolific,missing_only,0.75,0.0,0.0,16,aligned,0.4344369699676355,0.18330531740545544,0.37277537277537276,0.23908544403526544,0.39249999999999996,0.325,0.6815349628169111
validation_prolific,missing_only,0.75,0.0,0.0,16,hyperplane_old,0.33664495489127594,0.19292259307723722,0.4025974025974026,0.30775187584639935,0.4225,0.3625,0.721440923913342
validation_prolific,missing_only,0.75,0.0,0.0,17,plain,0.3260703287726564,0.19395338338223095,0.40644540644540644,0.30953124828474365,0.4175000000000001,0.35625,0.7216719826168134
validation_prolific,missing_only,0.75,0.0,0.0,17,documented,0.47250670139333784,0.18016093362295368,0.35594035594035595,0.288618997508002,0.43000000000000005,0.35375,0.710981699262781
validation_prolific,missing_only,0.75,0.0,0.0,17,aligned,0.4603596528832411,0.18056491109814035,0.3617123617123617,0.28518301850240657,0.4175000000000001,0.3525,0.7029395253210898
validation_prolific,missing_only,0.75,0.0,0.0,17,hyperplane_old,0.32760876025124785,0.19372842912252483,0.40644540644540644,0.3081865768696275,0.4175000000000001,0.35625,0.7213951711230507
validation_prolific,missing_only,0.75,0.0,0.0,18,plain,0.3260703287726564,0.19395338338223095,0.40644540644540644,0.30953124828474365,0.4175000000000001,0.35625,0.7216719826168134
validation_prolific,missing_only,0.75,0.0,0.0,18,documented,0.41347627021192596,0.1818353916302233,0.37902837902837905,0.34014638146698933,0.4175000000000001,0.35874999999999996,0.729687907698176
validation_prolific,missing_only,0.75,0.0,0.0,18,aligned,0.39783972874035456,0.18306586165321587,0.38047138047138046,0.3341217031456334,0.41000000000000003,0.35125,0.7241113426873615
validation_prolific,missing_only,0.75,0.0,0.0,18,hyperplane_old,0.336909324407162,0.19284965623070402,0.4016354016354016,0.3043252922058676,0.41500000000000004,0.35375,0.7190058922708793
validation_prolific,missing_only,0.75,0.0,0.0,19,plain,0.3260703287726564,0.19395338338223095,0.40644540644540644,0.30953124828474365,0.4175000000000001,0.35625,0.7216719826168134
validation_prolific,missing_only,0.75,0.0,0.0,19,documented,0.42528411293596685,0.18344057138004946,0.37277537277537276,0.26751574517797333,0.41,0.34375,0.7058650270454777
validation_prolific,missing_only,0.75,0.0,0.0,19,aligned,0.395709044070475,0.18517109251747052,0.3785473785473785,0.27366768233842426,0.40750000000000003,0.34625,0.7043803571340324
validation_prolific,missing_only,0.75,0.0,0.0,19,hyperplane_old,0.3260703287726564,0.19395338338223095,0.40644540644540644,0.30953124828474365,0.4175000000000001,0.35625,0.7216719826168134
validation_prolific,missing_only,0.75,0.0,0.0,20,plain,0.3260703287726564,0.19395338338223095,0.40644540644540644,0.30953124828474365,0.4175000000000001,0.35625,0.7216719826168134
validation_prolific,missing_only,0.75,0.0,0.0,20,documented,0.4797323152940786,0.17722996619729509,0.354016354016354,0.2804327045647134,0.42000000000000004,0.35250000000000004,0.7080884093759408
validation_prolific,missing_only,0.75,0.0,0.0,20,aligned,0.462379304791243,0.1773815903122238,0.3588263588263588,0.30389092724089967,0.4175,0.3525,0.7094996299550828
validation_prolific,missing_only,0.75,0.0,0.0,20,hyperplane_old,0.32836576563687314,0.1936484435421043,0.40644540644540644,0.3106218092570474,0.4175000000000001,0.355,0.7203541370622982
validation_prolific,missing_only,0.75,0.0,0.0,21,plain,0.3260703287726564,0.19395338338223095,0.40644540644540644,0.30953124828474365,0.4175000000000001,0.35625,0.7216719826168134
validation_prolific,missing_only,0.75,0.0,0.0,21,documented,0.4374005991576113,0.182016473164856,0.37037037037037035,0.29893873680164756,0.4125,0.35375,0.7088100965311203
validation_prolific,missing_only,0.75,0.0,0.0,21,aligned,0.4202864473748602,0.18283623680737776,0.37421837421837423,0.29859580445239303,0.41500000000000004,0.35125,0.7069534447993693
validation_prolific,missing_only,0.75,0.0,0.0,21,hyperplane_old,0.32836576563687314,0.1936484435421043,0.40644540644540644,0.3106218092570474,0.4175000000000001,0.355,0.7203541370622982
validation_prolific,missing_only,0.75,0.0,0.0,22,plain,0.3260703287726564,0.19395338338223095,0.40644540644540644,0.30953124828474365,0.4175000000000001,0.35625,0.7216719826168134
validation_prolific,missing_only,0.75,0.0,0.0,22,documented,0.4706649292748983,0.17676671963866503,0.3472823472823473,0.3017408509690088,0.42750000000000005,0.35750000000000004,0.7068868254775564
validation_prolific,missing_only,0.75,0.0,0.0,22,aligned,0.44484492208685833,0.1780573979369592,0.3516113516113516,0.307249107137578,0.42750000000000005,0.35874999999999996,0.7062451834074558
validation_prolific,missing_only,0.75,0.0,0.0,22,hyperplane_old,0.35365806095996727,0.19102995764338412,0.3939393939393939,0.30692640709232777,0.4225,0.3625,0.719820823909688
validation_prolific,missing_only,0.75,0.0,0.0,23,plain,0.3260703287726564,0.19395338338223095,0.40644540644540644,0.30953124828474365,0.4175000000000001,0.35625,0.7216719826168134
validation_prolific,missing_only,0.75,0.0,0.0,23,documented,0.4254068121815643,0.18330814252495864,0.3665223665223665,0.30222136364850416,0.41000000000000003,0.34875,0.7155510126935756
validation_prolific,missing_only,0.75,0.0,0.0,23,aligned,0.4136992119884741,0.18398237191527775,0.37133237133237135,0.298662338865514,0.40499999999999997,0.34750000000000003,0.7115872375031698
validation_prolific,missing_only,0.75,0.0,0.0,23,hyperplane_old,0.32747598186333854,0.19370164360329548,0.40644540644540644,0.30926889683603714,0.4175000000000001,0.35625,0.7200035223378648
validation_prolific,missing_only,0.75,0.0,0.0,24,plain,0.3260703287726564,0.19395338338223095,0.40644540644540644,0.30953124828474365,0.4175000000000001,0.35625,0.7216719826168134
validation_prolific,missing_only,0.75,0.0,0.0,24,documented,0.5099807669057241,0.17574574111556665,0.3434343434343434,0.26797952641768663,0.40499999999999997,0.34625,0.7169344736836073
validation_prolific,missing_only,0.75,0.0,0.0,24,aligned,0.4947470345528244,0.17605431394391716,0.3496873496873497,0.28085275559494044,0.39,0.34125000000000005,0.7117838695533866
validation_prolific,missing_only,0.75,0.0,0.0,24,hyperplane_old,0.33905679063937066,0.19263602759889453,0.4025974025974026,0.3078972480496934,0.4225,0.3625,0.7218661722293614
validation_prolific,missing_only,0.75,0.0,0.0,25,plain,0.3260703287726564,0.19395338338223095,0.40644540644540644,0.30953124828474365,0.4175000000000001,0.35625,0.7216719826168134
validation_prolific,missing_only,0.75,0.0,0.0,25,documented,0.45306003120665983,0.1787858411387941,0.3554593554593555,0.3028674901319217,0.425,0.35000000000000003,0.70744542691046
validation_prolific,missing_only,0.75,0.0,0.0,25,aligned,0.4141435233591288,0.18165648403282605,0.3665223665223665,0.3011460241864674,0.4175,0.34249999999999997,0.7061193602104125
validation_prolific,missing_only,0.75,0.0,0.0,25,hyperplane_old,0.3355108942854794,0.19313224024984427,0.40404040404040403,0.30992794831999915,0.41500000000000004,0.35625,0.7213465653414137
validation_prolific,missing_only,0.75,0.0,0.0,26,plain,0.3260703287726564,0.19395338338223095,0.40644540644540644,0.30953124828474365,0.4175000000000001,0.35625,0.7216719826168134
validation_prolific,missing_only,0.75,0.0,0.0,26,documented,0.4091235098598213,0.18313835284918578,0.38672438672438675,0.3148304196797695,0.4025,0.34750000000000003,0.7110084466052402
validation_prolific,missing_only,0.75,0.0,0.0,26,aligned,0.37928335238739075,0.18551936346988757,0.38864838864838863,0.3145194250827459,0.3975,0.33875,0.7015006131072873
validation_prolific,missing_only,0.75,0.0,0.0,26,hyperplane_old,0.328497922725801,0.19367571329230165,0.40644540644540644,0.30954104698510854,0.4175000000000001,0.355,0.7217457858474843
validation_prolific,missing_only,0.75,0.0,0.0,27,plain,0.3260703287726564,0.19395338338223095,0.40644540644540644,0.30953124828474365,0.4175000000000001,0.35625,0.7216719826168134
validation_prolific,missing_only,0.75,0.0,0.0,27,documented,0.4422982993349541,0.1818083057980551,0.36748436748436747,0.28675649073953957,0.425,0.35625,0.7099947759065979
validation_prolific,missing_only,0.75,0.0,0.0,27,aligned,0.42112218225640696,0.1827496484558432,0.3722943722943723,0.3076692505810062,0.42750000000000005,0.355,0.7106838940754189
validation_prolific,missing_only,0.75,0.0,0.0,27,hyperplane_old,0.34595950234971196,0.19231494346220357,0.4016354016354016,0.30121982959697824,0.4225,0.36375,0.7224094180973215
validation_prolific,missing_only,0.75,0.0,0.0,28,plain,0.3260703287726564,0.19395338338223095,0.40644540644540644,0.30953124828474365,0.4175000000000001,0.35625,0.7216719826168134
validation_prolific,missing_only,0.75,0.0,0.0,28,documented,0.42450779145744066,0.1843060790075821,0.38047138047138046,0.27920743334392484,0.395,0.33875,0.7011661850691742
validation_prolific,missing_only,0.75,0.0,0.0,28,aligned,0.3965527094156644,0.1862723648319264,0.38431938431938434,0.2817806243523144,0.39,0.33875,0.6998037268023778
validation_prolific,missing_only,0.75,0.0,0.0,28,hyperplane_old,0.3372246319446952,0.19296734651551345,0.40596440596440597,0.30339196689080117,0.4125,0.3525,0.7186765798162023
validation_prolific,missing_only,0.75,0.0,0.0,29,plain,0.3260703287726564,0.19395338338223095,0.40644540644540644,0.30953124828474365,0.4175000000000001,0.35625,0.7216719826168134
validation_prolific,missing_only,0.75,0.0,0.0,29,documented,0.4872856076272652,0.17626396832632604,0.34054834054834054,0.27647338630939833,0.43249999999999994,0.36625,0.719474250480976
validation_prolific,missing_only,0.75,0.0,0.0,29,aligned,0.4738599935415272,0.17635437684876548,0.341991341991342,0.29031774955683487,0.42750000000000005,0.36,0.7174533876709226
validation_prolific,missing_only,0.75,0.0,0.0,29,hyperplane_old,0.3592436379378437,0.19075373231496887,0.39634439634439633,0.30309614378136945,0.42000000000000004,0.3625,0.7219589342032419
validation_prolific,missing_only,0.75,0.0,0.0,30,plain,0.3260703287726564,0.19395338338223095,0.40644540644540644,0.30953124828474365,0.4175000000000001,0.35625,0.7216719826168134
validation_prolific,missing_only,0.75,0.0,0.0,30,documented,0.4421981388407008,0.18169093566434136,0.3722943722943723,0.26931842953416496,0.4,0.34124999999999994,0.6913559345895621
validation_prolific,missing_only,0.75,0.0,0.0,30,aligned,0.4392981448618288,0.18111059802781035,0.3722943722943723,0.2800768070023963,0.4,0.33375000000000005,0.6887275909318008
validation_prolific,missing_only,0.75,0.0,0.0,30,hyperplane_old,0.3260703287726564,0.19395338338223095,0.40644540644540644,0.30953124828474365,0.4175000000000001,0.35625,0.7216719826168134
validation_prolific,missing_only,0.75,0.0,0.0,31,plain,0.3260703287726564,0.19395338338223095,0.40644540644540644,0.30953124828474365,0.4175000000000001,0.35625,0.7216719826168134
validation_prolific,missing_only,0.75,0.0,0.0,31,documented,0.4612745657979163,0.17953817834506397,0.3511303511303511,0.2911051038067365,0.4175000000000001,0.355,0.7185784740294674
validation_prolific,missing_only,0.75,0.0,0.0,31,aligned,0.43446557558527876,0.18107784586643622,0.3569023569023569,0.2908632457720984,0.4025,0.35875,0.7169419647363545
validation_prolific,missing_only,0.75,0.0,0.0,31,hyperplane_old,0.3260703287726564,0.19395338338223095,0.40644540644540644,0.30953124828474365,0.4175000000000001,0.35625,0.7216719826168134
validation_prolific,missing_only,0.75,0.0,0.0,32,plain,0.3260703287726564,0.19395338338223095,0.40644540644540644,0.30953124828474365,0.4175000000000001,0.35625,0.7216719826168134
validation_prolific,missing_only,0.75,0.0,0.0,32,documented,0.4306655322581172,0.18306428331077745,0.37133237133237135,0.27992163379541396,0.4125,0.34500000000000003,0.7159295630429969
validation_prolific,missing_only,0.75,0.0,0.0,32,aligned,0.3953125930511305,0.18576957710597486,0.3795093795093795,0.2835138846601469,0.4,0.34124999999999994,0.7115234953713154
validation_prolific,missing_only,0.75,0.0,0.0,32,hyperplane_old,0.3305556223029742,0.1935679376893445,0.40644540644540644,0.30847663631051303,0.41500000000000004,0.35250000000000004,0.7171878987119298
validation_prolific,missing_only,0.75,0.0,0.0,33,plain,0.3260703287726564,0.19395338338223095,0.40644540644540644,0.30953124828474365,0.4175000000000001,0.35625,0.7216719826168134
validation_prolific,missing_only,0.75,0.0,0.0,33,documented,0.4024714427054634,0.1844469479833758,0.37999037999038,0.2898319473257601,0.41,0.3575,0.7117143092964249
validation_prolific,missing_only,0.75,0.0,0.0,33,aligned,0.39649572054930643,0.18495460974666705,0.38335738335738334,0.28921977719541375,0.40499999999999997,0.34875,0.7082358490950541
validation_prolific,missing_only,0.75,0.0,0.0,33,hyperplane_old,0.33222822034073357,0.19330995665465847,0.4045214045214045,0.31250180749180556,0.4175000000000001,0.35875,0.7223952104526645
validation_prolific,missing_only,0.75,0.0,0.0,34,plain,0.3260703287726564,0.19395338338223095,0.40644540644540644,0.30953124828474365,0.4175000000000001,0.35625,0.7216719826168134
validation_prolific,missing_only,0.75,0.0,0.0,34,documented,0.43470394092416936,0.18338564173039912,0.37518037518037517,0.26288959248034877,0.4125,0.34500000000000003,0.7112112377087572
validation_prolific,missing_only,0.75,0.0,0.0,34,aligned,0.43799706214597905,0.18250578901440512,0.37662337662337664,0.2705588040677423,0.4025,0.34,0.7099669363439867
validation_prolific,missing_only,0.75,0.0,0.0,34,hyperplane_old,0.3391856725948839,0.19257783958537678,0.4025974025974026,0.3089800924621341,0.4225,0.36124999999999996,0.720994440869657
validation_prolific,missing_only,0.75,0.0,0.0,35,plain,0.3260703287726564,0.19395338338223095,0.40644540644540644,0.30953124828474365,0.4175000000000001,0.35625,0.7216719826168134
validation_prolific,missing_only,0.75,0.0,0.0,35,documented,0.39872375718101816,0.18539533485916113,0.38576238576238575,0.29913890813684246,0.4125,0.34875,0.7130257914515541
validation_prolific,missing_only,0.75,0.0,0.0,35,aligned,0.3618061020311431,0.18803710295849976,0.3924963924963925,0.30081493161646516,0.4,0.34750000000000003,0.712253745246838
validation_prolific,missing_only,0.75,0.0,0.0,35,hyperplane_old,0.32747598186333854,0.19370164360329548,0.40644540644540644,0.30926889683603714,0.4175000000000001,0.35625,0.7200035223378648
validation_prolific,missing_only,0.75,0.0,0.0,36,plain,0.3260703287726564,0.19395338338223095,0.40644540644540644,0.30953124828474365,0.4175000000000001,0.35625,0.7216719826168134
validation_prolific,missing_only,0.75,0.0,0.0,36,documented,0.4729190292307273,0.18116582086321603,0.3722943722943723,0.24801145133279018,0.395,0.33125,0.6907784847849917
validation_prolific,missing_only,0.75,0.0,0.0,36,aligned,0.45149647750666216,0.18266680322822687,0.37325637325637323,0.2434217728697881,0.3825,0.33,0.6843779576522524
validation_prolific,missing_only,0.75,0.0,0.0,36,hyperplane_old,0.3260703287726564,0.19395338338223095,0.40644540644540644,0.30953124828474365,0.4175000000000001,0.35625,0.7216719826168134
validation_prolific,missing_only,0.75,0.0,0.0,37,plain,0.3260703287726564,0.19395338338223095,0.40644540644540644,0.30953124828474365,0.4175000000000001,0.35625,0.7216719826168134
validation_prolific,missing_only,0.75,0.0,0.0,37,documented,0.4358643454942517,0.18213123691934846,0.35978835978835977,0.27128264532819546,0.41500000000000004,0.34375,0.7175808255193413
validation_prolific,missing_only,0.75,0.0,0.0,37,aligned,0.41424605690575855,0.18369987457484382,0.3694083694083694,0.2939680441487041,0.3975000000000001,0.34249999999999997,0.7164396646359668
validation_prolific,missing_only,0.75,0.0,0.0,37,hyperplane_old,0.3259420164932094,0.19392564414969762,0.4069264069264069,0.31061423223725415,0.4175000000000001,0.35625,0.7202803338316274
validation_prolific,missing_only,0.75,0.0,0.0,38,plain,0.3260703287726564,0.19395338338223095,0.40644540644540644,0.30953124828474365,0.4175000000000001,0.35625,0.7216719826168134
validation_prolific,missing_only,0.75,0.0,0.0,38,documented,0.39367859462217725,0.18659370363051964,0.3852813852813853,0.28534444160087136,0.40499999999999997,0.34500000000000003,0.706873345643087
validation_prolific,missing_only,0.75,0.0,0.0,38,aligned,0.3731431511375645,0.18756592864175223,0.3876863876863877,0.28244588414426713,0.40499999999999997,0.34500000000000003,0.7049394008027073
validation_prolific,missing_only,0.75,0.0,0.0,38,hyperplane_old,0.34152972124651987,0.1924909609621747,0.4021164021164021,0.305840925504549,0.4225,0.35875,0.718760029715001
validation_prolific,missing_only,0.75,0.0,0.0,39,plain,0.3260703287726564,0.19395338338223095,0.40644540644540644,0.30953124828474365,0.4175000000000001,0.35625,0.7216719826168134
validation_prolific,missing_only,0.75,0.0,0.0,39,documented,0.4861692556463291,0.17559686490084372,0.3463203463203463,0.2871911584607444,0.42750000000000005,0.35625,0.7132420005795009
validation_prolific,missing_only,0.75,0.0,0.0,39,aligned,0.43918582656353594,0.17950152625970112,0.3578643578643579,0.2934305148182167,0.4175,0.35,0.7091272279542686
validation_prolific,missing_only,0.75,0.0,0.0,39,hyperplane_old,0.33590189957403566,0.19287272249426582,0.4016354016354016,0.30451935305290045,0.41500000000000004,0.35625,0.7181171768998504
validation_prolific,missing_only,0.75,0.0,0.0,40,plain,0.3260703287726564,0.19395338338223095,0.40644540644540644,0.30953124828474365,0.4175000000000001,0.35625,0.7216719826168134
validation_prolific,missing_only,0.75,0.0,0.0,40,documented,0.5044046453137285,0.1766235192704226,0.34295334295334295,0.26296654605040254,0.4025,0.34375,0.70344495745458
validation_prolific,missing_only,0.75,0.0,0.0,40,aligned,0.48158349516331306,0.1781389633271613,0.3516113516113516,0.27666559306754,0.4,0.33875,0.6996569232049872
validation_prolific,missing_only,0.75,0.0,0.0,40,hyperplane_old,0.3260703287726564,0.19395338338223095,0.40644540644540644,0.30953124828474365,0.4175000000000001,0.35625,0.7216719826168134
validation_prolific,missing_only,0.75,0.0,0.0,41,plain,0.3260703287726564,0.19395338338223095,0.40644540644540644,0.30953124828474365,0.4175000000000001,0.35625,0.7216719826168134
validation_prolific,missing_only,0.75,0.0,0.0,41,documented,0.44832348394007815,0.17936223707881266,0.35834535834535836,0.3066007089294517,0.41500000000000004,0.35875,0.7227027998843639
validation_prolific,missing_only,0.75,0.0,0.0,41,aligned,0.42945862135177176,0.18093180659753214,0.36267436267436265,0.30549003828485144,0.4125,0.34500000000000003,0.7126930184354892
validation_prolific,missing_only,0.75,0.0,0.0,41,hyperplane_old,0.34877667367723775,0.19209616758848466,0.40404040404040403,0.30019569224279796,0.4125,0.35124999999999995,0.7202168749668131
validation_prolific,missing_only,0.75,0.0,0.0,42,plain,0.3260703287726564,0.19395338338223095,0.40644540644540644,0.30953124828474365,0.4175000000000001,0.35625,0.7216719826168134
validation_prolific,missing_only,0.75,0.0,0.0,42,documented,0.45805348424178427,0.17891255324856323,0.36123136123136124,0.27115079090589045,0.40249999999999997,0.33375,0.6890651258826435
validation_prolific,missing_only,0.75,0.0,0.0,42,aligned,0.4180451570792406,0.1817458780177125,0.37037037037037035,0.28685682163416437,0.39,0.33374999999999994,0.6889322854948958
validation_prolific,missing_only,0.75,0.0,0.0,42,hyperplane_old,0.3260703287726564,0.19395338338223095,0.40644540644540644,0.30953124828474365,0.4175000000000001,0.35625,0.7216719826168134
validation_prolific,missing_only,0.75,0.0,0.0,43,plain,0.3260703287726564,0.19395338338223095,0.40644540644540644,0.30953124828474365,0.4175000000000001,0.35625,0.7216719826168134
validation_prolific,missing_only,0.75,0.0,0.0,43,documented,0.42411734839099896,0.1833202512460404,0.3872053872053872,0.2902443236352522,0.41,0.34125,0.7129381315392955
validation_prolific,missing_only,0.75,0.0,0.0,43,aligned,0.40084153195487676,0.1856064386694644,0.3944203944203944,0.28590052485348016,0.41000000000000003,0.33999999999999997,0.705503128746608
validation_prolific,missing_only,0.75,0.0,0.0,43,hyperplane_old,0.32760876025124785,0.19372842912252483,0.40644540644540644,0.3081865768696275,0.4175000000000001,0.35625,0.7213951711230507
validation_prolific,missing_only,0.75,0.0,0.0,44,plain,0.3260703287726564,0.19395338338223095,0.40644540644540644,0.30953124828474365,0.4175000000000001,0.35625,0.7216719826168134
validation_prolific,missing_only,0.75,0.0,0.0,44,documented,0.453979797405428,0.17867547747237336,0.3588263588263588,0.28836236525194947,0.42250000000000004,0.3525,0.7086723998362421
validation_prolific,missing_only,0.75,0.0,0.0,44,aligned,0.441380585370382,0.17995033013298595,0.36363636363636365,0.2887939963819554,0.40750000000000003,0.34875,0.7062786216428116
validation_prolific,missing_only,0.75,0.0,0.0,44,hyperplane_old,0.336909324407162,0.19284965623070402,0.4016354016354016,0.3043252922058676,0.41500000000000004,0.35375,0.7190058922708793
validation_prolific,missing_only,0.75,0.0,0.0,45,plain,0.3260703287726564,0.19395338338223095,0.40644540644540644,0.30953124828474365,0.4175000000000001,0.35625,0.7216719826168134
validation_prolific,missing_only,0.75,0.0,0.0,45,documented,0.43853846640696476,0.1836561553287421,0.3645983645983646,0.25900338428930836,0.395,0.3375,0.6983976358919363
validation_prolific,missing_only,0.75,0.0,0.0,45,aligned,0.4263686474051096,0.18410054282685812,0.3708513708513709,0.2687097117439328,0.39749999999999996,0.3325,0.6941746362964114
validation_prolific,missing_only,0.75,0.0,0.0,45,hyperplane_old,0.3259420164932094,0.19392564414969762,0.4069264069264069,0.31061423223725415,0.4175000000000001,0.35625,0.7202803338316274
validation_prolific,missing_only,0.75,0.0,0.0,46,plain,0.3260703287726564,0.19395338338223095,0.40644540644540644,0.30953124828474365,0.4175000000000001,0.35625,0.7216719826168134
validation_prolific,missing_only,0.75,0.0,0.0,46,documented,0.44867585966269263,0.18077972027915212,0.3746993746993747,0.29830132142767796,0.41500000000000004,0.35125,0.7000768822774948
validation_prolific,missing_only,0.75,0.0,0.0,46,aligned,0.4029269903331703,0.18448298831107293,0.38576238576238575,0.3046063862160665,0.4125,0.35250000000000004,0.7029505957870219
validation_prolific,missing_only,0.75,0.0,0.0,46,hyperplane_old,0.35465561737411727,0.1910120005310926,0.3944203944203944,0.30767141731160036,0.4125,0.35625,0.7199266973603343
validation_prolific,missing_only,0.75,0.0,0.0,47,plain,0.3260703287726564,0.19395338338223095,0.40644540644540644,0.30953124828474365,0.4175000000000001,0.35625,0.7216719826168134
validation_prolific,missing_only,0.75,0.0,0.0,47,documented,0.4651918770160051,0.17918793349016518,0.3578643578643579,0.31700221315567306,0.4375,0.365,0.7248807000527373
validation_prolific,missing_only,0.75,0.0,0.0,47,aligned,0.44182204507620143,0.18064317443638675,0.3665223665223665,0.30859096649969525,0.425,0.35500000000000004,0.7184334055953846
validation_prolific,missing_only,0.75,0.0,0.0,47,hyperplane_old,0.3260703287726564,0.19395338338223095,0.40644540644540644,0.30953124828474365,0.4175000000000001,0.35625,0.7216719826168134
validation_prolific,missing_only,0.75,0.0,0.0,48,plain,0.3260703287726564,0.19395338338223095,0.40644540644540644,0.30953124828474365,0.4175000000000001,0.35625,0.7216719826168134
validation_prolific,missing_only,0.75,0.0,0.0,48,documented,0.4485135003850633,0.17917002000724783,0.3468013468013468,0.26725547870522626,0.41,0.34750000000000003,0.705316623508713
validation_prolific,missing_only,0.75,0.0,0.0,48,aligned,0.4414116914014459,0.17893708944045048,0.3492063492063492,0.281725750642131,0.41,0.33999999999999997,0.6979969313782703
validation_prolific,missing_only,0.75,0.0,0.0,48,hyperplane_old,0.3314986940326316,0.19345180711915913,0.40644540644540644,0.3087825914432719,0.4125,0.35125,0.7168261269505337
validation_prolific,missing_only,0.75,0.0,0.0,49,plain,0.3260703287726564,0.19395338338223095,0.40644540644540644,0.30953124828474365,0.4175000000000001,0.35625,0.7216719826168134
validation_prolific,missing_only,0.75,0.0,0.0,49,documented,0.3858111512363043,0.18487779847395325,0.37518037518037517,0.3052027321367627,0.43,0.34875,0.7213033063836073
validation_prolific,missing_only,0.75,0.0,0.0,49,aligned,0.35016981139837455,0.1877431806586878,0.38816738816738816,0.3145751824544297,0.4125,0.34625000000000006,0.7170114569024019
validation_prolific,missing_only,0.75,0.0,0.0,49,hyperplane_old,0.32952082488257006,0.19350757686162068,0.40644540644540644,0.30767734439749195,0.4175000000000001,0.35625,0.7207361879255905
validation_prolific,missing_only,1.0,0.0,0.0,0,plain,0.3260703287726564,0.19395338338223095,0.40644540644540644,0.30953124828474365,0.4175000000000001,0.35625,0.7216719826168134
validation_prolific,missing_only,1.0,0.0,0.0,0,documented,0.3260703287726564,0.19395338338223095,0.40644540644540644,0.30953124828474365,0.4175000000000001,0.35625,0.7216719826168134
validation_prolific,missing_only,1.0,0.0,0.0,0,aligned,0.32924813318198354,0.19325972345094503,0.4078884078884079,0.305881352654494,0.41000000000000003,0.35125,0.7176521237831277
validation_prolific,missing_only,1.0,0.0,0.0,0,hyperplane_old,0.3260703287726564,0.19395338338223095,0.40644540644540644,0.30953124828474365,0.4175000000000001,0.35625,0.7216719826168134
validation_prolific,missing_only,1.0,0.0,0.0,1,plain,0.3260703287726564,0.19395338338223095,0.40644540644540644,0.30953124828474365,0.4175000000000001,0.35625,0.7216719826168134
validation_prolific,missing_only,1.0,0.0,0.0,1,documented,0.3260703287726564,0.19395338338223095,0.40644540644540644,0.30953124828474365,0.4175000000000001,0.35625,0.7216719826168134
validation_prolific,missing_only,1.0,0.0,0.0,1,aligned,0.32924813318198354,0.19325972345094503,0.4078884078884079,0.305881352654494,0.41000000000000003,0.35125,0.7176521237831277
validation_prolific,missing_only,1.0,0.0,0.0,1,hyperplane_old,0.3260703287726564,0.19395338338223095,0.40644540644540644,0.30953124828474365,0.4175000000000001,0.35625,0.7216719826168134
validation_prolific,missing_only,1.0,0.0,0.0,2,plain,0.3260703287726564,0.19395338338223095,0.40644540644540644,0.30953124828474365,0.4175000000000001,0.35625,0.7216719826168134
validation_prolific,missing_only,1.0,0.0,0.0,2,documented,0.3260703287726564,0.19395338338223095,0.40644540644540644,0.30953124828474365,0.4175000000000001,0.35625,0.7216719826168134
validation_prolific,missing_only,1.0,0.0,0.0,2,aligned,0.32924813318198354,0.19325972345094503,0.4078884078884079,0.305881352654494,0.41000000000000003,0.35125,0.7176521237831277
validation_prolific,missing_only,1.0,0.0,0.0,2,hyperplane_old,0.3260703287726564,0.19395338338223095,0.40644540644540644,0.30953124828474365,0.4175000000000001,0.35625,0.7216719826168134
validation_prolific,missing_only,1.0,0.0,0.0,3,plain,0.3260703287726564,0.19395338338223095,0.40644540644540644,0.30953124828474365,0.4175000000000001,0.35625,0.7216719826168134
validation_prolific,missing_only,1.0,0.0,0.0,3,documented,0.3260703287726564,0.19395338338223095,0.40644540644540644,0.30953124828474365,0.4175000000000001,0.35625,0.7216719826168134
validation_prolific,missing_only,1.0,0.0,0.0,3,aligned,0.32924813318198354,0.19325972345094503,0.4078884078884079,0.305881352654494,0.41000000000000003,0.35125,0.7176521237831277
validation_prolific,missing_only,1.0,0.0,0.0,3,hyperplane_old,0.3260703287726564,0.19395338338223095,0.40644540644540644,0.30953124828474365,0.4175000000000001,0.35625,0.7216719826168134
validation_prolific,missing_only,1.0,0.0,0.0,4,plain,0.3260703287726564,0.19395338338223095,0.40644540644540644,0.30953124828474365,0.4175000000000001,0.35625,0.7216719826168134
validation_prolific,missing_only,1.0,0.0,0.0,4,documented,0.3260703287726564,0.19395338338223095,0.40644540644540644,0.30953124828474365,0.4175000000000001,0.35625,0.7216719826168134
validation_prolific,missing_only,1.0,0.0,0.0,4,aligned,0.32924813318198354,0.19325972345094503,0.4078884078884079,0.305881352654494,0.41000000000000003,0.35125,0.7176521237831277
validation_prolific,missing_only,1.0,0.0,0.0,4,hyperplane_old,0.3260703287726564,0.19395338338223095,0.40644540644540644,0.30953124828474365,0.4175000000000001,0.35625,0.7216719826168134
validation_prolific,missing_only,1.0,0.0,0.0,5,plain,0.3260703287726564,0.19395338338223095,0.40644540644540644,0.30953124828474365,0.4175000000000001,0.35625,0.7216719826168134
validation_prolific,missing_only,1.0,0.0,0.0,5,documented,0.3260703287726564,0.19395338338223095,0.40644540644540644,0.30953124828474365,0.4175000000000001,0.35625,0.7216719826168134
validation_prolific,missing_only,1.0,0.0,0.0,5,aligned,0.32924813318198354,0.19325972345094503,0.4078884078884079,0.305881352654494,0.41000000000000003,0.35125,0.7176521237831277
validation_prolific,missing_only,1.0,0.0,0.0,5,hyperplane_old,0.3260703287726564,0.19395338338223095,0.40644540644540644,0.30953124828474365,0.4175000000000001,0.35625,0.7216719826168134
validation_prolific,missing_only,1.0,0.0,0.0,6,plain,0.3260703287726564,0.19395338338223095,0.40644540644540644,0.30953124828474365,0.4175000000000001,0.35625,0.7216719826168134
validation_prolific,missing_only,1.0,0.0,0.0,6,documented,0.3260703287726564,0.19395338338223095,0.40644540644540644,0.30953124828474365,0.4175000000000001,0.35625,0.7216719826168134
validation_prolific,missing_only,1.0,0.0,0.0,6,aligned,0.32924813318198354,0.19325972345094503,0.4078884078884079,0.305881352654494,0.41000000000000003,0.35125,0.7176521237831277
validation_prolific,missing_only,1.0,0.0,0.0,6,hyperplane_old,0.3260703287726564,0.19395338338223095,0.40644540644540644,0.30953124828474365,0.4175000000000001,0.35625,0.7216719826168134
validation_prolific,missing_only,1.0,0.0,0.0,7,plain,0.3260703287726564,0.19395338338223095,0.40644540644540644,0.30953124828474365,0.4175000000000001,0.35625,0.7216719826168134
validation_prolific,missing_only,1.0,0.0,0.0,7,documented,0.3260703287726564,0.19395338338223095,0.40644540644540644,0.30953124828474365,0.4175000000000001,0.35625,0.7216719826168134
validation_prolific,missing_only,1.0,0.0,0.0,7,aligned,0.32924813318198354,0.19325972345094503,0.4078884078884079,0.305881352654494,0.41000000000000003,0.35125,0.7176521237831277
validation_prolific,missing_only,1.0,0.0,0.0,7,hyperplane_old,0.3260703287726564,0.19395338338223095,0.40644540644540644,0.30953124828474365,0.4175000000000001,0.35625,0.7216719826168134
validation_prolific,missing_only,1.0,0.0,0.0,8,plain,0.3260703287726564,0.19395338338223095,0.40644540644540644,0.30953124828474365,0.4175000000000001,0.35625,0.7216719826168134
validation_prolific,missing_only,1.0,0.0,0.0,8,documented,0.3260703287726564,0.19395338338223095,0.40644540644540644,0.30953124828474365,0.4175000000000001,0.35625,0.7216719826168134
validation_prolific,missing_only,1.0,0.0,0.0,8,aligned,0.32924813318198354,0.19325972345094503,0.4078884078884079,0.305881352654494,0.41000000000000003,0.35125,0.7176521237831277
validation_prolific,missing_only,1.0,0.0,0.0,8,hyperplane_old,0.3260703287726564,0.19395338338223095,0.40644540644540644,0.30953124828474365,0.4175000000000001,0.35625,0.7216719826168134
validation_prolific,missing_only,1.0,0.0,0.0,9,plain,0.3260703287726564,0.19395338338223095,0.40644540644540644,0.30953124828474365,0.4175000000000001,0.35625,0.7216719826168134
validation_prolific,missing_only,1.0,0.0,0.0,9,documented,0.3260703287726564,0.19395338338223095,0.40644540644540644,0.30953124828474365,0.4175000000000001,0.35625,0.7216719826168134
validation_prolific,missing_only,1.0,0.0,0.0,9,aligned,0.32924813318198354,0.19325972345094503,0.4078884078884079,0.305881352654494,0.41000000000000003,0.35125,0.7176521237831277
validation_prolific,missing_only,1.0,0.0,0.0,9,hyperplane_old,0.3260703287726564,0.19395338338223095,0.40644540644540644,0.30953124828474365,0.4175000000000001,0.35625,0.7216719826168134
validation_prolific,missing_only,1.0,0.0,0.0,10,plain,0.3260703287726564,0.19395338338223095,0.40644540644540644,0.30953124828474365,0.4175000000000001,0.35625,0.7216719826168134
validation_prolific,missing_only,1.0,0.0,0.0,10,documented,0.3260703287726564,0.19395338338223095,0.40644540644540644,0.30953124828474365,0.4175000000000001,0.35625,0.7216719826168134
validation_prolific,missing_only,1.0,0.0,0.0,10,aligned,0.32924813318198354,0.19325972345094503,0.4078884078884079,0.305881352654494,0.41000000000000003,0.35125,0.7176521237831277
validation_prolific,missing_only,1.0,0.0,0.0,10,hyperplane_old,0.3260703287726564,0.19395338338223095,0.40644540644540644,0.30953124828474365,0.4175000000000001,0.35625,0.7216719826168134
validation_prolific,missing_only,1.0,0.0,0.0,11,plain,0.3260703287726564,0.19395338338223095,0.40644540644540644,0.30953124828474365,0.4175000000000001,0.35625,0.7216719826168134
validation_prolific,missing_only,1.0,0.0,0.0,11,documented,0.3260703287726564,0.19395338338223095,0.40644540644540644,0.30953124828474365,0.4175000000000001,0.35625,0.7216719826168134
validation_prolific,missing_only,1.0,0.0,0.0,11,aligned,0.32924813318198354,0.19325972345094503,0.4078884078884079,0.305881352654494,0.41000000000000003,0.35125,0.7176521237831277
validation_prolific,missing_only,1.0,0.0,0.0,11,hyperplane_old,0.3260703287726564,0.19395338338223095,0.40644540644540644,0.30953124828474365,0.4175000000000001,0.35625,0.7216719826168134
validation_prolific,missing_only,1.0,0.0,0.0,12,plain,0.3260703287726564,0.19395338338223095,0.40644540644540644,0.30953124828474365,0.4175000000000001,0.35625,0.7216719826168134
validation_prolific,missing_only,1.0,0.0,0.0,12,documented,0.3260703287726564,0.19395338338223095,0.40644540644540644,0.30953124828474365,0.4175000000000001,0.35625,0.7216719826168134
validation_prolific,missing_only,1.0,0.0,0.0,12,aligned,0.32924813318198354,0.19325972345094503,0.4078884078884079,0.305881352654494,0.41000000000000003,0.35125,0.7176521237831277
validation_prolific,missing_only,1.0,0.0,0.0,12,hyperplane_old,0.3260703287726564,0.19395338338223095,0.40644540644540644,0.30953124828474365,0.4175000000000001,0.35625,0.7216719826168134
validation_prolific,missing_only,1.0,0.0,0.0,13,plain,0.3260703287726564,0.19395338338223095,0.40644540644540644,0.30953124828474365,0.4175000000000001,0.35625,0.7216719826168134
validation_prolific,missing_only,1.0,0.0,0.0,13,documented,0.3260703287726564,0.19395338338223095,0.40644540644540644,0.30953124828474365,0.4175000000000001,0.35625,0.7216719826168134
validation_prolific,missing_only,1.0,0.0,0.0,13,aligned,0.32924813318198354,0.19325972345094503,0.4078884078884079,0.305881352654494,0.41000000000000003,0.35125,0.7176521237831277
validation_prolific,missing_only,1.0,0.0,0.0,13,hyperplane_old,0.3260703287726564,0.19395338338223095,0.40644540644540644,0.30953124828474365,0.4175000000000001,0.35625,0.7216719826168134
validation_prolific,missing_only,1.0,0.0,0.0,14,plain,0.3260703287726564,0.19395338338223095,0.40644540644540644,0.30953124828474365,0.4175000000000001,0.35625,0.7216719826168134
validation_prolific,missing_only,1.0,0.0,0.0,14,documented,0.3260703287726564,0.19395338338223095,0.40644540644540644,0.30953124828474365,0.4175000000000001,0.35625,0.7216719826168134
validation_prolific,missing_only,1.0,0.0,0.0,14,aligned,0.32924813318198354,0.19325972345094503,0.4078884078884079,0.305881352654494,0.41000000000000003,0.35125,0.7176521237831277
validation_prolific,missing_only,1.0,0.0,0.0,14,hyperplane_old,0.3260703287726564,0.19395338338223095,0.40644540644540644,0.30953124828474365,0.4175000000000001,0.35625,0.7216719826168134
validation_prolific,missing_only,1.0,0.0,0.0,15,plain,0.3260703287726564,0.19395338338223095,0.40644540644540644,0.30953124828474365,0.4175000000000001,0.35625,0.7216719826168134
validation_prolific,missing_only,1.0,0.0,0.0,15,documented,0.3260703287726564,0.19395338338223095,0.40644540644540644,0.30953124828474365,0.4175000000000001,0.35625,0.7216719826168134
validation_prolific,missing_only,1.0,0.0,0.0,15,aligned,0.32924813318198354,0.19325972345094503,0.4078884078884079,0.305881352654494,0.41000000000000003,0.35125,0.7176521237831277
validation_prolific,missing_only,1.0,0.0,0.0,15,hyperplane_old,0.3260703287726564,0.19395338338223095,0.40644540644540644,0.30953124828474365,0.4175000000000001,0.35625,0.7216719826168134
validation_prolific,missing_only,1.0,0.0,0.0,16,plain,0.3260703287726564,0.19395338338223095,0.40644540644540644,0.30953124828474365,0.4175000000000001,0.35625,0.7216719826168134
validation_prolific,missing_only,1.0,0.0,0.0,16,documented,0.3260703287726564,0.19395338338223095,0.40644540644540644,0.30953124828474365,0.4175000000000001,0.35625,0.7216719826168134
validation_prolific,missing_only,1.0,0.0,0.0,16,aligned,0.32924813318198354,0.19325972345094503,0.4078884078884079,0.305881352654494,0.41000000000000003,0.35125,0.7176521237831277
validation_prolific,missing_only,1.0,0.0,0.0,16,hyperplane_old,0.3260703287726564,0.19395338338223095,0.40644540644540644,0.30953124828474365,0.4175000000000001,0.35625,0.7216719826168134
validation_prolific,missing_only,1.0,0.0,0.0,17,plain,0.3260703287726564,0.19395338338223095,0.40644540644540644,0.30953124828474365,0.4175000000000001,0.35625,0.7216719826168134
validation_prolific,missing_only,1.0,0.0,0.0,17,documented,0.3260703287726564,0.19395338338223095,0.40644540644540644,0.30953124828474365,0.4175000000000001,0.35625,0.7216719826168134
validation_prolific,missing_only,1.0,0.0,0.0,17,aligned,0.32924813318198354,0.19325972345094503,0.4078884078884079,0.305881352654494,0.41000000000000003,0.35125,0.7176521237831277
validation_prolific,missing_only,1.0,0.0,0.0,17,hyperplane_old,0.3260703287726564,0.19395338338223095,0.40644540644540644,0.30953124828474365,0.4175000000000001,0.35625,0.7216719826168134
validation_prolific,missing_only,1.0,0.0,0.0,18,plain,0.3260703287726564,0.19395338338223095,0.40644540644540644,0.30953124828474365,0.4175000000000001,0.35625,0.7216719826168134
validation_prolific,missing_only,1.0,0.0,0.0,18,documented,0.3260703287726564,0.19395338338223095,0.40644540644540644,0.30953124828474365,0.4175000000000001,0.35625,0.7216719826168134
validation_prolific,missing_only,1.0,0.0,0.0,18,aligned,0.32924813318198354,0.19325972345094503,0.4078884078884079,0.305881352654494,0.41000000000000003,0.35125,0.7176521237831277
validation_prolific,missing_only,1.0,0.0,0.0,18,hyperplane_old,0.3260703287726564,0.19395338338223095,0.40644540644540644,0.30953124828474365,0.4175000000000001,0.35625,0.7216719826168134
validation_prolific,missing_only,1.0,0.0,0.0,19,plain,0.3260703287726564,0.19395338338223095,0.40644540644540644,0.30953124828474365,0.4175000000000001,0.35625,0.7216719826168134
validation_prolific,missing_only,1.0,0.0,0.0,19,documented,0.3260703287726564,0.19395338338223095,0.40644540644540644,0.30953124828474365,0.4175000000000001,0.35625,0.7216719826168134
validation_prolific,missing_only,1.0,0.0,0.0,19,aligned,0.32924813318198354,0.19325972345094503,0.4078884078884079,0.305881352654494,0.41000000000000003,0.35125,0.7176521237831277
validation_prolific,missing_only,1.0,0.0,0.0,19,hyperplane_old,0.3260703287726564,0.19395338338223095,0.40644540644540644,0.30953124828474365,0.4175000000000001,0.35625,0.7216719826168134
validation_prolific,missing_only,1.0,0.0,0.0,20,plain,0.3260703287726564,0.19395338338223095,0.40644540644540644,0.30953124828474365,0.4175000000000001,0.35625,0.7216719826168134
validation_prolific,missing_only,1.0,0.0,0.0,20,documented,0.3260703287726564,0.19395338338223095,0.40644540644540644,0.30953124828474365,0.4175000000000001,0.35625,0.7216719826168134
validation_prolific,missing_only,1.0,0.0,0.0,20,aligned,0.32924813318198354,0.19325972345094503,0.4078884078884079,0.305881352654494,0.41000000000000003,0.35125,0.7176521237831277
validation_prolific,missing_only,1.0,0.0,0.0,20,hyperplane_old,0.3260703287726564,0.19395338338223095,0.40644540644540644,0.30953124828474365,0.4175000000000001,0.35625,0.7216719826168134
validation_prolific,missing_only,1.0,0.0,0.0,21,plain,0.3260703287726564,0.19395338338223095,0.40644540644540644,0.30953124828474365,0.4175000000000001,0.35625,0.7216719826168134
validation_prolific,missing_only,1.0,0.0,0.0,21,documented,0.3260703287726564,0.19395338338223095,0.40644540644540644,0.30953124828474365,0.4175000000000001,0.35625,0.7216719826168134
validation_prolific,missing_only,1.0,0.0,0.0,21,aligned,0.32924813318198354,0.19325972345094503,0.4078884078884079,0.305881352654494,0.41000000000000003,0.35125,0.7176521237831277
validation_prolific,missing_only,1.0,0.0,0.0,21,hyperplane_old,0.3260703287726564,0.19395338338223095,0.40644540644540644,0.30953124828474365,0.4175000000000001,0.35625,0.7216719826168134
validation_prolific,missing_only,1.0,0.0,0.0,22,plain,0.3260703287726564,0.19395338338223095,0.40644540644540644,0.30953124828474365,0.4175000000000001,0.35625,0.7216719826168134
validation_prolific,missing_only,1.0,0.0,0.0,22,documented,0.3260703287726564,0.19395338338223095,0.40644540644540644,0.30953124828474365,0.4175000000000001,0.35625,0.7216719826168134
validation_prolific,missing_only,1.0,0.0,0.0,22,aligned,0.32924813318198354,0.19325972345094503,0.4078884078884079,0.305881352654494,0.41000000000000003,0.35125,0.7176521237831277
validation_prolific,missing_only,1.0,0.0,0.0,22,hyperplane_old,0.3260703287726564,0.19395338338223095,0.40644540644540644,0.30953124828474365,0.4175000000000001,0.35625,0.7216719826168134
validation_prolific,missing_only,1.0,0.0,0.0,23,plain,0.3260703287726564,0.19395338338223095,0.40644540644540644,0.30953124828474365,0.4175000000000001,0.35625,0.7216719826168134
validation_prolific,missing_only,1.0,0.0,0.0,23,documented,0.3260703287726564,0.19395338338223095,0.40644540644540644,0.30953124828474365,0.4175000000000001,0.35625,0.7216719826168134
validation_prolific,missing_only,1.0,0.0,0.0,23,aligned,0.32924813318198354,0.19325972345094503,0.4078884078884079,0.305881352654494,0.41000000000000003,0.35125,0.7176521237831277
validation_prolific,missing_only,1.0,0.0,0.0,23,hyperplane_old,0.3260703287726564,0.19395338338223095,0.40644540644540644,0.30953124828474365,0.4175000000000001,0.35625,0.7216719826168134
validation_prolific,missing_only,1.0,0.0,0.0,24,plain,0.3260703287726564,0.19395338338223095,0.40644540644540644,0.30953124828474365,0.4175000000000001,0.35625,0.7216719826168134
validation_prolific,missing_only,1.0,0.0,0.0,24,documented,0.3260703287726564,0.19395338338223095,0.40644540644540644,0.30953124828474365,0.4175000000000001,0.35625,0.7216719826168134
validation_prolific,missing_only,1.0,0.0,0.0,24,aligned,0.32924813318198354,0.19325972345094503,0.4078884078884079,0.305881352654494,0.41000000000000003,0.35125,0.7176521237831277
validation_prolific,missing_only,1.0,0.0,0.0,24,hyperplane_old,0.3260703287726564,0.19395338338223095,0.40644540644540644,0.30953124828474365,0.4175000000000001,0.35625,0.7216719826168134
validation_prolific,missing_only,1.0,0.0,0.0,25,plain,0.3260703287726564,0.19395338338223095,0.40644540644540644,0.30953124828474365,0.4175000000000001,0.35625,0.7216719826168134
validation_prolific,missing_only,1.0,0.0,0.0,25,documented,0.3260703287726564,0.19395338338223095,0.40644540644540644,0.30953124828474365,0.4175000000000001,0.35625,0.7216719826168134
validation_prolific,missing_only,1.0,0.0,0.0,25,aligned,0.32924813318198354,0.19325972345094503,0.4078884078884079,0.305881352654494,0.41000000000000003,0.35125,0.7176521237831277
validation_prolific,missing_only,1.0,0.0,0.0,25,hyperplane_old,0.3260703287726564,0.19395338338223095,0.40644540644540644,0.30953124828474365,0.4175000000000001,0.35625,0.7216719826168134
validation_prolific,missing_only,1.0,0.0,0.0,26,plain,0.3260703287726564,0.19395338338223095,0.40644540644540644,0.30953124828474365,0.4175000000000001,0.35625,0.7216719826168134
validation_prolific,missing_only,1.0,0.0,0.0,26,documented,0.3260703287726564,0.19395338338223095,0.40644540644540644,0.30953124828474365,0.4175000000000001,0.35625,0.7216719826168134
validation_prolific,missing_only,1.0,0.0,0.0,26,aligned,0.32924813318198354,0.19325972345094503,0.4078884078884079,0.305881352654494,0.41000000000000003,0.35125,0.7176521237831277
validation_prolific,missing_only,1.0,0.0,0.0,26,hyperplane_old,0.3260703287726564,0.19395338338223095,0.40644540644540644,0.30953124828474365,0.4175000000000001,0.35625,0.7216719826168134
validation_prolific,missing_only,1.0,0.0,0.0,27,plain,0.3260703287726564,0.19395338338223095,0.40644540644540644,0.30953124828474365,0.4175000000000001,0.35625,0.7216719826168134
validation_prolific,missing_only,1.0,0.0,0.0,27,documented,0.3260703287726564,0.19395338338223095,0.40644540644540644,0.30953124828474365,0.4175000000000001,0.35625,0.7216719826168134
validation_prolific,missing_only,1.0,0.0,0.0,27,aligned,0.32924813318198354,0.19325972345094503,0.4078884078884079,0.305881352654494,0.41000000000000003,0.35125,0.7176521237831277
validation_prolific,missing_only,1.0,0.0,0.0,27,hyperplane_old,0.3260703287726564,0.19395338338223095,0.40644540644540644,0.30953124828474365,0.4175000000000001,0.35625,0.7216719826168134
validation_prolific,missing_only,1.0,0.0,0.0,28,plain,0.3260703287726564,0.19395338338223095,0.40644540644540644,0.30953124828474365,0.4175000000000001,0.35625,0.7216719826168134
validation_prolific,missing_only,1.0,0.0,0.0,28,documented,0.3260703287726564,0.19395338338223095,0.40644540644540644,0.30953124828474365,0.4175000000000001,0.35625,0.7216719826168134
validation_prolific,missing_only,1.0,0.0,0.0,28,aligned,0.32924813318198354,0.19325972345094503,0.4078884078884079,0.305881352654494,0.41000000000000003,0.35125,0.7176521237831277
validation_prolific,missing_only,1.0,0.0,0.0,28,hyperplane_old,0.3260703287726564,0.19395338338223095,0.40644540644540644,0.30953124828474365,0.4175000000000001,0.35625,0.7216719826168134
validation_prolific,missing_only,1.0,0.0,0.0,29,plain,0.3260703287726564,0.19395338338223095,0.40644540644540644,0.30953124828474365,0.4175000000000001,0.35625,0.7216719826168134
validation_prolific,missing_only,1.0,0.0,0.0,29,documented,0.3260703287726564,0.19395338338223095,0.40644540644540644,0.30953124828474365,0.4175000000000001,0.35625,0.7216719826168134
validation_prolific,missing_only,1.0,0.0,0.0,29,aligned,0.32924813318198354,0.19325972345094503,0.4078884078884079,0.305881352654494,0.41000000000000003,0.35125,0.7176521237831277
validation_prolific,missing_only,1.0,0.0,0.0,29,hyperplane_old,0.3260703287726564,0.19395338338223095,0.40644540644540644,0.30953124828474365,0.4175000000000001,0.35625,0.7216719826168134
validation_prolific,missing_only,1.0,0.0,0.0,30,plain,0.3260703287726564,0.19395338338223095,0.40644540644540644,0.30953124828474365,0.4175000000000001,0.35625,0.7216719826168134
validation_prolific,missing_only,1.0,0.0,0.0,30,documented,0.3260703287726564,0.19395338338223095,0.40644540644540644,0.30953124828474365,0.4175000000000001,0.35625,0.7216719826168134
validation_prolific,missing_only,1.0,0.0,0.0,30,aligned,0.32924813318198354,0.19325972345094503,0.4078884078884079,0.305881352654494,0.41000000000000003,0.35125,0.7176521237831277
validation_prolific,missing_only,1.0,0.0,0.0,30,hyperplane_old,0.3260703287726564,0.19395338338223095,0.40644540644540644,0.30953124828474365,0.4175000000000001,0.35625,0.7216719826168134
validation_prolific,missing_only,1.0,0.0,0.0,31,plain,0.3260703287726564,0.19395338338223095,0.40644540644540644,0.30953124828474365,0.4175000000000001,0.35625,0.7216719826168134
validation_prolific,missing_only,1.0,0.0,0.0,31,documented,0.3260703287726564,0.19395338338223095,0.40644540644540644,0.30953124828474365,0.4175000000000001,0.35625,0.7216719826168134
validation_prolific,missing_only,1.0,0.0,0.0,31,aligned,0.32924813318198354,0.19325972345094503,0.4078884078884079,0.305881352654494,0.41000000000000003,0.35125,0.7176521237831277
validation_prolific,missing_only,1.0,0.0,0.0,31,hyperplane_old,0.3260703287726564,0.19395338338223095,0.40644540644540644,0.30953124828474365,0.4175000000000001,0.35625,0.7216719826168134
validation_prolific,missing_only,1.0,0.0,0.0,32,plain,0.3260703287726564,0.19395338338223095,0.40644540644540644,0.30953124828474365,0.4175000000000001,0.35625,0.7216719826168134
validation_prolific,missing_only,1.0,0.0,0.0,32,documented,0.3260703287726564,0.19395338338223095,0.40644540644540644,0.30953124828474365,0.4175000000000001,0.35625,0.7216719826168134
validation_prolific,missing_only,1.0,0.0,0.0,32,aligned,0.32924813318198354,0.19325972345094503,0.4078884078884079,0.305881352654494,0.41000000000000003,0.35125,0.7176521237831277
validation_prolific,missing_only,1.0,0.0,0.0,32,hyperplane_old,0.3260703287726564,0.19395338338223095,0.40644540644540644,0.30953124828474365,0.4175000000000001,0.35625,0.7216719826168134
validation_prolific,missing_only,1.0,0.0,0.0,33,plain,0.3260703287726564,0.19395338338223095,0.40644540644540644,0.30953124828474365,0.4175000000000001,0.35625,0.7216719826168134
validation_prolific,missing_only,1.0,0.0,0.0,33,documented,0.3260703287726564,0.19395338338223095,0.40644540644540644,0.30953124828474365,0.4175000000000001,0.35625,0.7216719826168134
validation_prolific,missing_only,1.0,0.0,0.0,33,aligned,0.32924813318198354,0.19325972345094503,0.4078884078884079,0.305881352654494,0.41000000000000003,0.35125,0.7176521237831277
validation_prolific,missing_only,1.0,0.0,0.0,33,hyperplane_old,0.3260703287726564,0.19395338338223095,0.40644540644540644,0.30953124828474365,0.4175000000000001,0.35625,0.7216719826168134
validation_prolific,missing_only,1.0,0.0,0.0,34,plain,0.3260703287726564,0.19395338338223095,0.40644540644540644,0.30953124828474365,0.4175000000000001,0.35625,0.7216719826168134
validation_prolific,missing_only,1.0,0.0,0.0,34,documented,0.3260703287726564,0.19395338338223095,0.40644540644540644,0.30953124828474365,0.4175000000000001,0.35625,0.7216719826168134
validation_prolific,missing_only,1.0,0.0,0.0,34,aligned,0.32924813318198354,0.19325972345094503,0.4078884078884079,0.305881352654494,0.41000000000000003,0.35125,0.7176521237831277
validation_prolific,missing_only,1.0,0.0,0.0,34,hyperplane_old,0.3260703287726564,0.19395338338223095,0.40644540644540644,0.30953124828474365,0.4175000000000001,0.35625,0.7216719826168134
validation_prolific,missing_only,1.0,0.0,0.0,35,plain,0.3260703287726564,0.19395338338223095,0.40644540644540644,0.30953124828474365,0.4175000000000001,0.35625,0.7216719826168134
validation_prolific,missing_only,1.0,0.0,0.0,35,documented,0.3260703287726564,0.19395338338223095,0.40644540644540644,0.30953124828474365,0.4175000000000001,0.35625,0.7216719826168134
validation_prolific,missing_only,1.0,0.0,0.0,35,aligned,0.32924813318198354,0.19325972345094503,0.4078884078884079,0.305881352654494,0.41000000000000003,0.35125,0.7176521237831277
validation_prolific,missing_only,1.0,0.0,0.0,35,hyperplane_old,0.3260703287726564,0.19395338338223095,0.40644540644540644,0.30953124828474365,0.4175000000000001,0.35625,0.7216719826168134
validation_prolific,missing_only,1.0,0.0,0.0,36,plain,0.3260703287726564,0.19395338338223095,0.40644540644540644,0.30953124828474365,0.4175000000000001,0.35625,0.7216719826168134
validation_prolific,missing_only,1.0,0.0,0.0,36,documented,0.3260703287726564,0.19395338338223095,0.40644540644540644,0.30953124828474365,0.4175000000000001,0.35625,0.7216719826168134
validation_prolific,missing_only,1.0,0.0,0.0,36,aligned,0.32924813318198354,0.19325972345094503,0.4078884078884079,0.305881352654494,0.41000000000000003,0.35125,0.7176521237831277
validation_prolific,missing_only,1.0,0.0,0.0,36,hyperplane_old,0.3260703287726564,0.19395338338223095,0.40644540644540644,0.30953124828474365,0.4175000000000001,0.35625,0.7216719826168134
validation_prolific,missing_only,1.0,0.0,0.0,37,plain,0.3260703287726564,0.19395338338223095,0.40644540644540644,0.30953124828474365,0.4175000000000001,0.35625,0.7216719826168134
validation_prolific,missing_only,1.0,0.0,0.0,37,documented,0.3260703287726564,0.19395338338223095,0.40644540644540644,0.30953124828474365,0.4175000000000001,0.35625,0.7216719826168134
validation_prolific,missing_only,1.0,0.0,0.0,37,aligned,0.32924813318198354,0.19325972345094503,0.4078884078884079,0.305881352654494,0.41000000000000003,0.35125,0.7176521237831277
validation_prolific,missing_only,1.0,0.0,0.0,37,hyperplane_old,0.3260703287726564,0.19395338338223095,0.40644540644540644,0.30953124828474365,0.4175000000000001,0.35625,0.7216719826168134
validation_prolific,missing_only,1.0,0.0,0.0,38,plain,0.3260703287726564,0.19395338338223095,0.40644540644540644,0.30953124828474365,0.4175000000000001,0.35625,0.7216719826168134
validation_prolific,missing_only,1.0,0.0,0.0,38,documented,0.3260703287726564,0.19395338338223095,0.40644540644540644,0.30953124828474365,0.4175000000000001,0.35625,0.7216719826168134
validation_prolific,missing_only,1.0,0.0,0.0,38,aligned,0.32924813318198354,0.19325972345094503,0.4078884078884079,0.305881352654494,0.41000000000000003,0.35125,0.7176521237831277
validation_prolific,missing_only,1.0,0.0,0.0,38,hyperplane_old,0.3260703287726564,0.19395338338223095,0.40644540644540644,0.30953124828474365,0.4175000000000001,0.35625,0.7216719826168134
validation_prolific,missing_only,1.0,0.0,0.0,39,plain,0.3260703287726564,0.19395338338223095,0.40644540644540644,0.30953124828474365,0.4175000000000001,0.35625,0.7216719826168134
validation_prolific,missing_only,1.0,0.0,0.0,39,documented,0.3260703287726564,0.19395338338223095,0.40644540644540644,0.30953124828474365,0.4175000000000001,0.35625,0.7216719826168134
validation_prolific,missing_only,1.0,0.0,0.0,39,aligned,0.32924813318198354,0.19325972345094503,0.4078884078884079,0.305881352654494,0.41000000000000003,0.35125,0.7176521237831277
validation_prolific,missing_only,1.0,0.0,0.0,39,hyperplane_old,0.3260703287726564,0.19395338338223095,0.40644540644540644,0.30953124828474365,0.4175000000000001,0.35625,0.7216719826168134
validation_prolific,missing_only,1.0,0.0,0.0,40,plain,0.3260703287726564,0.19395338338223095,0.40644540644540644,0.30953124828474365,0.4175000000000001,0.35625,0.7216719826168134
validation_prolific,missing_only,1.0,0.0,0.0,40,documented,0.3260703287726564,0.19395338338223095,0.40644540644540644,0.30953124828474365,0.4175000000000001,0.35625,0.7216719826168134
validation_prolific,missing_only,1.0,0.0,0.0,40,aligned,0.32924813318198354,0.19325972345094503,0.4078884078884079,0.305881352654494,0.41000000000000003,0.35125,0.7176521237831277
validation_prolific,missing_only,1.0,0.0,0.0,40,hyperplane_old,0.3260703287726564,0.19395338338223095,0.40644540644540644,0.30953124828474365,0.4175000000000001,0.35625,0.7216719826168134
validation_prolific,missing_only,1.0,0.0,0.0,41,plain,0.3260703287726564,0.19395338338223095,0.40644540644540644,0.30953124828474365,0.4175000000000001,0.35625,0.7216719826168134
validation_prolific,missing_only,1.0,0.0,0.0,41,documented,0.3260703287726564,0.19395338338223095,0.40644540644540644,0.30953124828474365,0.4175000000000001,0.35625,0.7216719826168134
validation_prolific,missing_only,1.0,0.0,0.0,41,aligned,0.32924813318198354,0.19325972345094503,0.4078884078884079,0.305881352654494,0.41000000000000003,0.35125,0.7176521237831277
validation_prolific,missing_only,1.0,0.0,0.0,41,hyperplane_old,0.3260703287726564,0.19395338338223095,0.40644540644540644,0.30953124828474365,0.4175000000000001,0.35625,0.7216719826168134
validation_prolific,missing_only,1.0,0.0,0.0,42,plain,0.3260703287726564,0.19395338338223095,0.40644540644540644,0.30953124828474365,0.4175000000000001,0.35625,0.7216719826168134
validation_prolific,missing_only,1.0,0.0,0.0,42,documented,0.3260703287726564,0.19395338338223095,0.40644540644540644,0.30953124828474365,0.4175000000000001,0.35625,0.7216719826168134
validation_prolific,missing_only,1.0,0.0,0.0,42,aligned,0.32924813318198354,0.19325972345094503,0.4078884078884079,0.305881352654494,0.41000000000000003,0.35125,0.7176521237831277
validation_prolific,missing_only,1.0,0.0,0.0,42,hyperplane_old,0.3260703287726564,0.19395338338223095,0.40644540644540644,0.30953124828474365,0.4175000000000001,0.35625,0.7216719826168134
validation_prolific,missing_only,1.0,0.0,0.0,43,plain,0.3260703287726564,0.19395338338223095,0.40644540644540644,0.30953124828474365,0.4175000000000001,0.35625,0.7216719826168134
validation_prolific,missing_only,1.0,0.0,0.0,43,documented,0.3260703287726564,0.19395338338223095,0.40644540644540644,0.30953124828474365,0.4175000000000001,0.35625,0.7216719826168134
validation_prolific,missing_only,1.0,0.0,0.0,43,aligned,0.32924813318198354,0.19325972345094503,0.4078884078884079,0.305881352654494,0.41000000000000003,0.35125,0.7176521237831277
validation_prolific,missing_only,1.0,0.0,0.0,43,hyperplane_old,0.3260703287726564,0.19395338338223095,0.40644540644540644,0.30953124828474365,0.4175000000000001,0.35625,0.7216719826168134
validation_prolific,missing_only,1.0,0.0,0.0,44,plain,0.3260703287726564,0.19395338338223095,0.40644540644540644,0.30953124828474365,0.4175000000000001,0.35625,0.7216719826168134
validation_prolific,missing_only,1.0,0.0,0.0,44,documented,0.3260703287726564,0.19395338338223095,0.40644540644540644,0.30953124828474365,0.4175000000000001,0.35625,0.7216719826168134
validation_prolific,missing_only,1.0,0.0,0.0,44,aligned,0.32924813318198354,0.19325972345094503,0.4078884078884079,0.305881352654494,0.41000000000000003,0.35125,0.7176521237831277
validation_prolific,missing_only,1.0,0.0,0.0,44,hyperplane_old,0.3260703287726564,0.19395338338223095,0.40644540644540644,0.30953124828474365,0.4175000000000001,0.35625,0.7216719826168134
validation_prolific,missing_only,1.0,0.0,0.0,45,plain,0.3260703287726564,0.19395338338223095,0.40644540644540644,0.30953124828474365,0.4175000000000001,0.35625,0.7216719826168134
validation_prolific,missing_only,1.0,0.0,0.0,45,documented,0.3260703287726564,0.19395338338223095,0.40644540644540644,0.30953124828474365,0.4175000000000001,0.35625,0.7216719826168134
validation_prolific,missing_only,1.0,0.0,0.0,45,aligned,0.32924813318198354,0.19325972345094503,0.4078884078884079,0.305881352654494,0.41000000000000003,0.35125,0.7176521237831277
validation_prolific,missing_only,1.0,0.0,0.0,45,hyperplane_old,0.3260703287726564,0.19395338338223095,0.40644540644540644,0.30953124828474365,0.4175000000000001,0.35625,0.7216719826168134
validation_prolific,missing_only,1.0,0.0,0.0,46,plain,0.3260703287726564,0.19395338338223095,0.40644540644540644,0.30953124828474365,0.4175000000000001,0.35625,0.7216719826168134
validation_prolific,missing_only,1.0,0.0,0.0,46,documented,0.3260703287726564,0.19395338338223095,0.40644540644540644,0.30953124828474365,0.4175000000000001,0.35625,0.7216719826168134
validation_prolific,missing_only,1.0,0.0,0.0,46,aligned,0.32924813318198354,0.19325972345094503,0.4078884078884079,0.305881352654494,0.41000000000000003,0.35125,0.7176521237831277
validation_prolific,missing_only,1.0,0.0,0.0,46,hyperplane_old,0.3260703287726564,0.19395338338223095,0.40644540644540644,0.30953124828474365,0.4175000000000001,0.35625,0.7216719826168134
validation_prolific,missing_only,1.0,0.0,0.0,47,plain,0.3260703287726564,0.19395338338223095,0.40644540644540644,0.30953124828474365,0.4175000000000001,0.35625,0.7216719826168134
validation_prolific,missing_only,1.0,0.0,0.0,47,documented,0.3260703287726564,0.19395338338223095,0.40644540644540644,0.30953124828474365,0.4175000000000001,0.35625,0.7216719826168134
validation_prolific,missing_only,1.0,0.0,0.0,47,aligned,0.32924813318198354,0.19325972345094503,0.4078884078884079,0.305881352654494,0.41000000000000003,0.35125,0.7176521237831277
validation_prolific,missing_only,1.0,0.0,0.0,47,hyperplane_old,0.3260703287726564,0.19395338338223095,0.40644540644540644,0.30953124828474365,0.4175000000000001,0.35625,0.7216719826168134
validation_prolific,missing_only,1.0,0.0,0.0,48,plain,0.3260703287726564,0.19395338338223095,0.40644540644540644,0.30953124828474365,0.4175000000000001,0.35625,0.7216719826168134
validation_prolific,missing_only,1.0,0.0,0.0,48,documented,0.3260703287726564,0.19395338338223095,0.40644540644540644,0.30953124828474365,0.4175000000000001,0.35625,0.7216719826168134
validation_prolific,missing_only,1.0,0.0,0.0,48,aligned,0.32924813318198354,0.19325972345094503,0.4078884078884079,0.305881352654494,0.41000000000000003,0.35125,0.7176521237831277
validation_prolific,missing_only,1.0,0.0,0.0,48,hyperplane_old,0.3260703287726564,0.19395338338223095,0.40644540644540644,0.30953124828474365,0.4175000000000001,0.35625,0.7216719826168134
validation_prolific,missing_only,1.0,0.0,0.0,49,plain,0.3260703287726564,0.19395338338223095,0.40644540644540644,0.30953124828474365,0.4175000000000001,0.35625,0.7216719826168134
validation_prolific,missing_only,1.0,0.0,0.0,49,documented,0.3260703287726564,0.19395338338223095,0.40644540644540644,0.30953124828474365,0.4175000000000001,0.35625,0.7216719826168134
validation_prolific,missing_only,1.0,0.0,0.0,49,aligned,0.32924813318198354,0.19325972345094503,0.4078884078884079,0.305881352654494,0.41000000000000003,0.35125,0.7176521237831277
validation_prolific,missing_only,1.0,0.0,0.0,49,hyperplane_old,0.3260703287726564,0.19395338338223095,0.40644540644540644,0.30953124828474365,0.4175000000000001,0.35625,0.7216719826168134
