dataset,variant,mode,query,n_db,n_relevant,rho,p_at_5,p_at_10,ndcg_at_10
pilot_holdout,plain,signed,Barratt_Impulsiveness_Scale_Short_Form_Impulsiveness,109,24,0.4003706792697619,1.0,0.7,0.8731608051934103
pilot_holdout,plain,signed,Barratt_Impulsiveness_Scale_Short_Form_Impulsiveness_Attention_impulsivity,111,14,0.2948666198666198,0.6,0.3,0.8355210792721786
pilot_holdout,plain,signed,Barratt_Impulsiveness_Scale_Short_Form_Impulsiveness_Motor_Impulsivity,111,9,0.4206563706563706,0.8,0.5,0.8868396137024414
pilot_holdout,plain,signed,Barratt_Impulsiveness_Scale_Short_Form_Impulsiveness_Non_planning,111,17,0.33129168129168124,1.0,0.6,0.823121408237856
pilot_holdout,plain,signed,Behavioral_Activation_System_Scale_behavioral_activation,109,12,0.48621073116485963,0.8,0.5,0.7845718794845986
pilot_holdout,plain,signed,Behavioral_Activation_System_Scale_behavioral_activation_Drive,111,4,0.5408125658125659,0.2,0.2,0.7135807204644887
pilot_holdout,plain,signed,Behavioral_Activation_System_Scale_behavioral_activation_Fun_Seeking,111,6,0.33739908739908736,0.8,0.5,0.8863602978402703
pilot_holdout,plain,signed,Behavioral_Activation_System_Scale_behavioral_activation_Reward_Responsiveness,111,11,0.5331519831519831,0.2,0.3,0.7402583250069594
pilot_holdout,plain,signed,Behavioral_Inhibition_System_Scale_behavioral_inhibition,112,19,0.45078928486008135,1.0,1.0,0.9353886899795083
pilot_holdout,plain,signed,Big_Five_Inventory_2_agreeableness,109,16,0.1982670744138634,0.6,0.4,0.7188306639858201
pilot_holdout,plain,signed,Big_Five_Inventory_2_agreeableness_compassion,111,12,0.12700070200070201,0.4,0.5,0.65868692016859
pilot_holdout,plain,signed,Big_Five_Inventory_2_agreeableness_respectfulness,111,15,0.3456300456300456,1.0,0.7,0.8325872318025435
pilot_holdout,plain,signed,Big_Five_Inventory_2_agreeableness_trust,111,8,0.24901719901719896,0.8,0.5,0.710693694329182
pilot_holdout,plain,signed,Big_Five_Inventory_2_conscientiousness,109,19,0.3591048095635252,0.8,0.4,0.7234703709926004
pilot_holdout,plain,signed,Big_Five_Inventory_2_conscientiousness_organization,111,11,0.3806423306423306,0.8,0.7,0.8490870424071394
pilot_holdout,plain,signed,Big_Five_Inventory_2_conscientiousness_productiveness,111,20,0.4645928395928396,1.0,0.7,0.8023596116591928
pilot_holdout,plain,signed,Big_Five_Inventory_2_conscientiousness_responsibility,111,15,0.2788522288522289,0.6,0.4,0.6742060112404825
pilot_holdout,plain,signed,Big_Five_Inventory_2_extraversion,109,22,0.17413585395236775,0.4,0.3,0.4810198340416288
pilot_holdout,plain,signed,Big_Five_Inventory_2_extraversion_assertiveness,111,8,0.22946647946647947,0.2,0.2,0.6040038631521354
pilot_holdout,plain,signed,Big_Five_Inventory_2_extraversion_energy_level,111,22,0.3881537381537381,0.6,0.4,0.7667651822836572
pilot_holdout,plain,signed,Big_Five_Inventory_2_extraversion_sociability,111,12,0.044928044928044926,0.0,0.0,0.33225150843878026
pilot_holdout,plain,signed,Big_Five_Inventory_2_neuroticism,109,29,0.2862663330553239,0.6,0.4,0.599915213289129
pilot_holdout,plain,signed,Big_Five_Inventory_2_neuroticism_anxiety,111,22,0.23459985959985957,0.8,0.6,0.8059421734400458
pilot_holdout,plain,signed,Big_Five_Inventory_2_neuroticism_depression,111,34,0.33161635661635663,0.4,0.5,0.602164949435826
pilot_holdout,plain,signed,Big_Five_Inventory_2_neuroticism_emotional_volatility,111,19,0.2533520533520533,0.4,0.5,0.6659604325486765
pilot_holdout,plain,signed,Big_Five_Inventory_2_openness,109,6,-0.02452970067648967,0.6,0.4,0.777222072485579
pilot_holdout,plain,signed,Big_Five_Inventory_2_openness_aesthetic_sensitivity,111,8,0.20309757809757809,1.0,0.6,0.8229738757411607
pilot_holdout,plain,signed,Big_Five_Inventory_2_openness_creative_imagination,111,7,0.04912249912249912,0.4,0.3,0.5278489659660374
pilot_holdout,plain,signed,Big_Five_Inventory_2_openness_intellectual_curiosity,111,6,-0.0021235521235521233,0.8,0.4,0.7641344417009699
pilot_holdout,plain,signed,Buss_Perry_Aggression_Questionnaire_Aggression,108,16,0.46885211542675315,0.6,0.6,0.8907184696774303
pilot_holdout,plain,signed,Buss_Perry_Aggression_Questionnaire_Aggression_Anger,111,15,0.5787908037908037,0.6,0.5,0.8788145012391502
pilot_holdout,plain,signed,Buss_Perry_Aggression_Questionnaire_Aggression_Hostility,111,19,0.4329150579150579,0.8,0.7,0.8428493640721333
pilot_holdout,plain,signed,Buss_Perry_Aggression_Questionnaire_Aggression_Physical_aggression,111,7,0.3761319761319761,0.8,0.6,0.9328321178808103
pilot_holdout,plain,signed,Buss_Perry_Aggression_Questionnaire_Aggression_Verbal_aggression,111,8,0.34799929799929796,0.8,0.6,0.8873665146238209
pilot_holdout,plain,signed,Emotion_Regulation_Questionnaire_Emotion_Regulation,110,12,0.05531185898158376,0.4,0.3,0.6831930392971832
pilot_holdout,plain,signed,Emotion_Regulation_Questionnaire_Emotion_Regulation_Reappraisal,111,6,0.3748244998244998,0.2,0.3,0.7354874613892742
pilot_holdout,plain,signed,Emotion_Regulation_Questionnaire_Emotion_Regulation_Suppression,111,0,-0.19806949806949806,0.0,0.0,0.3156421426991702
pilot_holdout,plain,signed,Hope_Scale_Hope,110,45,0.4489732434686563,1.0,0.8,0.8284039936815463
pilot_holdout,plain,signed,Hope_Scale_Hope_Agency,111,38,0.46116181116181115,0.8,0.8,0.8562305752710637
pilot_holdout,plain,signed,Hope_Scale_Hope_Pathways,111,25,0.4145665145665145,0.6,0.5,0.6081946992125502
pilot_holdout,plain,signed,International_Personality_Item_Pool_120_agreeableness,106,20,0.2522860669572008,0.6,0.6,0.722562437990679
pilot_holdout,plain,signed,International_Personality_Item_Pool_120_agreeableness_altruism,111,17,0.20726570726570726,0.4,0.4,0.7372418017996735
pilot_holdout,plain,signed,International_Personality_Item_Pool_120_agreeableness_cooperation,111,12,0.2966742716742717,1.0,0.8,0.9307098228424079
pilot_holdout,plain,signed,International_Personality_Item_Pool_120_agreeableness_modesty,111,2,0.33569673569673564,0.0,0.0,0.6629955279458529
pilot_holdout,plain,signed,International_Personality_Item_Pool_120_agreeableness_morality,111,14,0.30478237978237976,0.6,0.3,0.4706308800119514
pilot_holdout,plain,signed,International_Personality_Item_Pool_120_agreeableness_sympathy,111,8,0.10559845559845558,0.4,0.3,0.598996047351823
pilot_holdout,plain,signed,International_Personality_Item_Pool_120_agreeableness_trust,111,4,0.3222270972270972,0.4,0.2,0.6874884336991293
pilot_holdout,plain,signed,International_Personality_Item_Pool_120_conscientiousness,106,23,0.5190467793536035,0.6,0.7,0.7918835676827196
pilot_holdout,plain,signed,International_Personality_Item_Pool_120_conscientiousness_achievement_striving,111,25,0.48393295893295885,0.8,0.6,0.8202012958792297
pilot_holdout,plain,signed,International_Personality_Item_Pool_120_conscientiousness_cautiousness,111,9,0.4113987363987364,1.0,0.5,0.9153555556388333
pilot_holdout,plain,signed,International_Personality_Item_Pool_120_conscientiousness_dutifulness,111,9,0.3475429975429975,0.2,0.2,0.7263895497290576
pilot_holdout,plain,signed,International_Personality_Item_Pool_120_conscientiousness_orderliness,111,6,0.3806423306423306,0.6,0.3,0.7659603457703302
pilot_holdout,plain,signed,International_Personality_Item_Pool_120_conscientiousness_self_discipline,111,16,0.2598894348894349,0.6,0.5,0.7900981258768648
pilot_holdout,plain,signed,International_Personality_Item_Pool_120_conscientiousness_self_efficacy,111,23,0.5029747279747279,1.0,0.9,0.9072876307709733
pilot_holdout,plain,signed,International_Personality_Item_Pool_120_extraversion,106,25,0.3472453837821498,0.4,0.4,0.674311338841353
pilot_holdout,plain,signed,International_Personality_Item_Pool_120_extraversion_activiity_level,111,16,0.4651105651105651,0.6,0.6,0.8508345453067255
pilot_holdout,plain,signed,International_Personality_Item_Pool_120_extraversion_assertiveness,111,10,0.34425236925236924,0.4,0.4,0.8479947667411115
pilot_holdout,plain,signed,International_Personality_Item_Pool_120_extraversion_cheerfulness,111,27,0.4564496314496314,1.0,0.8,0.8071549994808983
pilot_holdout,plain,signed,International_Personality_Item_Pool_120_extraversion_excitement_seeking,111,8,0.4584240084240084,0.6,0.6,0.8948191889749689
pilot_holdout,plain,signed,International_Personality_Item_Pool_120_extraversion_friendliness,111,20,0.40547560547560546,0.4,0.4,0.6959332652712956
pilot_holdout,plain,signed,International_Personality_Item_Pool_120_extraversion_gregariousness,111,6,0.10817830817830816,0.4,0.2,0.6218773250365486
pilot_holdout,plain,signed,International_Personality_Item_Pool_120_neuroticism,106,39,0.3570698037635086,1.0,1.0,0.8024904982320163
pilot_holdout,plain,signed,International_Personality_Item_Pool_120_neuroticism_anger,111,17,0.4808353808353808,0.6,0.7,0.8743971654234612
pilot_holdout,plain,signed,International_Personality_Item_Pool_120_neuroticism_anxiety,111,25,0.31955949455949456,1.0,1.0,0.8904978959852978
pilot_holdout,plain,signed,International_Personality_Item_Pool_120_neuroticism_depression,111,38,0.13345910845910844,0.8,0.9,0.6971788800137727
pilot_holdout,plain,signed,International_Personality_Item_Pool_120_neuroticism_immoderation,111,2,0.10983678483678483,0.2,0.1,0.48598199897968347
pilot_holdout,plain,signed,International_Personality_Item_Pool_120_neuroticism_self_consciousness,111,27,0.11286416286416286,0.4,0.4,0.6001154699717215
pilot_holdout,plain,signed,International_Personality_Item_Pool_120_neuroticism_vulnerability,111,33,0.3223060723060723,0.8,0.7,0.8265779449899173
pilot_holdout,plain,signed,International_Personality_Item_Pool_120_openness,106,11,-0.11909716099453359,0.4,0.3,0.6244464272639936
pilot_holdout,plain,signed,International_Personality_Item_Pool_120_openness_adventurousness,111,4,0.2608810108810109,0.2,0.2,0.7094086987973737
pilot_holdout,plain,signed,International_Personality_Item_Pool_120_openness_artistic_interests,111,5,0.0009477009477009477,0.8,0.5,0.8243789061115888
pilot_holdout,plain,signed,International_Personality_Item_Pool_120_openness_emotionality,111,7,0.16046858546858547,0.4,0.2,0.5265130548925131
pilot_holdout,plain,signed,International_Personality_Item_Pool_120_openness_imagination,111,5,0.14027729027729027,0.4,0.2,0.6075202909719398
pilot_holdout,plain,signed,International_Personality_Item_Pool_120_openness_intellect,111,8,0.03617058617058617,0.4,0.4,0.6979041253083517
pilot_holdout,plain,signed,International_Personality_Item_Pool_120_openness_liberalism,111,1,0.05521235521235521,0.0,0.0,0.4214704857647047
pilot_holdout,plain,signed,Interpersonal_Reactivity_Index_Brief_Empathy,108,11,0.17509312450579703,0.2,0.3,0.4788824697444742
pilot_holdout,plain,signed,Interpersonal_Reactivity_Index_Brief_Empathy_Empathic_Concern,111,13,0.22184977184977184,0.4,0.4,0.5921917669147264
pilot_holdout,plain,signed,Interpersonal_Reactivity_Index_Brief_Empathy_Fantasy,111,2,0.27138469638469637,0.4,0.2,0.7270019216249702
pilot_holdout,plain,signed,Interpersonal_Reactivity_Index_Brief_Empathy_Personal_Distress,111,19,0.3735345735345735,1.0,0.8,0.9213021018342975
pilot_holdout,plain,signed,Interpersonal_Reactivity_Index_Brief_Empathy_Perspective_Taking,111,8,0.09586697086697087,0.0,0.1,0.533607286841593
pilot_holdout,plain,signed,Life_Orientation_Test_Optimism,112,35,0.20269416065876245,0.6,0.4,0.6702625587963368
pilot_holdout,plain,signed,Mastery_Scale_Self_Mastery,112,26,0.20521406362114325,0.4,0.6,0.7415552311393169
pilot_holdout,plain,signed,Mindful_Attention_Awareness_Scale_Mindful_Attention_Awareness,112,20,0.5278128950695322,0.8,0.6,0.8250109168318911
pilot_holdout,plain,signed,Multidimensional_Scale_of_Perceived_Social_Support_Perceived_Social_Support,109,13,0.4020572699471782,0.2,0.4,0.8125965936233283
pilot_holdout,plain,signed,Multidimensional_Scale_of_Perceived_Social_Support_Perceived_Social_Support_Family,111,7,0.379062829062829,0.2,0.2,0.798214830526303
pilot_holdout,plain,signed,Multidimensional_Scale_of_Perceived_Social_Support_Perceived_Social_Support_Friends,111,8,0.373016848016848,0.8,0.5,0.8508270609493823
pilot_holdout,plain,signed,Multidimensional_Scale_of_Perceived_Social_Support_Perceived_Social_Support_Significant_Other,111,1,0.49240961740961736,0.2,0.1,0.8204872167010344
pilot_holdout,plain,signed,Need_for_Cognition_Scale_Need_for_Cognition,112,12,0.4578023029350463,0.4,0.5,0.7536008953757268
pilot_holdout,plain,signed,Pain_Catastrophizing_Scale_Pain_Catastrophizing,109,27,0.27549810026874244,0.8,0.9,0.9038225048162408
pilot_holdout,plain,signed,Pain_Catastrophizing_Scale_Pain_Catastrophizing_Helplessness,111,27,0.29276939276939273,1.0,0.9,0.9098188136622141
pilot_holdout,plain,signed,Pain_Catastrophizing_Scale_Pain_Catastrophizing_Magnification,111,24,0.34454194454194453,0.8,0.9,0.9462777969773537
pilot_holdout,plain,signed,Pain_Catastrophizing_Scale_Pain_Catastrophizing_Rumination,111,21,0.2916725166725167,0.8,0.9,0.926428586100163
pilot_holdout,plain,signed,Penn_State_Worry_Questionnaire_Worry,112,23,0.34799432808282366,0.8,0.8,0.8740290503960408
pilot_holdout,plain,signed,Psychological_Well_Being_Scales_Well_being,106,46,0.08555306446330957,0.6,0.4,0.6371402466995257
pilot_holdout,plain,signed,Psychological_Well_Being_Scales_Well_being_autonomy,111,2,-0.018778518778518778,0.0,0.0,0.2661208213990449
pilot_holdout,plain,signed,Psychological_Well_Being_Scales_Well_being_environmental_mastery,111,32,0.3481923481923481,0.6,0.5,0.7165111137644182
pilot_holdout,plain,signed,Psychological_Well_Being_Scales_Well_being_personal_growth,111,18,0.07369252369252369,0.0,0.1,0.5200161774366493
pilot_holdout,plain,signed,Psychological_Well_Being_Scales_Well_being_positive_relations_with_others,111,20,0.0066251316251316255,0.8,0.4,0.7136914008376528
pilot_holdout,plain,signed,Psychological_Well_Being_Scales_Well_being_purpose_in_life,111,6,-0.04442786942786942,0.0,0.0,0.5598496539888093
pilot_holdout,plain,signed,Psychological_Well_Being_Scales_Well_being_self_acceptance,111,29,0.36840119340119337,1.0,0.6,0.8199568227191006
pilot_holdout,plain,signed,Rosenberg_Self_Esteem_Scale_Self_Esteem,112,46,0.4021252605323402,0.6,0.6,0.7501154400418657
pilot_holdout,plain,signed,Satisfaction_with_Life_Scale_Satisfaction_with_Life,112,25,0.2595927153449278,0.8,0.7,0.7659465516051601
pilot_holdout,plain,signed,Self_Compassion_Scale___Short_Form_Self_Compassion,106,28,0.3267400559236214,0.8,0.7,0.6043590298286164
pilot_holdout,plain,signed,Self_Compassion_Scale___Short_Form_Self_Compassion_Common_Humanity,111,1,0.2883643383643384,0.0,0.0,0.43092667026131104
pilot_holdout,plain,signed,Self_Compassion_Scale___Short_Form_Self_Compassion_Isolation,111,20,0.4368199368199368,0.8,0.9,0.8796406492637682
pilot_holdout,plain,signed,Self_Compassion_Scale___Short_Form_Self_Compassion_Mindfulness,111,7,0.3037381537381537,0.6,0.3,0.8167052925860341
pilot_holdout,plain,signed,Self_Compassion_Scale___Short_Form_Self_Compassion_Over_Identification,111,21,0.3869252369252369,1.0,0.9,0.9280583709066115
pilot_holdout,plain,signed,Self_Compassion_Scale___Short_Form_Self_Compassion_Self_Judgement,111,17,0.3423481923481923,0.6,0.4,0.827086078902184
pilot_holdout,plain,signed,Self_Compassion_Scale___Short_Form_Self_Compassion_Self_Kindness,111,4,0.467979992979993,0.0,0.0,0.5624430270134739
pilot_holdout,plain,signed,Self_Control_Scale_Self_Control,112,26,0.3958981104998804,0.6,0.6,0.721439180336076
pilot_holdout,plain,signed,Short_Grit_Scale_Grit,110,23,0.2545770123751775,0.6,0.7,0.7287478255668474
pilot_holdout,plain,signed,Short_Grit_Scale_Grit_Consistency_of_Interest,111,11,0.4389171639171639,0.4,0.2,0.700495335240963
pilot_holdout,plain,signed,Short_Grit_Scale_Grit_Perseverance_of_Effort,111,29,0.42776412776412776,0.8,0.8,0.9107136994057503
pilot_holdout,plain,abs,Barratt_Impulsiveness_Scale_Short_Form_Impulsiveness,109,24,0.4143730886850153,1.0,0.7,0.8731608051934103
pilot_holdout,plain,abs,Barratt_Impulsiveness_Scale_Short_Form_Impulsiveness_Attention_impulsivity,111,14,0.37566690066690067,0.6,0.3,0.8355210792721786
pilot_holdout,plain,abs,Barratt_Impulsiveness_Scale_Short_Form_Impulsiveness_Motor_Impulsivity,111,9,0.40324675324675324,0.8,0.5,0.8868396137024414
pilot_holdout,plain,abs,Barratt_Impulsiveness_Scale_Short_Form_Impulsiveness_Non_planning,111,17,0.4512460512460512,1.0,0.6,0.823121408237856
pilot_holdout,plain,abs,Behavioral_Activation_System_Scale_behavioral_activation,109,12,0.4923640070429062,0.8,0.5,0.7845718794845986
pilot_holdout,plain,abs,Behavioral_Activation_System_Scale_behavioral_activation_Drive,111,4,0.5498946998946997,0.2,0.2,0.7135807204644887
pilot_holdout,plain,abs,Behavioral_Activation_System_Scale_behavioral_activation_Fun_Seeking,111,6,0.335995085995086,0.8,0.5,0.8863602978402703
pilot_holdout,plain,abs,Behavioral_Activation_System_Scale_behavioral_activation_Reward_Responsiveness,111,11,0.5532555282555283,0.2,0.3,0.7402583250069594
pilot_holdout,plain,abs,Behavioral_Inhibition_System_Scale_behavioral_inhibition,112,19,0.4490723340280863,1.0,1.0,0.9353886899795083
pilot_holdout,plain,abs,Big_Five_Inventory_2_agreeableness,109,16,0.19400426281160227,0.6,0.4,0.7188306639858201
pilot_holdout,plain,abs,Big_Five_Inventory_2_agreeableness_compassion,111,12,0.1282818532818533,0.4,0.5,0.65868692016859
pilot_holdout,plain,abs,Big_Five_Inventory_2_agreeableness_respectfulness,111,15,0.32876447876447873,1.0,0.7,0.8325872318025435
pilot_holdout,plain,abs,Big_Five_Inventory_2_agreeableness_trust,111,8,0.28424885924885923,0.8,0.5,0.710693694329182
pilot_holdout,plain,abs,Big_Five_Inventory_2_conscientiousness,109,19,0.3575016217218052,0.8,0.4,0.7234703709926004
pilot_holdout,plain,abs,Big_Five_Inventory_2_conscientiousness_organization,111,11,0.3748069498069498,0.8,0.7,0.8490870424071394
pilot_holdout,plain,abs,Big_Five_Inventory_2_conscientiousness_productiveness,111,20,0.465005265005265,1.0,0.7,0.8023596116591928
pilot_holdout,plain,abs,Big_Five_Inventory_2_conscientiousness_responsibility,111,15,0.27385924885924884,0.6,0.4,0.6742060112404825
pilot_holdout,plain,abs,Big_Five_Inventory_2_extraversion,109,22,0.1731628208692429,0.4,0.3,0.4810198340416288
pilot_holdout,plain,abs,Big_Five_Inventory_2_extraversion_assertiveness,111,8,0.22943137943137942,0.2,0.2,0.6040038631521354
pilot_holdout,plain,abs,Big_Five_Inventory_2_extraversion_energy_level,111,22,0.38500351000350996,0.6,0.4,0.7667651822836572
pilot_holdout,plain,abs,Big_Five_Inventory_2_extraversion_sociability,111,12,0.007125307125307125,0.0,0.0,0.33225150843878026
pilot_holdout,plain,abs,Big_Five_Inventory_2_neuroticism,109,29,0.2803539987026226,0.6,0.4,0.599915213289129
pilot_holdout,plain,abs,Big_Five_Inventory_2_neuroticism_anxiety,111,22,0.22984380484380482,0.8,0.6,0.8059421734400458
pilot_holdout,plain,abs,Big_Five_Inventory_2_neuroticism_depression,111,34,0.31568094068094066,0.4,0.5,0.602164949435826
pilot_holdout,plain,abs,Big_Five_Inventory_2_neuroticism_emotional_volatility,111,19,0.2408213408213408,0.4,0.5,0.6659604325486765
pilot_holdout,plain,abs,Big_Five_Inventory_2_openness,109,6,-0.024974515800203875,0.6,0.4,0.777222072485579
pilot_holdout,plain,abs,Big_Five_Inventory_2_openness_aesthetic_sensitivity,111,8,0.20265882765882764,1.0,0.6,0.8229738757411607
pilot_holdout,plain,abs,Big_Five_Inventory_2_openness_creative_imagination,111,7,0.07083187083187083,0.4,0.3,0.5278489659660374
pilot_holdout,plain,abs,Big_Five_Inventory_2_openness_intellectual_curiosity,111,6,0.0184011934011934,0.8,0.4,0.7641344417009699
pilot_holdout,plain,abs,Buss_Perry_Aggression_Questionnaire_Aggression,108,16,0.4890679927977364,0.6,0.6,0.8907184696774303
pilot_holdout,plain,abs,Buss_Perry_Aggression_Questionnaire_Aggression_Anger,111,15,0.5764127764127763,0.6,0.5,0.8788145012391502
pilot_holdout,plain,abs,Buss_Perry_Aggression_Questionnaire_Aggression_Hostility,111,19,0.4801948051948052,0.8,0.7,0.8428493640721333
pilot_holdout,plain,abs,Buss_Perry_Aggression_Questionnaire_Aggression_Physical_aggression,111,7,0.39470866970866963,0.8,0.6,0.9328321178808103
pilot_holdout,plain,abs,Buss_Perry_Aggression_Questionnaire_Aggression_Verbal_aggression,111,8,0.3531326781326781,0.8,0.6,0.8873665146238209
pilot_holdout,plain,abs,Emotion_Regulation_Questionnaire_Emotion_Regulation,110,12,0.10291909924937448,0.4,0.3,0.6831930392971832
pilot_holdout,plain,abs,Emotion_Regulation_Questionnaire_Emotion_Regulation_Reappraisal,111,6,0.3601263601263601,0.2,0.3,0.7354874613892742
pilot_holdout,plain,abs,Emotion_Regulation_Questionnaire_Emotion_Regulation_Suppression,111,0,0.21759389259389258,0.0,0.0,0.5093697076491677
pilot_holdout,plain,abs,Hope_Scale_Hope,110,45,0.5395442147735726,1.0,0.8,0.8284039936815463
pilot_holdout,plain,abs,Hope_Scale_Hope_Agency,111,38,0.541058266058266,0.8,0.8,0.8562305752710637
pilot_holdout,plain,abs,Hope_Scale_Hope_Pathways,111,25,0.38860126360126357,0.6,0.5,0.6081946992125502
pilot_holdout,plain,abs,International_Personality_Item_Pool_120_agreeableness,106,20,0.24992820616167466,0.6,0.6,0.722562437990679
pilot_holdout,plain,abs,International_Personality_Item_Pool_120_agreeableness_altruism,111,17,0.20752895752895753,0.4,0.4,0.7372418017996735
pilot_holdout,plain,abs,International_Personality_Item_Pool_120_agreeableness_cooperation,111,12,0.25185152685152684,1.0,0.8,0.9307098228424079
pilot_holdout,plain,abs,International_Personality_Item_Pool_120_agreeableness_modesty,111,2,0.2886626886626887,0.0,0.0,0.6629955279458529
pilot_holdout,plain,abs,International_Personality_Item_Pool_120_agreeableness_morality,111,14,0.30637943137943136,0.6,0.3,0.4706308800119514
pilot_holdout,plain,abs,International_Personality_Item_Pool_120_agreeableness_sympathy,111,8,0.1066075816075816,0.4,0.3,0.598996047351823
pilot_holdout,plain,abs,International_Personality_Item_Pool_120_agreeableness_trust,111,4,0.3672165672165672,0.4,0.2,0.6874884336991293
pilot_holdout,plain,abs,International_Personality_Item_Pool_120_conscientiousness,106,23,0.5190467793536035,0.6,0.7,0.7918835676827196
pilot_holdout,plain,abs,International_Personality_Item_Pool_120_conscientiousness_achievement_striving,111,25,0.48393295893295885,0.8,0.6,0.8202012958792297
pilot_holdout,plain,abs,International_Personality_Item_Pool_120_conscientiousness_cautiousness,111,9,0.44529659529659527,1.0,0.5,0.9153555556388333
pilot_holdout,plain,abs,International_Personality_Item_Pool_120_conscientiousness_dutifulness,111,9,0.3846349596349596,0.2,0.2,0.7263895497290576
pilot_holdout,plain,abs,International_Personality_Item_Pool_120_conscientiousness_orderliness,111,6,0.391005616005616,0.6,0.3,0.7659603457703302
pilot_holdout,plain,abs,International_Personality_Item_Pool_120_conscientiousness_self_discipline,111,16,0.35149175149175144,0.6,0.5,0.7900981258768648
pilot_holdout,plain,abs,International_Personality_Item_Pool_120_conscientiousness_self_efficacy,111,23,0.5549227799227799,1.0,0.9,0.9072876307709733
pilot_holdout,plain,abs,International_Personality_Item_Pool_120_extraversion,106,25,0.48789077260246366,0.4,0.4,0.674311338841353
pilot_holdout,plain,abs,International_Personality_Item_Pool_120_extraversion_activiity_level,111,16,0.4586082836082836,0.6,0.6,0.8508345453067255
pilot_holdout,plain,abs,International_Personality_Item_Pool_120_extraversion_assertiveness,111,10,0.4060986310986311,0.4,0.4,0.8479947667411115
pilot_holdout,plain,abs,International_Personality_Item_Pool_120_extraversion_cheerfulness,111,27,0.606081081081081,1.0,0.8,0.8071549994808983
pilot_holdout,plain,abs,International_Personality_Item_Pool_120_extraversion_excitement_seeking,111,8,0.5108897858897858,0.6,0.6,0.8948191889749689
pilot_holdout,plain,abs,International_Personality_Item_Pool_120_extraversion_friendliness,111,20,0.40289575289575286,0.4,0.4,0.6959332652712956
pilot_holdout,plain,abs,International_Personality_Item_Pool_120_extraversion_gregariousness,111,6,0.11656721656721655,0.4,0.2,0.6218773250365486
pilot_holdout,plain,abs,International_Personality_Item_Pool_120_neuroticism,106,39,0.42572990402297406,1.0,1.0,0.8024904982320163
pilot_holdout,plain,abs,International_Personality_Item_Pool_120_neuroticism_anger,111,17,0.5058090558090558,0.6,0.7,0.8743971654234612
pilot_holdout,plain,abs,International_Personality_Item_Pool_120_neuroticism_anxiety,111,25,0.4481484731484731,1.0,1.0,0.8904978959852978
pilot_holdout,plain,abs,International_Personality_Item_Pool_120_neuroticism_depression,111,38,0.41032818532818527,0.8,0.9,0.6971788800137727
pilot_holdout,plain,abs,International_Personality_Item_Pool_120_neuroticism_immoderation,111,2,0.07566690066690067,0.2,0.1,0.48598199897968347
pilot_holdout,plain,abs,International_Personality_Item_Pool_120_neuroticism_self_consciousness,111,27,0.17392944892944892,0.6,0.4,0.605178268129976
pilot_holdout,plain,abs,International_Personality_Item_Pool_120_neuroticism_vulnerability,111,33,0.32197262197262194,0.8,0.7,0.8265779449899173
pilot_holdout,plain,abs,International_Personality_Item_Pool_120_openness,106,11,-0.11166083079325893,0.4,0.3,0.6244464272639936
pilot_holdout,plain,abs,International_Personality_Item_Pool_120_openness_adventurousness,111,4,0.2917163917163917,0.2,0.2,0.7604944646685274
pilot_holdout,plain,abs,International_Personality_Item_Pool_120_openness_artistic_interests,111,5,0.1983327483327483,0.8,0.4,0.7913814816292634
pilot_holdout,plain,abs,International_Personality_Item_Pool_120_openness_emotionality,111,7,0.15755528255528256,0.4,0.2,0.5265130548925131
pilot_holdout,plain,abs,International_Personality_Item_Pool_120_openness_imagination,111,5,0.21842751842751842,0.4,0.2,0.6399689145507408
pilot_holdout,plain,abs,International_Personality_Item_Pool_120_openness_intellect,111,8,0.2341084591084591,0.4,0.4,0.7390749392225552
pilot_holdout,plain,abs,International_Personality_Item_Pool_120_openness_liberalism,111,1,0.05521235521235521,0.0,0.0,0.4214704857647047
pilot_holdout,plain,abs,Interpersonal_Reactivity_Index_Brief_Empathy,108,11,0.17877999752303103,0.2,0.3,0.4788824697444742
pilot_holdout,plain,abs,Interpersonal_Reactivity_Index_Brief_Empathy_Empathic_Concern,111,13,0.37409617409617407,0.4,0.4,0.5921917669147264
pilot_holdout,plain,abs,Interpersonal_Reactivity_Index_Brief_Empathy_Fantasy,111,2,0.3084064584064584,0.4,0.2,0.7270019216249702
pilot_holdout,plain,abs,Interpersonal_Reactivity_Index_Brief_Empathy_Personal_Distress,111,19,0.4502544752544752,1.0,0.8,0.9213021018342975
pilot_holdout,plain,abs,Interpersonal_Reactivity_Index_Brief_Empathy_Perspective_Taking,111,8,0.11037206037206036,0.0,0.1,0.533607286841593
pilot_holdout,plain,abs,Life_Orientation_Test_Optimism,112,35,0.2526309495336044,0.6,0.4,0.6702625587963368
pilot_holdout,plain,abs,Mastery_Scale_Self_Mastery,112,26,0.3688369152970923,0.4,0.6,0.7415552311393169
pilot_holdout,plain,abs,Mindful_Attention_Awareness_Scale_Mindful_Attention_Awareness,112,20,0.5576758806847303,0.8,0.6,0.8250109168318911
pilot_holdout,plain,abs,Multidimensional_Scale_of_Perceived_Social_Support_Perceived_Social_Support,109,13,0.5312019275322029,0.2,0.4,0.8125965936233283
pilot_holdout,plain,abs,Multidimensional_Scale_of_Perceived_Social_Support_Perceived_Social_Support_Family,111,7,0.411003861003861,0.2,0.2,0.798214830526303
pilot_holdout,plain,abs,Multidimensional_Scale_of_Perceived_Social_Support_Perceived_Social_Support_Friends,111,8,0.4667076167076167,0.8,0.5,0.8508270609493823
pilot_holdout,plain,abs,Multidimensional_Scale_of_Perceived_Social_Support_Perceived_Social_Support_Significant_Other,111,1,0.5292997542997544,0.2,0.1,0.8204872167010344
pilot_holdout,plain,abs,Need_for_Cognition_Scale_Need_for_Cognition,112,12,0.45752895752895756,0.4,0.5,0.7536008953757268
pilot_holdout,plain,abs,Pain_Catastrophizing_Scale_Pain_Catastrophizing,109,27,0.36157909368918545,0.8,0.9,0.9038225048162408
pilot_holdout,plain,abs,Pain_Catastrophizing_Scale_Pain_Catastrophizing_Helplessness,111,27,0.3624078624078624,1.0,0.9,0.9098188136622141
pilot_holdout,plain,abs,Pain_Catastrophizing_Scale_Pain_Catastrophizing_Magnification,111,24,0.43380133380133373,0.8,0.9,0.9462777969773537
pilot_holdout,plain,abs,Pain_Catastrophizing_Scale_Pain_Catastrophizing_Rumination,111,21,0.28878553878553875,0.8,0.9,0.926428586100163
pilot_holdout,plain,abs,Penn_State_Worry_Questionnaire_Worry,112,23,0.38288003553490285,0.8,0.8,0.8740290503960408
pilot_holdout,plain,abs,Psychological_Well_Being_Scales_Well_being,106,46,0.08555306446330957,0.6,0.4,0.6371402466995257
pilot_holdout,plain,abs,Psychological_Well_Being_Scales_Well_being_autonomy,111,2,-0.016277641277641277,0.0,0.0,0.2661208213990449
pilot_holdout,plain,abs,Psychological_Well_Being_Scales_Well_being_environmental_mastery,111,32,0.3359336609336609,0.6,0.5,0.7165111137644182
pilot_holdout,plain,abs,Psychological_Well_Being_Scales_Well_being_personal_growth,111,18,0.17224464724464725,0.0,0.1,0.5200161774366493
pilot_holdout,plain,abs,Psychological_Well_Being_Scales_Well_being_positive_relations_with_others,111,20,0.17828185328185325,0.8,0.4,0.7136914008376528
pilot_holdout,plain,abs,Psychological_Well_Being_Scales_Well_being_purpose_in_life,111,6,0.1368023868023868,0.0,0.0,0.5598496539888093
pilot_holdout,plain,abs,Psychological_Well_Being_Scales_Well_being_self_acceptance,111,29,0.3595208845208845,1.0,0.6,0.8199568227191006
pilot_holdout,plain,abs,Rosenberg_Self_Esteem_Scale_Self_Esteem,112,46,0.4021252605323402,0.6,0.6,0.7501154400418657
pilot_holdout,plain,abs,Satisfaction_with_Life_Scale_Satisfaction_with_Life,112,25,0.5108313117162675,0.8,0.8,0.8008341404161853
pilot_holdout,plain,abs,Self_Compassion_Scale___Short_Form_Self_Compassion,106,28,0.3304783736806308,0.8,0.7,0.6043590298286164
pilot_holdout,plain,abs,Self_Compassion_Scale___Short_Form_Self_Compassion_Common_Humanity,111,1,0.29780624780624776,0.0,0.0,0.43092667026131104
pilot_holdout,plain,abs,Self_Compassion_Scale___Short_Form_Self_Compassion_Isolation,111,20,0.4834240084240084,0.8,0.9,0.8796406492637682
pilot_holdout,plain,abs,Self_Compassion_Scale___Short_Form_Self_Compassion_Mindfulness,111,7,0.42598280098280095,0.6,0.3,0.8167052925860341
pilot_holdout,plain,abs,Self_Compassion_Scale___Short_Form_Self_Compassion_Over_Identification,111,21,0.43116005616005615,1.0,0.9,0.9280583709066115
pilot_holdout,plain,abs,Self_Compassion_Scale___Short_Form_Self_Compassion_Self_Judgement,111,17,0.40661635661635664,0.6,0.4,0.827086078902184
pilot_holdout,plain,abs,Self_Compassion_Scale___Short_Form_Self_Compassion_Self_Kindness,111,4,0.37498244998244995,0.0,0.0,0.5624430270134739
pilot_holdout,plain,abs,Self_Control_Scale_Self_Control,112,26,0.4426658010728807,0.6,0.6,0.721439180336076
pilot_holdout,plain,abs,Short_Grit_Scale_Grit,110,23,0.2448121182066136,0.6,0.7,0.7287478255668474
pilot_holdout,plain,abs,Short_Grit_Scale_Grit_Consistency_of_Interest,111,11,0.472060372060372,0.4,0.2,0.700495335240963
pilot_holdout,plain,abs,Short_Grit_Scale_Grit_Perseverance_of_Effort,111,29,0.4424008424008424,0.8,0.8,0.9107136994057503
pilot_holdout,plain,abs_cross_instrument,Barratt_Impulsiveness_Scale_Short_Form_Impulsiveness,109,24,0.4143730886850153,1.0,0.7,0.8731608051934103
pilot_holdout,plain,abs_cross_instrument,Barratt_Impulsiveness_Scale_Short_Form_Impulsiveness_Attention_impulsivity,109,14,0.36850152905198774,0.6,0.3,0.829094670065507
pilot_holdout,plain,abs_cross_instrument,Barratt_Impulsiveness_Scale_Short_Form_Impulsiveness_Motor_Impulsivity,109,9,0.3762394588082662,1.0,0.5,0.868329984203052
pilot_holdout,plain,abs_cross_instrument,Barratt_Impulsiveness_Scale_Short_Form_Impulsiveness_Non_planning,109,17,0.4455286813084978,1.0,0.6,0.823121408237856
pilot_holdout,plain,abs_cross_instrument,Behavioral_Activation_System_Scale_behavioral_activation,109,12,0.4923640070429062,0.8,0.5,0.7845718794845986
pilot_holdout,plain,abs_cross_instrument,Behavioral_Activation_System_Scale_behavioral_activation_Drive,109,4,0.5355018070614401,0.2,0.2,0.7370404676049321
pilot_holdout,plain,abs_cross_instrument,Behavioral_Activation_System_Scale_behavioral_activation_Fun_Seeking,109,5,0.30766379390232607,0.8,0.5,0.8945291226017408
pilot_holdout,plain,abs_cross_instrument,Behavioral_Activation_System_Scale_behavioral_activation_Reward_Responsiveness,109,10,0.5502733759614494,0.2,0.3,0.7427086169091716
pilot_holdout,plain,abs_cross_instrument,Behavioral_Inhibition_System_Scale_behavioral_inhibition,112,19,0.4490723340280863,1.0,1.0,0.9353886899795083
pilot_holdout,plain,abs_cross_instrument,Big_Five_Inventory_2_agreeableness,93,16,0.2875473725045507,0.6,0.6,0.797531482517954
pilot_holdout,plain,abs_cross_instrument,Big_Five_Inventory_2_agreeableness_compassion,93,10,0.19732326698695948,0.8,0.6,0.8339400279861312
pilot_holdout,plain,abs_cross_instrument,Big_Five_Inventory_2_agreeableness_respectfulness,93,13,0.34473754886455193,0.8,0.7,0.8711352415509175
pilot_holdout,plain,abs_cross_instrument,Big_Five_Inventory_2_agreeableness_trust,93,6,0.2861746889081197,0.6,0.4,0.685482952672174
pilot_holdout,plain,abs_cross_instrument,Big_Five_Inventory_2_conscientiousness,93,19,0.47533645668586433,1.0,0.7,0.8435238725890188
pilot_holdout,plain,abs_cross_instrument,Big_Five_Inventory_2_conscientiousness_organization,93,9,0.49195786458177904,0.8,0.5,0.8268938860528929
pilot_holdout,plain,abs_cross_instrument,Big_Five_Inventory_2_conscientiousness_productiveness,93,18,0.4961952791620661,1.0,0.9,0.9237820386366408
pilot_holdout,plain,abs_cross_instrument,Big_Five_Inventory_2_conscientiousness_responsibility,93,13,0.3319507027543194,0.6,0.5,0.7662809689111264
pilot_holdout,plain,abs_cross_instrument,Big_Five_Inventory_2_extraversion,93,21,0.291023842917251,0.8,0.5,0.5938728560052767
pilot_holdout,plain,abs_cross_instrument,Big_Five_Inventory_2_extraversion_assertiveness,93,6,0.31412073647459043,0.4,0.2,0.7075017435601906
pilot_holdout,plain,abs_cross_instrument,Big_Five_Inventory_2_extraversion_energy_level,93,19,0.4382590791083524,0.8,0.5,0.8560928302217616
pilot_holdout,plain,abs_cross_instrument,Big_Five_Inventory_2_extraversion_sociability,93,10,0.06570976694219807,0.0,0.1,0.4024168146659444
pilot_holdout,plain,abs_cross_instrument,Big_Five_Inventory_2_neuroticism,93,29,0.4160723344573423,0.8,0.8,0.8343351055210144
pilot_holdout,plain,abs_cross_instrument,Big_Five_Inventory_2_neuroticism_anxiety,93,20,0.2785055653367551,0.8,0.5,0.7767862405068833
pilot_holdout,plain,abs_cross_instrument,Big_Five_Inventory_2_neuroticism_depression,93,30,0.320357494554027,0.4,0.5,0.6031197211696149
pilot_holdout,plain,abs_cross_instrument,Big_Five_Inventory_2_neuroticism_emotional_volatility,93,17,0.3775476709140282,0.8,0.6,0.863377907311779
pilot_holdout,plain,abs_cross_instrument,Big_Five_Inventory_2_openness,93,6,0.02287308644922562,0.8,0.4,0.7554984828359894
pilot_holdout,plain,abs_cross_instrument,Big_Five_Inventory_2_openness_aesthetic_sensitivity,93,6,0.26561427590940284,0.8,0.4,0.8487423420467232
pilot_holdout,plain,abs_cross_instrument,Big_Five_Inventory_2_openness_creative_imagination,93,5,0.08789651159320817,0.2,0.3,0.5445425607717682
pilot_holdout,plain,abs_cross_instrument,Big_Five_Inventory_2_openness_intellectual_curiosity,93,4,-0.03372027095580555,0.4,0.2,0.6219618277768318
pilot_holdout,plain,abs_cross_instrument,Buss_Perry_Aggression_Questionnaire_Aggression,108,16,0.4890679927977364,0.6,0.6,0.8907184696774303
pilot_holdout,plain,abs_cross_instrument,Buss_Perry_Aggression_Questionnaire_Aggression_Anger,108,12,0.549134489887298,0.6,0.4,0.8815231158298167
pilot_holdout,plain,abs_cross_instrument,Buss_Perry_Aggression_Questionnaire_Aggression_Hostility,108,18,0.45903950765478674,0.8,0.7,0.8428493640721333
pilot_holdout,plain,abs_cross_instrument,Buss_Perry_Aggression_Questionnaire_Aggression_Physical_aggression,108,6,0.348976344946507,1.0,0.6,0.9501307630983978
pilot_holdout,plain,abs_cross_instrument,Buss_Perry_Aggression_Questionnaire_Aggression_Verbal_aggression,108,7,0.3037526079625025,1.0,0.6,0.8943773742540629
pilot_holdout,plain,abs_cross_instrument,Emotion_Regulation_Questionnaire_Emotion_Regulation,110,12,0.10291909924937448,0.4,0.3,0.6831930392971832
pilot_holdout,plain,abs_cross_instrument,Emotion_Regulation_Questionnaire_Emotion_Regulation_Reappraisal,110,6,0.35892523048486347,0.2,0.3,0.7354874613892742
pilot_holdout,plain,abs_cross_instrument,Emotion_Regulation_Questionnaire_Emotion_Regulation_Suppression,110,0,0.21880846651488853,0.0,0.0,0.5093697076491677
pilot_holdout,plain,abs_cross_instrument,Hope_Scale_Hope,110,45,0.5395442147735726,1.0,0.8,0.8284039936815463
pilot_holdout,plain,abs_cross_instrument,Hope_Scale_Hope_Agency,110,37,0.5334580618984289,0.8,0.8,0.8562305752710637
pilot_holdout,plain,abs_cross_instrument,Hope_Scale_Hope_Pathways,110,24,0.37374839393188014,0.4,0.4,0.5744350050007586
pilot_holdout,plain,abs_cross_instrument,International_Personality_Item_Pool_120_agreeableness,78,16,0.21278721278721277,0.6,0.6,0.7167727844412626
pilot_holdout,plain,abs_cross_instrument,International_Personality_Item_Pool_120_agreeableness_altruism,78,10,0.09965983383704902,0.4,0.4,0.7077110720196297
pilot_holdout,plain,abs_cross_instrument,International_Personality_Item_Pool_120_agreeableness_cooperation,78,9,0.2773302646720368,1.0,0.6,0.8886907646154519
pilot_holdout,plain,abs_cross_instrument,International_Personality_Item_Pool_120_agreeableness_modesty,78,1,0.346931549463195,0.0,0.0,0.629119335903562
pilot_holdout,plain,abs_cross_instrument,International_Personality_Item_Pool_120_agreeableness_morality,78,9,0.3029755055071511,0.2,0.2,0.41863214221328604
pilot_holdout,plain,abs_cross_instrument,International_Personality_Item_Pool_120_agreeableness_sympathy,78,5,0.049254542925428996,0.4,0.2,0.5781406013355637
pilot_holdout,plain,abs_cross_instrument,International_Personality_Item_Pool_120_agreeableness_trust,78,3,0.4478432959445618,0.4,0.3,0.7810211991217606
pilot_holdout,plain,abs_cross_instrument,International_Personality_Item_Pool_120_conscientiousness,78,20,0.571542381668964,0.6,0.8,0.8285289881989754
pilot_holdout,plain,abs_cross_instrument,International_Personality_Item_Pool_120_conscientiousness_achievement_striving,78,18,0.5020675527004641,0.8,0.7,0.870780835094572
pilot_holdout,plain,abs_cross_instrument,International_Personality_Item_Pool_120_conscientiousness_cautiousness,78,9,0.4782685668761617,1.0,0.5,0.8994727765672013
pilot_holdout,plain,abs_cross_instrument,International_Personality_Item_Pool_120_conscientiousness_dutifulness,78,6,0.3694659770609138,0.0,0.0,0.6168240592235272
pilot_holdout,plain,abs_cross_instrument,International_Personality_Item_Pool_120_conscientiousness_orderliness,78,5,0.4078579648199901,0.6,0.3,0.832725293980848
pilot_holdout,plain,abs_cross_instrument,International_Personality_Item_Pool_120_conscientiousness_self_discipline,78,13,0.45156109713071735,0.8,0.4,0.7497909989161159
pilot_holdout,plain,abs_cross_instrument,International_Personality_Item_Pool_120_conscientiousness_self_efficacy,78,16,0.48393378773125606,1.0,0.7,0.8954314487379109
pilot_holdout,plain,abs_cross_instrument,International_Personality_Item_Pool_120_extraversion,78,19,0.5729839780472692,0.4,0.6,0.7505627597886125
pilot_holdout,plain,abs_cross_instrument,International_Personality_Item_Pool_120_extraversion_activiity_level,78,10,0.5801413776097321,0.4,0.5,0.848880097400075
pilot_holdout,plain,abs_cross_instrument,International_Personality_Item_Pool_120_extraversion_assertiveness,78,6,0.4380556152708051,0.4,0.4,0.8832989439910199
pilot_holdout,plain,abs_cross_instrument,International_Personality_Item_Pool_120_extraversion_cheerfulness,78,21,0.6644621201583226,0.8,0.9,0.8596531275232101
pilot_holdout,plain,abs_cross_instrument,International_Personality_Item_Pool_120_extraversion_excitement_seeking,78,5,0.5060382655319363,0.8,0.4,0.904087137577998
pilot_holdout,plain,abs_cross_instrument,International_Personality_Item_Pool_120_extraversion_friendliness,78,14,0.3215392202733975,0.2,0.4,0.6425131708479362
pilot_holdout,plain,abs_cross_instrument,International_Personality_Item_Pool_120_extraversion_gregariousness,78,3,0.05719596858837365,0.4,0.3,0.6728834798713049
pilot_holdout,plain,abs_cross_instrument,International_Personality_Item_Pool_120_neuroticism,78,35,0.5325181147965957,1.0,1.0,0.8024904982320163
pilot_holdout,plain,abs_cross_instrument,International_Personality_Item_Pool_120_neuroticism_anger,78,14,0.5859330542874847,0.6,0.5,0.8334052625623979
pilot_holdout,plain,abs_cross_instrument,International_Personality_Item_Pool_120_neuroticism_anxiety,78,20,0.5375510565383982,1.0,1.0,0.903848177407779
pilot_holdout,plain,abs_cross_instrument,International_Personality_Item_Pool_120_neuroticism_depression,78,32,0.3907611375965806,0.8,0.9,0.7032387789557156
pilot_holdout,plain,abs_cross_instrument,International_Personality_Item_Pool_120_neuroticism_immoderation,78,2,0.23613095764994496,0.2,0.1,0.6947420754700048
pilot_holdout,plain,abs_cross_instrument,International_Personality_Item_Pool_120_neuroticism_self_consciousness,78,21,-0.046497805991476876,0.2,0.2,0.4964539019237413
pilot_holdout,plain,abs_cross_instrument,International_Personality_Item_Pool_120_neuroticism_vulnerability,78,27,0.4131944005361727,0.8,0.6,0.8415384397212342
pilot_holdout,plain,abs_cross_instrument,International_Personality_Item_Pool_120_openness,78,9,-0.05481859912239659,0.4,0.3,0.676694247874962
pilot_holdout,plain,abs_cross_instrument,International_Personality_Item_Pool_120_openness_adventurousness,78,2,0.12333236383869295,0.0,0.1,0.7065197659539079
pilot_holdout,plain,abs_cross_instrument,International_Personality_Item_Pool_120_openness_artistic_interests,78,4,0.3215392202733975,0.6,0.4,0.831831564804752
pilot_holdout,plain,abs_cross_instrument,International_Personality_Item_Pool_120_openness_emotionality,78,4,0.18850769483680874,0.4,0.2,0.5487335082640017
pilot_holdout,plain,abs_cross_instrument,International_Personality_Item_Pool_120_openness_imagination,78,5,0.2438194716675729,0.4,0.2,0.6165350724680709
pilot_holdout,plain,abs_cross_instrument,International_Personality_Item_Pool_120_openness_intellect,78,6,0.27672327672327673,0.4,0.3,0.7102778217866826
pilot_holdout,plain,abs_cross_instrument,International_Personality_Item_Pool_120_openness_liberalism,78,1,-0.00013910140492418973,0.0,0.0,0.31699048099133453
pilot_holdout,plain,abs_cross_instrument,Interpersonal_Reactivity_Index_Brief_Empathy,108,11,0.17877999752303103,0.2,0.3,0.4788824697444742
pilot_holdout,plain,abs_cross_instrument,Interpersonal_Reactivity_Index_Brief_Empathy_Empathic_Concern,108,11,0.34583249973801283,0.4,0.4,0.6011135233542116
pilot_holdout,plain,abs_cross_instrument,Interpersonal_Reactivity_Index_Brief_Empathy_Fantasy,108,1,0.2724475311288309,0.2,0.1,0.6598321605728933
pilot_holdout,plain,abs_cross_instrument,Interpersonal_Reactivity_Index_Brief_Empathy_Personal_Distress,108,19,0.4535615955490773,1.0,0.8,0.9213021018342975
pilot_holdout,plain,abs_cross_instrument,Interpersonal_Reactivity_Index_Brief_Empathy_Perspective_Taking,108,7,0.0784818085684072,0.0,0.0,0.4804865083329684
pilot_holdout,plain,abs_cross_instrument,Life_Orientation_Test_Optimism,112,35,0.2526309495336044,0.6,0.4,0.6702625587963368
pilot_holdout,plain,abs_cross_instrument,Mastery_Scale_Self_Mastery,112,26,0.3688369152970923,0.4,0.6,0.7415552311393169
pilot_holdout,plain,abs_cross_instrument,Mindful_Attention_Awareness_Scale_Mindful_Attention_Awareness,112,20,0.5576758806847303,0.8,0.6,0.8250109168318911
pilot_holdout,plain,abs_cross_instrument,Multidimensional_Scale_of_Perceived_Social_Support_Perceived_Social_Support,109,13,0.5312019275322029,0.2,0.4,0.8125965936233283
pilot_holdout,plain,abs_cross_instrument,Multidimensional_Scale_of_Perceived_Social_Support_Perceived_Social_Support_Family,109,6,0.3840144564915207,0.2,0.2,0.7466464058242233
pilot_holdout,plain,abs_cross_instrument,Multidimensional_Scale_of_Perceived_Social_Support_Perceived_Social_Support_Friends,109,6,0.4388935223797609,0.4,0.4,0.8366614320892398
pilot_holdout,plain,abs_cross_instrument,Multidimensional_Scale_of_Perceived_Social_Support_Perceived_Social_Support_Significant_Other,109,0,0.5051987767584099,0.0,0.0,0.743182757308541
pilot_holdout,plain,abs_cross_instrument,Need_for_Cognition_Scale_Need_for_Cognition,112,12,0.45752895752895756,0.4,0.5,0.7536008953757268
pilot_holdout,plain,abs_cross_instrument,Pain_Catastrophizing_Scale_Pain_Catastrophizing,109,27,0.36157909368918545,0.8,0.9,0.9038225048162408
pilot_holdout,plain,abs_cross_instrument,Pain_Catastrophizing_Scale_Pain_Catastrophizing_Helplessness,109,25,0.32667037345936434,1.0,0.8,0.8538428816542416
pilot_holdout,plain,abs_cross_instrument,Pain_Catastrophizing_Scale_Pain_Catastrophizing_Magnification,109,22,0.4020665369289223,0.8,0.9,0.9286167390605173
pilot_holdout,plain,abs_cross_instrument,Pain_Catastrophizing_Scale_Pain_Catastrophizing_Rumination,109,19,0.24892039662681867,0.8,0.7,0.7894818705373488
pilot_holdout,plain,abs_cross_instrument,Penn_State_Worry_Questionnaire_Worry,112,23,0.38288003553490285,0.8,0.8,0.8740290503960408
pilot_holdout,plain,abs_cross_instrument,Psychological_Well_Being_Scales_Well_being,106,46,0.08555306446330957,0.6,0.4,0.6371402466995257
pilot_holdout,plain,abs_cross_instrument,Psychological_Well_Being_Scales_Well_being_autonomy,106,2,-0.0374285210469305,0.0,0.0,0.2661208213990449
pilot_holdout,plain,abs_cross_instrument,Psychological_Well_Being_Scales_Well_being_environmental_mastery,106,31,0.3540569816358919,0.6,0.5,0.7206308319488699
pilot_holdout,plain,abs_cross_instrument,Psychological_Well_Being_Scales_Well_being_personal_growth,106,16,0.15478751542937752,0.0,0.0,0.4891923174272278
pilot_holdout,plain,abs_cross_instrument,Psychological_Well_Being_Scales_Well_being_positive_relations_with_others,106,19,0.2134821271128801,0.8,0.4,0.7167774438309473
pilot_holdout,plain,abs_cross_instrument,Psychological_Well_Being_Scales_Well_being_purpose_in_life,106,5,0.17524246164697585,0.0,0.0,0.5714235370623785
pilot_holdout,plain,abs_cross_instrument,Psychological_Well_Being_Scales_Well_being_self_acceptance,106,26,0.3581681235357836,1.0,0.6,0.8230184204948513
pilot_holdout,plain,abs_cross_instrument,Rosenberg_Self_Esteem_Scale_Self_Esteem,112,46,0.4021252605323402,0.6,0.6,0.7501154400418657
pilot_holdout,plain,abs_cross_instrument,Satisfaction_with_Life_Scale_Satisfaction_with_Life,112,25,0.5108313117162675,0.8,0.8,0.8008341404161853
pilot_holdout,plain,abs_cross_instrument,Self_Compassion_Scale___Short_Form_Self_Compassion,106,28,0.3304783736806308,0.8,0.7,0.6043590298286164
pilot_holdout,plain,abs_cross_instrument,Self_Compassion_Scale___Short_Form_Self_Compassion_Common_Humanity,106,0,0.2868982542761418,0.0,0.0,0.5335863697159469
pilot_holdout,plain,abs_cross_instrument,Self_Compassion_Scale___Short_Form_Self_Compassion_Isolation,106,18,0.4840617678917803,0.8,0.8,0.823544049726021
pilot_holdout,plain,abs_cross_instrument,Self_Compassion_Scale___Short_Form_Self_Compassion_Mindfulness,106,7,0.4083482379021085,0.6,0.3,0.7736407887256619
pilot_holdout,plain,abs_cross_instrument,Self_Compassion_Scale___Short_Form_Self_Compassion_Over_Identification,106,19,0.4238557069803764,1.0,0.9,0.9339096975332145
pilot_holdout,plain,abs_cross_instrument,Self_Compassion_Scale___Short_Form_Self_Compassion_Self_Judgement,106,15,0.40045847293246345,0.4,0.4,0.7955169451428691
pilot_holdout,plain,abs_cross_instrument,Self_Compassion_Scale___Short_Form_Self_Compassion_Self_Kindness,106,3,0.3616343804317707,0.0,0.0,0.5176193720771244
pilot_holdout,plain,abs_cross_instrument,Self_Control_Scale_Self_Control,112,26,0.4426658010728807,0.6,0.6,0.721439180336076
pilot_holdout,plain,abs_cross_instrument,Short_Grit_Scale_Grit,110,23,0.2448121182066136,0.6,0.7,0.7287478255668474
pilot_holdout,plain,abs_cross_instrument,Short_Grit_Scale_Grit_Consistency_of_Interest,110,11,0.4924509163041273,0.4,0.2,0.700495335240963
pilot_holdout,plain,abs_cross_instrument,Short_Grit_Scale_Grit_Perseverance_of_Effort,110,29,0.4488199625814304,0.8,0.8,0.9107136994057503
pilot_holdout,documented,signed,Barratt_Impulsiveness_Scale_Short_Form_Impulsiveness,109,24,-0.3451394680752479,0.6,0.3,0.5942465386861691
pilot_holdout,documented,signed,Barratt_Impulsiveness_Scale_Short_Form_Impulsiveness_Attention_impulsivity,111,14,-0.2845121095121095,0.2,0.1,0.6693859562182886
pilot_holdout,documented,signed,Barratt_Impulsiveness_Scale_Short_Form_Impulsiveness_Motor_Impulsivity,111,9,-0.07262197262197262,0.4,0.2,0.6513246245686566
pilot_holdout,documented,signed,Barratt_Impulsiveness_Scale_Short_Form_Impulsiveness_Non_planning,111,17,-0.5656897156897156,0.0,0.0,0.4122966870827078
pilot_holdout,documented,signed,Behavioral_Activation_System_Scale_behavioral_activation,109,12,0.7015753868964878,1.0,0.7,0.9696044205375902
pilot_holdout,documented,signed,Behavioral_Activation_System_Scale_behavioral_activation_Drive,111,4,0.5412776412776412,0.2,0.3,0.8665730535961884
pilot_holdout,documented,signed,Behavioral_Activation_System_Scale_behavioral_activation_Fun_Seeking,111,6,0.2485170235170235,0.8,0.5,0.8766850721791678
pilot_holdout,documented,signed,Behavioral_Activation_System_Scale_behavioral_activation_Reward_Responsiveness,111,11,0.6564320814320814,0.4,0.3,0.7960371441397067
pilot_holdout,documented,signed,Behavioral_Inhibition_System_Scale_behavioral_inhibition,112,19,0.40082686985341853,1.0,0.8,0.9419697898062397
pilot_holdout,documented,signed,Big_Five_Inventory_2_agreeableness,109,16,0.34002409415253454,1.0,0.7,0.8915105868073577
pilot_holdout,documented,signed,Big_Five_Inventory_2_agreeableness_compassion,111,12,0.4841874341874341,1.0,0.7,0.9242493857824052
pilot_holdout,documented,signed,Big_Five_Inventory_2_agreeableness_respectfulness,111,15,0.28633731133731133,1.0,0.6,0.8571481810716239
pilot_holdout,documented,signed,Big_Five_Inventory_2_agreeableness_trust,111,8,0.07713232713232712,0.8,0.5,0.8594144240167177
pilot_holdout,documented,signed,Big_Five_Inventory_2_conscientiousness,109,19,0.33306459086275597,1.0,0.9,0.94252860058359
pilot_holdout,documented,signed,Big_Five_Inventory_2_conscientiousness_organization,111,11,0.3339592839592839,1.0,0.8,0.9303403327621992
pilot_holdout,documented,signed,Big_Five_Inventory_2_conscientiousness_productiveness,111,20,0.47090207090207087,1.0,0.9,0.9527781958078986
pilot_holdout,documented,signed,Big_Five_Inventory_2_conscientiousness_responsibility,111,15,0.2960775710775711,1.0,0.8,0.9298278744200478
pilot_holdout,documented,signed,Big_Five_Inventory_2_extraversion,109,22,0.4571865443425077,1.0,0.9,0.9393333242898443
pilot_holdout,documented,signed,Big_Five_Inventory_2_extraversion_assertiveness,111,8,0.4196560196560197,0.8,0.5,0.9195699965324717
pilot_holdout,documented,signed,Big_Five_Inventory_2_extraversion_energy_level,111,22,0.6064145314145314,1.0,0.9,0.9337785090705341
pilot_holdout,documented,signed,Big_Five_Inventory_2_extraversion_sociability,111,12,0.3946384696384696,1.0,0.8,0.9618292265990206
pilot_holdout,documented,signed,Big_Five_Inventory_2_neuroticism,109,29,0.10996200537484942,1.0,1.0,0.9420927908242773
pilot_holdout,documented,signed,Big_Five_Inventory_2_neuroticism_anxiety,111,22,0.22433309933309933,1.0,1.0,0.9437511489736298
pilot_holdout,documented,signed,Big_Five_Inventory_2_neuroticism_depression,111,34,0.0043173043173043175,1.0,1.0,0.896894845994832
pilot_holdout,documented,signed,Big_Five_Inventory_2_neuroticism_emotional_volatility,111,19,0.20739733239733238,1.0,0.8,0.9378916848017307
pilot_holdout,documented,signed,Big_Five_Inventory_2_openness,109,6,0.559864702066537,1.0,0.5,0.8984395648118901
pilot_holdout,documented,signed,Big_Five_Inventory_2_openness_aesthetic_sensitivity,111,8,0.5122762372762374,1.0,0.8,0.9854384643459422
pilot_holdout,documented,signed,Big_Five_Inventory_2_openness_creative_imagination,111,7,0.5233766233766234,0.8,0.5,0.8921702809861953
pilot_holdout,documented,signed,Big_Five_Inventory_2_openness_intellectual_curiosity,111,6,0.5895665145665145,1.0,0.5,0.9242316829970704
pilot_holdout,documented,signed,Buss_Perry_Aggression_Questionnaire_Aggression,108,16,-0.16098392828222202,0.8,0.6,0.76595653406671
pilot_holdout,documented,signed,Buss_Perry_Aggression_Questionnaire_Aggression_Anger,111,15,0.07065637065637065,0.8,0.7,0.891554772786865
pilot_holdout,documented,signed,Buss_Perry_Aggression_Questionnaire_Aggression_Hostility,111,19,0.16363636363636364,1.0,0.7,0.9268944787312633
pilot_holdout,documented,signed,Buss_Perry_Aggression_Questionnaire_Aggression_Physical_aggression,111,7,-0.34912249912249915,0.4,0.2,0.5990988985989469
pilot_holdout,documented,signed,Buss_Perry_Aggression_Questionnaire_Aggression_Verbal_aggression,111,8,-0.1876009126009126,0.4,0.2,0.6234209898755986
pilot_holdout,documented,signed,Emotion_Regulation_Questionnaire_Emotion_Regulation,110,12,0.45907174898000586,0.4,0.4,0.8044255373584586
pilot_holdout,documented,signed,Emotion_Regulation_Questionnaire_Emotion_Regulation_Reappraisal,111,6,0.27507020007020005,0.4,0.4,0.6871147837788191
pilot_holdout,documented,signed,Emotion_Regulation_Questionnaire_Emotion_Regulation_Suppression,111,0,-0.5243155493155492,0.0,0.0,0.25644851759344145
pilot_holdout,documented,signed,Hope_Scale_Hope,110,45,0.47701462930820726,1.0,0.9,0.9006882261158333
pilot_holdout,documented,signed,Hope_Scale_Hope_Agency,111,38,0.5024833274833275,1.0,0.9,0.9330785807566597
pilot_holdout,documented,signed,Hope_Scale_Hope_Pathways,111,25,0.43172165672165674,0.2,0.4,0.7895856230587782
pilot_holdout,documented,signed,International_Personality_Item_Pool_120_agreeableness,106,20,0.3991485502682823,1.0,0.8,0.913727561846761
pilot_holdout,documented,signed,International_Personality_Item_Pool_120_agreeableness_altruism,111,17,0.5646718146718146,0.8,0.6,0.8823991005856874
pilot_holdout,documented,signed,International_Personality_Item_Pool_120_agreeableness_cooperation,111,12,0.2356265356265356,1.0,0.6,0.8164226082937626
pilot_holdout,documented,signed,International_Personality_Item_Pool_120_agreeableness_modesty,111,2,-0.11475078975078976,0.0,0.0,0.5047605916318375
pilot_holdout,documented,signed,International_Personality_Item_Pool_120_agreeableness_morality,111,14,0.30633555633555637,0.8,0.6,0.9105214799696227
pilot_holdout,documented,signed,International_Personality_Item_Pool_120_agreeableness_sympathy,111,8,0.4716918216918216,1.0,0.6,0.891675567797979
pilot_holdout,documented,signed,International_Personality_Item_Pool_120_agreeableness_trust,111,4,0.32449982449982445,0.2,0.3,0.9058571216803146
pilot_holdout,documented,signed,International_Personality_Item_Pool_120_conscientiousness,106,23,0.348625840743633,1.0,1.0,0.9573691315289132
pilot_holdout,documented,signed,International_Personality_Item_Pool_120_conscientiousness_achievement_striving,111,25,0.6417251667251667,1.0,1.0,0.953230384804995
pilot_holdout,documented,signed,International_Personality_Item_Pool_120_conscientiousness_cautiousness,111,9,-0.051912951912951914,0.8,0.4,0.666731064954051
pilot_holdout,documented,signed,International_Personality_Item_Pool_120_conscientiousness_dutifulness,111,9,0.4079062829062829,0.2,0.2,0.6512641598327177
pilot_holdout,documented,signed,International_Personality_Item_Pool_120_conscientiousness_orderliness,111,6,0.35425587925587926,0.6,0.4,0.9310487283340353
pilot_holdout,documented,signed,International_Personality_Item_Pool_120_conscientiousness_self_discipline,111,16,0.26562829062829063,1.0,0.8,0.933103374454284
pilot_holdout,documented,signed,International_Personality_Item_Pool_120_conscientiousness_self_efficacy,111,23,0.5395665145665146,1.0,1.0,0.9432193959063352
pilot_holdout,documented,signed,International_Personality_Item_Pool_120_extraversion,106,25,0.46788926115323576,1.0,0.8,0.9366468337991479
pilot_holdout,documented,signed,International_Personality_Item_Pool_120_extraversion_activiity_level,111,16,0.5315549315549315,0.8,0.7,0.9095294494823822
pilot_holdout,documented,signed,International_Personality_Item_Pool_120_extraversion_assertiveness,111,10,0.47727272727272724,0.8,0.7,0.944568910390733
pilot_holdout,documented,signed,International_Personality_Item_Pool_120_extraversion_cheerfulness,111,27,0.6322393822393823,1.0,1.0,0.9475467772054279
pilot_holdout,documented,signed,International_Personality_Item_Pool_120_extraversion_excitement_seeking,111,8,0.56000351000351,1.0,0.7,0.9456169469802238
pilot_holdout,documented,signed,International_Personality_Item_Pool_120_extraversion_friendliness,111,20,0.4641628641628642,0.8,0.7,0.9338101252861828
pilot_holdout,documented,signed,International_Personality_Item_Pool_120_extraversion_gregariousness,111,6,0.25186907686907684,1.0,0.6,0.952302318621488
pilot_holdout,documented,signed,International_Personality_Item_Pool_120_neuroticism,106,39,-0.021457540872106204,1.0,1.0,0.9283485688039391
pilot_holdout,documented,signed,International_Personality_Item_Pool_120_neuroticism_anger,111,17,0.11945419445419445,0.8,0.7,0.893035789472575
pilot_holdout,documented,signed,International_Personality_Item_Pool_120_neuroticism_anxiety,111,25,0.1845296595296595,1.0,1.0,0.955910268739911
pilot_holdout,documented,signed,International_Personality_Item_Pool_120_neuroticism_depression,111,38,-0.056458406458406454,1.0,0.9,0.8487363394658225
pilot_holdout,documented,signed,International_Personality_Item_Pool_120_neuroticism_immoderation,111,2,-0.07035802035802036,0.0,0.0,0.71356697028937
pilot_holdout,documented,signed,International_Personality_Item_Pool_120_neuroticism_self_consciousness,111,27,-0.13795191295191295,0.8,0.8,0.8710923042303058
pilot_holdout,documented,signed,International_Personality_Item_Pool_120_neuroticism_vulnerability,111,33,0.06217093717093716,0.8,0.7,0.8702923585815112
pilot_holdout,documented,signed,International_Personality_Item_Pool_120_openness,106,11,0.614540141572411,1.0,0.8,0.9385068640528724
pilot_holdout,documented,signed,International_Personality_Item_Pool_120_openness_adventurousness,111,4,-0.045972270972270975,0.2,0.2,0.7029350708388725
pilot_holdout,documented,signed,International_Personality_Item_Pool_120_openness_artistic_interests,111,5,0.5191997191997192,1.0,0.5,0.8969996865207589
pilot_holdout,documented,signed,International_Personality_Item_Pool_120_openness_emotionality,111,7,0.4181467181467181,0.6,0.6,0.8039204506749275
pilot_holdout,documented,signed,International_Personality_Item_Pool_120_openness_imagination,111,5,0.4388294138294138,0.8,0.4,0.8149941776333439
pilot_holdout,documented,signed,International_Personality_Item_Pool_120_openness_intellect,111,8,0.3232888732888733,1.0,0.7,0.9403928885632644
pilot_holdout,documented,signed,International_Personality_Item_Pool_120_openness_liberalism,111,1,0.07419269919269919,0.0,0.0,0.5164752299140828
pilot_holdout,documented,signed,Interpersonal_Reactivity_Index_Brief_Empathy,108,11,0.6296074004210847,0.4,0.6,0.7651267030488325
pilot_holdout,documented,signed,Interpersonal_Reactivity_Index_Brief_Empathy_Empathic_Concern,111,13,0.5390663390663392,1.0,0.6,0.889934209699742
pilot_holdout,documented,signed,Interpersonal_Reactivity_Index_Brief_Empathy_Fantasy,111,2,0.7059670059670059,0.2,0.2,0.925064668491541
pilot_holdout,documented,signed,Interpersonal_Reactivity_Index_Brief_Empathy_Personal_Distress,111,19,0.15043875043875043,1.0,0.8,0.9145259333150726
pilot_holdout,documented,signed,Interpersonal_Reactivity_Index_Brief_Empathy_Perspective_Taking,111,8,0.2998771498771498,0.0,0.1,0.5339922959423217
pilot_holdout,documented,signed,Life_Orientation_Test_Optimism,112,35,0.09313390508080774,0.8,0.9,0.8518258082287543
pilot_holdout,documented,signed,Mastery_Scale_Self_Mastery,112,26,0.030093620801585404,0.6,0.6,0.8289734547601093
pilot_holdout,documented,signed,Mindful_Attention_Awareness_Scale_Mindful_Attention_Awareness,112,20,0.055993098028496266,1.0,0.8,0.8675248748982708
pilot_holdout,documented,signed,Multidimensional_Scale_of_Perceived_Social_Support_Perceived_Social_Support,109,13,0.4709758131776481,0.0,0.2,0.7702368909433709
pilot_holdout,documented,signed,Multidimensional_Scale_of_Perceived_Social_Support_Perceived_Social_Support_Family,111,7,0.346007371007371,0.2,0.3,0.792796363006983
pilot_holdout,documented,signed,Multidimensional_Scale_of_Perceived_Social_Support_Perceived_Social_Support_Friends,111,8,0.5368462618462617,0.8,0.7,0.9026222305621217
pilot_holdout,documented,signed,Multidimensional_Scale_of_Perceived_Social_Support_Perceived_Social_Support_Significant_Other,111,1,0.5544577044577044,0.2,0.1,0.8219011532733376
pilot_holdout,documented,signed,Need_for_Cognition_Scale_Need_for_Cognition,112,12,0.3806078518467899,1.0,0.7,0.9348908111357135
pilot_holdout,documented,signed,Pain_Catastrophizing_Scale_Pain_Catastrophizing,109,27,0.06535075525901214,1.0,0.9,0.896943926717614
pilot_holdout,documented,signed,Pain_Catastrophizing_Scale_Pain_Catastrophizing_Helplessness,111,27,0.10175500175500175,0.8,0.9,0.9295712248568533
pilot_holdout,documented,signed,Pain_Catastrophizing_Scale_Pain_Catastrophizing_Magnification,111,24,0.1261846261846262,1.0,0.9,0.9589668860133886
pilot_holdout,documented,signed,Pain_Catastrophizing_Scale_Pain_Catastrophizing_Rumination,111,21,0.11768164268164268,0.8,0.8,0.8921832368612114
pilot_holdout,documented,signed,Penn_State_Worry_Questionnaire_Worry,112,23,0.33341305907677593,1.0,1.0,0.9673971106843305
pilot_holdout,documented,signed,Psychological_Well_Being_Scales_Well_being,106,46,0.3389122603723203,1.0,1.0,0.8975964057403317
pilot_holdout,documented,signed,Psychological_Well_Being_Scales_Well_being_autonomy,111,2,0.22517550017550017,0.0,0.1,0.8453749628351719
pilot_holdout,documented,signed,Psychological_Well_Being_Scales_Well_being_environmental_mastery,111,32,0.18656546156546155,0.8,0.9,0.8567520487211554
pilot_holdout,documented,signed,Psychological_Well_Being_Scales_Well_being_personal_growth,111,18,0.48390663390663385,0.6,0.6,0.8217718131722973
pilot_holdout,documented,signed,Psychological_Well_Being_Scales_Well_being_positive_relations_with_others,111,20,0.4352404352404352,0.6,0.7,0.8496380859489784
pilot_holdout,documented,signed,Psychological_Well_Being_Scales_Well_being_purpose_in_life,111,6,0.46909441909441907,0.0,0.1,0.7675812961898822
pilot_holdout,documented,signed,Psychological_Well_Being_Scales_Well_being_self_acceptance,111,29,0.29264654264654266,1.0,1.0,0.9210766059945313
pilot_holdout,documented,signed,Rosenberg_Self_Esteem_Scale_Self_Esteem,112,46,0.06875491167526566,1.0,0.8,0.8096624375939342
pilot_holdout,documented,signed,Satisfaction_with_Life_Scale_Satisfaction_with_Life,112,25,0.31038370861379716,1.0,0.8,0.9203804390280751
pilot_holdout,documented,signed,Self_Compassion_Scale___Short_Form_Self_Compassion,106,28,-0.17415421820288685,0.6,0.5,0.6450695680768698
pilot_holdout,documented,signed,Self_Compassion_Scale___Short_Form_Self_Compassion_Common_Humanity,111,1,0.33422253422253423,0.0,0.0,0.3661278131238138
pilot_holdout,documented,signed,Self_Compassion_Scale___Short_Form_Self_Compassion_Isolation,111,20,0.29660407160407154,1.0,1.0,0.9669831991540356
pilot_holdout,documented,signed,Self_Compassion_Scale___Short_Form_Self_Compassion_Mindfulness,111,7,-0.04348016848016848,0.4,0.2,0.6632988063232819
pilot_holdout,documented,signed,Self_Compassion_Scale___Short_Form_Self_Compassion_Over_Identification,111,21,0.4138294138294138,1.0,1.0,0.9816362331447841
pilot_holdout,documented,signed,Self_Compassion_Scale___Short_Form_Self_Compassion_Self_Judgement,111,17,0.23853106353106351,0.8,0.6,0.8977235510545778
pilot_holdout,documented,signed,Self_Compassion_Scale___Short_Form_Self_Compassion_Self_Kindness,111,4,0.16131976131976133,0.0,0.0,0.4045573101627558
pilot_holdout,documented,signed,Self_Control_Scale_Self_Control,112,26,0.16798783612942905,1.0,1.0,0.9538878797971063
pilot_holdout,documented,signed,Short_Grit_Scale_Grit,110,23,0.25254829475012963,1.0,1.0,0.9581996960930494
pilot_holdout,documented,signed,Short_Grit_Scale_Grit_Consistency_of_Interest,111,11,0.010582660582660582,1.0,0.7,0.8999970550955922
pilot_holdout,documented,signed,Short_Grit_Scale_Grit_Perseverance_of_Effort,111,29,0.47100737100737095,1.0,0.9,0.9749091508522094
pilot_holdout,documented,abs,Barratt_Impulsiveness_Scale_Short_Form_Impulsiveness,109,24,0.6271522565100547,1.0,0.8,0.8822464387893539
pilot_holdout,documented,abs,Barratt_Impulsiveness_Scale_Short_Form_Impulsiveness_Attention_impulsivity,111,14,0.5125482625482626,0.8,0.8,0.9305184232630652
pilot_holdout,documented,abs,Barratt_Impulsiveness_Scale_Short_Form_Impulsiveness_Motor_Impulsivity,111,9,0.5599069849069849,1.0,0.7,0.9487483011945731
pilot_holdout,documented,abs,Barratt_Impulsiveness_Scale_Short_Form_Impulsiveness_Non_planning,111,17,0.6562829062829063,1.0,1.0,0.9369090486512787
pilot_holdout,documented,abs,Behavioral_Activation_System_Scale_behavioral_activation,109,12,0.7404781762579928,1.0,0.7,0.9528450642845778
pilot_holdout,documented,abs,Behavioral_Activation_System_Scale_behavioral_activation_Drive,111,4,0.6068708318708318,0.2,0.3,0.7855129110612821
pilot_holdout,documented,abs,Behavioral_Activation_System_Scale_behavioral_activation_Fun_Seeking,111,6,0.4532204282204282,0.6,0.5,0.9213388210412389
pilot_holdout,documented,abs,Behavioral_Activation_System_Scale_behavioral_activation_Reward_Responsiveness,111,11,0.5501404001404001,0.4,0.3,0.7960371441397067
pilot_holdout,documented,abs,Behavioral_Inhibition_System_Scale_behavioral_inhibition,112,19,0.5915023746882154,1.0,0.8,0.9419697898062397
pilot_holdout,documented,abs,Big_Five_Inventory_2_agreeableness,109,16,0.6662125845612085,1.0,0.9,0.95892105070915
pilot_holdout,documented,abs,Big_Five_Inventory_2_agreeableness_compassion,111,12,0.5904089154089154,1.0,0.7,0.9242493857824052
pilot_holdout,documented,abs,Big_Five_Inventory_2_agreeableness_respectfulness,111,15,0.5977272727272727,1.0,0.8,0.9423788855031248
pilot_holdout,documented,abs,Big_Five_Inventory_2_agreeableness_trust,111,8,0.6415935415935415,0.8,0.7,0.93250235900982
pilot_holdout,documented,abs,Big_Five_Inventory_2_conscientiousness,109,19,0.6982670744138635,1.0,0.9,0.9537159967929633
pilot_holdout,documented,abs,Big_Five_Inventory_2_conscientiousness_organization,111,11,0.6698578448578448,1.0,0.9,0.9473103812996163
pilot_holdout,documented,abs,Big_Five_Inventory_2_conscientiousness_productiveness,111,20,0.7567743067743068,1.0,0.9,0.9520941769011967
pilot_holdout,documented,abs,Big_Five_Inventory_2_conscientiousness_responsibility,111,15,0.6948490698490699,1.0,0.7,0.9210857869827129
pilot_holdout,documented,abs,Big_Five_Inventory_2_extraversion,109,22,0.7331109257714763,1.0,1.0,0.9558020058148132
pilot_holdout,documented,abs,Big_Five_Inventory_2_extraversion_assertiveness,111,8,0.7285100035100035,1.0,0.6,0.9548414944345187
pilot_holdout,documented,abs,Big_Five_Inventory_2_extraversion_energy_level,111,22,0.7586346086346085,1.0,0.9,0.9149468056365868
pilot_holdout,documented,abs,Big_Five_Inventory_2_extraversion_sociability,111,12,0.7078799578799579,1.0,0.9,0.9801057816658987
pilot_holdout,documented,abs,Big_Five_Inventory_2_neuroticism,109,29,0.7229635807617459,1.0,1.0,0.9151789569245204
pilot_holdout,documented,abs,Big_Five_Inventory_2_neuroticism_anxiety,111,22,0.6623376623376622,1.0,1.0,0.9437511489736298
pilot_holdout,documented,abs,Big_Five_Inventory_2_neuroticism_depression,111,34,0.7448227448227448,1.0,1.0,0.9390224282726423
pilot_holdout,documented,abs,Big_Five_Inventory_2_neuroticism_emotional_volatility,111,19,0.7729729729729728,1.0,0.7,0.9188442398545422
pilot_holdout,documented,abs,Big_Five_Inventory_2_openness,109,6,0.5078120656102308,0.8,0.5,0.8637472576201942
pilot_holdout,documented,abs,Big_Five_Inventory_2_openness_aesthetic_sensitivity,111,8,0.5167514917514918,1.0,0.8,0.9470390819402382
pilot_holdout,documented,abs,Big_Five_Inventory_2_openness_creative_imagination,111,7,0.3993243243243243,0.8,0.5,0.8143702630332736
pilot_holdout,documented,abs,Big_Five_Inventory_2_openness_intellectual_curiosity,111,6,0.6546244296244296,1.0,0.5,0.9242316829970704
pilot_holdout,documented,abs,Buss_Perry_Aggression_Questionnaire_Aggression,108,16,0.7615441043375537,1.0,0.8,0.9521867823827869
pilot_holdout,documented,abs,Buss_Perry_Aggression_Questionnaire_Aggression_Anger,111,15,0.7488504738504738,0.8,0.7,0.9092663425180076
pilot_holdout,documented,abs,Buss_Perry_Aggression_Questionnaire_Aggression_Hostility,111,19,0.7032028782028782,1.0,0.8,0.9259366477976707
pilot_holdout,documented,abs,Buss_Perry_Aggression_Questionnaire_Aggression_Physical_aggression,111,7,0.505054405054405,0.8,0.6,0.956230898961608
pilot_holdout,documented,abs,Buss_Perry_Aggression_Questionnaire_Aggression_Verbal_aggression,111,8,0.5774745524745525,0.8,0.6,0.9304511001174868
pilot_holdout,documented,abs,Emotion_Regulation_Questionnaire_Emotion_Regulation,110,12,0.44070509208123887,0.4,0.4,0.8044255373584586
pilot_holdout,documented,abs,Emotion_Regulation_Questionnaire_Emotion_Regulation_Reappraisal,111,6,0.05579150579150578,0.2,0.3,0.6103436673049049
pilot_holdout,documented,abs,Emotion_Regulation_Questionnaire_Emotion_Regulation_Suppression,111,0,0.5281853281853282,0.0,0.0,0.7750125465005963
pilot_holdout,documented,abs,Hope_Scale_Hope,110,45,0.7441471496517368,1.0,0.9,0.9006882261158333
pilot_holdout,documented,abs,Hope_Scale_Hope_Agency,111,38,0.797130572130572,1.0,0.9,0.9206053528099587
pilot_holdout,documented,abs,Hope_Scale_Hope_Pathways,111,25,0.5449631449631448,0.2,0.4,0.7112378596959595
pilot_holdout,documented,abs,International_Personality_Item_Pool_120_agreeableness,106,20,0.6541401113434264,1.0,0.8,0.9539187651315757
pilot_holdout,documented,abs,International_Personality_Item_Pool_120_agreeableness_altruism,111,17,0.6129957879957879,0.8,0.6,0.8823991005856874
pilot_holdout,documented,abs,International_Personality_Item_Pool_120_agreeableness_cooperation,111,12,0.4414619164619164,1.0,1.0,0.9696795370970397
pilot_holdout,documented,abs,International_Personality_Item_Pool_120_agreeableness_modesty,111,2,0.23519656019656018,0.0,0.1,0.7501444102247883
pilot_holdout,documented,abs,International_Personality_Item_Pool_120_agreeableness_morality,111,14,0.39519129519129514,0.4,0.4,0.5122426527377059
pilot_holdout,documented,abs,International_Personality_Item_Pool_120_agreeableness_sympathy,111,8,0.5021498771498771,1.0,0.6,0.891675567797979
pilot_holdout,documented,abs,International_Personality_Item_Pool_120_agreeableness_trust,111,4,0.6256405756405756,0.2,0.3,0.9058571216803146
pilot_holdout,documented,abs,International_Personality_Item_Pool_120_conscientiousness,106,23,0.7018414489759931,1.0,1.0,0.9749389348987229
pilot_holdout,documented,abs,International_Personality_Item_Pool_120_conscientiousness_achievement_striving,111,25,0.7486047736047736,1.0,0.9,0.9255015216170951
pilot_holdout,documented,abs,International_Personality_Item_Pool_120_conscientiousness_cautiousness,111,9,0.5759564759564759,1.0,0.5,0.9355917690982444
pilot_holdout,documented,abs,International_Personality_Item_Pool_120_conscientiousness_dutifulness,111,9,0.2983327483327483,0.2,0.3,0.7001231155299932
pilot_holdout,documented,abs,International_Personality_Item_Pool_120_conscientiousness_orderliness,111,6,0.4541330291330291,0.6,0.5,0.9545698148592106
pilot_holdout,documented,abs,International_Personality_Item_Pool_120_conscientiousness_self_discipline,111,16,0.7760617760617761,1.0,0.7,0.8873295150840993
pilot_holdout,documented,abs,International_Personality_Item_Pool_120_conscientiousness_self_efficacy,111,23,0.8068971568971568,1.0,0.9,0.9271603804818106
pilot_holdout,documented,abs,International_Personality_Item_Pool_120_extraversion,106,25,0.7500163740333023,1.0,0.8,0.9380209943784936
pilot_holdout,documented,abs,International_Personality_Item_Pool_120_extraversion_activiity_level,111,16,0.5648999648999649,0.8,0.7,0.9095294494823822
pilot_holdout,documented,abs,International_Personality_Item_Pool_120_extraversion_assertiveness,111,10,0.780071955071955,0.8,0.7,0.944568910390733
pilot_holdout,documented,abs,International_Personality_Item_Pool_120_extraversion_cheerfulness,111,27,0.8347753597753597,1.0,1.0,0.9475467772054279
pilot_holdout,documented,abs,International_Personality_Item_Pool_120_extraversion_excitement_seeking,111,8,0.75504563004563,1.0,0.7,0.9456169469802238
pilot_holdout,documented,abs,International_Personality_Item_Pool_120_extraversion_friendliness,111,20,0.748034398034398,0.8,0.7,0.9338101252861828
pilot_holdout,documented,abs,International_Personality_Item_Pool_120_extraversion_gregariousness,111,6,0.5735170235170235,1.0,0.6,0.952302318621488
pilot_holdout,documented,abs,International_Personality_Item_Pool_120_neuroticism,106,39,0.771992845806988,1.0,1.0,0.9585083845367898
pilot_holdout,documented,abs,International_Personality_Item_Pool_120_neuroticism_anger,111,17,0.7778343278343277,0.8,0.7,0.893035789472575
pilot_holdout,documented,abs,International_Personality_Item_Pool_120_neuroticism_anxiety,111,25,0.7490084240084239,1.0,1.0,0.955910268739911
pilot_holdout,documented,abs,International_Personality_Item_Pool_120_neuroticism_depression,111,38,0.7321691821691821,1.0,0.9,0.9412919767000725
pilot_holdout,documented,abs,International_Personality_Item_Pool_120_neuroticism_immoderation,111,2,0.7755879255879256,0.2,0.2,0.8592996780401958
pilot_holdout,documented,abs,International_Personality_Item_Pool_120_neuroticism_self_consciousness,111,27,0.7313443313443313,0.8,0.8,0.9079519330126947
pilot_holdout,documented,abs,International_Personality_Item_Pool_120_neuroticism_vulnerability,111,33,0.593067743067743,1.0,0.8,0.869453270317564
pilot_holdout,documented,abs,International_Personality_Item_Pool_120_openness,106,11,0.6545330881426809,1.0,0.8,0.9385068640528724
pilot_holdout,documented,abs,International_Personality_Item_Pool_120_openness_adventurousness,111,4,0.43095823095823094,0.2,0.2,0.6774172745167468
pilot_holdout,documented,abs,International_Personality_Item_Pool_120_openness_artistic_interests,111,5,0.5696033696033695,1.0,0.5,0.8889390820436899
pilot_holdout,documented,abs,International_Personality_Item_Pool_120_openness_emotionality,111,7,0.49081256581256577,0.6,0.6,0.8024254781547321
pilot_holdout,documented,abs,International_Personality_Item_Pool_120_openness_imagination,111,5,0.4116181116181116,0.8,0.4,0.8149941776333439
pilot_holdout,documented,abs,International_Personality_Item_Pool_120_openness_intellect,111,8,0.45035100035100034,0.8,0.7,0.9146696985359242
pilot_holdout,documented,abs,International_Personality_Item_Pool_120_openness_liberalism,111,1,-0.0013776763776763776,0.0,0.0,0.4761805720582045
pilot_holdout,documented,abs,Interpersonal_Reactivity_Index_Brief_Empathy,108,11,0.5468956910267035,0.4,0.6,0.7651267030488325
pilot_holdout,documented,abs,Interpersonal_Reactivity_Index_Brief_Empathy_Empathic_Concern,111,13,0.6735521235521236,1.0,0.6,0.889934209699742
pilot_holdout,documented,abs,Interpersonal_Reactivity_Index_Brief_Empathy_Fantasy,111,2,0.726061776061776,0.2,0.2,0.925064668491541
pilot_holdout,documented,abs,Interpersonal_Reactivity_Index_Brief_Empathy_Personal_Distress,111,19,0.7458494208494209,1.0,0.9,0.9181064025059928
pilot_holdout,documented,abs,Interpersonal_Reactivity_Index_Brief_Empathy_Perspective_Taking,111,8,0.3042822042822043,0.0,0.1,0.5339922959423217
pilot_holdout,documented,abs,Life_Orientation_Test_Optimism,112,35,0.526779307752759,0.8,0.9,0.8518258082287543
pilot_holdout,documented,abs,Mastery_Scale_Self_Mastery,112,26,0.6904107014726484,0.8,0.6,0.8714318008494669
pilot_holdout,documented,abs,Mindful_Attention_Awareness_Scale_Mindful_Attention_Awareness,112,20,0.75374141524584,1.0,0.9,0.9336982290148782
pilot_holdout,documented,abs,Multidimensional_Scale_of_Perceived_Social_Support_Perceived_Social_Support,109,13,0.591919191919192,0.0,0.2,0.7702368909433709
pilot_holdout,documented,abs,Multidimensional_Scale_of_Perceived_Social_Support_Perceived_Social_Support_Family,111,7,0.46119691119691114,0.2,0.3,0.792796363006983
pilot_holdout,documented,abs,Multidimensional_Scale_of_Perceived_Social_Support_Perceived_Social_Support_Friends,111,8,0.6304668304668304,0.8,0.7,0.9026222305621217
pilot_holdout,documented,abs,Multidimensional_Scale_of_Perceived_Social_Support_Perceived_Social_Support_Significant_Other,111,1,0.5790101790101789,0.2,0.1,0.8219011532733376
pilot_holdout,documented,abs,Need_for_Cognition_Scale_Need_for_Cognition,112,12,0.5733078210954318,0.8,0.6,0.8997208868028093
pilot_holdout,documented,abs,Pain_Catastrophizing_Scale_Pain_Catastrophizing,109,27,0.562700398480215,1.0,0.9,0.8960707315096929
pilot_holdout,documented,abs,Pain_Catastrophizing_Scale_Pain_Catastrophizing_Helplessness,111,27,0.624017199017199,0.8,0.9,0.9324371357463235
pilot_holdout,documented,abs,Pain_Catastrophizing_Scale_Pain_Catastrophizing_Magnification,111,24,0.6269217269217269,1.0,0.9,0.9589668860133886
pilot_holdout,documented,abs,Pain_Catastrophizing_Scale_Pain_Catastrophizing_Rumination,111,21,0.30622148122148124,0.8,0.8,0.8921832368612114
pilot_holdout,documented,abs,Penn_State_Worry_Questionnaire_Worry,112,23,0.7081183585608365,1.0,1.0,0.9673971106843305
pilot_holdout,documented,abs,Psychological_Well_Being_Scales_Well_being,106,46,0.6180668564375142,1.0,1.0,0.8795275117677912
pilot_holdout,documented,abs,Psychological_Well_Being_Scales_Well_being_autonomy,111,2,0.6763776763776764,0.2,0.1,0.8292952625339692
pilot_holdout,documented,abs,Psychological_Well_Being_Scales_Well_being_environmental_mastery,111,32,0.7699368199368198,0.8,0.9,0.8845559668124694
pilot_holdout,documented,abs,Psychological_Well_Being_Scales_Well_being_personal_growth,111,18,0.4099333099333099,0.4,0.6,0.8653004062671893
pilot_holdout,documented,abs,Psychological_Well_Being_Scales_Well_being_positive_relations_with_others,111,20,0.6601965601965601,0.6,0.7,0.8496380859489784
pilot_holdout,documented,abs,Psychological_Well_Being_Scales_Well_being_purpose_in_life,111,6,0.16572481572481573,0.0,0.0,0.5819039223235375
pilot_holdout,documented,abs,Psychological_Well_Being_Scales_Well_being_self_acceptance,111,29,0.7347841347841347,0.8,0.9,0.9059829844894167
pilot_holdout,documented,abs,Rosenberg_Self_Esteem_Scale_Self_Esteem,112,46,0.7560221409778932,1.0,1.0,0.9508094382703425
pilot_holdout,documented,abs,Satisfaction_with_Life_Scale_Satisfaction_with_Life,112,25,0.6974493456794342,1.0,0.9,0.9452485241830493
pilot_holdout,documented,abs,Self_Compassion_Scale___Short_Form_Self_Compassion,106,28,0.5807038315237928,1.0,0.8,0.8636524858221994
pilot_holdout,documented,abs,Self_Compassion_Scale___Short_Form_Self_Compassion_Common_Humanity,111,1,0.22548262548262546,0.0,0.0,0.3661278131238138
pilot_holdout,documented,abs,Self_Compassion_Scale___Short_Form_Self_Compassion_Isolation,111,20,0.6651281151281151,1.0,1.0,0.9702575531908124
pilot_holdout,documented,abs,Self_Compassion_Scale___Short_Form_Self_Compassion_Mindfulness,111,7,0.2251228501228501,0.6,0.3,0.8017431431668565
pilot_holdout,documented,abs,Self_Compassion_Scale___Short_Form_Self_Compassion_Over_Identification,111,21,0.6147771147771147,1.0,1.0,0.9816362331447841
pilot_holdout,documented,abs,Self_Compassion_Scale___Short_Form_Self_Compassion_Self_Judgement,111,17,0.70506318006318,0.8,0.6,0.900729144374256
pilot_holdout,documented,abs,Self_Compassion_Scale___Short_Form_Self_Compassion_Self_Kindness,111,4,0.24584064584064586,0.0,0.0,0.4045573101627558
pilot_holdout,documented,abs,Self_Control_Scale_Self_Control,112,26,0.8103153722622749,1.0,1.0,0.9580761964865039
pilot_holdout,documented,abs,Short_Grit_Scale_Grit,110,23,0.790302729752271,1.0,1.0,0.9618524534375743
pilot_holdout,documented,abs,Short_Grit_Scale_Grit_Consistency_of_Interest,111,11,0.6417163917163916,0.4,0.4,0.7765071021314721
pilot_holdout,documented,abs,Short_Grit_Scale_Grit_Perseverance_of_Effort,111,29,0.7498508248508247,1.0,0.9,0.9605841862289763
pilot_holdout,documented,abs_cross_instrument,Barratt_Impulsiveness_Scale_Short_Form_Impulsiveness,109,24,0.6271522565100547,1.0,0.8,0.8822464387893539
pilot_holdout,documented,abs_cross_instrument,Barratt_Impulsiveness_Scale_Short_Form_Impulsiveness_Attention_impulsivity,109,14,0.5056065239551478,0.8,0.8,0.9305184232630652
pilot_holdout,documented,abs_cross_instrument,Barratt_Impulsiveness_Scale_Short_Form_Impulsiveness_Motor_Impulsivity,109,9,0.5456398850894264,1.0,0.7,0.9504988248521865
pilot_holdout,documented,abs_cross_instrument,Barratt_Impulsiveness_Scale_Short_Form_Impulsiveness_Non_planning,109,17,0.6449448614586231,1.0,1.0,0.9369090486512787
pilot_holdout,documented,abs_cross_instrument,Behavioral_Activation_System_Scale_behavioral_activation,109,12,0.7404781762579928,1.0,0.7,0.9528450642845778
pilot_holdout,documented,abs_cross_instrument,Behavioral_Activation_System_Scale_behavioral_activation_Drive,109,4,0.59436567509962,0.2,0.3,0.8429138101934797
pilot_holdout,documented,abs_cross_instrument,Behavioral_Activation_System_Scale_behavioral_activation_Fun_Seeking,109,5,0.43054397182837556,0.6,0.5,0.9298300129339313
pilot_holdout,documented,abs_cross_instrument,Behavioral_Activation_System_Scale_behavioral_activation_Reward_Responsiveness,109,10,0.5565563895839126,0.4,0.3,0.7755219434395377
pilot_holdout,documented,abs_cross_instrument,Behavioral_Inhibition_System_Scale_behavioral_inhibition,112,19,0.5915023746882154,1.0,0.8,0.9419697898062397
pilot_holdout,documented,abs_cross_instrument,Big_Five_Inventory_2_agreeableness,93,16,0.7205096833875443,1.0,0.9,0.95892105070915
pilot_holdout,documented,abs_cross_instrument,Big_Five_Inventory_2_agreeableness_compassion,93,10,0.6238100922085283,0.8,0.5,0.8772310016908791
pilot_holdout,documented,abs_cross_instrument,Big_Five_Inventory_2_agreeableness_respectfulness,93,13,0.6085464474351705,1.0,0.7,0.9373084704848297
pilot_holdout,documented,abs_cross_instrument,Big_Five_Inventory_2_agreeableness_trust,93,6,0.6552475306615737,0.6,0.5,0.9362763931750593
pilot_holdout,documented,abs_cross_instrument,Big_Five_Inventory_2_conscientiousness,93,19,0.7292829220256034,1.0,0.9,0.9537159967929633
pilot_holdout,documented,abs_cross_instrument,Big_Five_Inventory_2_conscientiousness_organization,93,9,0.6991137238518694,0.8,0.8,0.9486834015725762
pilot_holdout,documented,abs_cross_instrument,Big_Five_Inventory_2_conscientiousness_productiveness,93,18,0.7537972606009966,1.0,0.9,0.9469397468650352
pilot_holdout,documented,abs_cross_instrument,Big_Five_Inventory_2_conscientiousness_responsibility,93,13,0.6806720181432961,1.0,0.6,0.9034171810356171
pilot_holdout,documented,abs_cross_instrument,Big_Five_Inventory_2_extraversion,93,21,0.7662558562859955,1.0,1.0,0.9558020058148132
pilot_holdout,documented,abs_cross_instrument,Big_Five_Inventory_2_extraversion_assertiveness,93,6,0.7198531825370773,0.6,0.5,0.9541842242818286
pilot_holdout,documented,abs_cross_instrument,Big_Five_Inventory_2_extraversion_energy_level,93,19,0.7589149831398644,0.8,0.8,0.9130583666047561
pilot_holdout,documented,abs_cross_instrument,Big_Five_Inventory_2_extraversion_sociability,93,10,0.7431888036764047,1.0,0.7,0.9652346799977719
pilot_holdout,documented,abs_cross_instrument,Big_Five_Inventory_2_neuroticism,93,29,0.7777147802214198,1.0,1.0,0.9151789569245204
pilot_holdout,documented,abs_cross_instrument,Big_Five_Inventory_2_neuroticism_anxiety,93,20,0.7166900420757362,1.0,1.0,0.9483898826297725
pilot_holdout,documented,abs_cross_instrument,Big_Five_Inventory_2_neuroticism_depression,93,30,0.7915311390289754,1.0,1.0,0.9399477974542318
pilot_holdout,documented,abs_cross_instrument,Big_Five_Inventory_2_neuroticism_emotional_volatility,93,17,0.8024976873265494,0.8,0.6,0.9088410014731255
pilot_holdout,documented,abs_cross_instrument,Big_Five_Inventory_2_openness,93,6,0.4984184297693294,0.8,0.5,0.8637472576201942
pilot_holdout,documented,abs_cross_instrument,Big_Five_Inventory_2_openness_aesthetic_sensitivity,93,6,0.476455492226433,0.8,0.6,0.9027549505297281
pilot_holdout,documented,abs_cross_instrument,Big_Five_Inventory_2_openness_creative_imagination,93,5,0.3750559517770284,0.6,0.3,0.7830771003745371
pilot_holdout,documented,abs_cross_instrument,Big_Five_Inventory_2_openness_intellectual_curiosity,93,4,0.6272268807257317,0.6,0.3,0.8865979166318919
pilot_holdout,documented,abs_cross_instrument,Buss_Perry_Aggression_Questionnaire_Aggression,108,16,0.7615441043375537,1.0,0.8,0.9521867823827869
pilot_holdout,documented,abs_cross_instrument,Buss_Perry_Aggression_Questionnaire_Aggression_Anger,108,12,0.7433288557356121,0.8,0.7,0.9173608853507083
pilot_holdout,documented,abs_cross_instrument,Buss_Perry_Aggression_Questionnaire_Aggression_Hostility,108,18,0.6918745891565921,1.0,0.8,0.9259366477976707
pilot_holdout,documented,abs_cross_instrument,Buss_Perry_Aggression_Questionnaire_Aggression_Physical_aggression,108,6,0.46752788971772075,1.0,0.5,0.9529572923940369
pilot_holdout,documented,abs_cross_instrument,Buss_Perry_Aggression_Questionnaire_Aggression_Verbal_aggression,108,7,0.5451808663675249,1.0,0.6,0.9390601737850679
pilot_holdout,documented,abs_cross_instrument,Emotion_Regulation_Questionnaire_Emotion_Regulation,110,12,0.44070509208123887,0.4,0.4,0.8044255373584586
pilot_holdout,documented,abs_cross_instrument,Emotion_Regulation_Questionnaire_Emotion_Regulation_Reappraisal,110,6,0.05944142641390348,0.2,0.3,0.6103436673049049
pilot_holdout,documented,abs_cross_instrument,Emotion_Regulation_Questionnaire_Emotion_Regulation_Suppression,110,0,0.5289317674638775,0.0,0.0,0.7750125465005963
pilot_holdout,documented,abs_cross_instrument,Hope_Scale_Hope,110,45,0.7441471496517368,1.0,0.9,0.9006882261158333
pilot_holdout,documented,abs_cross_instrument,Hope_Scale_Hope_Agency,110,37,0.7987061289813584,1.0,0.9,0.9206053528099587
pilot_holdout,documented,abs_cross_instrument,Hope_Scale_Hope_Pathways,110,24,0.5350089038162433,0.2,0.3,0.6816628114964811
pilot_holdout,documented,abs_cross_instrument,International_Personality_Item_Pool_120_agreeableness,78,16,0.6651702727652093,1.0,0.8,0.9557683068072206
pilot_holdout,documented,abs_cross_instrument,International_Personality_Item_Pool_120_agreeableness_altruism,78,10,0.602195273081349,0.8,0.5,0.862673984615504
pilot_holdout,documented,abs_cross_instrument,International_Personality_Item_Pool_120_agreeableness_cooperation,78,9,0.4545707457099862,1.0,0.7,0.9086870090806309
pilot_holdout,documented,abs_cross_instrument,International_Personality_Item_Pool_120_agreeableness_modesty,78,1,0.26605040529091156,0.0,0.1,0.8157196225203743
pilot_holdout,documented,abs_cross_instrument,International_Personality_Item_Pool_120_agreeableness_morality,78,9,0.43049355707583553,0.4,0.4,0.510200162643903
pilot_holdout,documented,abs_cross_instrument,International_Personality_Item_Pool_120_agreeableness_sympathy,78,5,0.4594772316291304,0.8,0.4,0.8318258476011918
pilot_holdout,documented,abs_cross_instrument,International_Personality_Item_Pool_120_agreeableness_trust,78,3,0.6174964276230098,0.4,0.3,0.8933864565340466
pilot_holdout,documented,abs_cross_instrument,International_Personality_Item_Pool_120_conscientiousness,78,20,0.7761984850592445,1.0,1.0,0.9749389348987229
pilot_holdout,documented,abs_cross_instrument,International_Personality_Item_Pool_120_conscientiousness_achievement_striving,78,18,0.8205338964832635,1.0,0.8,0.9571508711431544
pilot_holdout,documented,abs_cross_instrument,International_Personality_Item_Pool_120_conscientiousness_cautiousness,78,9,0.6034092489788692,1.0,0.6,0.9309144142215804
pilot_holdout,documented,abs_cross_instrument,International_Personality_Item_Pool_120_conscientiousness_dutifulness,78,6,0.40790854714905345,0.4,0.3,0.7669929091693348
pilot_holdout,documented,abs_cross_instrument,International_Personality_Item_Pool_120_conscientiousness_orderliness,78,5,0.5891956145120701,0.8,0.5,0.9709609540523894
pilot_holdout,documented,abs_cross_instrument,International_Personality_Item_Pool_120_conscientiousness_self_discipline,78,13,0.7891981436285234,0.8,0.7,0.8856883100004538
pilot_holdout,documented,abs_cross_instrument,International_Personality_Item_Pool_120_conscientiousness_self_efficacy,78,16,0.8210144286093652,1.0,0.9,0.9419024351702625
pilot_holdout,documented,abs_cross_instrument,International_Personality_Item_Pool_120_extraversion,78,19,0.7653738666396893,1.0,0.8,0.9384395500547213
pilot_holdout,documented,abs_cross_instrument,International_Personality_Item_Pool_120_extraversion_activiity_level,78,10,0.5961506847582797,0.6,0.6,0.8827529615076276
pilot_holdout,documented,abs_cross_instrument,International_Personality_Item_Pool_120_extraversion_assertiveness,78,6,0.7480494189354948,0.8,0.6,0.947920945775295
pilot_holdout,documented,abs_cross_instrument,International_Personality_Item_Pool_120_extraversion_cheerfulness,78,21,0.8705851110914401,1.0,0.9,0.9590890013633023
pilot_holdout,documented,abs_cross_instrument,International_Personality_Item_Pool_120_extraversion_excitement_seeking,78,5,0.7397792081336384,1.0,0.5,0.9655577943269612
pilot_holdout,documented,abs_cross_instrument,International_Personality_Item_Pool_120_extraversion_friendliness,78,14,0.7089492785695316,0.8,0.7,0.9243950864777009
pilot_holdout,documented,abs_cross_instrument,International_Personality_Item_Pool_120_extraversion_gregariousness,78,3,0.5333021408970775,0.6,0.3,0.895264340445906
pilot_holdout,documented,abs_cross_instrument,International_Personality_Item_Pool_120_neuroticism,78,35,0.7778929930828663,1.0,1.0,0.9585083845367898
pilot_holdout,documented,abs_cross_instrument,International_Personality_Item_Pool_120_neuroticism_anger,78,14,0.7718231135952653,0.8,0.8,0.9064834240791382
pilot_holdout,documented,abs_cross_instrument,International_Personality_Item_Pool_120_neuroticism_anxiety,78,20,0.7680294389155147,1.0,1.0,0.967356279384809
pilot_holdout,documented,abs_cross_instrument,International_Personality_Item_Pool_120_neuroticism_depression,78,32,0.7002997002997002,1.0,0.9,0.9417572333647998
pilot_holdout,documented,abs_cross_instrument,International_Personality_Item_Pool_120_neuroticism_immoderation,78,2,0.7964061255200495,0.2,0.2,0.8877452957444066
pilot_holdout,documented,abs_cross_instrument,International_Personality_Item_Pool_120_neuroticism_self_consciousness,78,21,0.684568595961001,0.8,0.7,0.908804080455655
pilot_holdout,documented,abs_cross_instrument,International_Personality_Item_Pool_120_neuroticism_vulnerability,78,27,0.5624122712730307,1.0,0.8,0.8894502066528658
pilot_holdout,documented,abs_cross_instrument,International_Personality_Item_Pool_120_openness,78,9,0.6805978831295287,1.0,0.8,0.9477391479009097
pilot_holdout,documented,abs_cross_instrument,International_Personality_Item_Pool_120_openness_adventurousness,78,2,0.3714892702234474,0.0,0.1,0.5782633203944313
pilot_holdout,documented,abs_cross_instrument,International_Personality_Item_Pool_120_openness_artistic_interests,78,4,0.6314571504444921,0.8,0.4,0.9067999982816584
pilot_holdout,documented,abs_cross_instrument,International_Personality_Item_Pool_120_openness_emotionality,78,4,0.543797974177721,0.6,0.3,0.7864562858578888
pilot_holdout,documented,abs_cross_instrument,International_Personality_Item_Pool_120_openness_imagination,78,5,0.5109194602865489,0.8,0.4,0.8270875916989541
pilot_holdout,documented,abs_cross_instrument,International_Personality_Item_Pool_120_openness_intellect,78,6,0.5553054540396312,0.8,0.6,0.9544804820962846
pilot_holdout,documented,abs_cross_instrument,International_Personality_Item_Pool_120_openness_liberalism,78,1,0.014453900529849895,0.0,0.0,0.42381039765038275
pilot_holdout,documented,abs_cross_instrument,Interpersonal_Reactivity_Index_Brief_Empathy,108,11,0.5468956910267035,0.4,0.6,0.7651267030488325
pilot_holdout,documented,abs_cross_instrument,Interpersonal_Reactivity_Index_Brief_Empathy_Empathic_Concern,108,11,0.658035382548801,1.0,0.6,0.9033416508525841
pilot_holdout,documented,abs_cross_instrument,Interpersonal_Reactivity_Index_Brief_Empathy_Fantasy,108,1,0.7132908437890004,0.2,0.1,0.9035954565748795
pilot_holdout,documented,abs_cross_instrument,Interpersonal_Reactivity_Index_Brief_Empathy_Personal_Distress,108,19,0.7455200205778959,1.0,0.9,0.9181064025059928
pilot_holdout,documented,abs_cross_instrument,Interpersonal_Reactivity_Index_Brief_Empathy_Perspective_Taking,108,7,0.2864328789047987,0.0,0.0,0.44483658203470144
pilot_holdout,documented,abs_cross_instrument,Life_Orientation_Test_Optimism,112,35,0.526779307752759,0.8,0.9,0.8518258082287543
pilot_holdout,documented,abs_cross_instrument,Mastery_Scale_Self_Mastery,112,26,0.6904107014726484,0.8,0.6,0.8714318008494669
pilot_holdout,documented,abs_cross_instrument,Mindful_Attention_Awareness_Scale_Mindful_Attention_Awareness,112,20,0.75374141524584,1.0,0.9,0.9336982290148782
pilot_holdout,documented,abs_cross_instrument,Multidimensional_Scale_of_Perceived_Social_Support_Perceived_Social_Support,109,13,0.591919191919192,0.0,0.2,0.7702368909433709
pilot_holdout,documented,abs_cross_instrument,Multidimensional_Scale_of_Perceived_Social_Support_Perceived_Social_Support_Family,109,6,0.436484107126309,0.0,0.2,0.6990182291206601
pilot_holdout,documented,abs_cross_instrument,Multidimensional_Scale_of_Perceived_Social_Support_Perceived_Social_Support_Friends,109,6,0.6106292280604209,0.6,0.5,0.8625456424982588
pilot_holdout,documented,abs_cross_instrument,Multidimensional_Scale_of_Perceived_Social_Support_Perceived_Social_Support_Significant_Other,109,0,0.5574923547400612,0.0,0.0,0.7706536948463041
pilot_holdout,documented,abs_cross_instrument,Need_for_Cognition_Scale_Need_for_Cognition,112,12,0.5733078210954318,0.8,0.6,0.8997208868028093
pilot_holdout,documented,abs_cross_instrument,Pain_Catastrophizing_Scale_Pain_Catastrophizing,109,27,0.562700398480215,1.0,0.9,0.8960707315096929
pilot_holdout,documented,abs_cross_instrument,Pain_Catastrophizing_Scale_Pain_Catastrophizing_Helplessness,109,25,0.6029469001946067,0.8,0.9,0.9039931877172678
pilot_holdout,documented,abs_cross_instrument,Pain_Catastrophizing_Scale_Pain_Catastrophizing_Magnification,109,22,0.6060142711518859,1.0,0.9,0.9491403425881533
pilot_holdout,documented,abs_cross_instrument,Pain_Catastrophizing_Scale_Pain_Catastrophizing_Rumination,109,19,0.267333889352238,0.8,0.6,0.752926736262307
pilot_holdout,documented,abs_cross_instrument,Penn_State_Worry_Questionnaire_Worry,112,23,0.7081183585608365,1.0,1.0,0.9673971106843305
pilot_holdout,documented,abs_cross_instrument,Psychological_Well_Being_Scales_Well_being,106,46,0.6180668564375142,1.0,1.0,0.8795275117677912
pilot_holdout,documented,abs_cross_instrument,Psychological_Well_Being_Scales_Well_being_autonomy,106,2,0.6760057435070661,0.2,0.1,0.8283800616083019
pilot_holdout,documented,abs_cross_instrument,Psychological_Well_Being_Scales_Well_being_environmental_mastery,106,31,0.7723152883089403,0.8,0.9,0.8920952398077224
pilot_holdout,documented,abs_cross_instrument,Psychological_Well_Being_Scales_Well_being_personal_growth,106,16,0.426858452779807,0.4,0.6,0.8709660765186783
pilot_holdout,documented,abs_cross_instrument,Psychological_Well_Being_Scales_Well_being_positive_relations_with_others,106,19,0.6474091241151724,0.6,0.7,0.8533119702901678
pilot_holdout,documented,abs_cross_instrument,Psychological_Well_Being_Scales_Well_being_purpose_in_life,106,5,0.1696198705191828,0.0,0.0,0.5939337376659948
pilot_holdout,documented,abs_cross_instrument,Psychological_Well_Being_Scales_Well_being_self_acceptance,106,26,0.729480817190216,0.8,0.9,0.8989411772958787
pilot_holdout,documented,abs_cross_instrument,Rosenberg_Self_Esteem_Scale_Self_Esteem,112,46,0.7560221409778932,1.0,1.0,0.9508094382703425
pilot_holdout,documented,abs_cross_instrument,Satisfaction_with_Life_Scale_Satisfaction_with_Life,112,25,0.6974493456794342,1.0,0.9,0.9452485241830493
pilot_holdout,documented,abs_cross_instrument,Self_Compassion_Scale___Short_Form_Self_Compassion,106,28,0.5807038315237928,1.0,0.8,0.8636524858221994
pilot_holdout,documented,abs_cross_instrument,Self_Compassion_Scale___Short_Form_Self_Compassion_Common_Humanity,106,0,0.20773862004685495,0.0,0.0,0.468830970681439
pilot_holdout,documented,abs_cross_instrument,Self_Compassion_Scale___Short_Form_Self_Compassion_Isolation,106,18,0.6803184119706779,1.0,1.0,0.9577075960233846
pilot_holdout,documented,abs_cross_instrument,Self_Compassion_Scale___Short_Form_Self_Compassion_Mindfulness,106,7,0.20047358742474244,0.6,0.3,0.769412777128654
pilot_holdout,documented,abs_cross_instrument,Self_Compassion_Scale___Short_Form_Self_Compassion_Over_Identification,106,19,0.6230848678741466,1.0,1.0,0.9748163516089998
pilot_holdout,documented,abs_cross_instrument,Self_Compassion_Scale___Short_Form_Self_Compassion_Self_Judgement,106,15,0.7269718114718997,0.6,0.6,0.9047887086935353
pilot_holdout,documented,abs_cross_instrument,Self_Compassion_Scale___Short_Form_Self_Compassion_Self_Kindness,106,3,0.2515706476559942,0.0,0.0,0.4129170780186335
pilot_holdout,documented,abs_cross_instrument,Self_Control_Scale_Self_Control,112,26,0.8103153722622749,1.0,1.0,0.9580761964865039
pilot_holdout,documented,abs_cross_instrument,Short_Grit_Scale_Grit,110,23,0.790302729752271,1.0,1.0,0.9618524534375743
pilot_holdout,documented,abs_cross_instrument,Short_Grit_Scale_Grit_Consistency_of_Interest,110,11,0.663683700380948,0.4,0.4,0.7765071021314721
pilot_holdout,documented,abs_cross_instrument,Short_Grit_Scale_Grit_Perseverance_of_Effort,110,29,0.7608457498365755,1.0,0.9,0.9605841862289763
pilot_holdout,aligned,signed,Barratt_Impulsiveness_Scale_Short_Form_Impulsiveness,109,24,-0.3434065424891113,0.4,0.3,0.581880333779827
pilot_holdout,aligned,signed,Barratt_Impulsiveness_Scale_Short_Form_Impulsiveness_Attention_impulsivity,111,14,-0.2902597402597403,0.2,0.1,0.6693859562182886
pilot_holdout,aligned,signed,Barratt_Impulsiveness_Scale_Short_Form_Impulsiveness_Motor_Impulsivity,111,9,-0.07484204984204984,0.4,0.2,0.6513246245686566
pilot_holdout,aligned,signed,Barratt_Impulsiveness_Scale_Short_Form_Impulsiveness_Non_planning,111,17,-0.5643032643032643,0.0,0.0,0.4122966870827078
pilot_holdout,aligned,signed,Behavioral_Activation_System_Scale_behavioral_activation,109,12,0.6986748216106016,1.0,0.7,0.9696044205375902
pilot_holdout,aligned,signed,Behavioral_Activation_System_Scale_behavioral_activation_Drive,111,4,0.539171639171639,0.2,0.3,0.863182594393438
pilot_holdout,aligned,signed,Behavioral_Activation_System_Scale_behavioral_activation_Fun_Seeking,111,6,0.25235170235170234,0.8,0.5,0.8766850721791678
pilot_holdout,aligned,signed,Behavioral_Activation_System_Scale_behavioral_activation_Reward_Responsiveness,111,11,0.6575816075816076,0.4,0.3,0.7847992747735061
pilot_holdout,aligned,signed,Behavioral_Inhibition_System_Scale_behavioral_inhibition,112,19,0.40128814022619336,1.0,0.8,0.9419697898062397
pilot_holdout,aligned,signed,Big_Five_Inventory_2_agreeableness,109,16,0.32900565285886385,0.8,0.7,0.8850880793925072
pilot_holdout,aligned,signed,Big_Five_Inventory_2_agreeableness_compassion,111,12,0.48228325728325727,1.0,0.7,0.9291440961759894
pilot_holdout,aligned,signed,Big_Five_Inventory_2_agreeableness_respectfulness,111,15,0.27902772902772904,1.0,0.6,0.8702524921482578
pilot_holdout,aligned,signed,Big_Five_Inventory_2_agreeableness_trust,111,8,0.07388557388557389,0.8,0.5,0.855996360484391
pilot_holdout,aligned,signed,Big_Five_Inventory_2_conscientiousness,109,19,0.3400333611342786,1.0,0.9,0.9427923379911519
pilot_holdout,aligned,signed,Big_Five_Inventory_2_conscientiousness_organization,111,11,0.3404352404352404,1.0,0.8,0.9303403327621992
pilot_holdout,aligned,signed,Big_Five_Inventory_2_conscientiousness_productiveness,111,20,0.47563180063180066,1.0,0.9,0.9542310527758383
pilot_holdout,aligned,signed,Big_Five_Inventory_2_conscientiousness_responsibility,111,15,0.2989294489294489,1.0,0.7,0.9179612876394758
pilot_holdout,aligned,signed,Big_Five_Inventory_2_extraversion,109,22,0.45266425725141324,1.0,0.9,0.935634777878749
pilot_holdout,aligned,signed,Big_Five_Inventory_2_extraversion_assertiveness,111,8,0.41635661635661636,0.8,0.4,0.8965988026641251
pilot_holdout,aligned,signed,Big_Five_Inventory_2_extraversion_energy_level,111,22,0.6037206037206037,1.0,0.9,0.9198224657118732
pilot_holdout,aligned,signed,Big_Five_Inventory_2_extraversion_sociability,111,12,0.389013689013689,1.0,0.8,0.9574655878707039
pilot_holdout,aligned,signed,Big_Five_Inventory_2_neuroticism,109,29,0.10843295338708184,1.0,1.0,0.9420927908242773
pilot_holdout,aligned,signed,Big_Five_Inventory_2_neuroticism_anxiety,111,22,0.2261056511056511,1.0,1.0,0.9437511489736298
pilot_holdout,aligned,signed,Big_Five_Inventory_2_neuroticism_depression,111,34,0.004484029484029484,1.0,1.0,0.896894845994832
pilot_holdout,aligned,signed,Big_Five_Inventory_2_neuroticism_emotional_volatility,111,19,0.20434362934362935,1.0,0.8,0.9378916848017307
pilot_holdout,aligned,signed,Big_Five_Inventory_2_openness,109,6,0.5637846353442684,1.0,0.5,0.8995876155903301
pilot_holdout,aligned,signed,Big_Five_Inventory_2_openness_aesthetic_sensitivity,111,8,0.511126711126711,1.0,0.8,0.9854384643459422
pilot_holdout,aligned,signed,Big_Five_Inventory_2_openness_creative_imagination,111,7,0.5244998244998245,0.8,0.5,0.8921702809861953
pilot_holdout,aligned,signed,Big_Five_Inventory_2_openness_intellectual_curiosity,111,6,0.5915584415584415,1.0,0.5,0.9242950672147368
pilot_holdout,aligned,signed,Buss_Perry_Aggression_Questionnaire_Aggression,108,16,-0.1634227900197205,0.8,0.5,0.7313071838233729
pilot_holdout,aligned,signed,Buss_Perry_Aggression_Questionnaire_Aggression_Anger,111,15,0.06775184275184275,0.8,0.7,0.891554772786865
pilot_holdout,aligned,signed,Buss_Perry_Aggression_Questionnaire_Aggression_Hostility,111,19,0.16108283608283608,1.0,0.7,0.9268944787312633
pilot_holdout,aligned,signed,Buss_Perry_Aggression_Questionnaire_Aggression_Physical_aggression,111,7,-0.3455861705861705,0.4,0.2,0.5785913982345279
pilot_holdout,aligned,signed,Buss_Perry_Aggression_Questionnaire_Aggression_Verbal_aggression,111,8,-0.1824236574236574,0.4,0.2,0.6234209898755986
pilot_holdout,aligned,signed,Emotion_Regulation_Questionnaire_Emotion_Regulation,110,12,0.45964880643779726,0.4,0.4,0.8047924492827297
pilot_holdout,aligned,signed,Emotion_Regulation_Questionnaire_Emotion_Regulation_Reappraisal,111,6,0.2736135486135486,0.4,0.4,0.6871147837788191
pilot_holdout,aligned,signed,Emotion_Regulation_Questionnaire_Emotion_Regulation_Suppression,111,0,-0.5208845208845209,0.0,0.0,0.25644851759344145
pilot_holdout,aligned,signed,Hope_Scale_Hope,110,45,0.47820481031490203,1.0,0.9,0.8938517831207787
pilot_holdout,aligned,signed,Hope_Scale_Hope_Agency,111,38,0.5064671814671814,1.0,0.9,0.9296467404756658
pilot_holdout,aligned,signed,Hope_Scale_Hope_Pathways,111,25,0.42874692874692877,0.2,0.5,0.7997596601567178
pilot_holdout,aligned,signed,International_Personality_Item_Pool_120_agreeableness,106,20,0.4183137264780714,1.0,0.8,0.9126112952392984
pilot_holdout,aligned,signed,International_Personality_Item_Pool_120_agreeableness_altruism,111,17,0.5689715689715689,0.8,0.6,0.8823991005856874
pilot_holdout,aligned,signed,International_Personality_Item_Pool_120_agreeableness_cooperation,111,12,0.23357318357318357,1.0,0.6,0.8164226082937626
pilot_holdout,aligned,signed,International_Personality_Item_Pool_120_agreeableness_modesty,111,2,-0.10531765531765531,0.0,0.0,0.5047605916318375
pilot_holdout,aligned,signed,International_Personality_Item_Pool_120_agreeableness_morality,111,14,0.3024043524043523,0.8,0.6,0.9101114057509662
pilot_holdout,aligned,signed,International_Personality_Item_Pool_120_agreeableness_sympathy,111,8,0.4801684801684801,1.0,0.6,0.8878835005817397
pilot_holdout,aligned,signed,International_Personality_Item_Pool_120_agreeableness_trust,111,4,0.312012987012987,0.2,0.3,0.9058571216803146
pilot_holdout,aligned,signed,International_Personality_Item_Pool_120_conscientiousness,106,23,0.33650401793586415,1.0,0.9,0.9392342301079593
pilot_holdout,aligned,signed,International_Personality_Item_Pool_120_conscientiousness_achievement_striving,111,25,0.6453755703755704,1.0,1.0,0.953230384804995
pilot_holdout,aligned,signed,International_Personality_Item_Pool_120_conscientiousness_cautiousness,111,9,-0.04411196911196911,0.8,0.4,0.665968457375522
pilot_holdout,aligned,signed,International_Personality_Item_Pool_120_conscientiousness_dutifulness,111,9,0.4083362583362583,0.2,0.3,0.6903535951450765
pilot_holdout,aligned,signed,International_Personality_Item_Pool_120_conscientiousness_orderliness,111,6,0.3593015093015093,0.8,0.4,0.9306620564029676
pilot_holdout,aligned,signed,International_Personality_Item_Pool_120_conscientiousness_self_discipline,111,16,0.26969111969111964,1.0,0.8,0.9346875955976173
pilot_holdout,aligned,signed,International_Personality_Item_Pool_120_conscientiousness_self_efficacy,111,23,0.5459196209196209,1.0,1.0,0.9432193959063352
pilot_holdout,aligned,signed,International_Personality_Item_Pool_120_extraversion,106,25,0.46797994810690985,1.0,0.8,0.9379435802417443
pilot_holdout,aligned,signed,International_Personality_Item_Pool_120_extraversion_activiity_level,111,16,0.5348455598455598,0.8,0.8,0.9216055223127582
pilot_holdout,aligned,signed,International_Personality_Item_Pool_120_extraversion_assertiveness,111,10,0.4768778518778518,0.6,0.7,0.9252001843408699
pilot_holdout,aligned,signed,International_Personality_Item_Pool_120_extraversion_cheerfulness,111,27,0.6321779571779571,1.0,1.0,0.9475467772054279
pilot_holdout,aligned,signed,International_Personality_Item_Pool_120_extraversion_excitement_seeking,111,8,0.5521323271323271,1.0,0.7,0.9456169469802238
pilot_holdout,aligned,signed,International_Personality_Item_Pool_120_extraversion_friendliness,111,20,0.4631010881010881,0.8,0.7,0.9338101252861828
pilot_holdout,aligned,signed,International_Personality_Item_Pool_120_extraversion_gregariousness,111,6,0.24549842049842047,1.0,0.6,0.952302318621488
pilot_holdout,aligned,signed,International_Personality_Item_Pool_120_neuroticism,106,39,-0.022999219084565585,1.0,1.0,0.9283485688039391
pilot_holdout,aligned,signed,International_Personality_Item_Pool_120_neuroticism_anger,111,17,0.11717269217269217,0.8,0.7,0.893035789472575
pilot_holdout,aligned,signed,International_Personality_Item_Pool_120_neuroticism_anxiety,111,25,0.18587223587223586,1.0,1.0,0.955910268739911
pilot_holdout,aligned,signed,International_Personality_Item_Pool_120_neuroticism_depression,111,38,-0.05601088101088101,1.0,0.9,0.8487363394658225
pilot_holdout,aligned,signed,International_Personality_Item_Pool_120_neuroticism_immoderation,111,2,-0.07121797121797122,0.0,0.0,0.7092885349889865
pilot_holdout,aligned,signed,International_Personality_Item_Pool_120_neuroticism_self_consciousness,111,27,-0.13557388557388556,0.8,0.8,0.8710923042303058
pilot_holdout,aligned,signed,International_Personality_Item_Pool_120_neuroticism_vulnerability,111,33,0.06318883818883818,0.8,0.7,0.8672670540663366
pilot_holdout,aligned,signed,International_Personality_Item_Pool_120_openness,106,11,0.611214953271028,1.0,0.7,0.9302688013581415
pilot_holdout,aligned,signed,International_Personality_Item_Pool_120_openness_adventurousness,111,4,-0.04586697086697086,0.2,0.2,0.7029350708388725
pilot_holdout,aligned,signed,International_Personality_Item_Pool_120_openness_artistic_interests,111,5,0.5228062478062477,1.0,0.5,0.8969996865207589
pilot_holdout,aligned,signed,International_Personality_Item_Pool_120_openness_emotionality,111,7,0.42689540189540187,0.6,0.6,0.8023231525058189
pilot_holdout,aligned,signed,International_Personality_Item_Pool_120_openness_imagination,111,5,0.4384959634959635,0.6,0.4,0.8110424712796733
pilot_holdout,aligned,signed,International_Personality_Item_Pool_120_openness_intellect,111,8,0.3223762723762723,1.0,0.7,0.9411558721201918
pilot_holdout,aligned,signed,International_Personality_Item_Pool_120_openness_liberalism,111,1,0.07864162864162864,0.0,0.0,0.5626137684766085
pilot_holdout,aligned,signed,Interpersonal_Reactivity_Index_Brief_Empathy,108,11,0.5543647050977926,0.4,0.3,0.6670143436189936
pilot_holdout,aligned,signed,Interpersonal_Reactivity_Index_Brief_Empathy_Empathic_Concern,111,13,0.5426026676026676,1.0,0.6,0.8919496304586642
pilot_holdout,aligned,signed,Interpersonal_Reactivity_Index_Brief_Empathy_Fantasy,111,2,0.7037732537732537,0.2,0.2,0.925064668491541
pilot_holdout,aligned,signed,Interpersonal_Reactivity_Index_Brief_Empathy_Personal_Distress,111,19,0.15142155142155142,1.0,0.8,0.9145259333150726
pilot_holdout,aligned,signed,Interpersonal_Reactivity_Index_Brief_Empathy_Perspective_Taking,111,8,0.28732888732888734,0.0,0.1,0.5339922959423217
pilot_holdout,aligned,signed,Life_Orientation_Test_Optimism,112,35,0.095448798988622,1.0,0.9,0.8696253280390149
pilot_holdout,aligned,signed,Mastery_Scale_Self_Mastery,112,26,0.030435302559196364,0.8,0.6,0.8323873111755486
pilot_holdout,aligned,signed,Mindful_Attention_Awareness_Scale_Mindful_Attention_Awareness,112,20,0.06615813031742235,1.0,0.8,0.8513639953325766
pilot_holdout,aligned,signed,Multidimensional_Scale_of_Perceived_Social_Support_Perceived_Social_Support,109,13,0.46004077471967386,0.0,0.2,0.7707070050656935
pilot_holdout,aligned,signed,Multidimensional_Scale_of_Perceived_Social_Support_Perceived_Social_Support_Family,111,7,0.3436819936819937,0.2,0.3,0.7791909766399329
pilot_holdout,aligned,signed,Multidimensional_Scale_of_Perceived_Social_Support_Perceived_Social_Support_Friends,111,8,0.5290803790803791,0.8,0.7,0.9013058132734115
pilot_holdout,aligned,signed,Multidimensional_Scale_of_Perceived_Social_Support_Perceived_Social_Support_Significant_Other,111,1,0.5444278694278695,0.2,0.1,0.8222684054298377
pilot_holdout,aligned,signed,Need_for_Cognition_Scale_Need_for_Cognition,112,12,0.38386237058803435,1.0,0.7,0.9398369807697262
pilot_holdout,aligned,signed,Pain_Catastrophizing_Scale_Pain_Catastrophizing,109,27,0.06404411083310167,1.0,0.9,0.8938935807075259
pilot_holdout,aligned,signed,Pain_Catastrophizing_Scale_Pain_Catastrophizing_Helplessness,111,27,0.09904352404352404,0.8,0.9,0.9295712248568533
pilot_holdout,aligned,signed,Pain_Catastrophizing_Scale_Pain_Catastrophizing_Magnification,111,24,0.12312214812214811,1.0,0.9,0.9555197721324489
pilot_holdout,aligned,signed,Pain_Catastrophizing_Scale_Pain_Catastrophizing_Rumination,111,21,0.11967356967356967,0.8,0.8,0.8867320352280605
pilot_holdout,aligned,signed,Penn_State_Worry_Questionnaire_Worry,112,23,0.3350531315133085,1.0,1.0,0.9673971106843305
pilot_holdout,aligned,signed,Psychological_Well_Being_Scales_Well_being,106,46,0.32930951961105376,1.0,0.9,0.8564641336354946
pilot_holdout,aligned,signed,Psychological_Well_Being_Scales_Well_being_autonomy,111,2,0.22642155142155143,0.0,0.1,0.8379093064081827
pilot_holdout,aligned,signed,Psychological_Well_Being_Scales_Well_being_environmental_mastery,111,32,0.18906633906633907,0.8,0.9,0.867392518279972
pilot_holdout,aligned,signed,Psychological_Well_Being_Scales_Well_being_personal_growth,111,18,0.4887592137592137,0.6,0.6,0.8217718131722973
pilot_holdout,aligned,signed,Psychological_Well_Being_Scales_Well_being_positive_relations_with_others,111,20,0.4323095823095823,0.6,0.7,0.8676377649505709
pilot_holdout,aligned,signed,Psychological_Well_Being_Scales_Well_being_purpose_in_life,111,6,0.47650930150930143,0.0,0.0,0.7573054541919441
pilot_holdout,aligned,signed,Psychological_Well_Being_Scales_Well_being_self_acceptance,111,29,0.2976044226044226,1.0,1.0,0.9210766059945313
pilot_holdout,aligned,signed,Rosenberg_Self_Esteem_Scale_Self_Esteem,112,46,0.07136877712098952,1.0,0.8,0.8091569803087544
pilot_holdout,aligned,signed,Satisfaction_with_Life_Scale_Satisfaction_with_Life,112,25,0.3119810708306283,1.0,0.8,0.9219649263219906
pilot_holdout,aligned,signed,Self_Compassion_Scale___Short_Form_Self_Compassion,106,28,-0.17309620374335594,0.6,0.5,0.6169980216562083
pilot_holdout,aligned,signed,Self_Compassion_Scale___Short_Form_Self_Compassion_Common_Humanity,111,1,0.3241400491400491,0.0,0.0,0.38110378785525745
pilot_holdout,aligned,signed,Self_Compassion_Scale___Short_Form_Self_Compassion_Isolation,111,20,0.296068796068796,0.8,0.9,0.9267558346020802
pilot_holdout,aligned,signed,Self_Compassion_Scale___Short_Form_Self_Compassion_Mindfulness,111,7,-0.033169533169533166,0.4,0.2,0.6717185186866398
pilot_holdout,aligned,signed,Self_Compassion_Scale___Short_Form_Self_Compassion_Over_Identification,111,21,0.41580379080379076,1.0,1.0,0.9816362331447841
pilot_holdout,aligned,signed,Self_Compassion_Scale___Short_Form_Self_Compassion_Self_Judgement,111,17,0.2391102141102141,0.8,0.6,0.8977235510545778
pilot_holdout,aligned,signed,Self_Compassion_Scale___Short_Form_Self_Compassion_Self_Kindness,111,4,0.16096876096876095,0.0,0.0,0.4195452473762516
pilot_holdout,aligned,signed,Self_Control_Scale_Self_Control,112,26,0.1776061776061776,1.0,1.0,0.9541155577828567
pilot_holdout,aligned,signed,Short_Grit_Scale_Grit,110,23,0.2570926222302369,1.0,1.0,0.9599946470487266
pilot_holdout,aligned,signed,Short_Grit_Scale_Grit_Consistency_of_Interest,111,11,0.013294138294138292,1.0,0.7,0.9045419652216741
pilot_holdout,aligned,signed,Short_Grit_Scale_Grit_Perseverance_of_Effort,111,29,0.47598280098280094,1.0,0.8,0.9413460169696437
pilot_holdout,aligned,abs,Barratt_Impulsiveness_Scale_Short_Form_Impulsiveness,109,24,0.6255305347048467,0.8,0.8,0.9006528125447957
pilot_holdout,aligned,abs,Barratt_Impulsiveness_Scale_Short_Form_Impulsiveness_Attention_impulsivity,111,14,0.5132765882765883,1.0,0.8,0.9080502164383246
pilot_holdout,aligned,abs,Barratt_Impulsiveness_Scale_Short_Form_Impulsiveness_Motor_Impulsivity,111,9,0.5598192348192348,1.0,0.7,0.9512853764288906
pilot_holdout,aligned,abs,Barratt_Impulsiveness_Scale_Short_Form_Impulsiveness_Non_planning,111,17,0.6548438048438048,1.0,1.0,0.9494484473173354
pilot_holdout,aligned,abs,Behavioral_Activation_System_Scale_behavioral_activation,109,12,0.736076359929571,1.0,0.7,0.9528450642845778
pilot_holdout,aligned,abs,Behavioral_Activation_System_Scale_behavioral_activation_Drive,111,4,0.5947613197613197,0.2,0.3,0.7719170413750915
pilot_holdout,aligned,abs,Behavioral_Activation_System_Scale_behavioral_activation_Fun_Seeking,111,6,0.4597139347139347,0.6,0.5,0.9213388210412389
pilot_holdout,aligned,abs,Behavioral_Activation_System_Scale_behavioral_activation_Reward_Responsiveness,111,11,0.5513162513162513,0.4,0.3,0.7847992747735061
pilot_holdout,aligned,abs,Behavioral_Inhibition_System_Scale_behavioral_inhibition,112,19,0.5930228585095841,1.0,0.8,0.9419697898062397
pilot_holdout,aligned,abs,Big_Five_Inventory_2_agreeableness,109,16,0.6050505050505052,1.0,0.9,0.9578003750903724
pilot_holdout,aligned,abs,Big_Five_Inventory_2_agreeableness_compassion,111,12,0.5897332397332395,1.0,0.7,0.9291440961759894
pilot_holdout,aligned,abs,Big_Five_Inventory_2_agreeableness_respectfulness,111,15,0.5862232362232361,1.0,0.8,0.9423788855031248
pilot_holdout,aligned,abs,Big_Five_Inventory_2_agreeableness_trust,111,8,0.6382765882765882,0.8,0.7,0.93250235900982
pilot_holdout,aligned,abs,Big_Five_Inventory_2_conscientiousness,109,19,0.7063200815494394,1.0,0.9,0.9524467509269418
pilot_holdout,aligned,abs,Big_Five_Inventory_2_conscientiousness_organization,111,11,0.6752193752193753,1.0,0.9,0.9478044664207961
pilot_holdout,aligned,abs,Big_Five_Inventory_2_conscientiousness_productiveness,111,20,0.7582397332397333,1.0,0.9,0.9535470338691364
pilot_holdout,aligned,abs,Big_Five_Inventory_2_conscientiousness_responsibility,111,15,0.7012723762723763,1.0,0.7,0.9244223901786939
pilot_holdout,aligned,abs,Big_Five_Inventory_2_extraversion,109,22,0.7247799091835789,1.0,1.0,0.9519317679300465
pilot_holdout,aligned,abs,Big_Five_Inventory_2_extraversion_assertiveness,111,8,0.7206300456300456,1.0,0.6,0.9548414944345187
pilot_holdout,aligned,abs,Big_Five_Inventory_2_extraversion_energy_level,111,22,0.7547736047736048,1.0,0.9,0.9198224657118732
pilot_holdout,aligned,abs,Big_Five_Inventory_2_extraversion_sociability,111,12,0.7022376272376273,1.0,0.9,0.9801057816658987
pilot_holdout,aligned,abs,Big_Five_Inventory_2_neuroticism,109,29,0.7235195996663887,1.0,1.0,0.9156794388431285
pilot_holdout,aligned,abs,Big_Five_Inventory_2_neuroticism_anxiety,111,22,0.6621533871533871,1.0,1.0,0.9437511489736298
pilot_holdout,aligned,abs,Big_Five_Inventory_2_neuroticism_depression,111,34,0.7397420147420147,1.0,1.0,0.9390224282726423
pilot_holdout,aligned,abs,Big_Five_Inventory_2_neuroticism_emotional_volatility,111,19,0.7728501228501228,1.0,0.8,0.9432740543310179
pilot_holdout,aligned,abs,Big_Five_Inventory_2_openness,109,6,0.5103697525715875,0.8,0.5,0.8645160213880861
pilot_holdout,aligned,abs,Big_Five_Inventory_2_openness_aesthetic_sensitivity,111,8,0.5147507897507897,1.0,0.8,0.9470390819402382
pilot_holdout,aligned,abs,Big_Five_Inventory_2_openness_creative_imagination,111,7,0.40334327834327827,0.8,0.5,0.8196538131744464
pilot_holdout,aligned,abs,Big_Five_Inventory_2_openness_intellectual_curiosity,111,6,0.6580291330291329,1.0,0.5,0.9242950672147368
pilot_holdout,aligned,abs,Buss_Perry_Aggression_Questionnaire_Aggression,108,16,0.7564282107710042,1.0,0.8,0.953120710781537
pilot_holdout,aligned,abs,Buss_Perry_Aggression_Questionnaire_Aggression_Anger,111,15,0.7381976131976131,0.8,0.7,0.9092663425180076
pilot_holdout,aligned,abs,Buss_Perry_Aggression_Questionnaire_Aggression_Hostility,111,19,0.700096525096525,1.0,0.8,0.9177843756617164
pilot_holdout,aligned,abs,Buss_Perry_Aggression_Questionnaire_Aggression_Physical_aggression,111,7,0.514057564057564,0.8,0.6,0.956230898961608
pilot_holdout,aligned,abs,Buss_Perry_Aggression_Questionnaire_Aggression_Verbal_aggression,111,8,0.5835029835029835,0.8,0.6,0.9301987467039807
pilot_holdout,aligned,abs,Emotion_Regulation_Questionnaire_Emotion_Regulation,110,12,0.4359533845772378,0.4,0.4,0.8047924492827297
pilot_holdout,aligned,abs,Emotion_Regulation_Questionnaire_Emotion_Regulation_Reappraisal,111,6,0.05409792909792909,0.2,0.3,0.6103436673049049
pilot_holdout,aligned,abs,Emotion_Regulation_Questionnaire_Emotion_Regulation_Suppression,111,0,0.5303703053703053,0.0,0.0,0.7750125465005963
pilot_holdout,aligned,abs,Hope_Scale_Hope,110,45,0.7457791402745532,1.0,0.9,0.8938517831207787
pilot_holdout,aligned,abs,Hope_Scale_Hope_Agency,111,38,0.8032994032994032,1.0,0.9,0.9171735125289646
pilot_holdout,aligned,abs,Hope_Scale_Hope_Pathways,111,25,0.5465250965250965,0.2,0.4,0.709757748554558
pilot_holdout,aligned,abs,International_Personality_Item_Pool_120_agreeableness,106,20,0.6719752122326624,1.0,0.8,0.948144776380071
pilot_holdout,aligned,abs,International_Personality_Item_Pool_120_agreeableness_altruism,111,17,0.6215250965250966,0.8,0.6,0.8823991005856874
pilot_holdout,aligned,abs,International_Personality_Item_Pool_120_agreeableness_cooperation,111,12,0.4313267813267813,1.0,1.0,0.9707008439978039
pilot_holdout,aligned,abs,International_Personality_Item_Pool_120_agreeableness_modesty,111,2,0.22153387153387152,0.0,0.1,0.7501444102247883
pilot_holdout,aligned,abs,International_Personality_Item_Pool_120_agreeableness_morality,111,14,0.4308529308529308,0.6,0.4,0.5183387605398116
pilot_holdout,aligned,abs,International_Personality_Item_Pool_120_agreeableness_sympathy,111,8,0.5052123552123552,1.0,0.6,0.8878835005817397
pilot_holdout,aligned,abs,International_Personality_Item_Pool_120_agreeableness_trust,111,4,0.6097665847665846,0.2,0.3,0.9058571216803146
pilot_holdout,aligned,abs,International_Personality_Item_Pool_120_conscientiousness,106,23,0.7032722875784064,1.0,0.9,0.9509365781075915
pilot_holdout,aligned,abs,International_Personality_Item_Pool_120_conscientiousness_achievement_striving,111,25,0.7555633555633556,1.0,0.9,0.9255163762487315
pilot_holdout,aligned,abs,International_Personality_Item_Pool_120_conscientiousness_cautiousness,111,9,0.5682607932607932,1.0,0.5,0.9355917690982444
pilot_holdout,aligned,abs,International_Personality_Item_Pool_120_conscientiousness_dutifulness,111,9,0.3116619866619867,0.2,0.3,0.6898447264020333
pilot_holdout,aligned,abs,International_Personality_Item_Pool_120_conscientiousness_orderliness,111,6,0.46598806598806597,0.8,0.5,0.9541831429281428
pilot_holdout,aligned,abs,International_Personality_Item_Pool_120_conscientiousness_self_discipline,111,16,0.7748946998946998,1.0,0.7,0.88867330464986
pilot_holdout,aligned,abs,International_Personality_Item_Pool_120_conscientiousness_self_efficacy,111,23,0.8187872937872938,1.0,0.9,0.9267567118912026
pilot_holdout,aligned,abs,International_Personality_Item_Pool_120_extraversion,106,25,0.7501272136433483,1.0,0.8,0.9397414935439139
pilot_holdout,aligned,abs,International_Personality_Item_Pool_120_extraversion_activiity_level,111,16,0.5693401193401193,0.8,0.8,0.9216055223127582
pilot_holdout,aligned,abs,International_Personality_Item_Pool_120_extraversion_assertiveness,111,10,0.7785363285363285,0.6,0.7,0.9252001843408699
pilot_holdout,aligned,abs,International_Personality_Item_Pool_120_extraversion_cheerfulness,111,27,0.8333625833625834,1.0,1.0,0.9475467772054279
pilot_holdout,aligned,abs,International_Personality_Item_Pool_120_extraversion_excitement_seeking,111,8,0.7403299403299404,1.0,0.7,0.9456169469802238
pilot_holdout,aligned,abs,International_Personality_Item_Pool_120_extraversion_friendliness,111,20,0.7441646191646191,0.8,0.7,0.9338101252861828
pilot_holdout,aligned,abs,International_Personality_Item_Pool_120_extraversion_gregariousness,111,6,0.5646893646893647,1.0,0.6,0.952302318621488
pilot_holdout,aligned,abs,International_Personality_Item_Pool_120_neuroticism,106,39,0.7662795677255209,1.0,1.0,0.9555303564783139
pilot_holdout,aligned,abs,International_Personality_Item_Pool_120_neuroticism_anger,111,17,0.774131274131274,0.8,0.7,0.893035789472575
pilot_holdout,aligned,abs,International_Personality_Item_Pool_120_neuroticism_anxiety,111,25,0.745902070902071,1.0,1.0,0.9427573246723742
pilot_holdout,aligned,abs,International_Personality_Item_Pool_120_neuroticism_depression,111,38,0.7258424008424008,1.0,0.9,0.9413341400492852
pilot_holdout,aligned,abs,International_Personality_Item_Pool_120_neuroticism_immoderation,111,2,0.7750614250614251,0.2,0.2,0.8740925240809349
pilot_holdout,aligned,abs,International_Personality_Item_Pool_120_neuroticism_self_consciousness,111,27,0.726000351000351,0.8,0.8,0.9079519330126947
pilot_holdout,aligned,abs,International_Personality_Item_Pool_120_neuroticism_vulnerability,111,33,0.5875570375570375,1.0,0.7,0.8608488908670497
pilot_holdout,aligned,abs,International_Personality_Item_Pool_120_openness,106,11,0.6510265259339497,1.0,0.7,0.9302688013581415
pilot_holdout,aligned,abs,International_Personality_Item_Pool_120_openness_adventurousness,111,4,0.43311688311688307,0.2,0.2,0.6847559155436448
pilot_holdout,aligned,abs,International_Personality_Item_Pool_120_openness_artistic_interests,111,5,0.573166023166023,1.0,0.5,0.8889390820436899
pilot_holdout,aligned,abs,International_Personality_Item_Pool_120_openness_emotionality,111,7,0.502079677079677,0.6,0.6,0.8002622619263711
pilot_holdout,aligned,abs,International_Personality_Item_Pool_120_openness_imagination,111,5,0.41474201474201466,0.6,0.4,0.8110424712796733
pilot_holdout,aligned,abs,International_Personality_Item_Pool_120_openness_intellect,111,8,0.4484292734292734,1.0,0.7,0.9199294869118854
pilot_holdout,aligned,abs,International_Personality_Item_Pool_120_openness_liberalism,111,1,-0.007414882414882414,0.0,0.0,0.5067935628924432
pilot_holdout,aligned,abs,Interpersonal_Reactivity_Index_Brief_Empathy,108,11,0.25373688873646,0.4,0.3,0.6670143436189936
pilot_holdout,aligned,abs,Interpersonal_Reactivity_Index_Brief_Empathy_Empathic_Concern,111,13,0.6794928044928045,1.0,0.6,0.8919496304586642
pilot_holdout,aligned,abs,Interpersonal_Reactivity_Index_Brief_Empathy_Fantasy,111,2,0.7100561600561601,0.2,0.2,0.925064668491541
pilot_holdout,aligned,abs,Interpersonal_Reactivity_Index_Brief_Empathy_Personal_Distress,111,19,0.7469199719199718,1.0,0.9,0.9164356305989516
pilot_holdout,aligned,abs,Interpersonal_Reactivity_Index_Brief_Empathy_Perspective_Taking,111,8,0.2859161109161109,0.0,0.1,0.5339922959423217
pilot_holdout,aligned,abs,Life_Orientation_Test_Optimism,112,35,0.520731540643045,1.0,0.9,0.8696253280390149
pilot_holdout,aligned,abs,Mastery_Scale_Self_Mastery,112,26,0.6909232241090648,0.8,0.7,0.8833285606118279
pilot_holdout,aligned,abs,Mindful_Attention_Awareness_Scale_Mindful_Attention_Awareness,112,20,0.744977278163119,1.0,0.9,0.919626756106263
pilot_holdout,aligned,abs,Multidimensional_Scale_of_Perceived_Social_Support_Perceived_Social_Support,109,13,0.5776480400333612,0.0,0.2,0.7707070050656935
pilot_holdout,aligned,abs,Multidimensional_Scale_of_Perceived_Social_Support_Perceived_Social_Support_Family,111,7,0.45988065988065985,0.2,0.3,0.7791909766399329
pilot_holdout,aligned,abs,Multidimensional_Scale_of_Perceived_Social_Support_Perceived_Social_Support_Friends,111,8,0.6196296946296946,0.8,0.7,0.9013058132734115
pilot_holdout,aligned,abs,Multidimensional_Scale_of_Perceived_Social_Support_Perceived_Social_Support_Significant_Other,111,1,0.5644173394173394,0.2,0.1,0.8222684054298377
pilot_holdout,aligned,abs,Need_for_Cognition_Scale_Need_for_Cognition,112,12,0.5648682816824411,0.8,0.6,0.8939810308401469
pilot_holdout,aligned,abs,Pain_Catastrophizing_Scale_Pain_Catastrophizing,109,27,0.559873969048281,1.0,0.9,0.8926566813722544
pilot_holdout,aligned,abs,Pain_Catastrophizing_Scale_Pain_Catastrophizing_Helplessness,111,27,0.6170761670761671,0.8,0.9,0.943332457410488
pilot_holdout,aligned,abs,Pain_Catastrophizing_Scale_Pain_Catastrophizing_Magnification,111,24,0.6270358020358021,1.0,0.9,0.9555197721324489
pilot_holdout,aligned,abs,Pain_Catastrophizing_Scale_Pain_Catastrophizing_Rumination,111,21,0.3128992628992629,0.8,0.8,0.8867320352280605
pilot_holdout,aligned,abs,Penn_State_Worry_Questionnaire_Worry,112,23,0.710535756995934,1.0,1.0,0.9673971106843305
pilot_holdout,aligned,abs,Psychological_Well_Being_Scales_Well_being,106,46,0.6237398292062373,1.0,1.0,0.8616329429675839
pilot_holdout,aligned,abs,Psychological_Well_Being_Scales_Well_being_autonomy,111,2,0.6739206739206738,0.2,0.1,0.8255135189938121
pilot_holdout,aligned,abs,Psychological_Well_Being_Scales_Well_being_environmental_mastery,111,32,0.767058617058617,1.0,0.9,0.8870464915341043
pilot_holdout,aligned,abs,Psychological_Well_Being_Scales_Well_being_personal_growth,111,18,0.4143910143910144,0.4,0.6,0.8653004062671893
pilot_holdout,aligned,abs,Psychological_Well_Being_Scales_Well_being_positive_relations_with_others,111,20,0.6567392067392067,0.6,0.7,0.8676377649505709
pilot_holdout,aligned,abs,Psychological_Well_Being_Scales_Well_being_purpose_in_life,111,6,0.15988943488943488,0.0,0.0,0.6169319748410386
pilot_holdout,aligned,abs,Psychological_Well_Being_Scales_Well_being_self_acceptance,111,29,0.7411547911547911,0.8,0.9,0.9059829844894167
pilot_holdout,aligned,abs,Rosenberg_Self_Esteem_Scale_Self_Esteem,112,46,0.7535364061912734,1.0,1.0,0.9508094382703425
pilot_holdout,aligned,abs,Satisfaction_with_Life_Scale_Satisfaction_with_Life,112,25,0.6938275190487581,1.0,0.9,0.9480792294319247
pilot_holdout,aligned,abs,Self_Compassion_Scale___Short_Form_Self_Compassion,106,28,0.577610398770688,1.0,0.8,0.8495137370676661
pilot_holdout,aligned,abs,Self_Compassion_Scale___Short_Form_Self_Compassion_Common_Humanity,111,1,0.22827307827307824,0.0,0.0,0.38110378785525745
pilot_holdout,aligned,abs,Self_Compassion_Scale___Short_Form_Self_Compassion_Isolation,111,20,0.6640926640926641,0.8,0.9,0.918507666341516
pilot_holdout,aligned,abs,Self_Compassion_Scale___Short_Form_Self_Compassion_Mindfulness,111,7,0.2393910143910144,0.6,0.3,0.8017431431668565
pilot_holdout,aligned,abs,Self_Compassion_Scale___Short_Form_Self_Compassion_Over_Identification,111,21,0.6129080379080379,1.0,1.0,0.9816362331447841
pilot_holdout,aligned,abs,Self_Compassion_Scale___Short_Form_Self_Compassion_Self_Judgement,111,17,0.7008599508599508,0.6,0.4,0.8453229122048874
pilot_holdout,aligned,abs,Self_Compassion_Scale___Short_Form_Self_Compassion_Self_Kindness,111,4,0.24268164268164266,0.0,0.0,0.4195452473762516
pilot_holdout,aligned,abs,Self_Control_Scale_Self_Control,112,26,0.8087948884409061,1.0,1.0,0.9571406614627672
pilot_holdout,aligned,abs,Short_Grit_Scale_Grit,110,23,0.7885264747650068,1.0,1.0,0.9639922862284839
pilot_holdout,aligned,abs,Short_Grit_Scale_Grit_Consistency_of_Interest,111,11,0.636065286065286,0.4,0.4,0.7825486420119232
pilot_holdout,aligned,abs,Short_Grit_Scale_Grit_Perseverance_of_Effort,111,29,0.7572042822042822,1.0,0.9,0.9605677453576432
pilot_holdout,aligned,abs_cross_instrument,Barratt_Impulsiveness_Scale_Short_Form_Impulsiveness,109,24,0.6255305347048467,0.8,0.8,0.9006528125447957
pilot_holdout,aligned,abs_cross_instrument,Barratt_Impulsiveness_Scale_Short_Form_Impulsiveness_Attention_impulsivity,109,14,0.506431285330368,1.0,0.8,0.9080502164383246
pilot_holdout,aligned,abs_cross_instrument,Barratt_Impulsiveness_Scale_Short_Form_Impulsiveness_Motor_Impulsivity,109,9,0.5458159577425633,1.0,0.7,0.9534931249803782
pilot_holdout,aligned,abs_cross_instrument,Barratt_Impulsiveness_Scale_Short_Form_Impulsiveness_Non_planning,109,17,0.6434992123065518,1.0,1.0,0.9494484473173354
pilot_holdout,aligned,abs_cross_instrument,Behavioral_Activation_System_Scale_behavioral_activation,109,12,0.736076359929571,1.0,0.7,0.9528450642845778
pilot_holdout,aligned,abs_cross_instrument,Behavioral_Activation_System_Scale_behavioral_activation_Drive,109,4,0.581642109165045,0.2,0.3,0.8244141889363488
pilot_holdout,aligned,abs_cross_instrument,Behavioral_Activation_System_Scale_behavioral_activation_Fun_Seeking,109,5,0.4369103882865351,0.6,0.5,0.9298300129339313
pilot_holdout,aligned,abs_cross_instrument,Behavioral_Activation_System_Scale_behavioral_activation_Reward_Responsiveness,109,10,0.5581132425169123,0.4,0.3,0.8031451301368508
pilot_holdout,aligned,abs_cross_instrument,Behavioral_Inhibition_System_Scale_behavioral_inhibition,112,19,0.5930228585095841,1.0,0.8,0.9419697898062397
pilot_holdout,aligned,abs_cross_instrument,Big_Five_Inventory_2_agreeableness,93,16,0.6491450568470054,1.0,0.9,0.9578003750903724
pilot_holdout,aligned,abs_cross_instrument,Big_Five_Inventory_2_agreeableness_compassion,93,10,0.6209453612246724,0.8,0.5,0.8822174006932478
pilot_holdout,aligned,abs_cross_instrument,Big_Five_Inventory_2_agreeableness_respectfulness,93,13,0.596893557339381,1.0,0.7,0.9373084704848297
pilot_holdout,aligned,abs_cross_instrument,Big_Five_Inventory_2_agreeableness_trust,93,6,0.6501447285965801,0.6,0.5,0.9362763931750593
pilot_holdout,aligned,abs_cross_instrument,Big_Five_Inventory_2_conscientiousness,93,19,0.7348034973590761,1.0,0.9,0.9524467509269418
pilot_holdout,aligned,abs_cross_instrument,Big_Five_Inventory_2_conscientiousness_organization,93,9,0.7003521231834322,1.0,0.8,0.9495664473575655
pilot_holdout,aligned,abs_cross_instrument,Big_Five_Inventory_2_conscientiousness_productiveness,93,18,0.753588373966757,1.0,0.9,0.9493759502846687
pilot_holdout,aligned,abs_cross_instrument,Big_Five_Inventory_2_conscientiousness_responsibility,93,13,0.6868490943272358,1.0,0.5,0.8913007829982895
pilot_holdout,aligned,abs_cross_instrument,Big_Five_Inventory_2_extraversion,93,21,0.7562889797379962,1.0,1.0,0.9519317679300465
pilot_holdout,aligned,abs_cross_instrument,Big_Five_Inventory_2_extraversion_assertiveness,93,6,0.7103786816269284,0.6,0.5,0.9502426577575914
pilot_holdout,aligned,abs_cross_instrument,Big_Five_Inventory_2_extraversion_energy_level,93,19,0.7550804213541822,1.0,0.8,0.8994590743692608
pilot_holdout,aligned,abs_cross_instrument,Big_Five_Inventory_2_extraversion_sociability,93,10,0.7348482587806987,1.0,0.7,0.9718713368456744
pilot_holdout,aligned,abs_cross_instrument,Big_Five_Inventory_2_neuroticism,93,29,0.7775058935871803,1.0,1.0,0.9156794388431285
pilot_holdout,aligned,abs_cross_instrument,Big_Five_Inventory_2_neuroticism_anxiety,93,20,0.7178538390379278,1.0,0.9,0.9189486430976043
pilot_holdout,aligned,abs_cross_instrument,Big_Five_Inventory_2_neuroticism_depression,93,30,0.7847274029423174,1.0,1.0,0.9331599842067178
pilot_holdout,aligned,abs_cross_instrument,Big_Five_Inventory_2_neuroticism_emotional_volatility,93,17,0.7991405807048431,0.8,0.7,0.9314871067228473
pilot_holdout,aligned,abs_cross_instrument,Big_Five_Inventory_2_openness,93,6,0.503879323207305,0.8,0.5,0.8645160213880861
pilot_holdout,aligned,abs_cross_instrument,Big_Five_Inventory_2_openness_aesthetic_sensitivity,93,6,0.47650025364805576,0.8,0.6,0.9027549505297281
pilot_holdout,aligned,abs_cross_instrument,Big_Five_Inventory_2_openness_creative_imagination,93,5,0.3769806929068067,0.6,0.3,0.785121814236903
pilot_holdout,aligned,abs_cross_instrument,Big_Five_Inventory_2_openness_intellectual_curiosity,93,4,0.6324639670555937,0.6,0.3,0.9012614077787794
pilot_holdout,aligned,abs_cross_instrument,Buss_Perry_Aggression_Questionnaire_Aggression,108,16,0.7564282107710042,1.0,0.8,0.953120710781537
pilot_holdout,aligned,abs_cross_instrument,Buss_Perry_Aggression_Questionnaire_Aggression_Anger,108,12,0.7313822439433345,0.8,0.7,0.9173608853507083
pilot_holdout,aligned,abs_cross_instrument,Buss_Perry_Aggression_Questionnaire_Aggression_Hostility,108,18,0.6884163594272485,1.0,0.8,0.9177843756617164
pilot_holdout,aligned,abs_cross_instrument,Buss_Perry_Aggression_Questionnaire_Aggression_Physical_aggression,108,6,0.47721664904207983,1.0,0.5,0.9529572923940369
pilot_holdout,aligned,abs_cross_instrument,Buss_Perry_Aggression_Questionnaire_Aggression_Verbal_aggression,108,7,0.5517543608943764,1.0,0.6,0.9386895134967514
pilot_holdout,aligned,abs_cross_instrument,Emotion_Regulation_Questionnaire_Emotion_Regulation,110,12,0.4359533845772378,0.4,0.4,0.8047924492827297
pilot_holdout,aligned,abs_cross_instrument,Emotion_Regulation_Questionnaire_Emotion_Regulation_Reappraisal,110,6,0.05740369226607759,0.2,0.3,0.6103436673049049
pilot_holdout,aligned,abs_cross_instrument,Emotion_Regulation_Questionnaire_Emotion_Regulation_Suppression,110,0,0.5310055677028154,0.0,0.0,0.7750125465005963
pilot_holdout,aligned,abs_cross_instrument,Hope_Scale_Hope,110,45,0.7457791402745532,1.0,0.9,0.8938517831207787
pilot_holdout,aligned,abs_cross_instrument,Hope_Scale_Hope_Agency,110,37,0.8053152401776256,1.0,0.9,0.9171735125289646
pilot_holdout,aligned,abs_cross_instrument,Hope_Scale_Hope_Pathways,110,24,0.5367490927123955,0.2,0.4,0.7058237493469411
pilot_holdout,aligned,abs_cross_instrument,International_Personality_Item_Pool_120_agreeableness,78,16,0.684796216441786,1.0,0.8,0.9499831229380382
pilot_holdout,aligned,abs_cross_instrument,International_Personality_Item_Pool_120_agreeableness_altruism,78,10,0.6103896103896103,0.8,0.5,0.862673984615504
pilot_holdout,aligned,abs_cross_instrument,International_Personality_Item_Pool_120_agreeableness_cooperation,78,9,0.4577574324409768,1.0,0.7,0.909755689390583
pilot_holdout,aligned,abs_cross_instrument,International_Personality_Item_Pool_120_agreeableness_modesty,78,1,0.24404709214835793,0.0,0.1,0.8157196225203743
pilot_holdout,aligned,abs_cross_instrument,International_Personality_Item_Pool_120_agreeableness_morality,78,9,0.46200634808229746,0.4,0.4,0.5198215451402521
pilot_holdout,aligned,abs_cross_instrument,International_Personality_Item_Pool_120_agreeableness_sympathy,78,5,0.4637767295995143,0.6,0.4,0.8237991200937841
pilot_holdout,aligned,abs_cross_instrument,International_Personality_Item_Pool_120_agreeableness_trust,78,3,0.596428887568128,0.4,0.3,0.8843823042394946
pilot_holdout,aligned,abs_cross_instrument,International_Personality_Item_Pool_120_conscientiousness,78,20,0.7587728726969233,1.0,1.0,0.9750018184098336
pilot_holdout,aligned,abs_cross_instrument,International_Personality_Item_Pool_120_conscientiousness_achievement_striving,78,18,0.817498956739463,1.0,0.9,0.9662599712516615
pilot_holdout,aligned,abs_cross_instrument,International_Personality_Item_Pool_120_conscientiousness_cautiousness,78,9,0.5929134156982259,1.0,0.6,0.9309144142215804
pilot_holdout,aligned,abs_cross_instrument,International_Personality_Item_Pool_120_conscientiousness_dutifulness,78,6,0.41799972179719014,0.4,0.3,0.7614277008855459
pilot_holdout,aligned,abs_cross_instrument,International_Personality_Item_Pool_120_conscientiousness_orderliness,78,5,0.5940009357730877,0.8,0.5,0.9830655522038421
pilot_holdout,aligned,abs_cross_instrument,International_Personality_Item_Pool_120_conscientiousness_self_discipline,78,13,0.7844434046965693,0.8,0.7,0.8873789353846936
pilot_holdout,aligned,abs_cross_instrument,International_Personality_Item_Pool_120_conscientiousness_self_efficacy,78,16,0.8309791474348436,1.0,0.9,0.941492348159968
pilot_holdout,aligned,abs_cross_instrument,International_Personality_Item_Pool_120_extraversion,78,19,0.7718484047597971,1.0,0.8,0.9397387784343116
pilot_holdout,aligned,abs_cross_instrument,International_Personality_Item_Pool_120_extraversion_activiity_level,78,10,0.6032827931562109,0.6,0.6,0.8827529615076276
pilot_holdout,aligned,abs_cross_instrument,International_Personality_Item_Pool_120_extraversion_assertiveness,78,6,0.7507302823758518,0.8,0.6,0.947920945775295
pilot_holdout,aligned,abs_cross_instrument,International_Personality_Item_Pool_120_extraversion_cheerfulness,78,21,0.8696746291683,1.0,0.9,0.9548282645141868
pilot_holdout,aligned,abs_cross_instrument,International_Personality_Item_Pool_120_extraversion_excitement_seeking,78,5,0.745115643849821,1.0,0.5,0.9641952077215543
pilot_holdout,aligned,abs_cross_instrument,International_Personality_Item_Pool_120_extraversion_friendliness,78,14,0.7075835556848215,0.8,0.8,0.9343619537825331
pilot_holdout,aligned,abs_cross_instrument,International_Personality_Item_Pool_120_extraversion_gregariousness,78,3,0.5337573818586476,0.6,0.3,0.8904982022048221
pilot_holdout,aligned,abs_cross_instrument,International_Personality_Item_Pool_120_neuroticism,78,35,0.7716460754435437,1.0,1.0,0.9555303564783139
pilot_holdout,aligned,abs_cross_instrument,International_Personality_Item_Pool_120_neuroticism_anger,78,14,0.766638424866273,0.8,0.8,0.9064834240791382
pilot_holdout,aligned,abs_cross_instrument,International_Personality_Item_Pool_120_neuroticism_anxiety,78,20,0.7618078124407238,1.0,1.0,0.9578156929669477
pilot_holdout,aligned,abs_cross_instrument,International_Personality_Item_Pool_120_neuroticism_depression,78,32,0.6927629332692623,1.0,0.9,0.9417993967140125
pilot_holdout,aligned,abs_cross_instrument,International_Personality_Item_Pool_120_neuroticism_immoderation,78,2,0.7967602018234929,0.2,0.2,0.8881928257700571
pilot_holdout,aligned,abs_cross_instrument,International_Personality_Item_Pool_120_neuroticism_self_consciousness,78,21,0.6816601120398588,0.8,0.7,0.908804080455655
pilot_holdout,aligned,abs_cross_instrument,International_Personality_Item_Pool_120_neuroticism_vulnerability,78,27,0.5607177632494088,1.0,0.7,0.8657647901866498
pilot_holdout,aligned,abs_cross_instrument,International_Personality_Item_Pool_120_openness,78,9,0.6735163570606608,1.0,0.8,0.9457699254744901
pilot_holdout,aligned,abs_cross_instrument,International_Personality_Item_Pool_120_openness_adventurousness,78,2,0.3752323625741347,0.0,0.0,0.5554071525104285
pilot_holdout,aligned,abs_cross_instrument,International_Personality_Item_Pool_120_openness_artistic_interests,78,4,0.6275117287775516,0.8,0.4,0.9004280890678311
pilot_holdout,aligned,abs_cross_instrument,International_Personality_Item_Pool_120_openness_emotionality,78,4,0.5564435564435564,0.4,0.3,0.7836035446804116
pilot_holdout,aligned,abs_cross_instrument,International_Personality_Item_Pool_120_openness_imagination,78,5,0.5073281149230516,0.6,0.4,0.8230772473543478
pilot_holdout,aligned,abs_cross_instrument,International_Personality_Item_Pool_120_openness_intellect,78,6,0.5470605344023065,1.0,0.6,0.9571876854061584
pilot_holdout,aligned,abs_cross_instrument,International_Personality_Item_Pool_120_openness_liberalism,78,1,-0.004033940742801502,0.0,0.0,0.44273757377899303
pilot_holdout,aligned,abs_cross_instrument,Interpersonal_Reactivity_Index_Brief_Empathy,108,11,0.25373688873646,0.4,0.3,0.6670143436189936
pilot_holdout,aligned,abs_cross_instrument,Interpersonal_Reactivity_Index_Brief_Empathy_Empathic_Concern,108,11,0.6643516533767756,1.0,0.6,0.9053874352439287
pilot_holdout,aligned,abs_cross_instrument,Interpersonal_Reactivity_Index_Brief_Empathy_Fantasy,108,1,0.6961902312155247,0.2,0.1,0.8900296876142157
pilot_holdout,aligned,abs_cross_instrument,Interpersonal_Reactivity_Index_Brief_Empathy_Personal_Distress,108,19,0.7465108081587547,1.0,0.9,0.9164356305989516
pilot_holdout,aligned,abs_cross_instrument,Interpersonal_Reactivity_Index_Brief_Empathy_Perspective_Taking,108,7,0.26684577057551423,0.0,0.0,0.44483658203470144
pilot_holdout,aligned,abs_cross_instrument,Life_Orientation_Test_Optimism,112,35,0.520731540643045,1.0,0.9,0.8696253280390149
pilot_holdout,aligned,abs_cross_instrument,Mastery_Scale_Self_Mastery,112,26,0.6909232241090648,0.8,0.7,0.8833285606118279
pilot_holdout,aligned,abs_cross_instrument,Mindful_Attention_Awareness_Scale_Mindful_Attention_Awareness,112,20,0.744977278163119,1.0,0.9,0.919626756106263
pilot_holdout,aligned,abs_cross_instrument,Multidimensional_Scale_of_Perceived_Social_Support_Perceived_Social_Support,109,13,0.5776480400333612,0.0,0.2,0.7707070050656935
pilot_holdout,aligned,abs_cross_instrument,Multidimensional_Scale_of_Perceived_Social_Support_Perceived_Social_Support_Family,109,6,0.4350940598647021,0.0,0.2,0.6942703603491117
pilot_holdout,aligned,abs_cross_instrument,Multidimensional_Scale_of_Perceived_Social_Support_Perceived_Social_Support_Friends,109,6,0.599193772588268,0.6,0.5,0.8603175452532044
pilot_holdout,aligned,abs_cross_instrument,Multidimensional_Scale_of_Perceived_Social_Support_Perceived_Social_Support_Significant_Other,109,0,0.5420813640997127,0.0,0.0,0.7705300911754254
pilot_holdout,aligned,abs_cross_instrument,Need_for_Cognition_Scale_Need_for_Cognition,112,12,0.5648682816824411,0.8,0.6,0.8939810308401469
pilot_holdout,aligned,abs_cross_instrument,Pain_Catastrophizing_Scale_Pain_Catastrophizing,109,27,0.559873969048281,1.0,0.9,0.8926566813722544
pilot_holdout,aligned,abs_cross_instrument,Pain_Catastrophizing_Scale_Pain_Catastrophizing_Helplessness,109,25,0.5956167176350663,0.8,0.9,0.9057207937553526
pilot_holdout,aligned,abs_cross_instrument,Pain_Catastrophizing_Scale_Pain_Catastrophizing_Magnification,109,22,0.6061347419145584,0.8,0.9,0.9427402411567629
pilot_holdout,aligned,abs_cross_instrument,Pain_Catastrophizing_Scale_Pain_Catastrophizing_Rumination,109,19,0.274386062459457,0.8,0.6,0.7340412305573374
pilot_holdout,aligned,abs_cross_instrument,Penn_State_Worry_Questionnaire_Worry,112,23,0.710535756995934,1.0,1.0,0.9673971106843305
pilot_holdout,aligned,abs_cross_instrument,Psychological_Well_Being_Scales_Well_being,106,46,0.6237398292062373,1.0,1.0,0.8616329429675839
pilot_holdout,aligned,abs_cross_instrument,Psychological_Well_Being_Scales_Well_being_autonomy,106,2,0.6741516991208404,0.2,0.1,0.8256490574650782
pilot_holdout,aligned,abs_cross_instrument,Psychological_Well_Being_Scales_Well_being_environmental_mastery,106,31,0.7693830768068117,1.0,0.9,0.894600084279306
pilot_holdout,aligned,abs_cross_instrument,Psychological_Well_Being_Scales_Well_being_personal_growth,106,16,0.4308083734287226,0.4,0.6,0.8709660765186783
pilot_holdout,aligned,abs_cross_instrument,Psychological_Well_Being_Scales_Well_being_positive_relations_with_others,106,19,0.6440637831574175,0.6,0.7,0.8713894809472899
pilot_holdout,aligned,abs_cross_instrument,Psychological_Well_Being_Scales_Well_being_purpose_in_life,106,5,0.1633322417311132,0.0,0.0,0.629685932069168
pilot_holdout,aligned,abs_cross_instrument,Psychological_Well_Being_Scales_Well_being_self_acceptance,106,26,0.7366753155150264,0.8,0.9,0.8989411772958787
pilot_holdout,aligned,abs_cross_instrument,Rosenberg_Self_Esteem_Scale_Self_Esteem,112,46,0.7535364061912734,1.0,1.0,0.9508094382703425
pilot_holdout,aligned,abs_cross_instrument,Satisfaction_with_Life_Scale_Satisfaction_with_Life,112,25,0.6938275190487581,1.0,0.9,0.9480792294319247
pilot_holdout,aligned,abs_cross_instrument,Self_Compassion_Scale___Short_Form_Self_Compassion,106,28,0.577610398770688,1.0,0.8,0.8495137370676661
pilot_holdout,aligned,abs_cross_instrument,Self_Compassion_Scale___Short_Form_Self_Compassion_Common_Humanity,106,0,0.2107010605335416,0.0,0.0,0.47466165752822
pilot_holdout,aligned,abs_cross_instrument,Self_Compassion_Scale___Short_Form_Self_Compassion_Isolation,106,18,0.6792100158702169,0.8,0.9,0.9110855943655257
pilot_holdout,aligned,abs_cross_instrument,Self_Compassion_Scale___Short_Form_Self_Compassion_Mindfulness,106,7,0.2144293019623649,0.6,0.3,0.7534308279162484
pilot_holdout,aligned,abs_cross_instrument,Self_Compassion_Scale___Short_Form_Self_Compassion_Over_Identification,106,19,0.6205657858276444,1.0,0.9,0.9615033463425438
pilot_holdout,aligned,abs_cross_instrument,Self_Compassion_Scale___Short_Form_Self_Compassion_Self_Judgement,106,15,0.7231931884021462,0.6,0.4,0.8425068114409348
pilot_holdout,aligned,abs_cross_instrument,Self_Compassion_Scale___Short_Form_Self_Compassion_Self_Kindness,106,3,0.2487089704511676,0.0,0.0,0.4282147258036498
pilot_holdout,aligned,abs_cross_instrument,Self_Control_Scale_Self_Control,112,26,0.8087948884409061,1.0,1.0,0.9571406614627672
pilot_holdout,aligned,abs_cross_instrument,Short_Grit_Scale_Grit,110,23,0.7885264747650068,1.0,1.0,0.9639922862284839
pilot_holdout,aligned,abs_cross_instrument,Short_Grit_Scale_Grit_Consistency_of_Interest,110,11,0.6584631336924915,0.4,0.4,0.7825486420119232
pilot_holdout,aligned,abs_cross_instrument,Short_Grit_Scale_Grit_Perseverance_of_Effort,110,29,0.7677974888984063,1.0,0.9,0.9605677453576432
pilot_holdout,aligned_loo,signed,Barratt_Impulsiveness_Scale_Short_Form_Impulsiveness,109,24,-0.3289685849318877,0.6,0.3,0.5860086197507733
pilot_holdout,aligned_loo,signed,Barratt_Impulsiveness_Scale_Short_Form_Impulsiveness_Attention_impulsivity,111,14,-0.274052299052299,0.2,0.1,0.6818898405502805
pilot_holdout,aligned_loo,signed,Barratt_Impulsiveness_Scale_Short_Form_Impulsiveness_Motor_Impulsivity,111,9,-0.0850912600912601,0.4,0.2,0.6505532607871305
pilot_holdout,aligned_loo,signed,Barratt_Impulsiveness_Scale_Short_Form_Impulsiveness_Non_planning,111,17,-0.5694015444015443,0.0,0.0,0.40226563465696885
pilot_holdout,aligned_loo,signed,Behavioral_Activation_System_Scale_behavioral_activation,109,12,0.6508942637383005,1.0,0.7,0.9696044205375902
pilot_holdout,aligned_loo,signed,Behavioral_Activation_System_Scale_behavioral_activation_Drive,111,4,0.5164180414180414,0.2,0.3,0.863182594393438
pilot_holdout,aligned_loo,signed,Behavioral_Activation_System_Scale_behavioral_activation_Fun_Seeking,111,6,0.23477535977535977,0.8,0.5,0.8766850721791678
pilot_holdout,aligned_loo,signed,Behavioral_Activation_System_Scale_behavioral_activation_Reward_Responsiveness,111,11,0.6325728325728325,0.4,0.3,0.7847992747735061
pilot_holdout,aligned_loo,signed,Behavioral_Inhibition_System_Scale_behavioral_inhibition,112,19,0.4247787610619469,1.0,0.8,0.9419697898062397
pilot_holdout,aligned_loo,signed,Big_Five_Inventory_2_agreeableness,109,16,0.318950977666574,1.0,0.7,0.9063828785083102
pilot_holdout,aligned_loo,signed,Big_Five_Inventory_2_agreeableness_compassion,111,12,0.49319059319059316,1.0,0.7,0.9288423980223209
pilot_holdout,aligned_loo,signed,Big_Five_Inventory_2_agreeableness_respectfulness,111,15,0.2768339768339768,1.0,0.6,0.8703989822437498
pilot_holdout,aligned_loo,signed,Big_Five_Inventory_2_agreeableness_trust,111,8,0.02419269919269919,0.8,0.5,0.8055236425230478
pilot_holdout,aligned_loo,signed,Big_Five_Inventory_2_conscientiousness,109,19,0.3304605689926791,1.0,0.9,0.9434914174929878
pilot_holdout,aligned_loo,signed,Big_Five_Inventory_2_conscientiousness_organization,111,11,0.3331081081081081,1.0,0.8,0.9311037984937308
pilot_holdout,aligned_loo,signed,Big_Five_Inventory_2_conscientiousness_productiveness,111,20,0.4605475605475605,1.0,0.9,0.9542310527758383
pilot_holdout,aligned_loo,signed,Big_Five_Inventory_2_conscientiousness_responsibility,111,15,0.28633731133731133,1.0,0.6,0.9125669328933865
pilot_holdout,aligned_loo,signed,Big_Five_Inventory_2_extraversion,109,22,0.4219164118246687,1.0,0.9,0.935634777878749
pilot_holdout,aligned_loo,signed,Big_Five_Inventory_2_extraversion_assertiveness,111,8,0.41624254124254123,0.8,0.4,0.9138713899886748
pilot_holdout,aligned_loo,signed,Big_Five_Inventory_2_extraversion_energy_level,111,22,0.5762899262899263,1.0,0.9,0.9366855146532399
pilot_holdout,aligned_loo,signed,Big_Five_Inventory_2_extraversion_sociability,111,12,0.3552386802386802,1.0,0.8,0.9597683567896511
pilot_holdout,aligned_loo,signed,Big_Five_Inventory_2_neuroticism,109,29,0.1543045130201094,1.0,1.0,0.9255346625212593
pilot_holdout,aligned_loo,signed,Big_Five_Inventory_2_neuroticism_anxiety,111,22,0.267005967005967,1.0,1.0,0.9437511489736298
pilot_holdout,aligned_loo,signed,Big_Five_Inventory_2_neuroticism_depression,111,34,0.051289926289926284,1.0,1.0,0.896894845994832
pilot_holdout,aligned_loo,signed,Big_Five_Inventory_2_neuroticism_emotional_volatility,111,19,0.2415321165321165,1.0,0.8,0.9448179023677458
pilot_holdout,aligned_loo,signed,Big_Five_Inventory_2_openness,109,6,0.5621258456120841,1.0,0.5,0.8995876155903301
pilot_holdout,aligned_loo,signed,Big_Five_Inventory_2_openness_aesthetic_sensitivity,111,8,0.5207090207090206,1.0,0.8,0.9854384643459422
pilot_holdout,aligned_loo,signed,Big_Five_Inventory_2_openness_creative_imagination,111,7,0.5125307125307126,0.8,0.5,0.8879684669495397
pilot_holdout,aligned_loo,signed,Big_Five_Inventory_2_openness_intellectual_curiosity,111,6,0.5892330642330641,1.0,0.5,0.9242950672147368
pilot_holdout,aligned_loo,signed,Buss_Perry_Aggression_Questionnaire_Aggression,108,16,-0.17052025874798743,0.8,0.5,0.7581298444605357
pilot_holdout,aligned_loo,signed,Buss_Perry_Aggression_Questionnaire_Aggression_Anger,111,15,0.07527202527202528,1.0,0.6,0.8679830828739801
pilot_holdout,aligned_loo,signed,Buss_Perry_Aggression_Questionnaire_Aggression_Hostility,111,19,0.16854159354159354,1.0,0.7,0.9268944787312633
pilot_holdout,aligned_loo,signed,Buss_Perry_Aggression_Questionnaire_Aggression_Physical_aggression,111,7,-0.3571253071253071,0.4,0.2,0.5785913982345279
pilot_holdout,aligned_loo,signed,Buss_Perry_Aggression_Questionnaire_Aggression_Verbal_aggression,111,8,-0.15455422955422954,0.4,0.2,0.598191289707115
pilot_holdout,aligned_loo,signed,Emotion_Regulation_Questionnaire_Emotion_Regulation,110,12,0.4010684579491919,0.4,0.4,0.7873210939345399
pilot_holdout,aligned_loo,signed,Emotion_Regulation_Questionnaire_Emotion_Regulation_Reappraisal,111,6,0.2404176904176904,0.4,0.3,0.6368447821413055
pilot_holdout,aligned_loo,signed,Emotion_Regulation_Questionnaire_Emotion_Regulation_Suppression,111,0,-0.521963846963847,0.0,0.0,0.2533081838641043
pilot_holdout,aligned_loo,signed,Hope_Scale_Hope,110,45,0.421319568108559,1.0,0.9,0.8938517831207787
pilot_holdout,aligned_loo,signed,Hope_Scale_Hope_Agency,111,38,0.4603457353457353,1.0,0.9,0.9296467404756658
pilot_holdout,aligned_loo,signed,Hope_Scale_Hope_Pathways,111,25,0.3821516321516321,0.2,0.5,0.7997596601567178
pilot_holdout,aligned_loo,signed,International_Personality_Item_Pool_120_agreeableness,106,20,0.4112602967478651,1.0,0.8,0.910142236108645
pilot_holdout,aligned_loo,signed,International_Personality_Item_Pool_120_agreeableness_altruism,111,17,0.58491575991576,0.8,0.6,0.8823991005856874
pilot_holdout,aligned_loo,signed,International_Personality_Item_Pool_120_agreeableness_cooperation,111,12,0.25015795015795017,1.0,0.6,0.8279534644394709
pilot_holdout,aligned_loo,signed,International_Personality_Item_Pool_120_agreeableness_modesty,111,2,-0.07141979641979641,0.0,0.0,0.5314938135077532
pilot_holdout,aligned_loo,signed,International_Personality_Item_Pool_120_agreeableness_morality,111,14,0.3121797121797122,0.8,0.6,0.9039366304753633
pilot_holdout,aligned_loo,signed,International_Personality_Item_Pool_120_agreeableness_sympathy,111,8,0.48089680589680583,1.0,0.6,0.8878835005817397
pilot_holdout,aligned_loo,signed,International_Personality_Item_Pool_120_agreeableness_trust,111,4,0.2470866970866971,0.2,0.2,0.8305401479644218
pilot_holdout,aligned_loo,signed,International_Personality_Item_Pool_120_conscientiousness,106,23,0.3213290676877346,1.0,0.9,0.9392342301079593
pilot_holdout,aligned_loo,signed,International_Personality_Item_Pool_120_conscientiousness_achievement_striving,111,25,0.6494208494208494,1.0,1.0,0.9534626327636346
pilot_holdout,aligned_loo,signed,International_Personality_Item_Pool_120_conscientiousness_cautiousness,111,9,-0.0484029484029484,0.8,0.4,0.6616182347221794
pilot_holdout,aligned_loo,signed,International_Personality_Item_Pool_120_conscientiousness_dutifulness,111,9,0.4421375921375921,0.4,0.3,0.7281253274774958
pilot_holdout,aligned_loo,signed,International_Personality_Item_Pool_120_conscientiousness_orderliness,111,6,0.39837662337662333,0.6,0.4,0.938636603943633
pilot_holdout,aligned_loo,signed,International_Personality_Item_Pool_120_conscientiousness_self_discipline,111,16,0.20387855387855386,1.0,1.0,0.9732654683607636
pilot_holdout,aligned_loo,signed,International_Personality_Item_Pool_120_conscientiousness_self_efficacy,111,23,0.5241224991224991,1.0,1.0,0.9254068575683507
pilot_holdout,aligned_loo,signed,International_Personality_Item_Pool_120_extraversion,106,25,0.41053480111847246,1.0,0.8,0.9378262060996384
pilot_holdout,aligned_loo,signed,International_Personality_Item_Pool_120_extraversion_activiity_level,111,16,0.5144612144612144,0.8,0.8,0.9216055223127582
pilot_holdout,aligned_loo,signed,International_Personality_Item_Pool_120_extraversion_assertiveness,111,10,0.4383204633204633,0.6,0.6,0.9042441417954217
pilot_holdout,aligned_loo,signed,International_Personality_Item_Pool_120_extraversion_cheerfulness,111,27,0.5702790452790453,1.0,1.0,0.9475467772054279
pilot_holdout,aligned_loo,signed,International_Personality_Item_Pool_120_extraversion_excitement_seeking,111,8,0.5135222885222884,1.0,0.7,0.9456169469802238
pilot_holdout,aligned_loo,signed,International_Personality_Item_Pool_120_extraversion_friendliness,111,20,0.41816426816426816,0.8,0.7,0.9338101252861828
pilot_holdout,aligned_loo,signed,International_Personality_Item_Pool_120_extraversion_gregariousness,111,6,0.19720077220077217,1.0,0.6,0.9508557914725921
pilot_holdout,aligned_loo,signed,International_Personality_Item_Pool_120_neuroticism,106,39,0.020994029775549792,1.0,1.0,0.930747221867243
pilot_holdout,aligned_loo,signed,International_Personality_Item_Pool_120_neuroticism_anger,111,17,0.13588101088101084,0.8,0.7,0.893035789472575
pilot_holdout,aligned_loo,signed,International_Personality_Item_Pool_120_neuroticism_anxiety,111,25,0.21429448929448927,1.0,1.0,0.955910268739911
pilot_holdout,aligned_loo,signed,International_Personality_Item_Pool_120_neuroticism_depression,111,38,-0.03578448578448579,1.0,0.9,0.8487363394658225
pilot_holdout,aligned_loo,signed,International_Personality_Item_Pool_120_neuroticism_immoderation,111,2,-0.043883818883818884,0.0,0.0,0.7092885349889865
pilot_holdout,aligned_loo,signed,International_Personality_Item_Pool_120_neuroticism_self_consciousness,111,27,-0.07489469989469989,0.8,0.8,0.8710923042303058
pilot_holdout,aligned_loo,signed,International_Personality_Item_Pool_120_neuroticism_vulnerability,111,33,0.12392944892944892,0.8,0.7,0.8611549749505227
pilot_holdout,aligned_loo,signed,International_Personality_Item_Pool_120_openness,106,11,0.6237096002216792,1.0,0.8,0.9631005373990655
pilot_holdout,aligned_loo,signed,International_Personality_Item_Pool_120_openness_adventurousness,111,4,-0.023999648999648997,0.2,0.2,0.7028765742402143
pilot_holdout,aligned_loo,signed,International_Personality_Item_Pool_120_openness_artistic_interests,111,5,0.5156633906633907,1.0,0.5,0.8969996865207589
pilot_holdout,aligned_loo,signed,International_Personality_Item_Pool_120_openness_emotionality,111,7,0.41189891189891187,0.6,0.6,0.8023828587348714
pilot_holdout,aligned_loo,signed,International_Personality_Item_Pool_120_openness_imagination,111,5,0.46854159354159347,0.6,0.4,0.8055522782736533
pilot_holdout,aligned_loo,signed,International_Personality_Item_Pool_120_openness_intellect,111,8,0.349017199017199,1.0,0.7,0.9411558721201918
pilot_holdout,aligned_loo,signed,International_Personality_Item_Pool_120_openness_liberalism,111,1,0.08460863460863462,0.0,0.0,0.5073762993565104
pilot_holdout,aligned_loo,signed,Interpersonal_Reactivity_Index_Brief_Empathy,108,11,0.5370068688254404,0.4,0.3,0.6670143436189936
pilot_holdout,aligned_loo,signed,Interpersonal_Reactivity_Index_Brief_Empathy_Empathic_Concern,111,13,0.5715163215163215,1.0,0.7,0.9052757852354933
pilot_holdout,aligned_loo,signed,Interpersonal_Reactivity_Index_Brief_Empathy_Fantasy,111,2,0.6890224640224639,0.2,0.2,0.925064668491541
pilot_holdout,aligned_loo,signed,Interpersonal_Reactivity_Index_Brief_Empathy_Personal_Distress,111,19,0.18385398385398385,1.0,0.9,0.9159480273261331
pilot_holdout,aligned_loo,signed,Interpersonal_Reactivity_Index_Brief_Empathy_Perspective_Taking,111,8,0.21826956826956828,0.0,0.1,0.5339922959423217
pilot_holdout,aligned_loo,signed,Life_Orientation_Test_Optimism,112,35,-0.05637749000580859,0.6,0.5,0.6902924288711293
pilot_holdout,aligned_loo,signed,Mastery_Scale_Self_Mastery,112,26,-0.04170225851641781,0.6,0.4,0.7705106944970186
pilot_holdout,aligned_loo,signed,Mindful_Attention_Awareness_Scale_Mindful_Attention_Awareness,112,20,0.06385177845354838,1.0,0.9,0.8636124719130173
pilot_holdout,aligned_loo,signed,Multidimensional_Scale_of_Perceived_Social_Support_Perceived_Social_Support,109,13,0.3741265869706237,0.0,0.2,0.7701740257065365
pilot_holdout,aligned_loo,signed,Multidimensional_Scale_of_Perceived_Social_Support_Perceived_Social_Support_Family,111,7,0.2456124956124956,0.2,0.3,0.7791909766399329
pilot_holdout,aligned_loo,signed,Multidimensional_Scale_of_Perceived_Social_Support_Perceived_Social_Support_Friends,111,8,0.4411372411372411,0.8,0.7,0.9008420615581355
pilot_holdout,aligned_loo,signed,Multidimensional_Scale_of_Perceived_Social_Support_Perceived_Social_Support_Significant_Other,111,1,0.49744647244647244,0.2,0.1,0.8236833501308135
pilot_holdout,aligned_loo,signed,Need_for_Cognition_Scale_Need_for_Cognition,112,12,0.3844944818396146,1.0,0.7,0.9398369807697262
pilot_holdout,aligned_loo,signed,Pain_Catastrophizing_Scale_Pain_Catastrophizing,109,27,0.058122509498656286,1.0,0.9,0.899564416822419
pilot_holdout,aligned_loo,signed,Pain_Catastrophizing_Scale_Pain_Catastrophizing_Helplessness,111,27,0.11022288522288523,1.0,0.9,0.9300782115370473
pilot_holdout,aligned_loo,signed,Pain_Catastrophizing_Scale_Pain_Catastrophizing_Magnification,111,24,0.11901544401544402,1.0,0.9,0.9552764370590703
pilot_holdout,aligned_loo,signed,Pain_Catastrophizing_Scale_Pain_Catastrophizing_Rumination,111,21,0.09355914355914356,0.8,0.8,0.8867320352280605
pilot_holdout,aligned_loo,signed,Penn_State_Worry_Questionnaire_Worry,112,23,0.3797451054088222,1.0,1.0,0.964190848461545
pilot_holdout,aligned_loo,signed,Psychological_Well_Being_Scales_Well_being,106,46,0.3003602287326498,1.0,1.0,0.8711347651565409
pilot_holdout,aligned_loo,signed,Psychological_Well_Being_Scales_Well_being_autonomy,111,2,0.06722534222534222,0.0,0.1,0.4702801066846784
pilot_holdout,aligned_loo,signed,Psychological_Well_Being_Scales_Well_being_environmental_mastery,111,32,0.15185152685152686,0.8,0.9,0.867392518279972
pilot_holdout,aligned_loo,signed,Psychological_Well_Being_Scales_Well_being_personal_growth,111,18,0.5144963144963145,0.6,0.6,0.845021611824064
pilot_holdout,aligned_loo,signed,Psychological_Well_Being_Scales_Well_being_positive_relations_with_others,111,20,0.39806072306072304,0.6,0.7,0.8676377649505709
pilot_holdout,aligned_loo,signed,Psychological_Well_Being_Scales_Well_being_purpose_in_life,111,6,0.4756932256932257,0.0,0.0,0.7582876700499305
pilot_holdout,aligned_loo,signed,Psychological_Well_Being_Scales_Well_being_self_acceptance,111,29,0.25436117936117936,1.0,1.0,0.9102705889124699
pilot_holdout,aligned_loo,signed,Rosenberg_Self_Esteem_Scale_Self_Esteem,112,46,0.026019065842074692,1.0,0.8,0.8049904967253295
pilot_holdout,aligned_loo,signed,Satisfaction_with_Life_Scale_Satisfaction_with_Life,112,25,0.23870741791095773,1.0,0.8,0.9219649263219906
pilot_holdout,aligned_loo,signed,Self_Compassion_Scale___Short_Form_Self_Compassion,106,28,-0.1801194044890042,0.4,0.5,0.6364416449921872
pilot_holdout,aligned_loo,signed,Self_Compassion_Scale___Short_Form_Self_Compassion_Common_Humanity,111,1,0.28594243594243596,0.0,0.0,0.3661278131238138
pilot_holdout,aligned_loo,signed,Self_Compassion_Scale___Short_Form_Self_Compassion_Isolation,111,20,0.30550193050193053,0.8,0.9,0.9290983020859822
pilot_holdout,aligned_loo,signed,Self_Compassion_Scale___Short_Form_Self_Compassion_Mindfulness,111,7,-0.04567392067392067,0.4,0.2,0.680349144663494
pilot_holdout,aligned_loo,signed,Self_Compassion_Scale___Short_Form_Self_Compassion_Over_Identification,111,21,0.4275359775359775,1.0,1.0,0.9816362331447841
pilot_holdout,aligned_loo,signed,Self_Compassion_Scale___Short_Form_Self_Compassion_Self_Judgement,111,17,0.2484819234819235,0.8,0.6,0.8952381640149396
pilot_holdout,aligned_loo,signed,Self_Compassion_Scale___Short_Form_Self_Compassion_Self_Kindness,111,4,0.15107055107055106,0.0,0.0,0.41864230361790383
pilot_holdout,aligned_loo,signed,Self_Control_Scale_Self_Control,112,26,0.1560631427888065,1.0,0.9,0.9235011116629973
pilot_holdout,aligned_loo,signed,Short_Grit_Scale_Grit,110,23,0.22805941888510695,1.0,1.0,0.969309755307344
pilot_holdout,aligned_loo,signed,Short_Grit_Scale_Grit_Consistency_of_Interest,111,11,0.0035363285363285363,0.8,0.7,0.8829057358778151
pilot_holdout,aligned_loo,signed,Short_Grit_Scale_Grit_Perseverance_of_Effort,111,29,0.44226044226044225,1.0,0.8,0.9410295834404745
pilot_holdout,aligned_loo,abs,Barratt_Impulsiveness_Scale_Short_Form_Impulsiveness,109,24,0.6126772310258549,0.8,0.8,0.9006528125447957
pilot_holdout,aligned_loo,abs,Barratt_Impulsiveness_Scale_Short_Form_Impulsiveness_Attention_impulsivity,111,14,0.5039312039312039,1.0,0.9,0.9205769923934771
pilot_holdout,aligned_loo,abs,Barratt_Impulsiveness_Scale_Short_Form_Impulsiveness_Motor_Impulsivity,111,9,0.5580379080379081,1.0,0.6,0.9465538388388747
pilot_holdout,aligned_loo,abs,Barratt_Impulsiveness_Scale_Short_Form_Impulsiveness_Non_planning,111,17,0.6615479115479115,1.0,1.0,0.9494484473173354
pilot_holdout,aligned_loo,abs,Behavioral_Activation_System_Scale_behavioral_activation,109,12,0.7057084607543324,1.0,0.7,0.9528450642845778
pilot_holdout,aligned_loo,abs,Behavioral_Activation_System_Scale_behavioral_activation_Drive,111,4,0.5982888732888731,0.2,0.3,0.7719170413750915
pilot_holdout,aligned_loo,abs,Behavioral_Activation_System_Scale_behavioral_activation_Fun_Seeking,111,6,0.4188399438399438,0.6,0.5,0.9213388210412389
pilot_holdout,aligned_loo,abs,Behavioral_Activation_System_Scale_behavioral_activation_Reward_Responsiveness,111,11,0.5194717444717444,0.4,0.3,0.7847992747735061
pilot_holdout,aligned_loo,abs,Behavioral_Inhibition_System_Scale_behavioral_inhibition,112,19,0.5723767383059418,1.0,0.8,0.9419697898062397
pilot_holdout,aligned_loo,abs,Big_Five_Inventory_2_agreeableness,109,16,0.5964229450467983,1.0,1.0,0.9917473288106073
pilot_holdout,aligned_loo,abs,Big_Five_Inventory_2_agreeableness_compassion,111,12,0.6139610389610389,1.0,0.7,0.9288423980223209
pilot_holdout,aligned_loo,abs,Big_Five_Inventory_2_agreeableness_respectfulness,111,15,0.6074324324324324,1.0,0.8,0.9651068942982741
pilot_holdout,aligned_loo,abs,Big_Five_Inventory_2_agreeableness_trust,111,8,0.5204457704457705,1.0,0.7,0.8621330489935662
pilot_holdout,aligned_loo,abs,Big_Five_Inventory_2_conscientiousness,109,19,0.6927902882031323,1.0,0.9,0.9529671454637487
pilot_holdout,aligned_loo,abs,Big_Five_Inventory_2_conscientiousness_organization,111,11,0.6756318006318006,1.0,0.9,0.9521579580963749
pilot_holdout,aligned_loo,abs,Big_Five_Inventory_2_conscientiousness_productiveness,111,20,0.7438487188487188,1.0,0.9,0.9535470338691364
pilot_holdout,aligned_loo,abs,Big_Five_Inventory_2_conscientiousness_responsibility,111,15,0.687118287118287,1.0,0.7,0.9140566155386846
pilot_holdout,aligned_loo,abs,Big_Five_Inventory_2_extraversion,109,22,0.685052358446854,1.0,1.0,0.9519317679300465
pilot_holdout,aligned_loo,abs,Big_Five_Inventory_2_extraversion_assertiveness,111,8,0.7293962793962794,1.0,0.6,0.9580075282759798
pilot_holdout,aligned_loo,abs,Big_Five_Inventory_2_extraversion_energy_level,111,22,0.71510179010179,1.0,0.9,0.9178538112192927
pilot_holdout,aligned_loo,abs,Big_Five_Inventory_2_extraversion_sociability,111,12,0.6551333801333801,1.0,0.9,0.9824000198999383
pilot_holdout,aligned_loo,abs,Big_Five_Inventory_2_neuroticism,109,29,0.700194606616625,1.0,1.0,0.9156794388431285
pilot_holdout,aligned_loo,abs,Big_Five_Inventory_2_neuroticism_anxiety,111,22,0.640944190944191,1.0,1.0,0.9437511489736298
pilot_holdout,aligned_loo,abs,Big_Five_Inventory_2_neuroticism_depression,111,34,0.7224552474552474,1.0,1.0,0.9390224282726423
pilot_holdout,aligned_loo,abs,Big_Five_Inventory_2_neuroticism_emotional_volatility,111,19,0.754133029133029,1.0,0.8,0.9432740543310179
pilot_holdout,aligned_loo,abs,Big_Five_Inventory_2_openness,109,6,0.5225836345102401,0.8,0.5,0.8645160213880861
pilot_holdout,aligned_loo,abs,Big_Five_Inventory_2_openness_aesthetic_sensitivity,111,8,0.5284485784485784,1.0,0.8,0.9470390819402382
pilot_holdout,aligned_loo,abs,Big_Five_Inventory_2_openness_creative_imagination,111,7,0.382011232011232,0.8,0.5,0.8154519991377908
pilot_holdout,aligned_loo,abs,Big_Five_Inventory_2_openness_intellectual_curiosity,111,6,0.6892330642330642,1.0,0.5,0.9242950672147368
pilot_holdout,aligned_loo,abs,Buss_Perry_Aggression_Questionnaire_Aggression,108,16,0.7199596063524726,1.0,0.8,0.9624559964950384
pilot_holdout,aligned_loo,abs,Buss_Perry_Aggression_Questionnaire_Aggression_Anger,111,15,0.6705510705510704,0.8,0.6,0.8695275309657913
pilot_holdout,aligned_loo,abs,Buss_Perry_Aggression_Questionnaire_Aggression_Hostility,111,19,0.6804229554229554,1.0,0.8,0.9128809847113204
pilot_holdout,aligned_loo,abs,Buss_Perry_Aggression_Questionnaire_Aggression_Physical_aggression,111,7,0.4784924534924535,0.8,0.6,0.956230898961608
pilot_holdout,aligned_loo,abs,Buss_Perry_Aggression_Questionnaire_Aggression_Verbal_aggression,111,8,0.6072569322569323,0.8,0.7,0.9534184853848828
pilot_holdout,aligned_loo,abs,Emotion_Regulation_Questionnaire_Emotion_Regulation,110,12,0.4719653765525325,0.6,0.5,0.8425406850199785
pilot_holdout,aligned_loo,abs,Emotion_Regulation_Questionnaire_Emotion_Regulation_Reappraisal,111,6,0.14334854334854333,0.4,0.4,0.7084288390291045
pilot_holdout,aligned_loo,abs,Emotion_Regulation_Questionnaire_Emotion_Regulation_Suppression,111,0,0.5187434187434187,0.0,0.0,0.7713742893612917
pilot_holdout,aligned_loo,abs,Hope_Scale_Hope,110,45,0.701471947343507,1.0,0.9,0.8938517831207787
pilot_holdout,aligned_loo,abs,Hope_Scale_Hope_Agency,111,38,0.7722797472797472,1.0,0.9,0.9171735125289646
pilot_holdout,aligned_loo,abs,Hope_Scale_Hope_Pathways,111,25,0.5583450333450333,0.2,0.4,0.709757748554558
pilot_holdout,aligned_loo,abs,International_Personality_Item_Pool_120_agreeableness,106,20,0.6425624102577022,1.0,0.8,0.949989724641706
pilot_holdout,aligned_loo,abs,International_Personality_Item_Pool_120_agreeableness_altruism,111,17,0.6249561249561248,0.8,0.6,0.8823991005856874
pilot_holdout,aligned_loo,abs,International_Personality_Item_Pool_120_agreeableness_cooperation,111,12,0.4012021762021762,1.0,1.0,0.969800794073987
pilot_holdout,aligned_loo,abs,International_Personality_Item_Pool_120_agreeableness_modesty,111,2,0.21315373815373814,0.0,0.1,0.7501444102247883
pilot_holdout,aligned_loo,abs,International_Personality_Item_Pool_120_agreeableness_morality,111,14,0.42393822393822395,0.4,0.4,0.5323608670918569
pilot_holdout,aligned_loo,abs,International_Personality_Item_Pool_120_agreeableness_sympathy,111,8,0.46969989469989465,1.0,0.6,0.8595301182186784
pilot_holdout,aligned_loo,abs,International_Personality_Item_Pool_120_agreeableness_trust,111,4,0.5803439803439804,0.2,0.2,0.8305401479644218
pilot_holdout,aligned_loo,abs,International_Personality_Item_Pool_120_conscientiousness,106,23,0.6989797717711665,1.0,0.9,0.9509365781075915
pilot_holdout,aligned_loo,abs,International_Personality_Item_Pool_120_conscientiousness_achievement_striving,111,25,0.7586258336258335,1.0,0.9,0.9251861042759337
pilot_holdout,aligned_loo,abs,International_Personality_Item_Pool_120_conscientiousness_cautiousness,111,9,0.546955071955072,1.0,0.5,0.8990500603811945
pilot_holdout,aligned_loo,abs,International_Personality_Item_Pool_120_conscientiousness_dutifulness,111,9,0.34678834678834675,0.2,0.4,0.7168801509661283
pilot_holdout,aligned_loo,abs,International_Personality_Item_Pool_120_conscientiousness_orderliness,111,6,0.5085731835731836,0.6,0.5,0.9666135443885555
pilot_holdout,aligned_loo,abs,International_Personality_Item_Pool_120_conscientiousness_self_discipline,111,16,0.7178220428220429,1.0,1.0,0.9732654683607636
pilot_holdout,aligned_loo,abs,International_Personality_Item_Pool_120_conscientiousness_self_efficacy,111,23,0.7934450684450685,1.0,0.9,0.9222602372249233
pilot_holdout,aligned_loo,abs,International_Personality_Item_Pool_120_extraversion,106,25,0.7054689271229564,1.0,0.8,0.939624119401808
pilot_holdout,aligned_loo,abs,International_Personality_Item_Pool_120_extraversion_activiity_level,111,16,0.5795366795366795,0.8,0.8,0.9216055223127582
pilot_holdout,aligned_loo,abs,International_Personality_Item_Pool_120_extraversion_assertiveness,111,10,0.7486837486837488,0.6,0.6,0.9042441417954217
pilot_holdout,aligned_loo,abs,International_Personality_Item_Pool_120_extraversion_cheerfulness,111,27,0.7949192699192699,1.0,1.0,0.9475467772054279
pilot_holdout,aligned_loo,abs,International_Personality_Item_Pool_120_extraversion_excitement_seeking,111,8,0.715005265005265,1.0,0.7,0.9456169469802238
pilot_holdout,aligned_loo,abs,International_Personality_Item_Pool_120_extraversion_friendliness,111,20,0.6821253071253071,0.8,0.7,0.9338101252861828
pilot_holdout,aligned_loo,abs,International_Personality_Item_Pool_120_extraversion_gregariousness,111,6,0.5332309582309581,1.0,0.6,0.9508557914725921
pilot_holdout,aligned_loo,abs,International_Personality_Item_Pool_120_neuroticism,106,39,0.738478978260322,1.0,1.0,0.9562798350459235
pilot_holdout,aligned_loo,abs,International_Personality_Item_Pool_120_neuroticism_anger,111,17,0.7747016497016497,0.8,0.7,0.893035789472575
pilot_holdout,aligned_loo,abs,International_Personality_Item_Pool_120_neuroticism_anxiety,111,25,0.7168480168480168,1.0,1.0,0.955910268739911
pilot_holdout,aligned_loo,abs,International_Personality_Item_Pool_120_neuroticism_depression,111,38,0.7082748332748332,1.0,0.9,0.9413341400492852
pilot_holdout,aligned_loo,abs,International_Personality_Item_Pool_120_neuroticism_immoderation,111,2,0.7693839943839943,0.2,0.2,0.8656812059154797
pilot_holdout,aligned_loo,abs,International_Personality_Item_Pool_120_neuroticism_self_consciousness,111,27,0.6567041067041066,0.8,0.7,0.886270283500382
pilot_holdout,aligned_loo,abs,International_Personality_Item_Pool_120_neuroticism_vulnerability,111,33,0.5325728325728325,1.0,0.6,0.8151541912735293
pilot_holdout,aligned_loo,abs,International_Personality_Item_Pool_120_openness,106,11,0.6529208756329195,1.0,0.8,0.9676554042503308
pilot_holdout,aligned_loo,abs,International_Personality_Item_Pool_120_openness_adventurousness,111,4,0.4145226395226395,0.2,0.2,0.6938634262419848
pilot_holdout,aligned_loo,abs,International_Personality_Item_Pool_120_openness_artistic_interests,111,5,0.542997542997543,1.0,0.5,0.8889390820436899
pilot_holdout,aligned_loo,abs,International_Personality_Item_Pool_120_openness_emotionality,111,7,0.5129343629343629,0.6,0.6,0.7991821080116754
pilot_holdout,aligned_loo,abs,International_Personality_Item_Pool_120_openness_imagination,111,5,0.37829940329940326,0.6,0.4,0.800580535334148
pilot_holdout,aligned_loo,abs,International_Personality_Item_Pool_120_openness_intellect,111,8,0.46138118638118636,1.0,0.7,0.9199294869118854
pilot_holdout,aligned_loo,abs,International_Personality_Item_Pool_120_openness_liberalism,111,1,0.03457353457353457,0.2,0.1,0.5546110000712128
pilot_holdout,aligned_loo,abs,Interpersonal_Reactivity_Index_Brief_Empathy,108,11,0.20486438594986994,0.4,0.2,0.5071767939343368
pilot_holdout,aligned_loo,abs,Interpersonal_Reactivity_Index_Brief_Empathy_Empathic_Concern,111,13,0.6529308529308528,1.0,0.7,0.9052757852354933
pilot_holdout,aligned_loo,abs,Interpersonal_Reactivity_Index_Brief_Empathy_Fantasy,111,2,0.6248069498069497,0.2,0.2,0.8982760570469964
pilot_holdout,aligned_loo,abs,Interpersonal_Reactivity_Index_Brief_Empathy_Personal_Distress,111,19,0.7142769392769392,1.0,0.9,0.918335524994358
pilot_holdout,aligned_loo,abs,Interpersonal_Reactivity_Index_Brief_Empathy_Perspective_Taking,111,8,0.22852755352755352,0.0,0.1,0.4910200311569972
pilot_holdout,aligned_loo,abs,Life_Orientation_Test_Optimism,112,35,0.2974681381761028,0.8,0.4,0.6728772008480863
pilot_holdout,aligned_loo,abs,Mastery_Scale_Self_Mastery,112,26,0.568609696928281,0.8,0.7,0.864859538814804
pilot_holdout,aligned_loo,abs,Mindful_Attention_Awareness_Scale_Mindful_Attention_Awareness,112,20,0.7386305395154953,1.0,0.9,0.9194042645882813
pilot_holdout,aligned_loo,abs,Multidimensional_Scale_of_Perceived_Social_Support_Perceived_Social_Support,109,13,0.5419701603187842,0.0,0.2,0.7701740257065365
pilot_holdout,aligned_loo,abs,Multidimensional_Scale_of_Perceived_Social_Support_Perceived_Social_Support_Family,111,7,0.4284047034047034,0.2,0.3,0.7791909766399329
pilot_holdout,aligned_loo,abs,Multidimensional_Scale_of_Perceived_Social_Support_Perceived_Social_Support_Friends,111,8,0.5777290277290277,0.8,0.7,0.9008420615581355
pilot_holdout,aligned_loo,abs,Multidimensional_Scale_of_Perceived_Social_Support_Perceived_Social_Support_Significant_Other,111,1,0.5399701649701649,0.2,0.1,0.8236833501308135
pilot_holdout,aligned_loo,abs,Need_for_Cognition_Scale_Need_for_Cognition,112,12,0.5741705675333993,0.8,0.6,0.8939810308401469
pilot_holdout,aligned_loo,abs,Pain_Catastrophizing_Scale_Pain_Catastrophizing,109,27,0.543536280233528,1.0,0.9,0.907617355939187
pilot_holdout,aligned_loo,abs,Pain_Catastrophizing_Scale_Pain_Catastrophizing_Helplessness,111,27,0.5804405054405054,1.0,0.9,0.9415446042443024
pilot_holdout,aligned_loo,abs,Pain_Catastrophizing_Scale_Pain_Catastrophizing_Magnification,111,24,0.625061425061425,1.0,0.9,0.9509902264256639
pilot_holdout,aligned_loo,abs,Pain_Catastrophizing_Scale_Pain_Catastrophizing_Rumination,111,21,0.31986661986661985,0.8,0.8,0.897346628813063
pilot_holdout,aligned_loo,abs,Penn_State_Worry_Questionnaire_Worry,112,23,0.6263795400963543,1.0,1.0,0.964190848461545
pilot_holdout,aligned_loo,abs,Psychological_Well_Being_Scales_Well_being,106,46,0.5971786281079176,1.0,1.0,0.834048649454345
pilot_holdout,aligned_loo,abs,Psychological_Well_Being_Scales_Well_being_autonomy,111,2,-0.009915759915759914,0.0,0.0,0.3695919747619475
pilot_holdout,aligned_loo,abs,Psychological_Well_Being_Scales_Well_being_environmental_mastery,111,32,0.7500087750087749,1.0,0.9,0.8870464915341043
pilot_holdout,aligned_loo,abs,Psychological_Well_Being_Scales_Well_being_personal_growth,111,18,0.427044577044577,0.4,0.5,0.8234345892125119
pilot_holdout,aligned_loo,abs,Psychological_Well_Being_Scales_Well_being_positive_relations_with_others,111,20,0.62508775008775,0.6,0.7,0.8676377649505709
pilot_holdout,aligned_loo,abs,Psychological_Well_Being_Scales_Well_being_purpose_in_life,111,6,0.13027378027378028,0.0,0.0,0.5667821976747801
pilot_holdout,aligned_loo,abs,Psychological_Well_Being_Scales_Well_being_self_acceptance,111,29,0.7073710073710073,0.8,0.9,0.9059829844894167
pilot_holdout,aligned_loo,abs,Rosenberg_Self_Esteem_Scale_Self_Esteem,112,46,0.7106211774353368,1.0,1.0,0.9322423578609293
pilot_holdout,aligned_loo,abs,Satisfaction_with_Life_Scale_Satisfaction_with_Life,112,25,0.6517408685550278,1.0,0.9,0.9480792294319247
pilot_holdout,aligned_loo,abs,Self_Compassion_Scale___Short_Form_Self_Compassion,106,28,0.4155628888832909,0.8,0.8,0.6644887140892178
pilot_holdout,aligned_loo,abs,Self_Compassion_Scale___Short_Form_Self_Compassion_Common_Humanity,111,1,0.2335907335907336,0.0,0.0,0.3661278131238138
pilot_holdout,aligned_loo,abs,Self_Compassion_Scale___Short_Form_Self_Compassion_Isolation,111,20,0.6733678483678484,0.8,0.9,0.9294200370788525
pilot_holdout,aligned_loo,abs,Self_Compassion_Scale___Short_Form_Self_Compassion_Mindfulness,111,7,0.27010354510354506,0.6,0.3,0.8017431431668565
pilot_holdout,aligned_loo,abs,Self_Compassion_Scale___Short_Form_Self_Compassion_Over_Identification,111,21,0.5981747981747981,1.0,1.0,0.9816362331447841
pilot_holdout,aligned_loo,abs,Self_Compassion_Scale___Short_Form_Self_Compassion_Self_Judgement,111,17,0.7001491751491751,0.6,0.4,0.8522088904020728
pilot_holdout,aligned_loo,abs,Self_Compassion_Scale___Short_Form_Self_Compassion_Self_Kindness,111,4,0.25881888381888385,0.0,0.0,0.41864230361790383
pilot_holdout,aligned_loo,abs,Self_Control_Scale_Self_Control,112,26,0.8058820514572728,1.0,1.0,0.9571406614627672
pilot_holdout,aligned_loo,abs,Short_Grit_Scale_Grit,110,23,0.7678696210806303,1.0,1.0,0.9844359687767625
pilot_holdout,aligned_loo,abs,Short_Grit_Scale_Grit_Consistency_of_Interest,111,11,0.6296068796068796,0.4,0.4,0.768770363203241
pilot_holdout,aligned_loo,abs,Short_Grit_Scale_Grit_Perseverance_of_Effort,111,29,0.7314145314145314,1.0,0.9,0.9605677453576432
pilot_holdout,aligned_loo,abs_cross_instrument,Barratt_Impulsiveness_Scale_Short_Form_Impulsiveness,109,24,0.6126772310258549,0.8,0.8,0.9006528125447957
pilot_holdout,aligned_loo,abs_cross_instrument,Barratt_Impulsiveness_Scale_Short_Form_Impulsiveness_Attention_impulsivity,109,14,0.49653414882772684,1.0,0.9,0.9205769923934771
pilot_holdout,aligned_loo,abs_cross_instrument,Barratt_Impulsiveness_Scale_Short_Form_Impulsiveness_Motor_Impulsivity,109,9,0.5427578537670282,1.0,0.6,0.9485657363445846
pilot_holdout,aligned_loo,abs_cross_instrument,Barratt_Impulsiveness_Scale_Short_Form_Impulsiveness_Non_planning,109,17,0.6513483458437587,1.0,1.0,0.9494484473173354
pilot_holdout,aligned_loo,abs_cross_instrument,Behavioral_Activation_System_Scale_behavioral_activation,109,12,0.7057084607543324,1.0,0.7,0.9528450642845778
pilot_holdout,aligned_loo,abs_cross_instrument,Behavioral_Activation_System_Scale_behavioral_activation_Drive,109,4,0.5848299508849968,0.2,0.3,0.8244141889363488
pilot_holdout,aligned_loo,abs_cross_instrument,Behavioral_Activation_System_Scale_behavioral_activation_Fun_Seeking,109,5,0.39382819015846543,0.6,0.5,0.9298300129339313
pilot_holdout,aligned_loo,abs_cross_instrument,Behavioral_Activation_System_Scale_behavioral_activation_Reward_Responsiveness,109,10,0.5253359280882217,0.4,0.3,0.8031451301368508
pilot_holdout,aligned_loo,abs_cross_instrument,Behavioral_Inhibition_System_Scale_behavioral_inhibition,112,19,0.5723767383059418,1.0,0.8,0.9419697898062397
pilot_holdout,aligned_loo,abs_cross_instrument,Big_Five_Inventory_2_agreeableness,93,16,0.6323893646862223,1.0,1.0,0.9917473288106073
pilot_holdout,aligned_loo,abs_cross_instrument,Big_Five_Inventory_2_agreeableness_compassion,93,10,0.6416251380143833,0.8,0.6,0.9237211860762037
pilot_holdout,aligned_loo,abs_cross_instrument,Big_Five_Inventory_2_agreeableness_respectfulness,93,13,0.6253469010175763,1.0,0.7,0.9471691468307101
pilot_holdout,aligned_loo,abs_cross_instrument,Big_Five_Inventory_2_agreeableness_trust,93,6,0.4807824296499656,0.8,0.5,0.8721397355501854
pilot_holdout,aligned_loo,abs_cross_instrument,Big_Five_Inventory_2_conscientiousness,93,19,0.7219868103010949,1.0,0.9,0.9529671454637487
pilot_holdout,aligned_loo,abs_cross_instrument,Big_Five_Inventory_2_conscientiousness_organization,93,9,0.7030974903762941,1.0,0.8,0.9508237484262461
pilot_holdout,aligned_loo,abs_cross_instrument,Big_Five_Inventory_2_conscientiousness_productiveness,93,18,0.7383396496672733,1.0,0.9,0.9493759502846687
pilot_holdout,aligned_loo,abs_cross_instrument,Big_Five_Inventory_2_conscientiousness_responsibility,93,13,0.6751066813882007,1.0,0.5,0.8897192431672657
pilot_holdout,aligned_loo,abs_cross_instrument,Big_Five_Inventory_2_extraversion,93,21,0.7160186207513949,1.0,1.0,0.9519317679300465
pilot_holdout,aligned_loo,abs_cross_instrument,Big_Five_Inventory_2_extraversion_assertiveness,93,6,0.7085882247620183,0.8,0.4,0.9428941346791704
pilot_holdout,aligned_loo,abs_cross_instrument,Big_Five_Inventory_2_extraversion_energy_level,93,19,0.7160186207513949,1.0,0.8,0.8994590743692608
pilot_holdout,aligned_loo,abs_cross_instrument,Big_Five_Inventory_2_extraversion_sociability,93,10,0.687102742383098,1.0,0.7,0.9718713368456744
pilot_holdout,aligned_loo,abs_cross_instrument,Big_Five_Inventory_2_neuroticism,93,29,0.7545283638208349,1.0,1.0,0.9156794388431285
pilot_holdout,aligned_loo,abs_cross_instrument,Big_Five_Inventory_2_neuroticism_anxiety,93,20,0.6948166273760854,1.0,0.9,0.9189486430976043
pilot_holdout,aligned_loo,abs_cross_instrument,Big_Five_Inventory_2_neuroticism_depression,93,30,0.7625704992390557,1.0,1.0,0.9331599842067178
pilot_holdout,aligned_loo,abs_cross_instrument,Big_Five_Inventory_2_neuroticism_emotional_volatility,93,17,0.7804004655187847,0.8,0.7,0.9279550412520656
pilot_holdout,aligned_loo,abs_cross_instrument,Big_Five_Inventory_2_openness,93,6,0.5284533436781952,0.8,0.5,0.8645160213880861
pilot_holdout,aligned_loo,abs_cross_instrument,Big_Five_Inventory_2_openness_aesthetic_sensitivity,93,6,0.4946584703530183,0.8,0.6,0.9027549505297281
pilot_holdout,aligned_loo,abs_cross_instrument,Big_Five_Inventory_2_openness_creative_imagination,93,5,0.3568678941243173,0.6,0.3,0.7781021322440989
pilot_holdout,aligned_loo,abs_cross_instrument,Big_Five_Inventory_2_openness_intellectual_curiosity,93,4,0.674286055325117,0.6,0.3,0.9012614077787794
pilot_holdout,aligned_loo,abs_cross_instrument,Buss_Perry_Aggression_Questionnaire_Aggression,108,16,0.7199596063524726,1.0,0.8,0.9624559964950384
pilot_holdout,aligned_loo,abs_cross_instrument,Buss_Perry_Aggression_Questionnaire_Aggression_Anger,108,12,0.6616746215477244,0.8,0.6,0.8772683078036578
pilot_holdout,aligned_loo,abs_cross_instrument,Buss_Perry_Aggression_Questionnaire_Aggression_Hostility,108,18,0.6675717130145664,1.0,0.8,0.9128809847113204
pilot_holdout,aligned_loo,abs_cross_instrument,Buss_Perry_Aggression_Questionnaire_Aggression_Physical_aggression,108,6,0.4385378261739403,1.0,0.5,0.9529572923940369
pilot_holdout,aligned_loo,abs_cross_instrument,Buss_Perry_Aggression_Questionnaire_Aggression_Verbal_aggression,108,7,0.5771242390465575,1.0,0.6,0.9308176083263041
pilot_holdout,aligned_loo,abs_cross_instrument,Emotion_Regulation_Questionnaire_Emotion_Regulation,110,12,0.4719653765525325,0.6,0.5,0.8425406850199785
pilot_holdout,aligned_loo,abs_cross_instrument,Emotion_Regulation_Questionnaire_Emotion_Regulation_Reappraisal,110,6,0.14643283817595745,0.4,0.4,0.7084288390291045
pilot_holdout,aligned_loo,abs_cross_instrument,Emotion_Regulation_Questionnaire_Emotion_Regulation_Suppression,110,0,0.5192840880914276,0.0,0.0,0.7713742893612917
pilot_holdout,aligned_loo,abs_cross_instrument,Hope_Scale_Hope,110,45,0.701471947343507,1.0,0.9,0.8938517831207787
pilot_holdout,aligned_loo,abs_cross_instrument,Hope_Scale_Hope_Agency,110,37,0.7731172373374208,1.0,0.9,0.9171735125289646
pilot_holdout,aligned_loo,abs_cross_instrument,Hope_Scale_Hope_Pathways,110,24,0.5488763158487929,0.2,0.4,0.7058237493469411
pilot_holdout,aligned_loo,abs_cross_instrument,International_Personality_Item_Pool_120_agreeableness,78,16,0.6867689272752564,1.0,0.8,0.9518316483477743
pilot_holdout,aligned_loo,abs_cross_instrument,International_Personality_Item_Pool_120_agreeableness_altruism,78,10,0.646606557998963,0.8,0.5,0.8387759398642082
pilot_holdout,aligned_loo,abs_cross_instrument,International_Personality_Item_Pool_120_agreeableness_cooperation,78,9,0.41812617761984844,1.0,0.8,0.9496281598490274
pilot_holdout,aligned_loo,abs_cross_instrument,International_Personality_Item_Pool_120_agreeableness_modesty,78,1,0.2204251444757774,0.0,0.1,0.8157196225203743
pilot_holdout,aligned_loo,abs_cross_instrument,International_Personality_Item_Pool_120_agreeableness_morality,78,9,0.45173813528243906,0.4,0.3,0.5007415020341845
pilot_holdout,aligned_loo,abs_cross_instrument,International_Personality_Item_Pool_120_agreeableness_sympathy,78,5,0.44728689032486496,0.6,0.4,0.8134552697390953
pilot_holdout,aligned_loo,abs_cross_instrument,International_Personality_Item_Pool_120_agreeableness_trust,78,3,0.5551031247233779,0.4,0.2,0.8087761841558884
pilot_holdout,aligned_loo,abs_cross_instrument,International_Personality_Item_Pool_120_conscientiousness,78,20,0.746810151873443,1.0,1.0,0.9750018184098336
pilot_holdout,aligned_loo,abs_cross_instrument,International_Personality_Item_Pool_120_conscientiousness_achievement_striving,78,18,0.8261738261738261,1.0,0.9,0.9662599712516615
pilot_holdout,aligned_loo,abs_cross_instrument,International_Personality_Item_Pool_120_conscientiousness_cautiousness,78,9,0.5675969600020233,1.0,0.6,0.9276904111243057
pilot_holdout,aligned_loo,abs_cross_instrument,International_Personality_Item_Pool_120_conscientiousness_dutifulness,78,6,0.46640701071080815,0.4,0.3,0.7858558565396063
pilot_holdout,aligned_loo,abs_cross_instrument,International_Personality_Item_Pool_120_conscientiousness_orderliness,78,5,0.6353266986178379,0.8,0.5,0.9830655522038421
pilot_holdout,aligned_loo,abs_cross_instrument,International_Personality_Item_Pool_120_conscientiousness_self_discipline,78,13,0.700552611945017,1.0,1.0,0.9775318505832248
pilot_holdout,aligned_loo,abs_cross_instrument,International_Personality_Item_Pool_120_conscientiousness_self_efficacy,78,16,0.7870231034787997,1.0,0.9,0.941492348159968
pilot_holdout,aligned_loo,abs_cross_instrument,International_Personality_Item_Pool_120_extraversion,78,19,0.7155755636768295,1.0,0.8,0.939621179641329
pilot_holdout,aligned_loo,abs_cross_instrument,International_Personality_Item_Pool_120_extraversion_activiity_level,78,10,0.6020688172586907,0.6,0.6,0.8827529615076276
pilot_holdout,aligned_loo,abs_cross_instrument,International_Personality_Item_Pool_120_extraversion_assertiveness,78,6,0.7095309753537601,0.8,0.6,0.947920945775295
pilot_holdout,aligned_loo,abs_cross_instrument,International_Personality_Item_Pool_120_extraversion_cheerfulness,78,21,0.8181818181818181,1.0,0.9,0.9548282645141868
pilot_holdout,aligned_loo,abs_cross_instrument,International_Personality_Item_Pool_120_extraversion_excitement_seeking,78,5,0.7322677322677323,1.0,0.5,0.9641952077215543
pilot_holdout,aligned_loo,abs_cross_instrument,International_Personality_Item_Pool_120_extraversion_friendliness,78,14,0.6062924417354796,0.8,0.8,0.9343619537825331
pilot_holdout,aligned_loo,abs_cross_instrument,International_Personality_Item_Pool_120_extraversion_gregariousness,78,3,0.4901554142060471,0.6,0.3,0.88712917359311
pilot_holdout,aligned_loo,abs_cross_instrument,International_Personality_Item_Pool_120_neuroticism,78,35,0.7367189772253064,1.0,1.0,0.9562798350459235
pilot_holdout,aligned_loo,abs_cross_instrument,International_Personality_Item_Pool_120_neuroticism_anger,78,14,0.7641093084131059,0.8,0.8,0.9193689466782858
pilot_holdout,aligned_loo,abs_cross_instrument,International_Personality_Item_Pool_120_neuroticism_anxiety,78,20,0.7250091680471427,1.0,1.0,0.967356279384809
pilot_holdout,aligned_loo,abs_cross_instrument,International_Personality_Item_Pool_120_neuroticism_depression,78,32,0.6657519695494378,1.0,0.9,0.9417993967140125
pilot_holdout,aligned_loo,abs_cross_instrument,International_Personality_Item_Pool_120_neuroticism_immoderation,78,2,0.7807761858394768,0.2,0.2,0.89386592024264
pilot_holdout,aligned_loo,abs_cross_instrument,International_Personality_Item_Pool_120_neuroticism_self_consciousness,78,21,0.5740209157930677,0.8,0.7,0.9008927848614466
pilot_holdout,aligned_loo,abs_cross_instrument,International_Personality_Item_Pool_120_neuroticism_vulnerability,78,27,0.48717105679130995,1.0,0.7,0.8602136048324747
pilot_holdout,aligned_loo,abs_cross_instrument,International_Personality_Item_Pool_120_openness,78,9,0.6868700919333831,1.0,0.8,0.9771744282461138
pilot_holdout,aligned_loo,abs_cross_instrument,International_Personality_Item_Pool_120_openness_adventurousness,78,2,0.3613475132462474,0.0,0.0,0.611716107455275
pilot_holdout,aligned_loo,abs_cross_instrument,International_Personality_Item_Pool_120_openness_artistic_interests,78,4,0.6136015882851324,0.8,0.4,0.9004280890678311
pilot_holdout,aligned_loo,abs_cross_instrument,International_Personality_Item_Pool_120_openness_emotionality,78,4,0.566307110610908,0.4,0.3,0.7836035446804116
pilot_holdout,aligned_loo,abs_cross_instrument,International_Personality_Item_Pool_120_openness_imagination,78,5,0.4786732255086685,0.6,0.4,0.8124600703938688
pilot_holdout,aligned_loo,abs_cross_instrument,International_Personality_Item_Pool_120_openness_intellect,78,6,0.5377533858546517,1.0,0.6,0.9571876854061584
pilot_holdout,aligned_loo,abs_cross_instrument,International_Personality_Item_Pool_120_openness_liberalism,78,1,0.1050468518822949,0.2,0.1,0.5511911656212418
pilot_holdout,aligned_loo,abs_cross_instrument,Interpersonal_Reactivity_Index_Brief_Empathy,108,11,0.20486438594986994,0.4,0.2,0.5071767939343368
pilot_holdout,aligned_loo,abs_cross_instrument,Interpersonal_Reactivity_Index_Brief_Empathy_Empathic_Concern,108,11,0.6371335753141464,1.0,0.7,0.9189143572617704
pilot_holdout,aligned_loo,abs_cross_instrument,Interpersonal_Reactivity_Index_Brief_Empathy_Fantasy,108,1,0.6056855964255433,0.2,0.1,0.8816095279984839
pilot_holdout,aligned_loo,abs_cross_instrument,Interpersonal_Reactivity_Index_Brief_Empathy_Personal_Distress,108,19,0.7140529880819686,1.0,0.9,0.918335524994358
pilot_holdout,aligned_loo,abs_cross_instrument,Interpersonal_Reactivity_Index_Brief_Empathy_Perspective_Taking,108,7,0.2061505044442539,0.0,0.0,0.38793116856652
pilot_holdout,aligned_loo,abs_cross_instrument,Life_Orientation_Test_Optimism,112,35,0.2974681381761028,0.8,0.4,0.6728772008480863
pilot_holdout,aligned_loo,abs_cross_instrument,Mastery_Scale_Self_Mastery,112,26,0.568609696928281,0.8,0.7,0.864859538814804
pilot_holdout,aligned_loo,abs_cross_instrument,Mindful_Attention_Awareness_Scale_Mindful_Attention_Awareness,112,20,0.7386305395154953,1.0,0.9,0.9194042645882813
pilot_holdout,aligned_loo,abs_cross_instrument,Multidimensional_Scale_of_Perceived_Social_Support_Perceived_Social_Support,109,13,0.5419701603187842,0.0,0.2,0.7701740257065365
pilot_holdout,aligned_loo,abs_cross_instrument,Multidimensional_Scale_of_Perceived_Social_Support_Perceived_Social_Support_Family,109,6,0.4027059586692614,0.0,0.2,0.6942703603491117
pilot_holdout,aligned_loo,abs_cross_instrument,Multidimensional_Scale_of_Perceived_Social_Support_Perceived_Social_Support_Friends,109,6,0.5549532017421926,0.6,0.5,0.8594029913714936
pilot_holdout,aligned_loo,abs_cross_instrument,Multidimensional_Scale_of_Perceived_Social_Support_Perceived_Social_Support_Significant_Other,109,0,0.5162542859790566,0.0,0.0,0.7731722382955567
pilot_holdout,aligned_loo,abs_cross_instrument,Need_for_Cognition_Scale_Need_for_Cognition,112,12,0.5741705675333993,0.8,0.6,0.8939810308401469
pilot_holdout,aligned_loo,abs_cross_instrument,Pain_Catastrophizing_Scale_Pain_Catastrophizing,109,27,0.543536280233528,1.0,0.9,0.907617355939187
pilot_holdout,aligned_loo,abs_cross_instrument,Pain_Catastrophizing_Scale_Pain_Catastrophizing_Helplessness,109,25,0.5569270688536745,0.8,0.9,0.9063201510328942
pilot_holdout,aligned_loo,abs_cross_instrument,Pain_Catastrophizing_Scale_Pain_Catastrophizing_Magnification,109,22,0.6040496710221481,0.8,0.9,0.9463202995838021
pilot_holdout,aligned_loo,abs_cross_instrument,Pain_Catastrophizing_Scale_Pain_Catastrophizing_Rumination,109,19,0.2817440459642295,0.8,0.7,0.803750522179307
pilot_holdout,aligned_loo,abs_cross_instrument,Penn_State_Worry_Questionnaire_Worry,112,23,0.6263795400963543,1.0,1.0,0.964190848461545
pilot_holdout,aligned_loo,abs_cross_instrument,Psychological_Well_Being_Scales_Well_being,106,46,0.5971786281079176,1.0,1.0,0.834048649454345
pilot_holdout,aligned_loo,abs_cross_instrument,Psychological_Well_Being_Scales_Well_being_autonomy,106,2,-0.02142731188754818,0.0,0.0,0.3695919747619475
pilot_holdout,aligned_loo,abs_cross_instrument,Psychological_Well_Being_Scales_Well_being_environmental_mastery,106,31,0.7509837015391593,1.0,0.9,0.894600084279306
pilot_holdout,aligned_loo,abs_cross_instrument,Psychological_Well_Being_Scales_Well_being_personal_growth,106,16,0.4401692823135249,0.4,0.5,0.8288261374220801
pilot_holdout,aligned_loo,abs_cross_instrument,Psychological_Well_Being_Scales_Well_being_positive_relations_with_others,106,19,0.6060659495679774,0.6,0.7,0.8713894809472899
pilot_holdout,aligned_loo,abs_cross_instrument,Psychological_Well_Being_Scales_Well_being_purpose_in_life,106,5,0.13021135098370154,0.0,0.0,0.5784993986006551
pilot_holdout,aligned_loo,abs_cross_instrument,Psychological_Well_Being_Scales_Well_being_self_acceptance,106,26,0.7044713706325415,0.8,0.9,0.8989411772958787
pilot_holdout,aligned_loo,abs_cross_instrument,Rosenberg_Self_Esteem_Scale_Self_Esteem,112,46,0.7106211774353368,1.0,1.0,0.9322423578609293
pilot_holdout,aligned_loo,abs_cross_instrument,Satisfaction_with_Life_Scale_Satisfaction_with_Life,112,25,0.6517408685550278,1.0,0.9,0.9480792294319247
pilot_holdout,aligned_loo,abs_cross_instrument,Self_Compassion_Scale___Short_Form_Self_Compassion,106,28,0.4155628888832909,0.8,0.8,0.6644887140892178
pilot_holdout,aligned_loo,abs_cross_instrument,Self_Compassion_Scale___Short_Form_Self_Compassion_Common_Humanity,106,0,0.21692823135249517,0.0,0.0,0.468830970681439
pilot_holdout,aligned_loo,abs_cross_instrument,Self_Compassion_Scale___Short_Form_Self_Compassion_Isolation,106,18,0.6887825276469255,0.8,0.9,0.9143885262938629
pilot_holdout,aligned_loo,abs_cross_instrument,Self_Compassion_Scale___Short_Form_Self_Compassion_Mindfulness,106,7,0.24605889613824725,0.6,0.3,0.7534308279162484
pilot_holdout,aligned_loo,abs_cross_instrument,Self_Compassion_Scale___Short_Form_Self_Compassion_Over_Identification,106,19,0.6051993853439807,1.0,0.9,0.9615033463425438
pilot_holdout,aligned_loo,abs_cross_instrument,Self_Compassion_Scale___Short_Form_Self_Compassion_Self_Judgement,106,15,0.7206942590120161,0.4,0.3,0.8126635427723554
pilot_holdout,aligned_loo,abs_cross_instrument,Self_Compassion_Scale___Short_Form_Self_Compassion_Self_Kindness,106,3,0.2672594906416102,0.0,0.0,0.4272931236253029
pilot_holdout,aligned_loo,abs_cross_instrument,Self_Control_Scale_Self_Control,112,26,0.8058820514572728,1.0,1.0,0.9571406614627672
pilot_holdout,aligned_loo,abs_cross_instrument,Short_Grit_Scale_Grit,110,23,0.7678696210806303,1.0,1.0,0.9844359687767625
pilot_holdout,aligned_loo,abs_cross_instrument,Short_Grit_Scale_Grit_Consistency_of_Interest,110,11,0.6510335189234272,0.4,0.4,0.768770363203241
pilot_holdout,aligned_loo,abs_cross_instrument,Short_Grit_Scale_Grit_Perseverance_of_Effort,110,29,0.742100398981133,1.0,0.9,0.9605677453576432
pilot_holdout,hyperplane_old,signed,Barratt_Impulsiveness_Scale_Short_Form_Impulsiveness,109,24,0.02098971365026411,0.6,0.4,0.7397749780506883
pilot_holdout,hyperplane_old,signed,Barratt_Impulsiveness_Scale_Short_Form_Impulsiveness_Attention_impulsivity,111,14,0.003378378378378378,0.4,0.2,0.7633737929051364
pilot_holdout,hyperplane_old,signed,Barratt_Impulsiveness_Scale_Short_Form_Impulsiveness_Motor_Impulsivity,111,9,0.19927167427167428,0.8,0.4,0.8386162838047099
pilot_holdout,hyperplane_old,signed,Barratt_Impulsiveness_Scale_Short_Form_Impulsiveness_Non_planning,111,17,0.4533871533871534,1.0,0.9,0.9694361625492292
pilot_holdout,hyperplane_old,signed,Behavioral_Activation_System_Scale_behavioral_activation,109,12,0.6431748679455102,1.0,0.8,0.9484018071486031
pilot_holdout,hyperplane_old,signed,Behavioral_Activation_System_Scale_behavioral_activation_Drive,111,4,0.6095559845559846,0.2,0.2,0.8143015178261742
pilot_holdout,hyperplane_old,signed,Behavioral_Activation_System_Scale_behavioral_activation_Fun_Seeking,111,6,0.38015970515970515,0.8,0.5,0.9300249842653554
pilot_holdout,hyperplane_old,signed,Behavioral_Activation_System_Scale_behavioral_activation_Reward_Responsiveness,111,11,0.5949192699192698,0.4,0.2,0.7334013814147081
pilot_holdout,hyperplane_old,signed,Behavioral_Inhibition_System_Scale_behavioral_inhibition,112,19,0.4577083404517033,1.0,0.9,0.9390894571960268
pilot_holdout,hyperplane_old,signed,Big_Five_Inventory_2_agreeableness,109,16,0.24113613196182004,0.8,0.7,0.8450220194097607
pilot_holdout,hyperplane_old,signed,Big_Five_Inventory_2_agreeableness_compassion,111,12,0.36508424008424006,0.8,0.7,0.8788679969212199
pilot_holdout,hyperplane_old,signed,Big_Five_Inventory_2_agreeableness_respectfulness,111,15,0.2772025272025272,0.6,0.3,0.6970745815106832
pilot_holdout,hyperplane_old,signed,Big_Five_Inventory_2_agreeableness_trust,111,8,0.1689101439101439,0.4,0.2,0.6181583350416131
pilot_holdout,hyperplane_old,signed,Big_Five_Inventory_2_conscientiousness,109,19,0.2187285701047169,1.0,1.0,0.942007380565436
pilot_holdout,hyperplane_old,signed,Big_Five_Inventory_2_conscientiousness_organization,111,11,0.2256230256230256,1.0,0.7,0.9385294617649564
pilot_holdout,hyperplane_old,signed,Big_Five_Inventory_2_conscientiousness_productiveness,111,20,0.40693225693225693,1.0,1.0,0.942633807428927
pilot_holdout,hyperplane_old,signed,Big_Five_Inventory_2_conscientiousness_responsibility,111,15,0.08553878553878552,0.6,0.5,0.6682123144375784
pilot_holdout,hyperplane_old,signed,Big_Five_Inventory_2_extraversion,109,22,0.43396348809192853,1.0,0.8,0.9123173303647426
pilot_holdout,hyperplane_old,signed,Big_Five_Inventory_2_extraversion_assertiveness,111,8,0.4244208494208494,0.8,0.5,0.9144259504252171
pilot_holdout,hyperplane_old,signed,Big_Five_Inventory_2_extraversion_energy_level,111,22,0.5775886275886276,1.0,1.0,0.9659688781329816
pilot_holdout,hyperplane_old,signed,Big_Five_Inventory_2_extraversion_sociability,111,12,0.36833099333099334,1.0,0.7,0.9471115049931956
pilot_holdout,hyperplane_old,signed,Big_Five_Inventory_2_neuroticism,109,29,0.18714669632100828,1.0,1.0,0.9613577342639414
pilot_holdout,hyperplane_old,signed,Big_Five_Inventory_2_neuroticism_anxiety,111,22,0.2848192348192348,0.8,0.9,0.9126085831497557
pilot_holdout,hyperplane_old,signed,Big_Five_Inventory_2_neuroticism_depression,111,34,0.08209020709020709,1.0,0.9,0.8794353662057833
pilot_holdout,hyperplane_old,signed,Big_Five_Inventory_2_neuroticism_emotional_volatility,111,19,0.35233415233415233,1.0,0.9,0.9188113724591732
pilot_holdout,hyperplane_old,signed,Big_Five_Inventory_2_openness,109,6,0.45679733110925774,0.6,0.5,0.7807480830906687
pilot_holdout,hyperplane_old,signed,Big_Five_Inventory_2_openness_aesthetic_sensitivity,111,8,0.4738241488241488,0.8,0.6,0.8034806767961726
pilot_holdout,hyperplane_old,signed,Big_Five_Inventory_2_openness_creative_imagination,111,7,0.4352755352755353,0.2,0.2,0.7452518220535299
pilot_holdout,hyperplane_old,signed,Big_Five_Inventory_2_openness_intellectual_curiosity,111,6,0.3492190242190242,0.8,0.4,0.8975591251958867
pilot_holdout,hyperplane_old,signed,Buss_Perry_Aggression_Questionnaire_Aggression,108,16,0.22673792715805918,1.0,0.7,0.8734756950962959
pilot_holdout,hyperplane_old,signed,Buss_Perry_Aggression_Questionnaire_Aggression_Anger,111,15,0.42307827307827306,0.8,0.6,0.8844719416330399
pilot_holdout,hyperplane_old,signed,Buss_Perry_Aggression_Questionnaire_Aggression_Hostility,111,19,0.4025535275535275,0.8,0.7,0.8829226190204751
pilot_holdout,hyperplane_old,signed,Buss_Perry_Aggression_Questionnaire_Aggression_Physical_aggression,111,7,0.016181116181116176,0.6,0.3,0.786711710614518
pilot_holdout,hyperplane_old,signed,Buss_Perry_Aggression_Questionnaire_Aggression_Verbal_aggression,111,8,0.15949455949455948,0.6,0.4,0.745445310537868
pilot_holdout,hyperplane_old,signed,Emotion_Regulation_Questionnaire_Emotion_Regulation,110,12,0.026062259089782026,0.4,0.3,0.6477092089986706
pilot_holdout,hyperplane_old,signed,Emotion_Regulation_Questionnaire_Emotion_Regulation_Reappraisal,111,6,0.24726219726219723,0.4,0.3,0.7206283822956674
pilot_holdout,hyperplane_old,signed,Emotion_Regulation_Questionnaire_Emotion_Regulation_Suppression,111,0,-0.476053001053001,0.0,0.0,0.2882625556918222
pilot_holdout,hyperplane_old,signed,Hope_Scale_Hope,110,45,0.4313639744832405,1.0,0.9,0.8894075859382969
pilot_holdout,hyperplane_old,signed,Hope_Scale_Hope_Agency,111,38,0.47886977886977883,1.0,0.9,0.9407846746997057
pilot_holdout,hyperplane_old,signed,Hope_Scale_Hope_Pathways,111,25,0.36109161109161103,0.2,0.6,0.7509267032743879
pilot_holdout,hyperplane_old,signed,International_Personality_Item_Pool_120_agreeableness,106,20,0.28497367559261405,0.8,0.6,0.741220576673922
pilot_holdout,hyperplane_old,signed,International_Personality_Item_Pool_120_agreeableness_altruism,111,17,0.3937083187083187,0.8,0.5,0.8222286509763983
pilot_holdout,hyperplane_old,signed,International_Personality_Item_Pool_120_agreeableness_cooperation,111,12,0.037118287118287116,1.0,0.6,0.8404551728736991
pilot_holdout,hyperplane_old,signed,International_Personality_Item_Pool_120_agreeableness_modesty,111,2,0.1868199368199368,0.0,0.1,0.7262996945665502
pilot_holdout,hyperplane_old,signed,International_Personality_Item_Pool_120_agreeableness_morality,111,14,0.09024219024219024,0.4,0.3,0.4568578580252023
pilot_holdout,hyperplane_old,signed,International_Personality_Item_Pool_120_agreeableness_sympathy,111,8,0.3003246753246753,0.8,0.6,0.8247157733729544
pilot_holdout,hyperplane_old,signed,International_Personality_Item_Pool_120_agreeableness_trust,111,4,0.24211126711126707,0.4,0.2,0.7345936229779579
pilot_holdout,hyperplane_old,signed,International_Personality_Item_Pool_120_conscientiousness,106,23,0.2579993450386679,1.0,0.9,0.904089991216626
pilot_holdout,hyperplane_old,signed,International_Personality_Item_Pool_120_conscientiousness_achievement_striving,111,25,0.6142593892593893,1.0,0.8,0.9282615761256896
pilot_holdout,hyperplane_old,signed,International_Personality_Item_Pool_120_conscientiousness_cautiousness,111,9,0.3088188838188838,0.8,0.4,0.8824711420137314
pilot_holdout,hyperplane_old,signed,International_Personality_Item_Pool_120_conscientiousness_dutifulness,111,9,0.4018778518778518,0.4,0.3,0.6432924899102035
pilot_holdout,hyperplane_old,signed,International_Personality_Item_Pool_120_conscientiousness_orderliness,111,6,0.43310810810810807,0.8,0.4,0.9206106947373203
pilot_holdout,hyperplane_old,signed,International_Personality_Item_Pool_120_conscientiousness_self_discipline,111,16,0.17858897858897857,1.0,0.8,0.8314181529549084
pilot_holdout,hyperplane_old,signed,International_Personality_Item_Pool_120_conscientiousness_self_efficacy,111,23,0.5225517725517725,1.0,1.0,0.9411612442102056
pilot_holdout,hyperplane_old,signed,International_Personality_Item_Pool_120_extraversion,106,25,0.39098672443761495,0.8,0.7,0.9067895838150458
pilot_holdout,hyperplane_old,signed,International_Personality_Item_Pool_120_extraversion_activiity_level,111,16,0.5403211653211653,0.8,0.8,0.9063433873362539
pilot_holdout,hyperplane_old,signed,International_Personality_Item_Pool_120_extraversion_assertiveness,111,10,0.43937346437346436,0.6,0.7,0.9285101117816743
pilot_holdout,hyperplane_old,signed,International_Personality_Item_Pool_120_extraversion_cheerfulness,111,27,0.5337574587574587,1.0,0.8,0.9099455781484057
pilot_holdout,hyperplane_old,signed,International_Personality_Item_Pool_120_extraversion_excitement_seeking,111,8,0.5812302562302563,1.0,0.7,0.9330406077741057
pilot_holdout,hyperplane_old,signed,International_Personality_Item_Pool_120_extraversion_friendliness,111,20,0.4208230958230958,0.8,0.8,0.8848905523651815
pilot_holdout,hyperplane_old,signed,International_Personality_Item_Pool_120_extraversion_gregariousness,111,6,0.23357318357318357,1.0,0.6,0.9330078304263051
pilot_holdout,hyperplane_old,signed,International_Personality_Item_Pool_120_neuroticism,106,39,0.1194498324810439,1.0,1.0,0.906797568187937
pilot_holdout,hyperplane_old,signed,International_Personality_Item_Pool_120_neuroticism_anger,111,17,0.3858108108108108,0.8,0.6,0.8859656533623252
pilot_holdout,hyperplane_old,signed,International_Personality_Item_Pool_120_neuroticism_anxiety,111,25,0.2839329589329589,1.0,1.0,0.955678818495173
pilot_holdout,hyperplane_old,signed,International_Personality_Item_Pool_120_neuroticism_depression,111,38,0.023367848367848366,0.8,0.9,0.8536635889982792
pilot_holdout,hyperplane_old,signed,International_Personality_Item_Pool_120_neuroticism_immoderation,111,2,-0.09824499824499824,0.2,0.1,0.5397993663989545
pilot_holdout,hyperplane_old,signed,International_Personality_Item_Pool_120_neuroticism_self_consciousness,111,27,-0.06540891540891541,1.0,0.5,0.8169685489378512
pilot_holdout,hyperplane_old,signed,International_Personality_Item_Pool_120_neuroticism_vulnerability,111,33,0.10831870831870832,1.0,0.8,0.8135466777120647
pilot_holdout,hyperplane_old,signed,International_Personality_Item_Pool_120_openness,106,11,0.33085119782351313,0.4,0.4,0.588962704373355
pilot_holdout,hyperplane_old,signed,International_Personality_Item_Pool_120_openness_adventurousness,111,4,0.053782028782028785,0.4,0.2,0.6989778034494278
pilot_holdout,hyperplane_old,signed,International_Personality_Item_Pool_120_openness_artistic_interests,111,5,0.39791154791154787,0.4,0.2,0.829971759672685
pilot_holdout,hyperplane_old,signed,International_Personality_Item_Pool_120_openness_emotionality,111,7,0.38147595647595645,0.6,0.6,0.8462885861665325
pilot_holdout,hyperplane_old,signed,International_Personality_Item_Pool_120_openness_imagination,111,5,0.406045981045981,0.8,0.4,0.7748025396045671
pilot_holdout,hyperplane_old,signed,International_Personality_Item_Pool_120_openness_intellect,111,8,-0.2937872937872938,0.0,0.1,0.32841977030989555
pilot_holdout,hyperplane_old,signed,International_Personality_Item_Pool_120_openness_liberalism,111,1,0.07032292032292031,0.0,0.0,0.41196392507892027
pilot_holdout,hyperplane_old,signed,Interpersonal_Reactivity_Index_Brief_Empathy,108,11,0.4433298084159783,0.6,0.5,0.6365404363488018
pilot_holdout,hyperplane_old,signed,Interpersonal_Reactivity_Index_Brief_Empathy_Empathic_Concern,111,13,0.4241137241137241,1.0,0.7,0.8962553407980505
pilot_holdout,hyperplane_old,signed,Interpersonal_Reactivity_Index_Brief_Empathy_Fantasy,111,2,0.6067216567216567,0.2,0.2,0.8855470299468596
pilot_holdout,hyperplane_old,signed,Interpersonal_Reactivity_Index_Brief_Empathy_Personal_Distress,111,19,0.3108459108459108,1.0,0.9,0.9192699690805448
pilot_holdout,hyperplane_old,signed,Interpersonal_Reactivity_Index_Brief_Empathy_Perspective_Taking,111,8,0.3227272727272727,0.2,0.2,0.5740863529970951
pilot_holdout,hyperplane_old,signed,Life_Orientation_Test_Optimism,112,35,0.05405405405405405,0.6,0.5,0.6778303247287956
pilot_holdout,hyperplane_old,signed,Mastery_Scale_Self_Mastery,112,26,0.10119759456042643,0.8,0.7,0.7633172737113925
pilot_holdout,hyperplane_old,signed,Mindful_Attention_Awareness_Scale_Mindful_Attention_Awareness,112,20,0.25021355109850685,0.8,0.6,0.8502930467911096
pilot_holdout,hyperplane_old,signed,Multidimensional_Scale_of_Perceived_Social_Support_Perceived_Social_Support,109,13,0.4085719581132426,0.0,0.2,0.7693967278298416
pilot_holdout,hyperplane_old,signed,Multidimensional_Scale_of_Perceived_Social_Support_Perceived_Social_Support_Family,111,7,0.3073973323973324,0.2,0.2,0.7556088861596054
pilot_holdout,hyperplane_old,signed,Multidimensional_Scale_of_Perceived_Social_Support_Perceived_Social_Support_Friends,111,8,0.4643910143910144,0.8,0.7,0.8811846517959215
pilot_holdout,hyperplane_old,signed,Multidimensional_Scale_of_Perceived_Social_Support_Perceived_Social_Support_Significant_Other,111,1,0.5104598104598104,0.2,0.1,0.8052786678145495
pilot_holdout,hyperplane_old,signed,Need_for_Cognition_Scale_Need_for_Cognition,112,12,0.34877165408138855,0.8,0.6,0.8063627818006551
pilot_holdout,hyperplane_old,signed,Pain_Catastrophizing_Scale_Pain_Catastrophizing,109,27,0.21511444722453898,1.0,0.9,0.9004272280207708
pilot_holdout,hyperplane_old,signed,Pain_Catastrophizing_Scale_Pain_Catastrophizing_Helplessness,111,27,0.26438223938223937,0.8,0.9,0.9354894661942953
pilot_holdout,hyperplane_old,signed,Pain_Catastrophizing_Scale_Pain_Catastrophizing_Magnification,111,24,0.2776588276588276,1.0,0.9,0.9575053580712145
pilot_holdout,hyperplane_old,signed,Pain_Catastrophizing_Scale_Pain_Catastrophizing_Rumination,111,21,0.20952088452088452,0.8,0.7,0.8481710509602153
pilot_holdout,hyperplane_old,signed,Penn_State_Worry_Questionnaire_Worry,112,23,0.39821300440769464,1.0,1.0,0.9678258549759267
pilot_holdout,hyperplane_old,signed,Psychological_Well_Being_Scales_Well_being,106,46,0.2675315515026324,0.8,0.9,0.8886285693040304
pilot_holdout,hyperplane_old,signed,Psychological_Well_Being_Scales_Well_being_autonomy,111,2,-0.054694629694629696,0.0,0.0,0.46822442541789605
pilot_holdout,hyperplane_old,signed,Psychological_Well_Being_Scales_Well_being_environmental_mastery,111,32,0.10496665496665496,0.8,0.8,0.7937309641268684
pilot_holdout,hyperplane_old,signed,Psychological_Well_Being_Scales_Well_being_personal_growth,111,18,0.41000351000351,0.8,0.6,0.8364592096548743
pilot_holdout,hyperplane_old,signed,Psychological_Well_Being_Scales_Well_being_positive_relations_with_others,111,20,0.36890136890136893,1.0,0.8,0.8555002250666154
pilot_holdout,hyperplane_old,signed,Psychological_Well_Being_Scales_Well_being_purpose_in_life,111,6,-0.33861003861003863,0.0,0.1,0.6061194617088201
pilot_holdout,hyperplane_old,signed,Psychological_Well_Being_Scales_Well_being_self_acceptance,111,29,0.19290101790101788,0.8,0.8,0.8809833296756054
pilot_holdout,hyperplane_old,signed,Rosenberg_Self_Esteem_Scale_Self_Esteem,112,46,-0.003220350565483309,0.8,0.9,0.7827321212948148
pilot_holdout,hyperplane_old,signed,Satisfaction_with_Life_Scale_Satisfaction_with_Life,112,25,0.27554925342535963,1.0,0.9,0.9246550612415195
pilot_holdout,hyperplane_old,signed,Self_Compassion_Scale___Short_Form_Self_Compassion,106,28,0.23357432551578206,0.6,0.6,0.538942659169491
pilot_holdout,hyperplane_old,signed,Self_Compassion_Scale___Short_Form_Self_Compassion_Common_Humanity,111,1,0.3000702000702001,0.0,0.0,0.35006499803936025
pilot_holdout,hyperplane_old,signed,Self_Compassion_Scale___Short_Form_Self_Compassion_Isolation,111,20,0.3683836433836434,1.0,0.9,0.9325382032855795
pilot_holdout,hyperplane_old,signed,Self_Compassion_Scale___Short_Form_Self_Compassion_Mindfulness,111,7,0.03184450684450685,0.4,0.2,0.720770384431663
pilot_holdout,hyperplane_old,signed,Self_Compassion_Scale___Short_Form_Self_Compassion_Over_Identification,111,21,0.4087486837486837,1.0,1.0,0.9792453537930436
pilot_holdout,hyperplane_old,signed,Self_Compassion_Scale___Short_Form_Self_Compassion_Self_Judgement,111,17,0.3506669006669006,0.6,0.6,0.8872151600577866
pilot_holdout,hyperplane_old,signed,Self_Compassion_Scale___Short_Form_Self_Compassion_Self_Kindness,111,4,0.2823885573885574,0.0,0.0,0.43830280235377195
pilot_holdout,hyperplane_old,signed,Self_Control_Scale_Self_Control,112,26,0.14102914545392423,1.0,0.8,0.7826499278463164
pilot_holdout,hyperplane_old,signed,Short_Grit_Scale_Grit,110,23,0.1469287469287469,1.0,0.9,0.8981502618164201
pilot_holdout,hyperplane_old,signed,Short_Grit_Scale_Grit_Consistency_of_Interest,111,11,0.2665145665145665,0.2,0.1,0.643064715545782
pilot_holdout,hyperplane_old,signed,Short_Grit_Scale_Grit_Perseverance_of_Effort,111,29,0.4475693225693226,1.0,0.9,0.9546476256237284
pilot_holdout,hyperplane_old,abs,Barratt_Impulsiveness_Scale_Short_Form_Impulsiveness,109,24,0.3199240107496989,0.6,0.4,0.7397749780506883
pilot_holdout,hyperplane_old,abs,Barratt_Impulsiveness_Scale_Short_Form_Impulsiveness_Attention_impulsivity,111,14,0.29834152334152336,0.4,0.2,0.7633737929051364
pilot_holdout,hyperplane_old,abs,Barratt_Impulsiveness_Scale_Short_Form_Impulsiveness_Motor_Impulsivity,111,9,0.4264215514215514,0.8,0.4,0.8386162838047099
pilot_holdout,hyperplane_old,abs,Barratt_Impulsiveness_Scale_Short_Form_Impulsiveness_Non_planning,111,17,0.6431905931905931,1.0,0.9,0.9694361625492292
pilot_holdout,hyperplane_old,abs,Behavioral_Activation_System_Scale_behavioral_activation,109,12,0.6561486423871746,1.0,0.8,0.9484018071486031
pilot_holdout,hyperplane_old,abs,Behavioral_Activation_System_Scale_behavioral_activation_Drive,111,4,0.6398297648297648,0.2,0.2,0.8143015178261742
pilot_holdout,hyperplane_old,abs,Behavioral_Activation_System_Scale_behavioral_activation_Fun_Seeking,111,6,0.4133029133029133,0.8,0.5,0.9300249842653554
pilot_holdout,hyperplane_old,abs,Behavioral_Activation_System_Scale_behavioral_activation_Reward_Responsiveness,111,11,0.5724727974727974,0.4,0.2,0.7334013814147081
pilot_holdout,hyperplane_old,abs,Behavioral_Inhibition_System_Scale_behavioral_inhibition,112,19,0.6086035466566441,1.0,0.9,0.9390894571960268
pilot_holdout,hyperplane_old,abs,Big_Five_Inventory_2_agreeableness,109,16,0.30480029654341584,0.8,0.7,0.8450220194097607
pilot_holdout,hyperplane_old,abs,Big_Five_Inventory_2_agreeableness_compassion,111,12,0.5801684801684801,0.8,0.7,0.8788679969212199
pilot_holdout,hyperplane_old,abs,Big_Five_Inventory_2_agreeableness_respectfulness,111,15,0.30772200772200775,0.6,0.3,0.6970745815106832
pilot_holdout,hyperplane_old,abs,Big_Five_Inventory_2_agreeableness_trust,111,8,0.2142857142857143,0.4,0.2,0.6181583350416131
pilot_holdout,hyperplane_old,abs,Big_Five_Inventory_2_conscientiousness,109,19,0.5915763135946622,1.0,1.0,0.942007380565436
pilot_holdout,hyperplane_old,abs,Big_Five_Inventory_2_conscientiousness_organization,111,11,0.5795717795717795,1.0,0.7,0.9385294617649564
pilot_holdout,hyperplane_old,abs,Big_Five_Inventory_2_conscientiousness_productiveness,111,20,0.7243155493155493,1.0,1.0,0.942633807428927
pilot_holdout,hyperplane_old,abs,Big_Five_Inventory_2_conscientiousness_responsibility,111,15,0.429036504036504,0.6,0.5,0.6682123144375784
pilot_holdout,hyperplane_old,abs,Big_Five_Inventory_2_extraversion,109,22,0.6742563247150405,1.0,0.8,0.9123173303647426
pilot_holdout,hyperplane_old,abs,Big_Five_Inventory_2_extraversion_assertiveness,111,8,0.6410758160758161,0.8,0.5,0.9144259504252171
pilot_holdout,hyperplane_old,abs,Big_Five_Inventory_2_extraversion_energy_level,111,22,0.764057564057564,1.0,1.0,0.9659688781329816
pilot_holdout,hyperplane_old,abs,Big_Five_Inventory_2_extraversion_sociability,111,12,0.5713495963495963,1.0,0.8,0.9636552927940797
pilot_holdout,hyperplane_old,abs,Big_Five_Inventory_2_neuroticism,109,29,0.603808729496803,1.0,1.0,0.9613577342639414
pilot_holdout,hyperplane_old,abs,Big_Five_Inventory_2_neuroticism_anxiety,111,22,0.29117234117234114,0.8,0.9,0.9126085831497557
pilot_holdout,hyperplane_old,abs,Big_Five_Inventory_2_neuroticism_depression,111,34,0.5706651456651456,1.0,0.9,0.8794353662057833
pilot_holdout,hyperplane_old,abs,Big_Five_Inventory_2_neuroticism_emotional_volatility,111,19,0.6995173745173744,1.0,0.9,0.9188113724591732
pilot_holdout,hyperplane_old,abs,Big_Five_Inventory_2_openness,109,6,0.5569178018719304,0.6,0.5,0.8594582079291714
pilot_holdout,hyperplane_old,abs,Big_Five_Inventory_2_openness_aesthetic_sensitivity,111,8,0.5763338013338012,0.8,0.7,0.8755250788545357
pilot_holdout,hyperplane_old,abs,Big_Five_Inventory_2_openness_creative_imagination,111,7,0.3958055458055458,0.2,0.3,0.7762483753698253
pilot_holdout,hyperplane_old,abs,Big_Five_Inventory_2_openness_intellectual_curiosity,111,6,0.45179010179010176,1.0,0.5,0.9134921283312347
pilot_holdout,hyperplane_old,abs,Buss_Perry_Aggression_Questionnaire_Aggression,108,16,0.48668629188221063,1.0,0.7,0.8734756950962959
pilot_holdout,hyperplane_old,abs,Buss_Perry_Aggression_Questionnaire_Aggression_Anger,111,15,0.5651281151281151,0.8,0.6,0.8844719416330399
pilot_holdout,hyperplane_old,abs,Buss_Perry_Aggression_Questionnaire_Aggression_Hostility,111,19,0.537021762021762,0.8,0.7,0.8829226190204751
pilot_holdout,hyperplane_old,abs,Buss_Perry_Aggression_Questionnaire_Aggression_Physical_aggression,111,7,0.26916461916461915,0.6,0.3,0.786711710614518
pilot_holdout,hyperplane_old,abs,Buss_Perry_Aggression_Questionnaire_Aggression_Verbal_aggression,111,8,0.3863373113373113,0.6,0.4,0.745445310537868
pilot_holdout,hyperplane_old,abs,Emotion_Regulation_Questionnaire_Emotion_Regulation,110,12,0.03901900232175462,0.4,0.3,0.6477092089986706
pilot_holdout,hyperplane_old,abs,Emotion_Regulation_Questionnaire_Emotion_Regulation_Reappraisal,111,6,0.21093366093366092,0.4,0.3,0.7206283822956674
pilot_holdout,hyperplane_old,abs,Emotion_Regulation_Questionnaire_Emotion_Regulation_Suppression,111,0,0.47147244647244646,0.0,0.0,0.7116632277643684
pilot_holdout,hyperplane_old,abs,Hope_Scale_Hope,110,45,0.6930234655005297,1.0,0.9,0.8894075859382969
pilot_holdout,hyperplane_old,abs,Hope_Scale_Hope_Agency,111,38,0.7809231309231309,1.0,0.9,0.9407846746997057
pilot_holdout,hyperplane_old,abs,Hope_Scale_Hope_Pathways,111,25,0.46830466830466827,0.2,0.6,0.7509267032743879
pilot_holdout,hyperplane_old,abs,International_Personality_Item_Pool_120_agreeableness,106,20,0.2937400811144419,0.8,0.6,0.741220576673922
pilot_holdout,hyperplane_old,abs,International_Personality_Item_Pool_120_agreeableness_altruism,111,17,0.5027027027027027,0.8,0.5,0.8222286509763983
pilot_holdout,hyperplane_old,abs,International_Personality_Item_Pool_120_agreeableness_cooperation,111,12,0.24198841698841697,1.0,0.6,0.8404551728736991
pilot_holdout,hyperplane_old,abs,International_Personality_Item_Pool_120_agreeableness_modesty,111,2,0.21474201474201474,0.0,0.1,0.7262996945665502
pilot_holdout,hyperplane_old,abs,International_Personality_Item_Pool_120_agreeableness_morality,111,14,0.1996138996138996,0.4,0.3,0.4568578580252023
pilot_holdout,hyperplane_old,abs,International_Personality_Item_Pool_120_agreeableness_sympathy,111,8,0.3687697437697437,0.8,0.6,0.8247157733729544
pilot_holdout,hyperplane_old,abs,International_Personality_Item_Pool_120_agreeableness_trust,111,4,0.4752808002808003,0.4,0.2,0.7345936229779579
pilot_holdout,hyperplane_old,abs,International_Personality_Item_Pool_120_conscientiousness,106,23,0.6415447011109151,1.0,0.9,0.904089991216626
pilot_holdout,hyperplane_old,abs,International_Personality_Item_Pool_120_conscientiousness_achievement_striving,111,25,0.667005967005967,1.0,0.8,0.9282615761256896
pilot_holdout,hyperplane_old,abs,International_Personality_Item_Pool_120_conscientiousness_cautiousness,111,9,0.41499648999648997,0.8,0.4,0.8824711420137314
pilot_holdout,hyperplane_old,abs,International_Personality_Item_Pool_120_conscientiousness_dutifulness,111,9,0.42385924885924886,0.4,0.3,0.6432924899102035
pilot_holdout,hyperplane_old,abs,International_Personality_Item_Pool_120_conscientiousness_orderliness,111,6,0.4282467532467532,0.8,0.4,0.9206106947373203
pilot_holdout,hyperplane_old,abs,International_Personality_Item_Pool_120_conscientiousness_self_discipline,111,16,0.5584064584064584,1.0,0.8,0.8314181529549084
pilot_holdout,hyperplane_old,abs,International_Personality_Item_Pool_120_conscientiousness_self_efficacy,111,23,0.8073622323622324,1.0,1.0,0.9411612442102056
pilot_holdout,hyperplane_old,abs,International_Personality_Item_Pool_120_extraversion,106,25,0.6420384411920297,0.8,0.7,0.9027256966356494
pilot_holdout,hyperplane_old,abs,International_Personality_Item_Pool_120_extraversion_activiity_level,111,16,0.5954282204282204,0.8,0.8,0.9063433873362539
pilot_holdout,hyperplane_old,abs,International_Personality_Item_Pool_120_extraversion_assertiveness,111,10,0.6977886977886978,0.6,0.7,0.9285101117816743
pilot_holdout,hyperplane_old,abs,International_Personality_Item_Pool_120_extraversion_cheerfulness,111,27,0.7358020358020357,1.0,0.8,0.9099455781484057
pilot_holdout,hyperplane_old,abs,International_Personality_Item_Pool_120_extraversion_excitement_seeking,111,8,0.6448929448929449,1.0,0.7,0.9330406077741057
pilot_holdout,hyperplane_old,abs,International_Personality_Item_Pool_120_extraversion_friendliness,111,20,0.6672165672165672,0.8,0.8,0.8901876678182908
pilot_holdout,hyperplane_old,abs,International_Personality_Item_Pool_120_extraversion_gregariousness,111,6,0.46058266058266056,1.0,0.6,0.9435531387547805
pilot_holdout,hyperplane_old,abs,International_Personality_Item_Pool_120_neuroticism,106,39,0.6561352243242563,1.0,1.0,0.906797568187937
pilot_holdout,hyperplane_old,abs,International_Personality_Item_Pool_120_neuroticism_anger,111,17,0.6449719199719199,0.8,0.6,0.8859656533623252
pilot_holdout,hyperplane_old,abs,International_Personality_Item_Pool_120_neuroticism_anxiety,111,25,0.6934011934011934,1.0,1.0,0.955678818495173
pilot_holdout,hyperplane_old,abs,International_Personality_Item_Pool_120_neuroticism_depression,111,38,0.6742628992628993,0.8,0.9,0.8536635889982792
pilot_holdout,hyperplane_old,abs,International_Personality_Item_Pool_120_neuroticism_immoderation,111,2,0.07095472095472094,0.2,0.1,0.5397993663989545
pilot_holdout,hyperplane_old,abs,International_Personality_Item_Pool_120_neuroticism_self_consciousness,111,27,0.5947174447174447,1.0,0.9,0.9470517722886282
pilot_holdout,hyperplane_old,abs,International_Personality_Item_Pool_120_neuroticism_vulnerability,111,33,0.5853457353457353,1.0,0.8,0.8135466777120647
pilot_holdout,hyperplane_old,abs,International_Personality_Item_Pool_120_openness,106,11,0.3347910421442426,0.4,0.4,0.588962704373355
pilot_holdout,hyperplane_old,abs,International_Personality_Item_Pool_120_openness_adventurousness,111,4,0.21514566514566513,0.4,0.2,0.7476747536811736
pilot_holdout,hyperplane_old,abs,International_Personality_Item_Pool_120_openness_artistic_interests,111,5,0.47168304668304667,0.4,0.2,0.829971759672685
pilot_holdout,hyperplane_old,abs,International_Personality_Item_Pool_120_openness_emotionality,111,7,0.42654440154440154,0.6,0.6,0.8462885861665325
pilot_holdout,hyperplane_old,abs,International_Personality_Item_Pool_120_openness_imagination,111,5,0.45978413478413477,0.8,0.4,0.7748025396045671
pilot_holdout,hyperplane_old,abs,International_Personality_Item_Pool_120_openness_intellect,111,8,0.4493418743418743,0.4,0.5,0.750773461794157
pilot_holdout,hyperplane_old,abs,International_Personality_Item_Pool_120_openness_liberalism,111,1,0.07032292032292031,0.0,0.0,0.41196392507892027
pilot_holdout,hyperplane_old,abs,Interpersonal_Reactivity_Index_Brief_Empathy,108,11,0.4486552916630941,0.6,0.5,0.6365404363488018
pilot_holdout,hyperplane_old,abs,Interpersonal_Reactivity_Index_Brief_Empathy_Empathic_Concern,111,13,0.5558090558090558,1.0,0.7,0.8962553407980505
pilot_holdout,hyperplane_old,abs,Interpersonal_Reactivity_Index_Brief_Empathy_Fantasy,111,2,0.6525447525447525,0.2,0.2,0.8855470299468596
pilot_holdout,hyperplane_old,abs,Interpersonal_Reactivity_Index_Brief_Empathy_Personal_Distress,111,19,0.7086521586521586,1.0,0.9,0.9192699690805448
pilot_holdout,hyperplane_old,abs,Interpersonal_Reactivity_Index_Brief_Empathy_Perspective_Taking,111,8,0.33761846261846257,0.2,0.2,0.5740863529970951
pilot_holdout,hyperplane_old,abs,Life_Orientation_Test_Optimism,112,35,0.20169474151775038,0.6,0.5,0.6778303247287956
pilot_holdout,hyperplane_old,abs,Mastery_Scale_Self_Mastery,112,26,0.5167765742986982,0.8,0.7,0.7633172737113925
pilot_holdout,hyperplane_old,abs,Mindful_Attention_Awareness_Scale_Mindful_Attention_Awareness,112,20,0.45438548535893675,0.8,0.6,0.8502930467911096
pilot_holdout,hyperplane_old,abs,Multidimensional_Scale_of_Perceived_Social_Support_Perceived_Social_Support,109,13,0.5110277082754148,0.0,0.2,0.7693967278298416
pilot_holdout,hyperplane_old,abs,Multidimensional_Scale_of_Perceived_Social_Support_Perceived_Social_Support_Family,111,7,0.37478939978939974,0.2,0.2,0.7556088861596054
pilot_holdout,hyperplane_old,abs,Multidimensional_Scale_of_Perceived_Social_Support_Perceived_Social_Support_Friends,111,8,0.546007371007371,0.8,0.7,0.8811846517959215
pilot_holdout,hyperplane_old,abs,Multidimensional_Scale_of_Perceived_Social_Support_Perceived_Social_Support_Significant_Other,111,1,0.5502106002106002,0.2,0.1,0.8052786678145495
pilot_holdout,hyperplane_old,abs,Need_for_Cognition_Scale_Need_for_Cognition,112,12,0.3767639320736666,0.8,0.6,0.8063627818006551
pilot_holdout,hyperplane_old,abs,Pain_Catastrophizing_Scale_Pain_Catastrophizing,109,27,0.4493466777870448,1.0,0.9,0.9004272280207708
pilot_holdout,hyperplane_old,abs,Pain_Catastrophizing_Scale_Pain_Catastrophizing_Helplessness,111,27,0.5234117234117234,0.8,0.9,0.9354894661942953
pilot_holdout,hyperplane_old,abs,Pain_Catastrophizing_Scale_Pain_Catastrophizing_Magnification,111,24,0.5282555282555282,1.0,0.9,0.9575053580712145
pilot_holdout,hyperplane_old,abs,Pain_Catastrophizing_Scale_Pain_Catastrophizing_Rumination,111,21,0.28046683046683046,0.8,0.7,0.8481710509602153
pilot_holdout,hyperplane_old,abs,Penn_State_Worry_Questionnaire_Worry,112,23,0.5799022790173233,1.0,1.0,0.9678258549759267
pilot_holdout,hyperplane_old,abs,Psychological_Well_Being_Scales_Well_being,106,46,0.4404010378618031,0.8,0.9,0.8886285693040304
pilot_holdout,hyperplane_old,abs,Psychological_Well_Being_Scales_Well_being_autonomy,111,2,-0.05041242541242541,0.0,0.0,0.46822442541789605
pilot_holdout,hyperplane_old,abs,Psychological_Well_Being_Scales_Well_being_environmental_mastery,111,32,0.6261232011232011,0.8,0.8,0.7937309641268684
pilot_holdout,hyperplane_old,abs,Psychological_Well_Being_Scales_Well_being_personal_growth,111,18,0.5602316602316603,0.8,0.7,0.849182598943822
pilot_holdout,hyperplane_old,abs,Psychological_Well_Being_Scales_Well_being_positive_relations_with_others,111,20,0.6062741312741313,1.0,0.8,0.8555002250666154
pilot_holdout,hyperplane_old,abs,Psychological_Well_Being_Scales_Well_being_purpose_in_life,111,6,0.04663039663039662,0.0,0.1,0.6061194617088201
pilot_holdout,hyperplane_old,abs,Psychological_Well_Being_Scales_Well_being_self_acceptance,111,29,0.6143471393471392,0.8,0.8,0.8809833296756054
pilot_holdout,hyperplane_old,abs,Rosenberg_Self_Esteem_Scale_Self_Esteem,112,46,0.5940649878702976,0.8,0.9,0.7827321212948148
pilot_holdout,hyperplane_old,abs,Satisfaction_with_Life_Scale_Satisfaction_with_Life,112,25,0.6579851026753681,1.0,0.9,0.9246550612415195
pilot_holdout,hyperplane_old,abs,Self_Compassion_Scale___Short_Form_Self_Compassion,106,28,0.23318134871652768,0.6,0.6,0.538942659169491
pilot_holdout,hyperplane_old,abs,Self_Compassion_Scale___Short_Form_Self_Compassion_Common_Humanity,111,1,0.2819498069498069,0.0,0.0,0.35006499803936025
pilot_holdout,hyperplane_old,abs,Self_Compassion_Scale___Short_Form_Self_Compassion_Isolation,111,20,0.5287469287469287,1.0,0.9,0.9325382032855795
pilot_holdout,hyperplane_old,abs,Self_Compassion_Scale___Short_Form_Self_Compassion_Mindfulness,111,7,0.25676553176553174,0.4,0.2,0.720770384431663
pilot_holdout,hyperplane_old,abs,Self_Compassion_Scale___Short_Form_Self_Compassion_Over_Identification,111,21,0.6018339768339768,1.0,1.0,0.9792453537930436
pilot_holdout,hyperplane_old,abs,Self_Compassion_Scale___Short_Form_Self_Compassion_Self_Judgement,111,17,0.678018603018603,0.6,0.6,0.8872151600577866
pilot_holdout,hyperplane_old,abs,Self_Compassion_Scale___Short_Form_Self_Compassion_Self_Kindness,111,4,0.22968585468585465,0.0,0.0,0.43830280235377195
pilot_holdout,hyperplane_old,abs,Self_Control_Scale_Self_Control,112,26,0.168859124611337,1.0,0.8,0.7826499278463164
pilot_holdout,hyperplane_old,abs,Short_Grit_Scale_Grit,110,23,0.5133331830579537,1.0,0.9,0.8981502618164201
pilot_holdout,hyperplane_old,abs,Short_Grit_Scale_Grit_Consistency_of_Interest,111,11,0.47808002808002803,0.2,0.1,0.643064715545782
pilot_holdout,hyperplane_old,abs,Short_Grit_Scale_Grit_Perseverance_of_Effort,111,29,0.7251930501930501,1.0,0.9,0.9546476256237284
pilot_holdout,hyperplane_old,abs_cross_instrument,Barratt_Impulsiveness_Scale_Short_Form_Impulsiveness,109,24,0.3199240107496989,0.6,0.4,0.7397749780506883
pilot_holdout,hyperplane_old,abs_cross_instrument,Barratt_Impulsiveness_Scale_Short_Form_Impulsiveness_Attention_impulsivity,109,14,0.28542303771661576,0.4,0.2,0.7513483256322118
pilot_holdout,hyperplane_old,abs_cross_instrument,Barratt_Impulsiveness_Scale_Short_Form_Impulsiveness_Motor_Impulsivity,109,9,0.40219627467333896,0.8,0.4,0.8182429668659366
pilot_holdout,hyperplane_old,abs_cross_instrument,Barratt_Impulsiveness_Scale_Short_Form_Impulsiveness_Non_planning,109,17,0.6336947456213512,1.0,0.9,0.9694361625492292
pilot_holdout,hyperplane_old,abs_cross_instrument,Behavioral_Activation_System_Scale_behavioral_activation,109,12,0.6561486423871746,1.0,0.8,0.9484018071486031
pilot_holdout,hyperplane_old,abs_cross_instrument,Behavioral_Activation_System_Scale_behavioral_activation_Drive,109,4,0.6283754981002688,0.2,0.2,0.8204120242964904
pilot_holdout,hyperplane_old,abs_cross_instrument,Behavioral_Activation_System_Scale_behavioral_activation_Fun_Seeking,109,5,0.3858307849133537,0.8,0.5,0.9385962290952115
pilot_holdout,hyperplane_old,abs_cross_instrument,Behavioral_Activation_System_Scale_behavioral_activation_Reward_Responsiveness,109,10,0.5772958947270874,0.4,0.2,0.7518333526718841
pilot_holdout,hyperplane_old,abs_cross_instrument,Behavioral_Inhibition_System_Scale_behavioral_inhibition,112,19,0.6086035466566441,1.0,0.9,0.9390894571960268
pilot_holdout,hyperplane_old,abs_cross_instrument,Big_Five_Inventory_2_agreeableness,93,16,0.35739011070991605,0.8,0.7,0.8450220194097607
pilot_holdout,hyperplane_old,abs_cross_instrument,Big_Five_Inventory_2_agreeableness_compassion,93,10,0.5916863119572677,0.8,0.7,0.8854190042166217
pilot_holdout,hyperplane_old,abs_cross_instrument,Big_Five_Inventory_2_agreeableness_respectfulness,93,13,0.3598967503207901,0.4,0.2,0.6601986006356287
pilot_holdout,hyperplane_old,abs_cross_instrument,Big_Five_Inventory_2_agreeableness_trust,93,6,0.17917997075587117,0.4,0.4,0.6528995114082856
pilot_holdout,hyperplane_old,abs_cross_instrument,Big_Five_Inventory_2_conscientiousness,93,19,0.672316552773716,1.0,1.0,0.942007380565436
pilot_holdout,hyperplane_old,abs_cross_instrument,Big_Five_Inventory_2_conscientiousness_organization,93,9,0.6283757572140489,0.8,0.7,0.9463425014063938
pilot_holdout,hyperplane_old,abs_cross_instrument,Big_Five_Inventory_2_conscientiousness_productiveness,93,18,0.7597654501506967,1.0,1.0,0.9375058441400507
pilot_holdout,hyperplane_old,abs_cross_instrument,Big_Five_Inventory_2_conscientiousness_responsibility,93,13,0.47053206409835574,0.4,0.3,0.6165707953536892
pilot_holdout,hyperplane_old,abs_cross_instrument,Big_Five_Inventory_2_extraversion,93,21,0.7362657037987526,1.0,0.8,0.9123173303647426
pilot_holdout,hyperplane_old,abs_cross_instrument,Big_Five_Inventory_2_extraversion_assertiveness,93,6,0.6482498284145504,0.6,0.4,0.9166357085558063
pilot_holdout,hyperplane_old,abs_cross_instrument,Big_Five_Inventory_2_extraversion_energy_level,93,19,0.780534749783653,1.0,0.9,0.9422667821915095
pilot_holdout,hyperplane_old,abs_cross_instrument,Big_Five_Inventory_2_extraversion_sociability,93,10,0.6626331652293275,1.0,0.6,0.9464795861297525
pilot_holdout,hyperplane_old,abs_cross_instrument,Big_Five_Inventory_2_neuroticism,93,29,0.6186625287219121,1.0,1.0,0.9613577342639414
pilot_holdout,hyperplane_old,abs_cross_instrument,Big_Five_Inventory_2_neuroticism_anxiety,93,20,0.32480379576855356,1.0,1.0,0.9521624185373565
pilot_holdout,hyperplane_old,abs_cross_instrument,Big_Five_Inventory_2_neuroticism_depression,93,30,0.5465817194354092,1.0,0.9,0.9117715966679949
pilot_holdout,hyperplane_old,abs_cross_instrument,Big_Five_Inventory_2_neuroticism_emotional_volatility,93,17,0.7037539912267613,1.0,0.9,0.9336131576351903
pilot_holdout,hyperplane_old,abs_cross_instrument,Big_Five_Inventory_2_openness,93,6,0.539837665244248,0.6,0.6,0.8870284816401689
pilot_holdout,hyperplane_old,abs_cross_instrument,Big_Five_Inventory_2_openness_aesthetic_sensitivity,93,6,0.5493718480498939,0.6,0.5,0.8551865914863023
pilot_holdout,hyperplane_old,abs_cross_instrument,Big_Five_Inventory_2_openness_creative_imagination,93,5,0.351123511682731,0.2,0.2,0.6721810482964007
pilot_holdout,hyperplane_old,abs_cross_instrument,Big_Five_Inventory_2_openness_intellectual_curiosity,93,4,0.39618334278296674,0.6,0.3,0.9182883308939033
pilot_holdout,hyperplane_old,abs_cross_instrument,Buss_Perry_Aggression_Questionnaire_Aggression,108,16,0.48668629188221063,1.0,0.7,0.8734756950962959
pilot_holdout,hyperplane_old,abs_cross_instrument,Buss_Perry_Aggression_Questionnaire_Aggression_Anger,108,12,0.538550211018701,0.8,0.6,0.8923457577868901
pilot_holdout,hyperplane_old,abs_cross_instrument,Buss_Perry_Aggression_Questionnaire_Aggression_Hostility,108,18,0.5152762296721826,0.8,0.7,0.8829226190204751
pilot_holdout,hyperplane_old,abs_cross_instrument,Buss_Perry_Aggression_Questionnaire_Aggression_Physical_aggression,108,6,0.21809711623653147,0.4,0.3,0.7435911436142125
pilot_holdout,hyperplane_old,abs_cross_instrument,Buss_Perry_Aggression_Questionnaire_Aggression_Verbal_aggression,108,7,0.34263149370754614,0.6,0.3,0.7200139867133282
pilot_holdout,hyperplane_old,abs_cross_instrument,Emotion_Regulation_Questionnaire_Emotion_Regulation,110,12,0.03901900232175462,0.4,0.3,0.6477092089986706
pilot_holdout,hyperplane_old,abs_cross_instrument,Emotion_Regulation_Questionnaire_Emotion_Regulation_Reappraisal,110,6,0.20808782093185763,0.4,0.3,0.7206283822956674
pilot_holdout,hyperplane_old,abs_cross_instrument,Emotion_Regulation_Questionnaire_Emotion_Regulation_Suppression,110,0,0.4747424655681536,0.0,0.0,0.7116632277643684
pilot_holdout,hyperplane_old,abs_cross_instrument,Hope_Scale_Hope,110,45,0.6930234655005297,1.0,0.9,0.8894075859382969
pilot_holdout,hyperplane_old,abs_cross_instrument,Hope_Scale_Hope_Agency,110,37,0.7809886617226066,1.0,0.9,0.9407846746997057
pilot_holdout,hyperplane_old,abs_cross_instrument,Hope_Scale_Hope_Pathways,110,24,0.45614137907715885,0.2,0.6,0.7577043650416462
pilot_holdout,hyperplane_old,abs_cross_instrument,International_Personality_Item_Pool_120_agreeableness,78,16,0.25355657001226617,0.8,0.6,0.7600868090994535
pilot_holdout,hyperplane_old,abs_cross_instrument,International_Personality_Item_Pool_120_agreeableness_altruism,78,10,0.4312775831763173,0.6,0.5,0.820652927678204
pilot_holdout,hyperplane_old,abs_cross_instrument,International_Personality_Item_Pool_120_agreeableness_cooperation,78,9,0.2457416001719799,0.8,0.6,0.823814551706516
pilot_holdout,hyperplane_old,abs_cross_instrument,International_Personality_Item_Pool_120_agreeableness_modesty,78,1,0.2272537588993285,0.0,0.1,0.8194348253330972
pilot_holdout,hyperplane_old,abs_cross_instrument,International_Personality_Item_Pool_120_agreeableness_morality,78,9,0.15613500423627003,0.2,0.3,0.43914550786565804
pilot_holdout,hyperplane_old,abs_cross_instrument,International_Personality_Item_Pool_120_agreeableness_sympathy,78,5,0.3184789893650653,0.6,0.4,0.7338959102537143
pilot_holdout,hyperplane_old,abs_cross_instrument,International_Personality_Item_Pool_120_agreeableness_trust,78,3,0.5297866690271753,0.4,0.2,0.7250998191049782
pilot_holdout,hyperplane_old,abs_cross_instrument,International_Personality_Item_Pool_120_conscientiousness,78,20,0.7002997002997002,1.0,1.0,0.9153108391266261
pilot_holdout,hyperplane_old,abs_cross_instrument,International_Personality_Item_Pool_120_conscientiousness_achievement_striving,78,18,0.6536627929032992,1.0,0.8,0.9518603885224652
pilot_holdout,hyperplane_old,abs_cross_instrument,International_Personality_Item_Pool_120_conscientiousness_cautiousness,78,9,0.38613285448728485,0.8,0.4,0.8670280136992923
pilot_holdout,hyperplane_old,abs_cross_instrument,International_Personality_Item_Pool_120_conscientiousness_dutifulness,78,6,0.4298612779625438,0.4,0.2,0.7479821012873383
pilot_holdout,hyperplane_old,abs_cross_instrument,International_Personality_Item_Pool_120_conscientiousness_orderliness,78,5,0.419542482833622,0.8,0.4,0.8897175376851688
pilot_holdout,hyperplane_old,abs_cross_instrument,International_Personality_Item_Pool_120_conscientiousness_self_discipline,78,13,0.4707570910102556,1.0,0.8,0.8897920207712756
pilot_holdout,hyperplane_old,abs_cross_instrument,International_Personality_Item_Pool_120_conscientiousness_self_efficacy,78,16,0.7789552219931966,1.0,1.0,0.9617816679346333
pilot_holdout,hyperplane_old,abs_cross_instrument,International_Personality_Item_Pool_120_extraversion,78,19,0.6707090377976453,0.8,0.8,0.942990428617466
pilot_holdout,hyperplane_old,abs_cross_instrument,International_Personality_Item_Pool_120_extraversion_activiity_level,78,10,0.6348208753272043,0.6,0.7,0.9196298729596655
pilot_holdout,hyperplane_old,abs_cross_instrument,International_Personality_Item_Pool_120_extraversion_assertiveness,78,6,0.6760960558428912,0.8,0.5,0.917602147396014
pilot_holdout,hyperplane_old,abs_cross_instrument,International_Personality_Item_Pool_120_extraversion_cheerfulness,78,21,0.7626677120348005,1.0,0.9,0.9582401957351006
pilot_holdout,hyperplane_old,abs_cross_instrument,International_Personality_Item_Pool_120_extraversion_excitement_seeking,78,5,0.6371476624641181,1.0,0.5,0.9411404930874838
pilot_holdout,hyperplane_old,abs_cross_instrument,International_Personality_Item_Pool_120_extraversion_friendliness,78,14,0.6050784658379595,0.8,0.7,0.8294558044169084
pilot_holdout,hyperplane_old,abs_cross_instrument,International_Personality_Item_Pool_120_extraversion_gregariousness,78,3,0.43542533415951135,0.6,0.3,0.8971895266231683
pilot_holdout,hyperplane_old,abs_cross_instrument,International_Personality_Item_Pool_120_neuroticism,78,35,0.6719735960242289,1.0,1.0,0.906797568187937
pilot_holdout,hyperplane_old,abs_cross_instrument,International_Personality_Item_Pool_120_neuroticism_anger,78,14,0.6732381542508125,0.8,0.7,0.9025275397772863
pilot_holdout,hyperplane_old,abs_cross_instrument,International_Personality_Item_Pool_120_neuroticism_anxiety,78,20,0.7364407744154579,1.0,1.0,0.9727618170643323
pilot_holdout,hyperplane_old,abs_cross_instrument,International_Personality_Item_Pool_120_neuroticism_depression,78,32,0.6318365179124672,0.8,0.9,0.8792529039066109
pilot_holdout,hyperplane_old,abs_cross_instrument,International_Personality_Item_Pool_120_neuroticism_immoderation,78,2,0.20815892967791702,0.2,0.1,0.6903244874422582
pilot_holdout,hyperplane_old,abs_cross_instrument,International_Personality_Item_Pool_120_neuroticism_self_consciousness,78,21,0.45962897861632035,0.8,0.5,0.8647883930569717
pilot_holdout,hyperplane_old,abs_cross_instrument,International_Personality_Item_Pool_120_neuroticism_vulnerability,78,27,0.5316835063670505,1.0,0.9,0.8250161182512178
pilot_holdout,hyperplane_old,abs_cross_instrument,International_Personality_Item_Pool_120_openness,78,9,0.29771494328456355,0.4,0.5,0.6060759658368713
pilot_holdout,hyperplane_old,abs_cross_instrument,International_Personality_Item_Pool_120_openness_adventurousness,78,2,0.041490155414206045,0.0,0.1,0.5784022241489903
pilot_holdout,hyperplane_old,abs_cross_instrument,International_Personality_Item_Pool_120_openness_artistic_interests,78,4,0.4183537981006335,0.4,0.4,0.9180799726190708
pilot_holdout,hyperplane_old,abs_cross_instrument,International_Personality_Item_Pool_120_openness_emotionality,78,4,0.49040832585136385,0.6,0.3,0.7641169012476552
pilot_holdout,hyperplane_old,abs_cross_instrument,International_Personality_Item_Pool_120_openness_imagination,78,5,0.5144096409919194,0.8,0.4,0.7862995639854454
pilot_holdout,hyperplane_old,abs_cross_instrument,International_Personality_Item_Pool_120_openness_intellect,78,6,0.5415976428634657,0.4,0.5,0.788866879956629
pilot_holdout,hyperplane_old,abs_cross_instrument,International_Personality_Item_Pool_120_openness_liberalism,78,1,0.03248650084093122,0.0,0.0,0.27643293350064796
pilot_holdout,hyperplane_old,abs_cross_instrument,Interpersonal_Reactivity_Index_Brief_Empathy,108,11,0.4486552916630941,0.6,0.5,0.6365404363488018
pilot_holdout,hyperplane_old,abs_cross_instrument,Interpersonal_Reactivity_Index_Brief_Empathy_Empathic_Concern,108,11,0.534758543161184,1.0,0.7,0.909758013926803
pilot_holdout,hyperplane_old,abs_cross_instrument,Interpersonal_Reactivity_Index_Brief_Empathy_Fantasy,108,1,0.6355521259062371,0.2,0.1,0.8477362147862555
pilot_holdout,hyperplane_old,abs_cross_instrument,Interpersonal_Reactivity_Index_Brief_Empathy_Personal_Distress,108,19,0.7158821343850925,1.0,0.9,0.9192699690805448
pilot_holdout,hyperplane_old,abs_cross_instrument,Interpersonal_Reactivity_Index_Brief_Empathy_Perspective_Taking,108,7,0.3171091866967714,0.2,0.2,0.5557364948346849
pilot_holdout,hyperplane_old,abs_cross_instrument,Life_Orientation_Test_Optimism,112,35,0.20169474151775038,0.6,0.5,0.6778303247287956
pilot_holdout,hyperplane_old,abs_cross_instrument,Mastery_Scale_Self_Mastery,112,26,0.5167765742986982,0.8,0.7,0.7633172737113925
pilot_holdout,hyperplane_old,abs_cross_instrument,Mindful_Attention_Awareness_Scale_Mindful_Attention_Awareness,112,20,0.45438548535893675,0.8,0.6,0.8502930467911096
pilot_holdout,hyperplane_old,abs_cross_instrument,Multidimensional_Scale_of_Perceived_Social_Support_Perceived_Social_Support,109,13,0.5110277082754148,0.0,0.2,0.7693967278298416
pilot_holdout,hyperplane_old,abs_cross_instrument,Multidimensional_Scale_of_Perceived_Social_Support_Perceived_Social_Support_Family,109,6,0.34665925308127143,0.0,0.1,0.6778431213668782
pilot_holdout,hyperplane_old,abs_cross_instrument,Multidimensional_Scale_of_Perceived_Social_Support_Perceived_Social_Support_Friends,109,6,0.521768140116764,0.6,0.5,0.8589250146350693
pilot_holdout,hyperplane_old,abs_cross_instrument,Multidimensional_Scale_of_Perceived_Social_Support_Perceived_Social_Support_Significant_Other,109,0,0.5276990084329535,0.0,0.0,0.7485248581558697
pilot_holdout,hyperplane_old,abs_cross_instrument,Need_for_Cognition_Scale_Need_for_Cognition,112,12,0.3767639320736666,0.8,0.6,0.8063627818006551
pilot_holdout,hyperplane_old,abs_cross_instrument,Pain_Catastrophizing_Scale_Pain_Catastrophizing,109,27,0.4493466777870448,1.0,0.9,0.9004272280207708
pilot_holdout,hyperplane_old,abs_cross_instrument,Pain_Catastrophizing_Scale_Pain_Catastrophizing_Helplessness,109,25,0.49670095449911966,0.8,0.9,0.9028076746412549
pilot_holdout,hyperplane_old,abs_cross_instrument,Pain_Catastrophizing_Scale_Pain_Catastrophizing_Magnification,109,22,0.501816328421833,0.8,0.9,0.940566868569881
pilot_holdout,hyperplane_old,abs_cross_instrument,Pain_Catastrophizing_Scale_Pain_Catastrophizing_Rumination,109,19,0.24013529793346308,0.8,0.7,0.7946083373367321
pilot_holdout,hyperplane_old,abs_cross_instrument,Penn_State_Worry_Questionnaire_Worry,112,23,0.5799022790173233,1.0,1.0,0.9678258549759267
pilot_holdout,hyperplane_old,abs_cross_instrument,Psychological_Well_Being_Scales_Well_being,106,46,0.4404010378618031,0.8,0.9,0.8886285693040304
pilot_holdout,hyperplane_old,abs_cross_instrument,Psychological_Well_Being_Scales_Well_being_autonomy,106,2,-0.07522482807265032,0.0,0.0,0.46822442541789605
pilot_holdout,hyperplane_old,abs_cross_instrument,Psychological_Well_Being_Scales_Well_being_environmental_mastery,106,31,0.6188427337078369,0.8,0.8,0.7982946726634969
pilot_holdout,hyperplane_old,abs_cross_instrument,Psychological_Well_Being_Scales_Well_being_personal_growth,106,16,0.5695594125500667,0.8,0.7,0.8547427356941018
pilot_holdout,hyperplane_old,abs_cross_instrument,Psychological_Well_Being_Scales_Well_being_positive_relations_with_others,106,19,0.5907600070534297,1.0,0.8,0.8591994576372055
pilot_holdout,hyperplane_old,abs_cross_instrument,Psychological_Well_Being_Scales_Well_being_purpose_in_life,106,5,0.04998362596669773,0.0,0.1,0.6186498897057853
pilot_holdout,hyperplane_old,abs_cross_instrument,Psychological_Well_Being_Scales_Well_being_self_acceptance,106,26,0.598810993274051,0.8,0.7,0.8618721064874376
pilot_holdout,hyperplane_old,abs_cross_instrument,Rosenberg_Self_Esteem_Scale_Self_Esteem,112,46,0.5940649878702976,0.8,0.9,0.7827321212948148
pilot_holdout,hyperplane_old,abs_cross_instrument,Satisfaction_with_Life_Scale_Satisfaction_with_Life,112,25,0.6579851026753681,1.0,0.9,0.9246550612415195
pilot_holdout,hyperplane_old,abs_cross_instrument,Self_Compassion_Scale___Short_Form_Self_Compassion,106,28,0.23318134871652768,0.6,0.6,0.538942659169491
pilot_holdout,hyperplane_old,abs_cross_instrument,Self_Compassion_Scale___Short_Form_Self_Compassion_Common_Humanity,106,0,0.2687608635413255,0.0,0.0,0.4419873926812722
pilot_holdout,hyperplane_old,abs_cross_instrument,Self_Compassion_Scale___Short_Form_Self_Compassion_Isolation,106,18,0.5282263143310578,0.8,0.9,0.9221421759931694
pilot_holdout,hyperplane_old,abs_cross_instrument,Self_Compassion_Scale___Short_Form_Self_Compassion_Mindfulness,106,7,0.2316396705040683,0.4,0.2,0.692273455280634
pilot_holdout,hyperplane_old,abs_cross_instrument,Self_Compassion_Scale___Short_Form_Self_Compassion_Over_Identification,106,19,0.598770687961307,1.0,1.0,0.9763024522994601
pilot_holdout,hyperplane_old,abs_cross_instrument,Self_Compassion_Scale___Short_Form_Self_Compassion_Self_Judgement,106,15,0.6798045192331914,0.6,0.5,0.8728581451703046
pilot_holdout,hyperplane_old,abs_cross_instrument,Self_Compassion_Scale___Short_Form_Self_Compassion_Self_Kindness,106,3,0.22577524749981107,0.0,0.0,0.4473598866931554
pilot_holdout,hyperplane_old,abs_cross_instrument,Self_Control_Scale_Self_Control,112,26,0.168859124611337,1.0,0.8,0.7826499278463164
pilot_holdout,hyperplane_old,abs_cross_instrument,Short_Grit_Scale_Grit,110,23,0.5133331830579537,1.0,0.9,0.8981502618164201
pilot_holdout,hyperplane_old,abs_cross_instrument,Short_Grit_Scale_Grit_Consistency_of_Interest,110,11,0.4961747402114375,0.2,0.1,0.643064715545782
pilot_holdout,hyperplane_old,abs_cross_instrument,Short_Grit_Scale_Grit_Perseverance_of_Effort,110,29,0.735256858192638,1.0,0.9,0.9546476256237284
pilot_holdout,positive_only,signed,Barratt_Impulsiveness_Scale_Short_Form_Impulsiveness,109,24,-0.03634518660279099,0.6,0.5,0.7448650743187055
pilot_holdout,positive_only,signed,Barratt_Impulsiveness_Scale_Short_Form_Impulsiveness_Attention_impulsivity,111,14,-0.04845131724151102,0.4,0.2,0.7508232660775803
pilot_holdout,positive_only,signed,Barratt_Impulsiveness_Scale_Short_Form_Impulsiveness_Motor_Impulsivity,111,9,0.1658436421635312,0.8,0.4,0.8314947249754847
pilot_holdout,positive_only,signed,Barratt_Impulsiveness_Scale_Short_Form_Impulsiveness_Non_planning,111,17,0.46088202194306654,1.0,0.9,0.9466596213712734
pilot_holdout,positive_only,signed,Behavioral_Activation_System_Scale_behavioral_activation,109,12,0.6631930849639819,1.0,0.8,0.9484018071486031
pilot_holdout,positive_only,signed,Behavioral_Activation_System_Scale_behavioral_activation_Drive,111,4,0.6286824953562322,0.2,0.2,0.8143015178261742
pilot_holdout,positive_only,signed,Behavioral_Activation_System_Scale_behavioral_activation_Fun_Seeking,111,6,0.40011495286809345,0.8,0.5,0.9300249842653554
pilot_holdout,positive_only,signed,Behavioral_Activation_System_Scale_behavioral_activation_Reward_Responsiveness,111,11,0.5948328247487653,0.4,0.2,0.7361444383949465
pilot_holdout,positive_only,signed,Behavioral_Inhibition_System_Scale_behavioral_inhibition,112,19,0.4260908747294942,1.0,0.9,0.9511689273292006
pilot_holdout,positive_only,signed,Big_Five_Inventory_2_agreeableness,109,16,0.2553569070456928,0.8,0.6,0.8199334788216315
pilot_holdout,positive_only,signed,Big_Five_Inventory_2_agreeableness_compassion,111,12,0.38741748731553227,1.0,0.6,0.8452791403298782
pilot_holdout,positive_only,signed,Big_Five_Inventory_2_agreeableness_respectfulness,111,15,0.20269875986965202,0.6,0.5,0.7731254753304024
pilot_holdout,positive_only,signed,Big_Five_Inventory_2_agreeableness_trust,111,8,0.12927810038224416,0.6,0.4,0.7989257842129364
pilot_holdout,positive_only,signed,Big_Five_Inventory_2_conscientiousness,109,19,0.22098095862574044,1.0,1.0,0.9451035962585868
pilot_holdout,positive_only,signed,Big_Five_Inventory_2_conscientiousness_organization,111,11,0.2225215481787299,1.0,0.7,0.939097565959175
pilot_holdout,positive_only,signed,Big_Five_Inventory_2_conscientiousness_productiveness,111,20,0.41068447412452735,1.0,1.0,0.9566939838373918
pilot_holdout,positive_only,signed,Big_Five_Inventory_2_conscientiousness_responsibility,111,15,0.10315922946503732,0.6,0.5,0.664738113720945
pilot_holdout,positive_only,signed,Big_Five_Inventory_2_extraversion,109,22,0.4759440180348655,1.0,0.8,0.9123173303647426
pilot_holdout,positive_only,signed,Big_Five_Inventory_2_extraversion_assertiveness,111,8,0.47650595934205414,1.0,0.6,0.938156089609027
pilot_holdout,positive_only,signed,Big_Five_Inventory_2_extraversion_energy_level,111,22,0.6156077035985845,1.0,1.0,0.9496524529576215
pilot_holdout,positive_only,signed,Big_Five_Inventory_2_extraversion_sociability,111,12,0.4014838572400351,1.0,0.7,0.9439951369660063
pilot_holdout,positive_only,signed,Big_Five_Inventory_2_neuroticism,109,29,0.16385915081860028,1.0,1.0,0.9628542338216943
pilot_holdout,positive_only,signed,Big_Five_Inventory_2_neuroticism_anxiety,111,22,0.23740838322359514,1.0,1.0,0.9536628431185982
pilot_holdout,positive_only,signed,Big_Five_Inventory_2_neuroticism_depression,111,34,0.055484502203762415,1.0,0.9,0.8794353662057833
pilot_holdout,positive_only,signed,Big_Five_Inventory_2_neuroticism_emotional_volatility,111,19,0.30689344264167084,1.0,0.9,0.9188113724591732
pilot_holdout,positive_only,signed,Big_Five_Inventory_2_openness,109,6,0.46567154497285795,0.6,0.5,0.8254258283661962
pilot_holdout,positive_only,signed,Big_Five_Inventory_2_openness_aesthetic_sensitivity,111,8,0.487268531215044,0.8,0.6,0.8205163312600902
pilot_holdout,positive_only,signed,Big_Five_Inventory_2_openness_creative_imagination,111,7,0.45766597417180627,0.4,0.2,0.7665502574257418
pilot_holdout,positive_only,signed,Big_Five_Inventory_2_openness_intellectual_curiosity,111,6,0.3536906671004191,0.8,0.4,0.8952436911914371
pilot_holdout,positive_only,signed,Buss_Perry_Aggression_Questionnaire_Aggression,108,16,0.142540375881338,1.0,0.8,0.8687003002686139
pilot_holdout,positive_only,signed,Buss_Perry_Aggression_Questionnaire_Aggression_Anger,111,15,0.37013068210575656,0.8,0.7,0.9018277142582846
pilot_holdout,positive_only,signed,Buss_Perry_Aggression_Questionnaire_Aggression_Hostility,111,19,0.3689021781822192,1.0,0.7,0.9276489163572431
pilot_holdout,positive_only,signed,Buss_Perry_Aggression_Questionnaire_Aggression_Physical_aggression,111,7,-0.07094610158428263,0.6,0.4,0.7821570878934012
pilot_holdout,positive_only,signed,Buss_Perry_Aggression_Questionnaire_Aggression_Verbal_aggression,111,8,0.07457896318674312,0.4,0.3,0.723955545916741
pilot_holdout,positive_only,signed,Emotion_Regulation_Questionnaire_Emotion_Regulation,110,12,0.30269887676491203,0.6,0.4,0.7555905648432526
pilot_holdout,positive_only,signed,Emotion_Regulation_Questionnaire_Emotion_Regulation_Reappraisal,111,6,0.2592669780345349,0.4,0.3,0.7206283822956674
pilot_holdout,positive_only,signed,Emotion_Regulation_Questionnaire_Emotion_Regulation_Suppression,111,0,-0.5092192638202491,0.0,0.0,0.29332389613542204
pilot_holdout,positive_only,signed,Hope_Scale_Hope,110,45,0.47103322821666505,1.0,0.9,0.909920030820393
pilot_holdout,positive_only,signed,Hope_Scale_Hope_Agency,111,38,0.5103907300616223,1.0,0.9,0.9407846746997057
pilot_holdout,positive_only,signed,Hope_Scale_Hope_Pathways,111,25,0.3923315030096817,0.2,0.6,0.7589219498766753
pilot_holdout,positive_only,signed,International_Personality_Item_Pool_120_agreeableness,106,20,0.3316631777302957,0.8,0.6,0.737310531136759
pilot_holdout,positive_only,signed,International_Personality_Item_Pool_120_agreeableness_altruism,111,17,0.4027123611635724,0.8,0.5,0.8360563644397444
pilot_holdout,positive_only,signed,International_Personality_Item_Pool_120_agreeableness_cooperation,111,12,-0.05093026265864891,1.0,0.5,0.8115638749425739
pilot_holdout,positive_only,signed,International_Personality_Item_Pool_120_agreeableness_modesty,111,2,0.20593674521097555,0.2,0.1,0.7771890272230856
pilot_holdout,positive_only,signed,International_Personality_Item_Pool_120_agreeableness_morality,111,14,0.04674018677658398,0.4,0.3,0.47275895398755585
pilot_holdout,positive_only,signed,International_Personality_Item_Pool_120_agreeableness_sympathy,111,8,0.322583192750848,0.8,0.6,0.8258160698337219
pilot_holdout,positive_only,signed,International_Personality_Item_Pool_120_agreeableness_trust,111,4,0.2733377354730504,0.4,0.3,0.8014388709894272
pilot_holdout,positive_only,signed,International_Personality_Item_Pool_120_conscientiousness,106,23,0.27301879995753797,1.0,0.9,0.8988398154006748
pilot_holdout,positive_only,signed,International_Personality_Item_Pool_120_conscientiousness_achievement_striving,111,25,0.6386597022209607,1.0,0.8,0.943471553597329
pilot_holdout,positive_only,signed,International_Personality_Item_Pool_120_conscientiousness_cautiousness,111,9,0.26533052239999433,0.8,0.4,0.8746999688911974
pilot_holdout,positive_only,signed,International_Personality_Item_Pool_120_conscientiousness_dutifulness,111,9,0.351716285794734,0.4,0.3,0.7817198445742818
pilot_holdout,positive_only,signed,International_Personality_Item_Pool_120_conscientiousness_orderliness,111,6,0.35639776324621386,0.6,0.4,0.9191823133141562
pilot_holdout,positive_only,signed,International_Personality_Item_Pool_120_conscientiousness_self_discipline,111,16,0.18720206037703077,1.0,0.8,0.8410382758087704
pilot_holdout,positive_only,signed,International_Personality_Item_Pool_120_conscientiousness_self_efficacy,111,23,0.5490886036530491,1.0,1.0,0.9385374875827484
pilot_holdout,positive_only,signed,International_Personality_Item_Pool_120_extraversion,106,25,0.4401703911402513,0.8,0.8,0.9440995437084335
pilot_holdout,positive_only,signed,International_Personality_Item_Pool_120_extraversion_activiity_level,111,16,0.551220935463189,0.8,0.8,0.9063433873362539
pilot_holdout,positive_only,signed,International_Personality_Item_Pool_120_extraversion_assertiveness,111,10,0.46741064279386507,0.6,0.7,0.9281554496975994
pilot_holdout,positive_only,signed,International_Personality_Item_Pool_120_extraversion_cheerfulness,111,27,0.5846888923515569,1.0,0.8,0.9099455781484057
pilot_holdout,positive_only,signed,International_Personality_Item_Pool_120_extraversion_excitement_seeking,111,8,0.6064816744523069,1.0,0.7,0.9330345523328006
pilot_holdout,positive_only,signed,International_Personality_Item_Pool_120_extraversion_friendliness,111,20,0.46588378791746865,0.8,0.8,0.8846879949817897
pilot_holdout,positive_only,signed,International_Personality_Item_Pool_120_extraversion_gregariousness,111,6,0.27113081592469573,1.0,0.6,0.9284810419051004
pilot_holdout,positive_only,signed,International_Personality_Item_Pool_120_neuroticism,106,39,0.05231642773129865,1.0,1.0,0.9097373949342661
pilot_holdout,positive_only,signed,International_Personality_Item_Pool_120_neuroticism_anger,111,17,0.31598875918985997,0.8,0.6,0.8859656533623252
pilot_holdout,positive_only,signed,International_Personality_Item_Pool_120_neuroticism_anxiety,111,25,0.23842628647452613,1.0,1.0,0.958756382688757
pilot_holdout,positive_only,signed,International_Personality_Item_Pool_120_neuroticism_depression,111,38,-0.018664484609742633,0.8,0.9,0.8536635889982792
pilot_holdout,positive_only,signed,International_Personality_Item_Pool_120_neuroticism_immoderation,111,2,-0.01972187548678729,0.2,0.1,0.6092974627029946
pilot_holdout,positive_only,signed,International_Personality_Item_Pool_120_neuroticism_self_consciousness,111,27,-0.10914379857826932,1.0,0.6,0.8280514987685564
pilot_holdout,positive_only,signed,International_Personality_Item_Pool_120_neuroticism_vulnerability,111,33,0.08026079383310342,1.0,0.8,0.8338209266475771
pilot_holdout,positive_only,signed,International_Personality_Item_Pool_120_openness,106,11,0.3560882587820422,0.4,0.5,0.6337653704251646
pilot_holdout,positive_only,signed,International_Personality_Item_Pool_120_openness_adventurousness,111,4,0.015027235493269514,0.4,0.2,0.6812444482369595
pilot_holdout,positive_only,signed,International_Personality_Item_Pool_120_openness_artistic_interests,111,5,0.39756580722675344,0.4,0.2,0.829971759672685
pilot_holdout,positive_only,signed,International_Personality_Item_Pool_120_openness_emotionality,111,7,0.3847586538238764,0.6,0.6,0.8462885861665325
pilot_holdout,positive_only,signed,International_Personality_Item_Pool_120_openness_imagination,111,5,0.4064373605602983,0.8,0.4,0.8023805789733577
pilot_holdout,positive_only,signed,International_Personality_Item_Pool_120_openness_intellect,111,8,-0.3291162011156592,0.2,0.1,0.31661524697428706
pilot_holdout,positive_only,signed,International_Personality_Item_Pool_120_openness_liberalism,111,1,0.039764039496496824,0.0,0.0,0.6389476345047389
pilot_holdout,positive_only,signed,Interpersonal_Reactivity_Index_Brief_Empathy,108,11,0.5124479894838371,0.8,0.5,0.7841308331116695
pilot_holdout,positive_only,signed,Interpersonal_Reactivity_Index_Brief_Empathy_Empathic_Concern,111,13,0.4449860586752956,1.0,0.7,0.8824316660451222
pilot_holdout,positive_only,signed,Interpersonal_Reactivity_Index_Brief_Empathy_Fantasy,111,2,0.6383964513802027,0.2,0.2,0.8855470299468596
pilot_holdout,positive_only,signed,Interpersonal_Reactivity_Index_Brief_Empathy_Personal_Distress,111,19,0.26879665846997475,1.0,0.8,0.9082327141195359
pilot_holdout,positive_only,signed,Interpersonal_Reactivity_Index_Brief_Empathy_Perspective_Taking,111,8,0.31881870572800847,0.2,0.2,0.557629709715319
pilot_holdout,positive_only,signed,Life_Orientation_Test_Optimism,112,35,0.09479126403322267,0.8,0.7,0.7998222672584244
pilot_holdout,positive_only,signed,Mastery_Scale_Self_Mastery,112,26,0.13763824793793974,0.6,0.3,0.6070015429095378
pilot_holdout,positive_only,signed,Mindful_Attention_Awareness_Scale_Mindful_Attention_Awareness,112,20,0.2000380121771658,0.6,0.6,0.8691453220423218
pilot_holdout,positive_only,signed,Multidimensional_Scale_of_Perceived_Social_Support_Perceived_Social_Support,109,13,0.4449366252829689,0.0,0.1,0.7405221746716869
pilot_holdout,positive_only,signed,Multidimensional_Scale_of_Perceived_Social_Support_Perceived_Social_Support_Family,111,7,0.36730951059563327,0.2,0.2,0.7556088861596054
pilot_holdout,positive_only,signed,Multidimensional_Scale_of_Perceived_Social_Support_Perceived_Social_Support_Friends,111,8,0.5060032160489888,0.8,0.7,0.8811846517959215
pilot_holdout,positive_only,signed,Multidimensional_Scale_of_Perceived_Social_Support_Perceived_Social_Support_Significant_Other,111,1,0.524588725406504,0.2,0.1,0.8053461438161377
pilot_holdout,positive_only,signed,Need_for_Cognition_Scale_Need_for_Cognition,112,12,0.3647503262008313,0.8,0.6,0.8537868073866135
pilot_holdout,positive_only,signed,Pain_Catastrophizing_Scale_Pain_Catastrophizing,109,27,0.18272213585939096,1.0,0.9,0.9009744416512843
pilot_holdout,positive_only,signed,Pain_Catastrophizing_Scale_Pain_Catastrophizing_Helplessness,111,27,0.2274575014429425,0.8,0.9,0.9307281380273067
pilot_holdout,positive_only,signed,Pain_Catastrophizing_Scale_Pain_Catastrophizing_Magnification,111,24,0.23895717567005476,1.0,0.9,0.9566471276970029
pilot_holdout,positive_only,signed,Pain_Catastrophizing_Scale_Pain_Catastrophizing_Rumination,111,21,0.20875352920708617,0.8,0.7,0.8460462126919772
pilot_holdout,positive_only,signed,Penn_State_Worry_Questionnaire_Worry,112,23,0.3707297697282041,1.0,1.0,0.9685070528975268
pilot_holdout,positive_only,signed,Psychological_Well_Being_Scales_Well_being,106,46,0.305686338228892,0.8,0.8,0.8636995518117747
pilot_holdout,positive_only,signed,Psychological_Well_Being_Scales_Well_being_autonomy,111,2,0.07766777305163705,0.2,0.1,0.7307963640295851
pilot_holdout,positive_only,signed,Psychological_Well_Being_Scales_Well_being_environmental_mastery,111,32,0.1423836047379802,0.8,0.8,0.7937309641268684
pilot_holdout,positive_only,signed,Psychological_Well_Being_Scales_Well_being_personal_growth,111,18,0.4249131820674976,0.8,0.6,0.8076409640053396
pilot_holdout,positive_only,signed,Psychological_Well_Being_Scales_Well_being_positive_relations_with_others,111,20,0.40963147076149536,1.0,0.8,0.8560026099209714
pilot_holdout,positive_only,signed,Psychological_Well_Being_Scales_Well_being_purpose_in_life,111,6,-0.3003735968188976,0.2,0.1,0.583163783554967
pilot_holdout,positive_only,signed,Psychological_Well_Being_Scales_Well_being_self_acceptance,111,29,0.24430555525145492,0.8,0.8,0.8812770421888532
pilot_holdout,positive_only,signed,Rosenberg_Self_Esteem_Scale_Self_Esteem,112,46,0.042189245116706034,0.8,0.9,0.7827321212948148
pilot_holdout,positive_only,signed,Satisfaction_with_Life_Scale_Satisfaction_with_Life,112,25,0.3126907282328692,1.0,0.9,0.9493772465016831
pilot_holdout,positive_only,signed,Self_Compassion_Scale___Short_Form_Self_Compassion,106,28,-0.07529051386908003,0.0,0.1,0.24157151167357815
pilot_holdout,positive_only,signed,Self_Compassion_Scale___Short_Form_Self_Compassion_Common_Humanity,111,1,0.3116231827472897,0.0,0.0,0.35006499803936025
pilot_holdout,positive_only,signed,Self_Compassion_Scale___Short_Form_Self_Compassion_Isolation,111,20,0.36265435822822917,1.0,0.9,0.9375196196400981
pilot_holdout,positive_only,signed,Self_Compassion_Scale___Short_Form_Self_Compassion_Mindfulness,111,7,0.028273140297409852,0.4,0.2,0.7171684944387259
pilot_holdout,positive_only,signed,Self_Compassion_Scale___Short_Form_Self_Compassion_Over_Identification,111,21,0.4047437801514217,1.0,1.0,0.9792453537930436
pilot_holdout,positive_only,signed,Self_Compassion_Scale___Short_Form_Self_Compassion_Self_Judgement,111,17,0.3493382531998867,0.8,0.7,0.9168741111811155
pilot_holdout,positive_only,signed,Self_Compassion_Scale___Short_Form_Self_Compassion_Self_Kindness,111,4,0.2591660652122444,0.0,0.0,0.4343451080156137
pilot_holdout,positive_only,signed,Self_Control_Scale_Self_Control,112,26,0.06757625392149452,1.0,1.0,0.8715951618217933
pilot_holdout,positive_only,signed,Short_Grit_Scale_Grit,110,23,0.16600770912697518,1.0,0.9,0.9013096349615377
pilot_holdout,positive_only,signed,Short_Grit_Scale_Grit_Consistency_of_Interest,111,11,0.23321340821340822,0.2,0.1,0.6575012855176718
pilot_holdout,positive_only,signed,Short_Grit_Scale_Grit_Perseverance_of_Effort,111,29,0.46883116883116877,1.0,0.9,0.9643212997395811
pilot_holdout,positive_only,abs,Barratt_Impulsiveness_Scale_Short_Form_Impulsiveness,109,24,0.39989898966604787,0.6,0.5,0.7448650743187055
pilot_holdout,positive_only,abs,Barratt_Impulsiveness_Scale_Short_Form_Impulsiveness_Attention_impulsivity,111,14,0.33352565269835577,0.4,0.2,0.7508232660775803
pilot_holdout,positive_only,abs,Barratt_Impulsiveness_Scale_Short_Form_Impulsiveness_Motor_Impulsivity,111,9,0.5052529511528283,0.8,0.4,0.8314947249754847
pilot_holdout,positive_only,abs,Barratt_Impulsiveness_Scale_Short_Form_Impulsiveness_Non_planning,111,17,0.6145766378056158,1.0,0.9,0.9466596213712734
pilot_holdout,positive_only,abs,Behavioral_Activation_System_Scale_behavioral_activation,109,12,0.6795864136484128,1.0,0.8,0.9484018071486031
pilot_holdout,positive_only,abs,Behavioral_Activation_System_Scale_behavioral_activation_Drive,111,4,0.6618082261516147,0.2,0.2,0.8143015178261742
pilot_holdout,positive_only,abs,Behavioral_Activation_System_Scale_behavioral_activation_Fun_Seeking,111,6,0.4434109411447602,0.8,0.5,0.9300249842653554
pilot_holdout,positive_only,abs,Behavioral_Activation_System_Scale_behavioral_activation_Reward_Responsiveness,111,11,0.5637692255393205,0.4,0.2,0.7361444383949465
pilot_holdout,positive_only,abs,Behavioral_Inhibition_System_Scale_behavioral_inhibition,112,19,0.5877750277096545,1.0,0.9,0.9511689273292006
pilot_holdout,positive_only,abs,Big_Five_Inventory_2_agreeableness,109,16,0.39628949191444485,0.8,0.6,0.8199334788216315
pilot_holdout,positive_only,abs,Big_Five_Inventory_2_agreeableness_compassion,111,12,0.602124873037762,1.0,0.6,0.8452791403298782
pilot_holdout,positive_only,abs,Big_Five_Inventory_2_agreeableness_respectfulness,111,15,0.3191170566808676,0.6,0.5,0.7731254753304024
pilot_holdout,positive_only,abs,Big_Five_Inventory_2_agreeableness_trust,111,8,0.17144211004365145,0.6,0.4,0.7989257842129364
pilot_holdout,positive_only,abs,Big_Five_Inventory_2_conscientiousness,109,19,0.5638600775199952,1.0,1.0,0.9451035962585868
pilot_holdout,positive_only,abs,Big_Five_Inventory_2_conscientiousness_organization,111,11,0.5715044127435932,1.0,0.7,0.939097565959175
pilot_holdout,positive_only,abs,Big_Five_Inventory_2_conscientiousness_productiveness,111,20,0.6960571605342313,1.0,1.0,0.9566939838373918
pilot_holdout,positive_only,abs,Big_Five_Inventory_2_conscientiousness_responsibility,111,15,0.39778079541337247,0.6,0.5,0.664738113720945
pilot_holdout,positive_only,abs,Big_Five_Inventory_2_extraversion,109,22,0.6859621118592032,1.0,0.8,0.9123173303647426
pilot_holdout,positive_only,abs,Big_Five_Inventory_2_extraversion_assertiveness,111,8,0.7360625133014229,1.0,0.6,0.938156089609027
pilot_holdout,positive_only,abs,Big_Five_Inventory_2_extraversion_energy_level,111,22,0.7851324700187153,1.0,1.0,0.9496524529576215
pilot_holdout,positive_only,abs,Big_Five_Inventory_2_extraversion_sociability,111,12,0.5642079769405839,1.0,0.8,0.9605389247668904
pilot_holdout,positive_only,abs,Big_Five_Inventory_2_neuroticism,109,29,0.6145691191034913,1.0,1.0,0.9628542338216943
pilot_holdout,positive_only,abs,Big_Five_Inventory_2_neuroticism_anxiety,111,22,0.3748340971272996,1.0,1.0,0.9536628431185982
pilot_holdout,positive_only,abs,Big_Five_Inventory_2_neuroticism_depression,111,34,0.5529145158720654,1.0,0.9,0.8794353662057833
pilot_holdout,positive_only,abs,Big_Five_Inventory_2_neuroticism_emotional_volatility,111,19,0.6731718874443353,1.0,0.9,0.9188113724591732
pilot_holdout,positive_only,abs,Big_Five_Inventory_2_openness,109,6,0.5374722858699575,0.8,0.5,0.8635358552403581
pilot_holdout,positive_only,abs,Big_Five_Inventory_2_openness_aesthetic_sensitivity,111,8,0.5783884222294151,0.8,0.7,0.8918809672710971
pilot_holdout,positive_only,abs,Big_Five_Inventory_2_openness_creative_imagination,111,7,0.41523871366964094,0.4,0.3,0.797376511661847
pilot_holdout,positive_only,abs,Big_Five_Inventory_2_openness_intellectual_curiosity,111,6,0.4560513690151571,1.0,0.5,0.9134921283312347
pilot_holdout,positive_only,abs,Buss_Perry_Aggression_Questionnaire_Aggression,108,16,0.4905362888738199,1.0,0.8,0.8687003002686139
pilot_holdout,positive_only,abs,Buss_Perry_Aggression_Questionnaire_Aggression_Anger,111,15,0.5434462606328024,0.8,0.7,0.9018277142582846
pilot_holdout,positive_only,abs,Buss_Perry_Aggression_Questionnaire_Aggression_Hostility,111,19,0.5328197016942043,1.0,0.7,0.9276489163572431
pilot_holdout,positive_only,abs,Buss_Perry_Aggression_Questionnaire_Aggression_Physical_aggression,111,7,0.2477453662373595,0.6,0.4,0.7821570878934012
pilot_holdout,positive_only,abs,Buss_Perry_Aggression_Questionnaire_Aggression_Verbal_aggression,111,8,0.3625753829760018,0.4,0.3,0.723955545916741
pilot_holdout,positive_only,abs,Emotion_Regulation_Questionnaire_Emotion_Regulation,110,12,0.2799771881466621,0.6,0.4,0.7555905648432526
pilot_holdout,positive_only,abs,Emotion_Regulation_Questionnaire_Emotion_Regulation_Reappraisal,111,6,0.21242587843566035,0.4,0.3,0.7206283822956674
pilot_holdout,positive_only,abs,Emotion_Regulation_Questionnaire_Emotion_Regulation_Suppression,111,0,0.4335872972704739,0.0,0.0,0.7116632277643684
pilot_holdout,positive_only,abs,Hope_Scale_Hope,110,45,0.7192406267417384,1.0,0.9,0.909920030820393
pilot_holdout,positive_only,abs,Hope_Scale_Hope_Agency,111,38,0.7654807947561301,1.0,0.9,0.9407846746997057
pilot_holdout,positive_only,abs,Hope_Scale_Hope_Pathways,111,25,0.511996560190246,0.2,0.6,0.7589219498766753
pilot_holdout,positive_only,abs,International_Personality_Item_Pool_120_agreeableness,106,20,0.37079973499307767,0.8,0.6,0.737310531136759
pilot_holdout,positive_only,abs,International_Personality_Item_Pool_120_agreeableness_altruism,111,17,0.5188761821620552,0.8,0.5,0.8360563644397444
pilot_holdout,positive_only,abs,International_Personality_Item_Pool_120_agreeableness_cooperation,111,12,0.22171863311441797,1.0,0.5,0.8115638749425739
pilot_holdout,positive_only,abs,International_Personality_Item_Pool_120_agreeableness_modesty,111,2,0.24380099114000206,0.2,0.1,0.7771890272230856
pilot_holdout,positive_only,abs,International_Personality_Item_Pool_120_agreeableness_morality,111,14,0.1663438187609714,0.4,0.3,0.47275895398755585
pilot_holdout,positive_only,abs,International_Personality_Item_Pool_120_agreeableness_sympathy,111,8,0.3873165744932417,0.8,0.6,0.8258160698337219
pilot_holdout,positive_only,abs,International_Personality_Item_Pool_120_agreeableness_trust,111,4,0.5084821614661267,0.4,0.3,0.8014388709894272
pilot_holdout,positive_only,abs,International_Personality_Item_Pool_120_conscientiousness,106,23,0.5994825792461251,1.0,0.9,0.8988398154006748
pilot_holdout,positive_only,abs,International_Personality_Item_Pool_120_conscientiousness_achievement_striving,111,25,0.6900901414770497,1.0,0.8,0.943471553597329
pilot_holdout,positive_only,abs,International_Personality_Item_Pool_120_conscientiousness_cautiousness,111,9,0.44309504013585055,0.8,0.4,0.8746999688911974
pilot_holdout,positive_only,abs,International_Personality_Item_Pool_120_conscientiousness_dutifulness,111,9,0.4193893019255921,0.4,0.3,0.7817198445742818
pilot_holdout,positive_only,abs,International_Personality_Item_Pool_120_conscientiousness_orderliness,111,6,0.4493340850618154,0.6,0.4,0.9191823133141562
pilot_holdout,positive_only,abs,International_Personality_Item_Pool_120_conscientiousness_self_discipline,111,16,0.5987157746499459,1.0,0.8,0.8410382758087704
pilot_holdout,positive_only,abs,International_Personality_Item_Pool_120_conscientiousness_self_efficacy,111,23,0.789059295060022,1.0,1.0,0.9385374875827484
pilot_holdout,positive_only,abs,International_Personality_Item_Pool_120_extraversion,106,25,0.689670981867271,0.8,0.8,0.9356395525135291
pilot_holdout,positive_only,abs,International_Personality_Item_Pool_120_extraversion_activiity_level,111,16,0.6085218684681816,0.8,0.8,0.9063433873362539
pilot_holdout,positive_only,abs,International_Personality_Item_Pool_120_extraversion_assertiveness,111,10,0.7079078358823542,0.6,0.7,0.9281554496975994
pilot_holdout,positive_only,abs,International_Personality_Item_Pool_120_extraversion_cheerfulness,111,27,0.7847858564117172,1.0,0.8,0.9099455781484057
pilot_holdout,positive_only,abs,International_Personality_Item_Pool_120_extraversion_excitement_seeking,111,8,0.6849918501943698,1.0,0.7,0.9330345523328006
pilot_holdout,positive_only,abs,International_Personality_Item_Pool_120_extraversion_friendliness,111,20,0.6917091341477115,0.8,0.8,0.889985110434899
pilot_holdout,positive_only,abs,International_Personality_Item_Pool_120_extraversion_gregariousness,111,6,0.4994307200580639,1.0,0.6,0.9423707816662399
pilot_holdout,positive_only,abs,International_Personality_Item_Pool_120_neuroticism,106,39,0.6511843494097025,1.0,1.0,0.9097373949342661
pilot_holdout,positive_only,abs,International_Personality_Item_Pool_120_neuroticism_anger,111,17,0.6332060223032573,0.8,0.6,0.8859656533623252
pilot_holdout,positive_only,abs,International_Personality_Item_Pool_120_neuroticism_anxiety,111,25,0.6863914671643997,1.0,1.0,0.958756382688757
pilot_holdout,positive_only,abs,International_Personality_Item_Pool_120_neuroticism_depression,111,38,0.6457455373513636,0.8,0.9,0.8536635889982792
pilot_holdout,positive_only,abs,International_Personality_Item_Pool_120_neuroticism_immoderation,111,2,-0.013842606709858485,0.2,0.1,0.6092974627029946
pilot_holdout,positive_only,abs,International_Personality_Item_Pool_120_neuroticism_self_consciousness,111,27,0.616524694027225,1.0,0.9,0.9470517722886282
pilot_holdout,positive_only,abs,International_Personality_Item_Pool_120_neuroticism_vulnerability,111,33,0.5842457534362808,1.0,0.8,0.8338209266475771
pilot_holdout,positive_only,abs,International_Personality_Item_Pool_120_openness,106,11,0.36144887888085786,0.4,0.5,0.6337653704251646
pilot_holdout,positive_only,abs,International_Personality_Item_Pool_120_openness_adventurousness,111,4,0.152093173247938,0.4,0.2,0.730519401292298
pilot_holdout,positive_only,abs,International_Personality_Item_Pool_120_openness_artistic_interests,111,5,0.4629573160710421,0.4,0.2,0.829971759672685
pilot_holdout,positive_only,abs,International_Personality_Item_Pool_120_openness_emotionality,111,7,0.4370665958824922,0.6,0.6,0.8462885861665325
pilot_holdout,positive_only,abs,International_Personality_Item_Pool_120_openness_imagination,111,5,0.4571043723781891,0.8,0.4,0.8023805789733577
pilot_holdout,positive_only,abs,International_Personality_Item_Pool_120_openness_intellect,111,8,0.4636724808551014,0.4,0.6,0.8186811105638827
pilot_holdout,positive_only,abs,International_Personality_Item_Pool_120_openness_liberalism,111,1,0.01985350090716629,0.0,0.0,0.6389476345047389
pilot_holdout,positive_only,abs,Interpersonal_Reactivity_Index_Brief_Empathy,108,11,0.5297868134448073,0.8,0.5,0.7841308331116695
pilot_holdout,positive_only,abs,Interpersonal_Reactivity_Index_Brief_Empathy_Empathic_Concern,111,13,0.5882559412438277,1.0,0.7,0.8824316660451222
pilot_holdout,positive_only,abs,Interpersonal_Reactivity_Index_Brief_Empathy_Fantasy,111,2,0.687729658938253,0.2,0.2,0.8855470299468596
pilot_holdout,positive_only,abs,Interpersonal_Reactivity_Index_Brief_Empathy_Personal_Distress,111,19,0.7005894625092816,1.0,0.8,0.9082327141195359
pilot_holdout,positive_only,abs,Interpersonal_Reactivity_Index_Brief_Empathy_Perspective_Taking,111,8,0.33659691250719925,0.2,0.2,0.557629709715319
pilot_holdout,positive_only,abs,Life_Orientation_Test_Optimism,112,35,0.327229318066567,0.8,0.7,0.7998222672584244
pilot_holdout,positive_only,abs,Mastery_Scale_Self_Mastery,112,26,0.1314708790425638,0.6,0.3,0.6070015429095378
pilot_holdout,positive_only,abs,Mindful_Attention_Awareness_Scale_Mindful_Attention_Awareness,112,20,0.5174525007966596,0.6,0.6,0.8691453220423218
pilot_holdout,positive_only,abs,Multidimensional_Scale_of_Perceived_Social_Support_Perceived_Social_Support,109,13,0.5444364387847962,0.0,0.1,0.7405221746716869
pilot_holdout,positive_only,abs,Multidimensional_Scale_of_Perceived_Social_Support_Perceived_Social_Support_Family,111,7,0.4382380621238654,0.2,0.2,0.7556088861596054
pilot_holdout,positive_only,abs,Multidimensional_Scale_of_Perceived_Social_Support_Perceived_Social_Support_Friends,111,8,0.5777302951275202,0.8,0.7,0.8811846517959215
pilot_holdout,positive_only,abs,Multidimensional_Scale_of_Perceived_Social_Support_Perceived_Social_Support_Significant_Other,111,1,0.5569247036796124,0.2,0.1,0.8053461438161377
pilot_holdout,positive_only,abs,Need_for_Cognition_Scale_Need_for_Cognition,112,12,0.48231472801116243,0.8,0.6,0.8537868073866135
pilot_holdout,positive_only,abs,Pain_Catastrophizing_Scale_Pain_Catastrophizing,109,27,0.4417163416663269,1.0,0.9,0.9009744416512843
pilot_holdout,positive_only,abs,Pain_Catastrophizing_Scale_Pain_Catastrophizing_Helplessness,111,27,0.5266947321325681,0.8,0.9,0.9307281380273067
pilot_holdout,positive_only,abs,Pain_Catastrophizing_Scale_Pain_Catastrophizing_Magnification,111,24,0.5082364606814191,1.0,0.9,0.9566471276970029
pilot_holdout,positive_only,abs,Pain_Catastrophizing_Scale_Pain_Catastrophizing_Rumination,111,21,0.29703908616929614,0.8,0.7,0.8460462126919772
pilot_holdout,positive_only,abs,Penn_State_Worry_Questionnaire_Worry,112,23,0.599520363209851,1.0,1.0,0.9685070528975268
pilot_holdout,positive_only,abs,Psychological_Well_Being_Scales_Well_being,106,46,0.49965614443603745,0.8,0.8,0.8636995518117747
pilot_holdout,positive_only,abs,Psychological_Well_Being_Scales_Well_being_autonomy,111,2,0.22594819662259663,0.2,0.1,0.7307963640295851
pilot_holdout,positive_only,abs,Psychological_Well_Being_Scales_Well_being_environmental_mastery,111,32,0.6312579660816481,0.8,0.8,0.7937309641268684
pilot_holdout,positive_only,abs,Psychological_Well_Being_Scales_Well_being_personal_growth,111,18,0.5461577442926099,0.8,0.7,0.8373970555940288
pilot_holdout,positive_only,abs,Psychological_Well_Being_Scales_Well_being_positive_relations_with_others,111,20,0.6126856192661708,1.0,0.8,0.8560026099209714
pilot_holdout,positive_only,abs,Psychological_Well_Being_Scales_Well_being_purpose_in_life,111,6,0.008200263689611888,0.2,0.1,0.5902114707393658
pilot_holdout,positive_only,abs,Psychological_Well_Being_Scales_Well_being_self_acceptance,111,29,0.6357420054025594,0.8,0.8,0.8812770421888532
pilot_holdout,positive_only,abs,Rosenberg_Self_Esteem_Scale_Self_Esteem,112,46,0.6100142866003903,0.8,0.9,0.7827321212948148
pilot_holdout,positive_only,abs,Satisfaction_with_Life_Scale_Satisfaction_with_Life,112,25,0.66593916770569,1.0,0.9,0.9493772465016831
pilot_holdout,positive_only,abs,Self_Compassion_Scale___Short_Form_Self_Compassion,106,28,-0.10693026407637546,0.0,0.1,0.24157151167357815
pilot_holdout,positive_only,abs,Self_Compassion_Scale___Short_Form_Self_Compassion_Common_Humanity,111,1,0.2869039288001129,0.0,0.0,0.35006499803936025
pilot_holdout,positive_only,abs,Self_Compassion_Scale___Short_Form_Self_Compassion_Isolation,111,20,0.5400678748430747,1.0,0.9,0.9375196196400981
pilot_holdout,positive_only,abs,Self_Compassion_Scale___Short_Form_Self_Compassion_Mindfulness,111,7,0.1985613341557387,0.4,0.2,0.7171684944387259
pilot_holdout,positive_only,abs,Self_Compassion_Scale___Short_Form_Self_Compassion_Over_Identification,111,21,0.6372030475687663,1.0,1.0,0.9792453537930436
pilot_holdout,positive_only,abs,Self_Compassion_Scale___Short_Form_Self_Compassion_Self_Judgement,111,17,0.7252516787742942,0.8,0.7,0.9168741111811155
pilot_holdout,positive_only,abs,Self_Compassion_Scale___Short_Form_Self_Compassion_Self_Kindness,111,4,0.19933792413597484,0.0,0.0,0.4343451080156137
pilot_holdout,positive_only,abs,Self_Control_Scale_Self_Control,112,26,0.338889232944944,1.0,1.0,0.8715951618217933
pilot_holdout,positive_only,abs,Short_Grit_Scale_Grit,110,23,0.5440975587764579,1.0,0.9,0.9013096349615377
pilot_holdout,positive_only,abs,Short_Grit_Scale_Grit_Consistency_of_Interest,111,11,0.44964022464022463,0.2,0.1,0.6575012855176718
pilot_holdout,positive_only,abs,Short_Grit_Scale_Grit_Perseverance_of_Effort,111,29,0.6884608634608634,1.0,0.9,0.9643212997395811
pilot_holdout,positive_only,abs_cross_instrument,Barratt_Impulsiveness_Scale_Short_Form_Impulsiveness,109,24,0.39989898966604787,0.6,0.5,0.7448650743187055
pilot_holdout,positive_only,abs_cross_instrument,Barratt_Impulsiveness_Scale_Short_Form_Impulsiveness_Attention_impulsivity,109,14,0.32366398773135635,0.4,0.3,0.7584334217594959
pilot_holdout,positive_only,abs_cross_instrument,Barratt_Impulsiveness_Scale_Short_Form_Impulsiveness_Motor_Impulsivity,109,9,0.48455769752168204,0.8,0.4,0.8114560286777932
pilot_holdout,positive_only,abs_cross_instrument,Barratt_Impulsiveness_Scale_Short_Form_Impulsiveness_Non_planning,109,17,0.6036433223149419,1.0,0.9,0.9466596213712734
pilot_holdout,positive_only,abs_cross_instrument,Behavioral_Activation_System_Scale_behavioral_activation,109,12,0.6795864136484128,1.0,0.8,0.9484018071486031
pilot_holdout,positive_only,abs_cross_instrument,Behavioral_Activation_System_Scale_behavioral_activation_Drive,109,4,0.6512154833107165,0.2,0.2,0.8204120242964904
pilot_holdout,positive_only,abs_cross_instrument,Behavioral_Activation_System_Scale_behavioral_activation_Fun_Seeking,109,5,0.4182291220220705,0.8,0.5,0.9385962290952115
pilot_holdout,positive_only,abs_cross_instrument,Behavioral_Activation_System_Scale_behavioral_activation_Reward_Responsiveness,109,10,0.5703979482870194,0.4,0.2,0.7372979309369208
pilot_holdout,positive_only,abs_cross_instrument,Behavioral_Inhibition_System_Scale_behavioral_inhibition,112,19,0.5877750277096545,1.0,0.9,0.9511689273292006
pilot_holdout,positive_only,abs_cross_instrument,Big_Five_Inventory_2_agreeableness,93,16,0.452054743425989,0.8,0.6,0.8199334788216315
pilot_holdout,positive_only,abs_cross_instrument,Big_Five_Inventory_2_agreeableness_compassion,93,10,0.5898010720441499,0.8,0.6,0.8437171618745014
pilot_holdout,positive_only,abs_cross_instrument,Big_Five_Inventory_2_agreeableness_respectfulness,93,13,0.3538328975319949,0.6,0.3,0.7025078481723183
pilot_holdout,positive_only,abs_cross_instrument,Big_Five_Inventory_2_agreeableness_trust,93,6,0.1955409997514415,0.4,0.2,0.743233145926608
pilot_holdout,positive_only,abs_cross_instrument,Big_Five_Inventory_2_conscientiousness,93,19,0.6430002200822839,1.0,1.0,0.9451035962585868
pilot_holdout,positive_only,abs_cross_instrument,Big_Five_Inventory_2_conscientiousness_organization,93,9,0.6221487800645326,1.0,0.7,0.9471356547175103
pilot_holdout,positive_only,abs_cross_instrument,Big_Five_Inventory_2_conscientiousness_productiveness,93,18,0.7262940761818163,1.0,1.0,0.9570843997633985
pilot_holdout,positive_only,abs_cross_instrument,Big_Five_Inventory_2_conscientiousness_responsibility,93,13,0.4243398598245772,0.4,0.5,0.6537150150309371
pilot_holdout,positive_only,abs_cross_instrument,Big_Five_Inventory_2_extraversion,93,21,0.7488688373602476,1.0,0.8,0.9123173303647426
pilot_holdout,positive_only,abs_cross_instrument,Big_Five_Inventory_2_extraversion_assertiveness,93,6,0.7365594004982476,0.6,0.4,0.9201903013334723
pilot_holdout,positive_only,abs_cross_instrument,Big_Five_Inventory_2_extraversion_energy_level,93,19,0.7961594557046217,1.0,0.9,0.9422667821915095
pilot_holdout,positive_only,abs_cross_instrument,Big_Five_Inventory_2_extraversion_sociability,93,10,0.6519898391239262,1.0,0.6,0.9464795861297525
pilot_holdout,positive_only,abs_cross_instrument,Big_Five_Inventory_2_neuroticism,93,29,0.6337718725681665,1.0,1.0,0.9628542338216943
pilot_holdout,positive_only,abs_cross_instrument,Big_Five_Inventory_2_neuroticism_anxiety,93,20,0.3889036021915472,1.0,0.9,0.9291804055697603
pilot_holdout,positive_only,abs_cross_instrument,Big_Five_Inventory_2_neuroticism_depression,93,30,0.521591871299141,1.0,0.9,0.9117715966679949
pilot_holdout,positive_only,abs_cross_instrument,Big_Five_Inventory_2_neuroticism_emotional_volatility,93,17,0.6906489311353706,1.0,0.9,0.9336131576351903
pilot_holdout,positive_only,abs_cross_instrument,Big_Five_Inventory_2_openness,93,6,0.5122441595487859,0.8,0.6,0.8911061289513557
pilot_holdout,positive_only,abs_cross_instrument,Big_Five_Inventory_2_openness_aesthetic_sensitivity,93,6,0.5446963112758764,0.6,0.5,0.8820526974884835
pilot_holdout,positive_only,abs_cross_instrument,Big_Five_Inventory_2_openness_creative_imagination,93,5,0.3709094435787329,0.2,0.2,0.7178553379538212
pilot_holdout,positive_only,abs_cross_instrument,Big_Five_Inventory_2_openness_intellectual_curiosity,93,4,0.40565935685339677,0.6,0.3,0.9181889960633632
pilot_holdout,positive_only,abs_cross_instrument,Buss_Perry_Aggression_Questionnaire_Aggression,108,16,0.4905362888738199,1.0,0.8,0.8687003002686139
pilot_holdout,positive_only,abs_cross_instrument,Buss_Perry_Aggression_Questionnaire_Aggression_Anger,108,12,0.5132196624183639,0.8,0.7,0.9098560363454794
pilot_holdout,positive_only,abs_cross_instrument,Buss_Perry_Aggression_Questionnaire_Aggression_Hostility,108,18,0.5115048336749711,1.0,0.7,0.9276489163572431
pilot_holdout,positive_only,abs_cross_instrument,Buss_Perry_Aggression_Questionnaire_Aggression_Physical_aggression,108,6,0.19464258920141803,0.4,0.3,0.7153276365056583
pilot_holdout,positive_only,abs_cross_instrument,Buss_Perry_Aggression_Questionnaire_Aggression_Verbal_aggression,108,7,0.3180149904621671,0.4,0.2,0.6499638155225276
pilot_holdout,positive_only,abs_cross_instrument,Emotion_Regulation_Questionnaire_Emotion_Regulation,110,12,0.2799771881466621,0.6,0.4,0.7555905648432526
pilot_holdout,positive_only,abs_cross_instrument,Emotion_Regulation_Questionnaire_Emotion_Regulation_Reappraisal,110,6,0.2108203025506394,0.4,0.3,0.7206283822956674
pilot_holdout,positive_only,abs_cross_instrument,Emotion_Regulation_Questionnaire_Emotion_Regulation_Suppression,110,0,0.4364187192462438,0.0,0.0,0.7116632277643684
pilot_holdout,positive_only,abs_cross_instrument,Hope_Scale_Hope,110,45,0.7192406267417384,1.0,0.9,0.909920030820393
pilot_holdout,positive_only,abs_cross_instrument,Hope_Scale_Hope_Agency,110,37,0.7661582087754938,1.0,0.9,0.9407846746997057
pilot_holdout,positive_only,abs_cross_instrument,Hope_Scale_Hope_Pathways,110,24,0.5010357753901676,0.2,0.6,0.765771774582047
pilot_holdout,positive_only,abs_cross_instrument,International_Personality_Item_Pool_120_agreeableness,78,16,0.3376644726510208,0.8,0.6,0.7485896512806883
pilot_holdout,positive_only,abs_cross_instrument,International_Personality_Item_Pool_120_agreeableness_altruism,78,10,0.46515803917291393,0.6,0.5,0.8286551513281294
pilot_holdout,positive_only,abs_cross_instrument,International_Personality_Item_Pool_120_agreeableness_cooperation,78,9,0.2378269694085742,0.6,0.5,0.8098127907951174
pilot_holdout,positive_only,abs_cross_instrument,International_Personality_Item_Pool_120_agreeableness_modesty,78,1,0.27237491859899393,0.2,0.1,0.8376012308628766
pilot_holdout,positive_only,abs_cross_instrument,International_Personality_Item_Pool_120_agreeableness_morality,78,9,0.12960539211296204,0.2,0.3,0.4395666935898129
pilot_holdout,positive_only,abs_cross_instrument,International_Personality_Item_Pool_120_agreeableness_sympathy,78,5,0.33388341964665197,0.6,0.4,0.7357063753077928
pilot_holdout,positive_only,abs_cross_instrument,International_Personality_Item_Pool_120_agreeableness_trust,78,3,0.5704837598196952,0.4,0.3,0.7875779434059909
pilot_holdout,positive_only,abs_cross_instrument,International_Personality_Item_Pool_120_conscientiousness,78,20,0.67024538908881,1.0,1.0,0.9100606633106749
pilot_holdout,positive_only,abs_cross_instrument,International_Personality_Item_Pool_120_conscientiousness_achievement_striving,78,18,0.6774407708931104,1.0,0.8,0.9674599107735198
pilot_holdout,positive_only,abs_cross_instrument,International_Personality_Item_Pool_120_conscientiousness_cautiousness,78,9,0.40437034087190815,0.8,0.4,0.8798657999290338
pilot_holdout,positive_only,abs_cross_instrument,International_Personality_Item_Pool_120_conscientiousness_dutifulness,78,6,0.5051183317943366,0.4,0.3,0.8123832793897959
pilot_holdout,positive_only,abs_cross_instrument,International_Personality_Item_Pool_120_conscientiousness_orderliness,78,5,0.5305361128604946,0.8,0.4,0.9092937056793274
pilot_holdout,positive_only,abs_cross_instrument,International_Personality_Item_Pool_120_conscientiousness_self_discipline,78,13,0.5162465145496694,1.0,0.8,0.8892839620235437
pilot_holdout,positive_only,abs_cross_instrument,International_Personality_Item_Pool_120_conscientiousness_self_efficacy,78,16,0.7501406830072113,1.0,1.0,0.9608278682345911
pilot_holdout,positive_only,abs_cross_instrument,International_Personality_Item_Pool_120_extraversion,78,19,0.7301984736831659,0.8,0.8,0.9459065242456128
pilot_holdout,positive_only,abs_cross_instrument,International_Personality_Item_Pool_120_extraversion_activiity_level,78,10,0.6545268309469022,0.6,0.7,0.9364868919121722
pilot_holdout,positive_only,abs_cross_instrument,International_Personality_Item_Pool_120_extraversion_assertiveness,78,6,0.6964598468749521,0.8,0.5,0.9168698784126417
pilot_holdout,positive_only,abs_cross_instrument,International_Personality_Item_Pool_120_extraversion_cheerfulness,78,21,0.8336526363210957,1.0,0.9,0.9582401957351006
pilot_holdout,positive_only,abs_cross_instrument,International_Personality_Item_Pool_120_extraversion_excitement_seeking,78,5,0.695650524492746,1.0,0.5,0.9411404930874838
pilot_holdout,positive_only,abs_cross_instrument,International_Personality_Item_Pool_120_extraversion_friendliness,78,14,0.6441573879248876,0.8,0.7,0.8291465163386759
pilot_holdout,positive_only,abs_cross_instrument,International_Personality_Item_Pool_120_extraversion_gregariousness,78,3,0.5072807400342934,0.6,0.3,0.8888085839012674
pilot_holdout,positive_only,abs_cross_instrument,International_Personality_Item_Pool_120_neuroticism,78,35,0.6486465980136866,1.0,1.0,0.9097373949342661
pilot_holdout,positive_only,abs_cross_instrument,International_Personality_Item_Pool_120_neuroticism_anger,78,14,0.6178544105031917,0.8,0.7,0.9025275397772863
pilot_holdout,positive_only,abs_cross_instrument,International_Personality_Item_Pool_120_neuroticism_anxiety,78,20,0.7211694708566798,1.0,1.0,0.9758700095293974
pilot_holdout,positive_only,abs_cross_instrument,International_Personality_Item_Pool_120_neuroticism_depression,78,32,0.5952313207880888,0.8,0.9,0.8642837144252592
pilot_holdout,positive_only,abs_cross_instrument,International_Personality_Item_Pool_120_neuroticism_immoderation,78,2,0.10905619100226213,0.2,0.1,0.708088554126515
pilot_holdout,positive_only,abs_cross_instrument,International_Personality_Item_Pool_120_neuroticism_self_consciousness,78,21,0.5074830706298448,0.8,0.6,0.8755758387183853
pilot_holdout,positive_only,abs_cross_instrument,International_Personality_Item_Pool_120_neuroticism_vulnerability,78,27,0.531610994149362,1.0,0.8,0.8328622981034095
pilot_holdout,positive_only,abs_cross_instrument,International_Personality_Item_Pool_120_openness,78,9,0.3369436699043685,0.4,0.6,0.6813111967931009
pilot_holdout,positive_only,abs_cross_instrument,International_Personality_Item_Pool_120_openness_adventurousness,78,2,-0.032094690719357756,0.0,0.1,0.5154430627672348
pilot_holdout,positive_only,abs_cross_instrument,International_Personality_Item_Pool_120_openness_artistic_interests,78,4,0.46786421088841534,0.4,0.4,0.9180799726190708
pilot_holdout,positive_only,abs_cross_instrument,International_Personality_Item_Pool_120_openness_emotionality,78,4,0.5046377966299017,0.6,0.3,0.7641169012476552
pilot_holdout,positive_only,abs_cross_instrument,International_Personality_Item_Pool_120_openness_imagination,78,5,0.5347218270559664,0.8,0.4,0.8142868242521974
pilot_holdout,positive_only,abs_cross_instrument,International_Personality_Item_Pool_120_openness_intellect,78,6,0.5581415934910534,0.4,0.6,0.8415394259949022
pilot_holdout,positive_only,abs_cross_instrument,International_Personality_Item_Pool_120_openness_liberalism,78,1,-0.06589654583868135,0.0,0.0,0.49258904409496923
pilot_holdout,positive_only,abs_cross_instrument,Interpersonal_Reactivity_Index_Brief_Empathy,108,11,0.5297868134448073,0.8,0.5,0.7841308331116695
pilot_holdout,positive_only,abs_cross_instrument,Interpersonal_Reactivity_Index_Brief_Empathy_Empathic_Concern,108,11,0.5693850671776491,1.0,0.7,0.8957260764688952
pilot_holdout,positive_only,abs_cross_instrument,Interpersonal_Reactivity_Index_Brief_Empathy_Fantasy,108,1,0.6722652649548561,0.2,0.1,0.8874714478625134
pilot_holdout,positive_only,abs_cross_instrument,Interpersonal_Reactivity_Index_Brief_Empathy_Personal_Distress,108,19,0.7088339879077044,1.0,0.8,0.9082327141195359
pilot_holdout,positive_only,abs_cross_instrument,Interpersonal_Reactivity_Index_Brief_Empathy_Perspective_Taking,108,7,0.31638113974276794,0.2,0.1,0.5456682995441358
pilot_holdout,positive_only,abs_cross_instrument,Life_Orientation_Test_Optimism,112,35,0.327229318066567,0.8,0.7,0.7998222672584244
pilot_holdout,positive_only,abs_cross_instrument,Mastery_Scale_Self_Mastery,112,26,0.1314708790425638,0.6,0.3,0.6070015429095378
pilot_holdout,positive_only,abs_cross_instrument,Mindful_Attention_Awareness_Scale_Mindful_Attention_Awareness,112,20,0.5174525007966596,0.6,0.6,0.8691453220423218
pilot_holdout,positive_only,abs_cross_instrument,Multidimensional_Scale_of_Perceived_Social_Support_Perceived_Social_Support,109,13,0.5444364387847962,0.0,0.1,0.7405221746716869
pilot_holdout,positive_only,abs_cross_instrument,Multidimensional_Scale_of_Perceived_Social_Support_Perceived_Social_Support_Family,109,6,0.41259941756995533,0.0,0.1,0.6778431213668782
pilot_holdout,positive_only,abs_cross_instrument,Multidimensional_Scale_of_Perceived_Social_Support_Perceived_Social_Support_Friends,109,6,0.5553529685701323,0.6,0.5,0.8589250146350693
pilot_holdout,positive_only,abs_cross_instrument,Multidimensional_Scale_of_Perceived_Social_Support_Perceived_Social_Support_Significant_Other,109,0,0.5347246194171967,0.0,0.0,0.7486650848772092
pilot_holdout,positive_only,abs_cross_instrument,Need_for_Cognition_Scale_Need_for_Cognition,112,12,0.48231472801116243,0.8,0.6,0.8537868073866135
pilot_holdout,positive_only,abs_cross_instrument,Pain_Catastrophizing_Scale_Pain_Catastrophizing,109,27,0.4417163416663269,1.0,0.9,0.9009744416512843
pilot_holdout,positive_only,abs_cross_instrument,Pain_Catastrophizing_Scale_Pain_Catastrophizing_Helplessness,109,25,0.500167964434584,0.8,0.9,0.8887372821353057
pilot_holdout,positive_only,abs_cross_instrument,Pain_Catastrophizing_Scale_Pain_Catastrophizing_Magnification,109,22,0.4806748231752849,1.0,0.9,0.9422291077100355
pilot_holdout,positive_only,abs_cross_instrument,Pain_Catastrophizing_Scale_Pain_Catastrophizing_Rumination,109,19,0.257636589836179,0.6,0.7,0.7927876774456117
pilot_holdout,positive_only,abs_cross_instrument,Penn_State_Worry_Questionnaire_Worry,112,23,0.599520363209851,1.0,1.0,0.9685070528975268
pilot_holdout,positive_only,abs_cross_instrument,Psychological_Well_Being_Scales_Well_being,106,46,0.49965614443603745,0.8,0.8,0.8636995518117747
pilot_holdout,positive_only,abs_cross_instrument,Psychological_Well_Being_Scales_Well_being_autonomy,106,2,0.19587927520850928,0.2,0.1,0.7159171049387767
pilot_holdout,positive_only,abs_cross_instrument,Psychological_Well_Being_Scales_Well_being_environmental_mastery,106,31,0.6346440150258569,0.8,0.8,0.7982946726634969
pilot_holdout,positive_only,abs_cross_instrument,Psychological_Well_Being_Scales_Well_being_personal_growth,106,16,0.5565925802788154,0.8,0.7,0.8428800249214449
pilot_holdout,positive_only,abs_cross_instrument,Psychological_Well_Being_Scales_Well_being_positive_relations_with_others,106,19,0.6015028881367503,1.0,0.8,0.8597040148327975
pilot_holdout,positive_only,abs_cross_instrument,Psychological_Well_Being_Scales_Well_being_purpose_in_life,106,5,-0.006327950041459083,0.2,0.1,0.6024130296799618
pilot_holdout,positive_only,abs_cross_instrument,Psychological_Well_Being_Scales_Well_being_self_acceptance,106,26,0.6304572901178533,0.8,0.7,0.8622277667813477
pilot_holdout,positive_only,abs_cross_instrument,Rosenberg_Self_Esteem_Scale_Self_Esteem,112,46,0.6100142866003903,0.8,0.9,0.7827321212948148
pilot_holdout,positive_only,abs_cross_instrument,Satisfaction_with_Life_Scale_Satisfaction_with_Life,112,25,0.66593916770569,1.0,0.9,0.9493772465016831
pilot_holdout,positive_only,abs_cross_instrument,Self_Compassion_Scale___Short_Form_Self_Compassion,106,28,-0.10693026407637546,0.0,0.1,0.24157151167357815
pilot_holdout,positive_only,abs_cross_instrument,Self_Compassion_Scale___Short_Form_Self_Compassion_Common_Humanity,106,0,0.27450506210899533,0.0,0.0,0.4419873926812722
pilot_holdout,positive_only,abs_cross_instrument,Self_Compassion_Scale___Short_Form_Self_Compassion_Isolation,106,18,0.539618962691494,1.0,0.9,0.9288884346375632
pilot_holdout,positive_only,abs_cross_instrument,Self_Compassion_Scale___Short_Form_Self_Compassion_Mindfulness,106,7,0.17148946139425494,0.4,0.2,0.6960424843663899
pilot_holdout,positive_only,abs_cross_instrument,Self_Compassion_Scale___Short_Form_Self_Compassion_Over_Identification,106,19,0.6382815786643389,1.0,1.0,0.9763024522994601
pilot_holdout,positive_only,abs_cross_instrument,Self_Compassion_Scale___Short_Form_Self_Compassion_Self_Judgement,106,15,0.7283037214515927,0.6,0.6,0.8904628540296733
pilot_holdout,positive_only,abs_cross_instrument,Self_Compassion_Scale___Short_Form_Self_Compassion_Self_Kindness,106,3,0.19770813338131948,0.0,0.0,0.44332041060225064
pilot_holdout,positive_only,abs_cross_instrument,Self_Control_Scale_Self_Control,112,26,0.338889232944944,1.0,1.0,0.8715951618217933
pilot_holdout,positive_only,abs_cross_instrument,Short_Grit_Scale_Grit,110,23,0.5440975587764579,1.0,0.9,0.9013096349615377
pilot_holdout,positive_only,abs_cross_instrument,Short_Grit_Scale_Grit_Consistency_of_Interest,110,11,0.46620381849739645,0.2,0.1,0.6575012855176718
pilot_holdout,positive_only,abs_cross_instrument,Short_Grit_Scale_Grit_Perseverance_of_Effort,110,29,0.6985505939634381,1.0,0.9,0.9643212997395811
pilot_holdout,F_composite,signed,Barratt_Impulsiveness_Scale_Short_Form_Impulsiveness,109,24,-0.3451394680752479,0.6,0.3,0.5942465386861691
pilot_holdout,F_composite,signed,Barratt_Impulsiveness_Scale_Short_Form_Impulsiveness_Attention_impulsivity,111,14,-0.2845121095121095,0.2,0.1,0.6693859562182886
pilot_holdout,F_composite,signed,Barratt_Impulsiveness_Scale_Short_Form_Impulsiveness_Motor_Impulsivity,111,9,-0.07262197262197262,0.4,0.2,0.6513246245686566
pilot_holdout,F_composite,signed,Barratt_Impulsiveness_Scale_Short_Form_Impulsiveness_Non_planning,111,17,-0.5656897156897156,0.0,0.0,0.4122966870827078
pilot_holdout,F_composite,signed,Behavioral_Activation_System_Scale_behavioral_activation,109,12,0.7015753868964878,1.0,0.7,0.9696044205375902
pilot_holdout,F_composite,signed,Behavioral_Activation_System_Scale_behavioral_activation_Drive,111,4,0.5412776412776412,0.2,0.3,0.8665730535961884
pilot_holdout,F_composite,signed,Behavioral_Activation_System_Scale_behavioral_activation_Fun_Seeking,111,6,0.2485170235170235,0.8,0.5,0.8766850721791678
pilot_holdout,F_composite,signed,Behavioral_Activation_System_Scale_behavioral_activation_Reward_Responsiveness,111,11,0.6564320814320814,0.4,0.3,0.7960371441397067
pilot_holdout,F_composite,signed,Behavioral_Inhibition_System_Scale_behavioral_inhibition,112,19,0.40082686985341853,1.0,0.8,0.9419697898062397
pilot_holdout,F_composite,signed,Big_Five_Inventory_2_agreeableness,109,16,0.34002409415253454,1.0,0.7,0.8915105868073577
pilot_holdout,F_composite,signed,Big_Five_Inventory_2_agreeableness_compassion,111,12,0.4841874341874341,1.0,0.7,0.9242493857824052
pilot_holdout,F_composite,signed,Big_Five_Inventory_2_agreeableness_respectfulness,111,15,0.28633731133731133,1.0,0.6,0.8571481810716239
pilot_holdout,F_composite,signed,Big_Five_Inventory_2_agreeableness_trust,111,8,0.07713232713232712,0.8,0.5,0.8594144240167177
pilot_holdout,F_composite,signed,Big_Five_Inventory_2_conscientiousness,109,19,0.33306459086275597,1.0,0.9,0.94252860058359
pilot_holdout,F_composite,signed,Big_Five_Inventory_2_conscientiousness_organization,111,11,0.3339592839592839,1.0,0.8,0.9303403327621992
pilot_holdout,F_composite,signed,Big_Five_Inventory_2_conscientiousness_productiveness,111,20,0.47090207090207087,1.0,0.9,0.9527781958078986
pilot_holdout,F_composite,signed,Big_Five_Inventory_2_conscientiousness_responsibility,111,15,0.2960775710775711,1.0,0.8,0.9298278744200478
pilot_holdout,F_composite,signed,Big_Five_Inventory_2_extraversion,109,22,0.4571865443425077,1.0,0.9,0.9393333242898443
pilot_holdout,F_composite,signed,Big_Five_Inventory_2_extraversion_assertiveness,111,8,0.4196560196560197,0.8,0.5,0.9195699965324717
pilot_holdout,F_composite,signed,Big_Five_Inventory_2_extraversion_energy_level,111,22,0.6064145314145314,1.0,0.9,0.9337785090705341
pilot_holdout,F_composite,signed,Big_Five_Inventory_2_extraversion_sociability,111,12,0.3946384696384696,1.0,0.8,0.9618292265990206
pilot_holdout,F_composite,signed,Big_Five_Inventory_2_neuroticism,109,29,0.10996200537484942,1.0,1.0,0.9420927908242773
pilot_holdout,F_composite,signed,Big_Five_Inventory_2_neuroticism_anxiety,111,22,0.22433309933309933,1.0,1.0,0.9437511489736298
pilot_holdout,F_composite,signed,Big_Five_Inventory_2_neuroticism_depression,111,34,0.0043173043173043175,1.0,1.0,0.896894845994832
pilot_holdout,F_composite,signed,Big_Five_Inventory_2_neuroticism_emotional_volatility,111,19,0.20739733239733238,1.0,0.8,0.9378916848017307
pilot_holdout,F_composite,signed,Big_Five_Inventory_2_openness,109,6,0.559864702066537,1.0,0.5,0.8984395648118901
pilot_holdout,F_composite,signed,Big_Five_Inventory_2_openness_aesthetic_sensitivity,111,8,0.5122762372762374,1.0,0.8,0.9854384643459422
pilot_holdout,F_composite,signed,Big_Five_Inventory_2_openness_creative_imagination,111,7,0.5233766233766234,0.8,0.5,0.8921702809861953
pilot_holdout,F_composite,signed,Big_Five_Inventory_2_openness_intellectual_curiosity,111,6,0.5895665145665145,1.0,0.5,0.9242316829970704
pilot_holdout,F_composite,signed,Buss_Perry_Aggression_Questionnaire_Aggression,108,16,-0.16098392828222202,0.8,0.6,0.76595653406671
pilot_holdout,F_composite,signed,Buss_Perry_Aggression_Questionnaire_Aggression_Anger,111,15,0.07065637065637065,0.8,0.7,0.891554772786865
pilot_holdout,F_composite,signed,Buss_Perry_Aggression_Questionnaire_Aggression_Hostility,111,19,0.16363636363636364,1.0,0.7,0.9268944787312633
pilot_holdout,F_composite,signed,Buss_Perry_Aggression_Questionnaire_Aggression_Physical_aggression,111,7,-0.34912249912249915,0.4,0.2,0.5990988985989469
pilot_holdout,F_composite,signed,Buss_Perry_Aggression_Questionnaire_Aggression_Verbal_aggression,111,8,-0.1876009126009126,0.4,0.2,0.6234209898755986
pilot_holdout,F_composite,signed,Emotion_Regulation_Questionnaire_Emotion_Regulation,110,12,0.45907174898000586,0.4,0.4,0.8044255373584586
pilot_holdout,F_composite,signed,Emotion_Regulation_Questionnaire_Emotion_Regulation_Reappraisal,111,6,0.27507020007020005,0.4,0.4,0.6871147837788191
pilot_holdout,F_composite,signed,Emotion_Regulation_Questionnaire_Emotion_Regulation_Suppression,111,0,-0.5243155493155492,0.0,0.0,0.25644851759344145
pilot_holdout,F_composite,signed,Hope_Scale_Hope,110,45,0.47701462930820726,1.0,0.9,0.9006882261158333
pilot_holdout,F_composite,signed,Hope_Scale_Hope_Agency,111,38,0.5024833274833275,1.0,0.9,0.9330785807566597
pilot_holdout,F_composite,signed,Hope_Scale_Hope_Pathways,111,25,0.43172165672165674,0.2,0.4,0.7895856230587782
pilot_holdout,F_composite,signed,International_Personality_Item_Pool_120_agreeableness,106,20,0.3991485502682823,1.0,0.8,0.913727561846761
pilot_holdout,F_composite,signed,International_Personality_Item_Pool_120_agreeableness_altruism,111,17,0.5646718146718146,0.8,0.6,0.8823991005856874
pilot_holdout,F_composite,signed,International_Personality_Item_Pool_120_agreeableness_cooperation,111,12,0.2356265356265356,1.0,0.6,0.8164226082937626
pilot_holdout,F_composite,signed,International_Personality_Item_Pool_120_agreeableness_modesty,111,2,-0.11475078975078976,0.0,0.0,0.5047605916318375
pilot_holdout,F_composite,signed,International_Personality_Item_Pool_120_agreeableness_morality,111,14,0.30633555633555637,0.8,0.6,0.9105214799696227
pilot_holdout,F_composite,signed,International_Personality_Item_Pool_120_agreeableness_sympathy,111,8,0.4716918216918216,1.0,0.6,0.891675567797979
pilot_holdout,F_composite,signed,International_Personality_Item_Pool_120_agreeableness_trust,111,4,0.32449982449982445,0.2,0.3,0.9058571216803146
pilot_holdout,F_composite,signed,International_Personality_Item_Pool_120_conscientiousness,106,23,0.348625840743633,1.0,1.0,0.9573691315289132
pilot_holdout,F_composite,signed,International_Personality_Item_Pool_120_conscientiousness_achievement_striving,111,25,0.6417251667251667,1.0,1.0,0.953230384804995
pilot_holdout,F_composite,signed,International_Personality_Item_Pool_120_conscientiousness_cautiousness,111,9,-0.051912951912951914,0.8,0.4,0.666731064954051
pilot_holdout,F_composite,signed,International_Personality_Item_Pool_120_conscientiousness_dutifulness,111,9,0.4079062829062829,0.2,0.2,0.6512641598327177
pilot_holdout,F_composite,signed,International_Personality_Item_Pool_120_conscientiousness_orderliness,111,6,0.35425587925587926,0.6,0.4,0.9310487283340353
pilot_holdout,F_composite,signed,International_Personality_Item_Pool_120_conscientiousness_self_discipline,111,16,0.26562829062829063,1.0,0.8,0.933103374454284
pilot_holdout,F_composite,signed,International_Personality_Item_Pool_120_conscientiousness_self_efficacy,111,23,0.5395665145665146,1.0,1.0,0.9432193959063352
pilot_holdout,F_composite,signed,International_Personality_Item_Pool_120_extraversion,106,25,0.46788926115323576,1.0,0.8,0.9366468337991479
pilot_holdout,F_composite,signed,International_Personality_Item_Pool_120_extraversion_activiity_level,111,16,0.5315549315549315,0.8,0.7,0.9095294494823822
pilot_holdout,F_composite,signed,International_Personality_Item_Pool_120_extraversion_assertiveness,111,10,0.47727272727272724,0.8,0.7,0.944568910390733
pilot_holdout,F_composite,signed,International_Personality_Item_Pool_120_extraversion_cheerfulness,111,27,0.6322393822393823,1.0,1.0,0.9475467772054279
pilot_holdout,F_composite,signed,International_Personality_Item_Pool_120_extraversion_excitement_seeking,111,8,0.56000351000351,1.0,0.7,0.9456169469802238
pilot_holdout,F_composite,signed,International_Personality_Item_Pool_120_extraversion_friendliness,111,20,0.4641628641628642,0.8,0.7,0.9338101252861828
pilot_holdout,F_composite,signed,International_Personality_Item_Pool_120_extraversion_gregariousness,111,6,0.25186907686907684,1.0,0.6,0.952302318621488
pilot_holdout,F_composite,signed,International_Personality_Item_Pool_120_neuroticism,106,39,-0.021457540872106204,1.0,1.0,0.9283485688039391
pilot_holdout,F_composite,signed,International_Personality_Item_Pool_120_neuroticism_anger,111,17,0.11945419445419445,0.8,0.7,0.893035789472575
pilot_holdout,F_composite,signed,International_Personality_Item_Pool_120_neuroticism_anxiety,111,25,0.1845296595296595,1.0,1.0,0.955910268739911
pilot_holdout,F_composite,signed,International_Personality_Item_Pool_120_neuroticism_depression,111,38,-0.056458406458406454,1.0,0.9,0.8487363394658225
pilot_holdout,F_composite,signed,International_Personality_Item_Pool_120_neuroticism_immoderation,111,2,-0.07035802035802036,0.0,0.0,0.71356697028937
pilot_holdout,F_composite,signed,International_Personality_Item_Pool_120_neuroticism_self_consciousness,111,27,-0.13795191295191295,0.8,0.8,0.8710923042303058
pilot_holdout,F_composite,signed,International_Personality_Item_Pool_120_neuroticism_vulnerability,111,33,0.06217093717093716,0.8,0.7,0.8702923585815112
pilot_holdout,F_composite,signed,International_Personality_Item_Pool_120_openness,106,11,0.614540141572411,1.0,0.8,0.9385068640528724
pilot_holdout,F_composite,signed,International_Personality_Item_Pool_120_openness_adventurousness,111,4,-0.045972270972270975,0.2,0.2,0.7029350708388725
pilot_holdout,F_composite,signed,International_Personality_Item_Pool_120_openness_artistic_interests,111,5,0.5191997191997192,1.0,0.5,0.8969996865207589
pilot_holdout,F_composite,signed,International_Personality_Item_Pool_120_openness_emotionality,111,7,0.4181467181467181,0.6,0.6,0.8039204506749275
pilot_holdout,F_composite,signed,International_Personality_Item_Pool_120_openness_imagination,111,5,0.4388294138294138,0.8,0.4,0.8149941776333439
pilot_holdout,F_composite,signed,International_Personality_Item_Pool_120_openness_intellect,111,8,0.3232888732888733,1.0,0.7,0.9403928885632644
pilot_holdout,F_composite,signed,International_Personality_Item_Pool_120_openness_liberalism,111,1,0.07419269919269919,0.0,0.0,0.5164752299140828
pilot_holdout,F_composite,signed,Interpersonal_Reactivity_Index_Brief_Empathy,108,11,0.6296074004210847,0.4,0.6,0.7651267030488325
pilot_holdout,F_composite,signed,Interpersonal_Reactivity_Index_Brief_Empathy_Empathic_Concern,111,13,0.5390663390663392,1.0,0.6,0.889934209699742
pilot_holdout,F_composite,signed,Interpersonal_Reactivity_Index_Brief_Empathy_Fantasy,111,2,0.7059670059670059,0.2,0.2,0.925064668491541
pilot_holdout,F_composite,signed,Interpersonal_Reactivity_Index_Brief_Empathy_Personal_Distress,111,19,0.15043875043875043,1.0,0.8,0.9145259333150726
pilot_holdout,F_composite,signed,Interpersonal_Reactivity_Index_Brief_Empathy_Perspective_Taking,111,8,0.2998771498771498,0.0,0.1,0.5339922959423217
pilot_holdout,F_composite,signed,Life_Orientation_Test_Optimism,112,35,0.09313390508080774,0.8,0.9,0.8518258082287543
pilot_holdout,F_composite,signed,Mastery_Scale_Self_Mastery,112,26,0.030093620801585404,0.6,0.6,0.8289734547601093
pilot_holdout,F_composite,signed,Mindful_Attention_Awareness_Scale_Mindful_Attention_Awareness,112,20,0.055993098028496266,1.0,0.8,0.8675248748982708
pilot_holdout,F_composite,signed,Multidimensional_Scale_of_Perceived_Social_Support_Perceived_Social_Support,109,13,0.4709758131776481,0.0,0.2,0.7702368909433709
pilot_holdout,F_composite,signed,Multidimensional_Scale_of_Perceived_Social_Support_Perceived_Social_Support_Family,111,7,0.346007371007371,0.2,0.3,0.792796363006983
pilot_holdout,F_composite,signed,Multidimensional_Scale_of_Perceived_Social_Support_Perceived_Social_Support_Friends,111,8,0.5368462618462617,0.8,0.7,0.9026222305621217
pilot_holdout,F_composite,signed,Multidimensional_Scale_of_Perceived_Social_Support_Perceived_Social_Support_Significant_Other,111,1,0.5544577044577044,0.2,0.1,0.8219011532733376
pilot_holdout,F_composite,signed,Need_for_Cognition_Scale_Need_for_Cognition,112,12,0.3806078518467899,1.0,0.7,0.9348908111357135
pilot_holdout,F_composite,signed,Pain_Catastrophizing_Scale_Pain_Catastrophizing,109,27,0.06535075525901214,1.0,0.9,0.896943926717614
pilot_holdout,F_composite,signed,Pain_Catastrophizing_Scale_Pain_Catastrophizing_Helplessness,111,27,0.10175500175500175,0.8,0.9,0.9295712248568533
pilot_holdout,F_composite,signed,Pain_Catastrophizing_Scale_Pain_Catastrophizing_Magnification,111,24,0.1261846261846262,1.0,0.9,0.9589668860133886
pilot_holdout,F_composite,signed,Pain_Catastrophizing_Scale_Pain_Catastrophizing_Rumination,111,21,0.11768164268164268,0.8,0.8,0.8921832368612114
pilot_holdout,F_composite,signed,Penn_State_Worry_Questionnaire_Worry,112,23,0.33341305907677593,1.0,1.0,0.9673971106843305
pilot_holdout,F_composite,signed,Psychological_Well_Being_Scales_Well_being,106,46,0.3389122603723203,1.0,1.0,0.8975964057403317
pilot_holdout,F_composite,signed,Psychological_Well_Being_Scales_Well_being_autonomy,111,2,0.22517550017550017,0.0,0.1,0.8453749628351719
pilot_holdout,F_composite,signed,Psychological_Well_Being_Scales_Well_being_environmental_mastery,111,32,0.18656546156546155,0.8,0.9,0.8567520487211554
pilot_holdout,F_composite,signed,Psychological_Well_Being_Scales_Well_being_personal_growth,111,18,0.48390663390663385,0.6,0.6,0.8217718131722973
pilot_holdout,F_composite,signed,Psychological_Well_Being_Scales_Well_being_positive_relations_with_others,111,20,0.4352404352404352,0.6,0.7,0.8496380859489784
pilot_holdout,F_composite,signed,Psychological_Well_Being_Scales_Well_being_purpose_in_life,111,6,0.46909441909441907,0.0,0.1,0.7675812961898822
pilot_holdout,F_composite,signed,Psychological_Well_Being_Scales_Well_being_self_acceptance,111,29,0.29264654264654266,1.0,1.0,0.9210766059945313
pilot_holdout,F_composite,signed,Rosenberg_Self_Esteem_Scale_Self_Esteem,112,46,0.06875491167526566,1.0,0.8,0.8096624375939342
pilot_holdout,F_composite,signed,Satisfaction_with_Life_Scale_Satisfaction_with_Life,112,25,0.31038370861379716,1.0,0.8,0.9203804390280751
pilot_holdout,F_composite,signed,Self_Compassion_Scale___Short_Form_Self_Compassion,106,28,-0.17415421820288685,0.6,0.5,0.6450695680768698
pilot_holdout,F_composite,signed,Self_Compassion_Scale___Short_Form_Self_Compassion_Common_Humanity,111,1,0.33422253422253423,0.0,0.0,0.3661278131238138
pilot_holdout,F_composite,signed,Self_Compassion_Scale___Short_Form_Self_Compassion_Isolation,111,20,0.29660407160407154,1.0,1.0,0.9669831991540356
pilot_holdout,F_composite,signed,Self_Compassion_Scale___Short_Form_Self_Compassion_Mindfulness,111,7,-0.04348016848016848,0.4,0.2,0.6632988063232819
pilot_holdout,F_composite,signed,Self_Compassion_Scale___Short_Form_Self_Compassion_Over_Identification,111,21,0.4138294138294138,1.0,1.0,0.9816362331447841
pilot_holdout,F_composite,signed,Self_Compassion_Scale___Short_Form_Self_Compassion_Self_Judgement,111,17,0.23853106353106351,0.8,0.6,0.8977235510545778
pilot_holdout,F_composite,signed,Self_Compassion_Scale___Short_Form_Self_Compassion_Self_Kindness,111,4,0.16131976131976133,0.0,0.0,0.4045573101627558
pilot_holdout,F_composite,signed,Self_Control_Scale_Self_Control,112,26,0.16798783612942905,1.0,1.0,0.9538878797971063
pilot_holdout,F_composite,signed,Short_Grit_Scale_Grit,110,23,0.25254829475012963,1.0,1.0,0.9581996960930494
pilot_holdout,F_composite,signed,Short_Grit_Scale_Grit_Consistency_of_Interest,111,11,0.010582660582660582,1.0,0.7,0.8999970550955922
pilot_holdout,F_composite,signed,Short_Grit_Scale_Grit_Perseverance_of_Effort,111,29,0.47100737100737095,1.0,0.9,0.9749091508522094
pilot_holdout,F_composite,abs,Barratt_Impulsiveness_Scale_Short_Form_Impulsiveness,109,24,0.6271522565100547,1.0,0.8,0.8822464387893539
pilot_holdout,F_composite,abs,Barratt_Impulsiveness_Scale_Short_Form_Impulsiveness_Attention_impulsivity,111,14,0.5125482625482626,0.8,0.8,0.9305184232630652
pilot_holdout,F_composite,abs,Barratt_Impulsiveness_Scale_Short_Form_Impulsiveness_Motor_Impulsivity,111,9,0.5599069849069849,1.0,0.7,0.9487483011945731
pilot_holdout,F_composite,abs,Barratt_Impulsiveness_Scale_Short_Form_Impulsiveness_Non_planning,111,17,0.6562829062829063,1.0,1.0,0.9369090486512787
pilot_holdout,F_composite,abs,Behavioral_Activation_System_Scale_behavioral_activation,109,12,0.7404781762579928,1.0,0.7,0.9528450642845778
pilot_holdout,F_composite,abs,Behavioral_Activation_System_Scale_behavioral_activation_Drive,111,4,0.6068708318708318,0.2,0.3,0.7855129110612821
pilot_holdout,F_composite,abs,Behavioral_Activation_System_Scale_behavioral_activation_Fun_Seeking,111,6,0.4532204282204282,0.6,0.5,0.9213388210412389
pilot_holdout,F_composite,abs,Behavioral_Activation_System_Scale_behavioral_activation_Reward_Responsiveness,111,11,0.5501404001404001,0.4,0.3,0.7960371441397067
pilot_holdout,F_composite,abs,Behavioral_Inhibition_System_Scale_behavioral_inhibition,112,19,0.5915023746882154,1.0,0.8,0.9419697898062397
pilot_holdout,F_composite,abs,Big_Five_Inventory_2_agreeableness,109,16,0.6662125845612085,1.0,0.9,0.95892105070915
pilot_holdout,F_composite,abs,Big_Five_Inventory_2_agreeableness_compassion,111,12,0.5904089154089154,1.0,0.7,0.9242493857824052
pilot_holdout,F_composite,abs,Big_Five_Inventory_2_agreeableness_respectfulness,111,15,0.5977272727272727,1.0,0.8,0.9423788855031248
pilot_holdout,F_composite,abs,Big_Five_Inventory_2_agreeableness_trust,111,8,0.6415935415935415,0.8,0.7,0.93250235900982
pilot_holdout,F_composite,abs,Big_Five_Inventory_2_conscientiousness,109,19,0.6982670744138635,1.0,0.9,0.9537159967929633
pilot_holdout,F_composite,abs,Big_Five_Inventory_2_conscientiousness_organization,111,11,0.6698578448578448,1.0,0.9,0.9473103812996163
pilot_holdout,F_composite,abs,Big_Five_Inventory_2_conscientiousness_productiveness,111,20,0.7567743067743068,1.0,0.9,0.9520941769011967
pilot_holdout,F_composite,abs,Big_Five_Inventory_2_conscientiousness_responsibility,111,15,0.6948490698490699,1.0,0.7,0.9210857869827129
pilot_holdout,F_composite,abs,Big_Five_Inventory_2_extraversion,109,22,0.7331109257714763,1.0,1.0,0.9558020058148132
pilot_holdout,F_composite,abs,Big_Five_Inventory_2_extraversion_assertiveness,111,8,0.7285100035100035,1.0,0.6,0.9548414944345187
pilot_holdout,F_composite,abs,Big_Five_Inventory_2_extraversion_energy_level,111,22,0.7586346086346085,1.0,0.9,0.9149468056365868
pilot_holdout,F_composite,abs,Big_Five_Inventory_2_extraversion_sociability,111,12,0.7078799578799579,1.0,0.9,0.9801057816658987
pilot_holdout,F_composite,abs,Big_Five_Inventory_2_neuroticism,109,29,0.7229635807617459,1.0,1.0,0.9151789569245204
pilot_holdout,F_composite,abs,Big_Five_Inventory_2_neuroticism_anxiety,111,22,0.6623376623376622,1.0,1.0,0.9437511489736298
pilot_holdout,F_composite,abs,Big_Five_Inventory_2_neuroticism_depression,111,34,0.7448227448227448,1.0,1.0,0.9390224282726423
pilot_holdout,F_composite,abs,Big_Five_Inventory_2_neuroticism_emotional_volatility,111,19,0.7729729729729728,1.0,0.7,0.9188442398545422
pilot_holdout,F_composite,abs,Big_Five_Inventory_2_openness,109,6,0.5078120656102308,0.8,0.5,0.8637472576201942
pilot_holdout,F_composite,abs,Big_Five_Inventory_2_openness_aesthetic_sensitivity,111,8,0.5167514917514918,1.0,0.8,0.9470390819402382
pilot_holdout,F_composite,abs,Big_Five_Inventory_2_openness_creative_imagination,111,7,0.3993243243243243,0.8,0.5,0.8143702630332736
pilot_holdout,F_composite,abs,Big_Five_Inventory_2_openness_intellectual_curiosity,111,6,0.6546244296244296,1.0,0.5,0.9242316829970704
pilot_holdout,F_composite,abs,Buss_Perry_Aggression_Questionnaire_Aggression,108,16,0.7615441043375537,1.0,0.8,0.9521867823827869
pilot_holdout,F_composite,abs,Buss_Perry_Aggression_Questionnaire_Aggression_Anger,111,15,0.7488504738504738,0.8,0.7,0.9092663425180076
pilot_holdout,F_composite,abs,Buss_Perry_Aggression_Questionnaire_Aggression_Hostility,111,19,0.7032028782028782,1.0,0.8,0.9259366477976707
pilot_holdout,F_composite,abs,Buss_Perry_Aggression_Questionnaire_Aggression_Physical_aggression,111,7,0.505054405054405,0.8,0.6,0.956230898961608
pilot_holdout,F_composite,abs,Buss_Perry_Aggression_Questionnaire_Aggression_Verbal_aggression,111,8,0.5774745524745525,0.8,0.6,0.9304511001174868
pilot_holdout,F_composite,abs,Emotion_Regulation_Questionnaire_Emotion_Regulation,110,12,0.44070509208123887,0.4,0.4,0.8044255373584586
pilot_holdout,F_composite,abs,Emotion_Regulation_Questionnaire_Emotion_Regulation_Reappraisal,111,6,0.05579150579150578,0.2,0.3,0.6103436673049049
pilot_holdout,F_composite,abs,Emotion_Regulation_Questionnaire_Emotion_Regulation_Suppression,111,0,0.5281853281853282,0.0,0.0,0.7750125465005963
pilot_holdout,F_composite,abs,Hope_Scale_Hope,110,45,0.7441471496517368,1.0,0.9,0.9006882261158333
pilot_holdout,F_composite,abs,Hope_Scale_Hope_Agency,111,38,0.797130572130572,1.0,0.9,0.9206053528099587
pilot_holdout,F_composite,abs,Hope_Scale_Hope_Pathways,111,25,0.5449631449631448,0.2,0.4,0.7112378596959595
pilot_holdout,F_composite,abs,International_Personality_Item_Pool_120_agreeableness,106,20,0.6541401113434264,1.0,0.8,0.9539187651315757
pilot_holdout,F_composite,abs,International_Personality_Item_Pool_120_agreeableness_altruism,111,17,0.6129957879957879,0.8,0.6,0.8823991005856874
pilot_holdout,F_composite,abs,International_Personality_Item_Pool_120_agreeableness_cooperation,111,12,0.4414619164619164,1.0,1.0,0.9696795370970397
pilot_holdout,F_composite,abs,International_Personality_Item_Pool_120_agreeableness_modesty,111,2,0.23519656019656018,0.0,0.1,0.7501444102247883
pilot_holdout,F_composite,abs,International_Personality_Item_Pool_120_agreeableness_morality,111,14,0.39519129519129514,0.4,0.4,0.5122426527377059
pilot_holdout,F_composite,abs,International_Personality_Item_Pool_120_agreeableness_sympathy,111,8,0.5021498771498771,1.0,0.6,0.891675567797979
pilot_holdout,F_composite,abs,International_Personality_Item_Pool_120_agreeableness_trust,111,4,0.6256405756405756,0.2,0.3,0.9058571216803146
pilot_holdout,F_composite,abs,International_Personality_Item_Pool_120_conscientiousness,106,23,0.7018414489759931,1.0,1.0,0.9749389348987229
pilot_holdout,F_composite,abs,International_Personality_Item_Pool_120_conscientiousness_achievement_striving,111,25,0.7486047736047736,1.0,0.9,0.9255015216170951
pilot_holdout,F_composite,abs,International_Personality_Item_Pool_120_conscientiousness_cautiousness,111,9,0.5759564759564759,1.0,0.5,0.9355917690982444
pilot_holdout,F_composite,abs,International_Personality_Item_Pool_120_conscientiousness_dutifulness,111,9,0.2983327483327483,0.2,0.3,0.7001231155299932
pilot_holdout,F_composite,abs,International_Personality_Item_Pool_120_conscientiousness_orderliness,111,6,0.4541330291330291,0.6,0.5,0.9545698148592106
pilot_holdout,F_composite,abs,International_Personality_Item_Pool_120_conscientiousness_self_discipline,111,16,0.7760617760617761,1.0,0.7,0.8873295150840993
pilot_holdout,F_composite,abs,International_Personality_Item_Pool_120_conscientiousness_self_efficacy,111,23,0.8068971568971568,1.0,0.9,0.9271603804818106
pilot_holdout,F_composite,abs,International_Personality_Item_Pool_120_extraversion,106,25,0.7500163740333023,1.0,0.8,0.9380209943784936
pilot_holdout,F_composite,abs,International_Personality_Item_Pool_120_extraversion_activiity_level,111,16,0.5648999648999649,0.8,0.7,0.9095294494823822
pilot_holdout,F_composite,abs,International_Personality_Item_Pool_120_extraversion_assertiveness,111,10,0.780071955071955,0.8,0.7,0.944568910390733
pilot_holdout,F_composite,abs,International_Personality_Item_Pool_120_extraversion_cheerfulness,111,27,0.8347753597753597,1.0,1.0,0.9475467772054279
pilot_holdout,F_composite,abs,International_Personality_Item_Pool_120_extraversion_excitement_seeking,111,8,0.75504563004563,1.0,0.7,0.9456169469802238
pilot_holdout,F_composite,abs,International_Personality_Item_Pool_120_extraversion_friendliness,111,20,0.748034398034398,0.8,0.7,0.9338101252861828
pilot_holdout,F_composite,abs,International_Personality_Item_Pool_120_extraversion_gregariousness,111,6,0.5735170235170235,1.0,0.6,0.952302318621488
pilot_holdout,F_composite,abs,International_Personality_Item_Pool_120_neuroticism,106,39,0.771992845806988,1.0,1.0,0.9585083845367898
pilot_holdout,F_composite,abs,International_Personality_Item_Pool_120_neuroticism_anger,111,17,0.7778343278343277,0.8,0.7,0.893035789472575
pilot_holdout,F_composite,abs,International_Personality_Item_Pool_120_neuroticism_anxiety,111,25,0.7490084240084239,1.0,1.0,0.955910268739911
pilot_holdout,F_composite,abs,International_Personality_Item_Pool_120_neuroticism_depression,111,38,0.7321691821691821,1.0,0.9,0.9412919767000725
pilot_holdout,F_composite,abs,International_Personality_Item_Pool_120_neuroticism_immoderation,111,2,0.7755879255879256,0.2,0.2,0.8592996780401958
pilot_holdout,F_composite,abs,International_Personality_Item_Pool_120_neuroticism_self_consciousness,111,27,0.7313443313443313,0.8,0.8,0.9079519330126947
pilot_holdout,F_composite,abs,International_Personality_Item_Pool_120_neuroticism_vulnerability,111,33,0.593067743067743,1.0,0.8,0.869453270317564
pilot_holdout,F_composite,abs,International_Personality_Item_Pool_120_openness,106,11,0.6545330881426809,1.0,0.8,0.9385068640528724
pilot_holdout,F_composite,abs,International_Personality_Item_Pool_120_openness_adventurousness,111,4,0.43095823095823094,0.2,0.2,0.6774172745167468
pilot_holdout,F_composite,abs,International_Personality_Item_Pool_120_openness_artistic_interests,111,5,0.5696033696033695,1.0,0.5,0.8889390820436899
pilot_holdout,F_composite,abs,International_Personality_Item_Pool_120_openness_emotionality,111,7,0.49081256581256577,0.6,0.6,0.8024254781547321
pilot_holdout,F_composite,abs,International_Personality_Item_Pool_120_openness_imagination,111,5,0.4116181116181116,0.8,0.4,0.8149941776333439
pilot_holdout,F_composite,abs,International_Personality_Item_Pool_120_openness_intellect,111,8,0.45035100035100034,0.8,0.7,0.9146696985359242
pilot_holdout,F_composite,abs,International_Personality_Item_Pool_120_openness_liberalism,111,1,-0.0013776763776763776,0.0,0.0,0.4761805720582045
pilot_holdout,F_composite,abs,Interpersonal_Reactivity_Index_Brief_Empathy,108,11,0.5468956910267035,0.4,0.6,0.7651267030488325
pilot_holdout,F_composite,abs,Interpersonal_Reactivity_Index_Brief_Empathy_Empathic_Concern,111,13,0.6735521235521236,1.0,0.6,0.889934209699742
pilot_holdout,F_composite,abs,Interpersonal_Reactivity_Index_Brief_Empathy_Fantasy,111,2,0.726061776061776,0.2,0.2,0.925064668491541
pilot_holdout,F_composite,abs,Interpersonal_Reactivity_Index_Brief_Empathy_Personal_Distress,111,19,0.7458494208494209,1.0,0.9,0.9181064025059928
pilot_holdout,F_composite,abs,Interpersonal_Reactivity_Index_Brief_Empathy_Perspective_Taking,111,8,0.3042822042822043,0.0,0.1,0.5339922959423217
pilot_holdout,F_composite,abs,Life_Orientation_Test_Optimism,112,35,0.526779307752759,0.8,0.9,0.8518258082287543
pilot_holdout,F_composite,abs,Mastery_Scale_Self_Mastery,112,26,0.6904107014726484,0.8,0.6,0.8714318008494669
pilot_holdout,F_composite,abs,Mindful_Attention_Awareness_Scale_Mindful_Attention_Awareness,112,20,0.75374141524584,1.0,0.9,0.9336982290148782
pilot_holdout,F_composite,abs,Multidimensional_Scale_of_Perceived_Social_Support_Perceived_Social_Support,109,13,0.591919191919192,0.0,0.2,0.7702368909433709
pilot_holdout,F_composite,abs,Multidimensional_Scale_of_Perceived_Social_Support_Perceived_Social_Support_Family,111,7,0.46119691119691114,0.2,0.3,0.792796363006983
pilot_holdout,F_composite,abs,Multidimensional_Scale_of_Perceived_Social_Support_Perceived_Social_Support_Friends,111,8,0.6304668304668304,0.8,0.7,0.9026222305621217
pilot_holdout,F_composite,abs,Multidimensional_Scale_of_Perceived_Social_Support_Perceived_Social_Support_Significant_Other,111,1,0.5790101790101789,0.2,0.1,0.8219011532733376
pilot_holdout,F_composite,abs,Need_for_Cognition_Scale_Need_for_Cognition,112,12,0.5733078210954318,0.8,0.6,0.8997208868028093
pilot_holdout,F_composite,abs,Pain_Catastrophizing_Scale_Pain_Catastrophizing,109,27,0.562700398480215,1.0,0.9,0.8960707315096929
pilot_holdout,F_composite,abs,Pain_Catastrophizing_Scale_Pain_Catastrophizing_Helplessness,111,27,0.624017199017199,0.8,0.9,0.9324371357463235
pilot_holdout,F_composite,abs,Pain_Catastrophizing_Scale_Pain_Catastrophizing_Magnification,111,24,0.6269217269217269,1.0,0.9,0.9589668860133886
pilot_holdout,F_composite,abs,Pain_Catastrophizing_Scale_Pain_Catastrophizing_Rumination,111,21,0.30622148122148124,0.8,0.8,0.8921832368612114
pilot_holdout,F_composite,abs,Penn_State_Worry_Questionnaire_Worry,112,23,0.7081183585608365,1.0,1.0,0.9673971106843305
pilot_holdout,F_composite,abs,Psychological_Well_Being_Scales_Well_being,106,46,0.6180668564375142,1.0,1.0,0.8795275117677912
pilot_holdout,F_composite,abs,Psychological_Well_Being_Scales_Well_being_autonomy,111,2,0.6763776763776764,0.2,0.1,0.8292952625339692
pilot_holdout,F_composite,abs,Psychological_Well_Being_Scales_Well_being_environmental_mastery,111,32,0.7699368199368198,0.8,0.9,0.8845559668124694
pilot_holdout,F_composite,abs,Psychological_Well_Being_Scales_Well_being_personal_growth,111,18,0.4099333099333099,0.4,0.6,0.8653004062671893
pilot_holdout,F_composite,abs,Psychological_Well_Being_Scales_Well_being_positive_relations_with_others,111,20,0.6601965601965601,0.6,0.7,0.8496380859489784
pilot_holdout,F_composite,abs,Psychological_Well_Being_Scales_Well_being_purpose_in_life,111,6,0.16572481572481573,0.0,0.0,0.5819039223235375
pilot_holdout,F_composite,abs,Psychological_Well_Being_Scales_Well_being_self_acceptance,111,29,0.7347841347841347,0.8,0.9,0.9059829844894167
pilot_holdout,F_composite,abs,Rosenberg_Self_Esteem_Scale_Self_Esteem,112,46,0.7560221409778932,1.0,1.0,0.9508094382703425
pilot_holdout,F_composite,abs,Satisfaction_with_Life_Scale_Satisfaction_with_Life,112,25,0.6974493456794342,1.0,0.9,0.9452485241830493
pilot_holdout,F_composite,abs,Self_Compassion_Scale___Short_Form_Self_Compassion,106,28,0.5807038315237928,1.0,0.8,0.8636524858221994
pilot_holdout,F_composite,abs,Self_Compassion_Scale___Short_Form_Self_Compassion_Common_Humanity,111,1,0.22548262548262546,0.0,0.0,0.3661278131238138
pilot_holdout,F_composite,abs,Self_Compassion_Scale___Short_Form_Self_Compassion_Isolation,111,20,0.6651281151281151,1.0,1.0,0.9702575531908124
pilot_holdout,F_composite,abs,Self_Compassion_Scale___Short_Form_Self_Compassion_Mindfulness,111,7,0.2251228501228501,0.6,0.3,0.8017431431668565
pilot_holdout,F_composite,abs,Self_Compassion_Scale___Short_Form_Self_Compassion_Over_Identification,111,21,0.6147771147771147,1.0,1.0,0.9816362331447841
pilot_holdout,F_composite,abs,Self_Compassion_Scale___Short_Form_Self_Compassion_Self_Judgement,111,17,0.70506318006318,0.8,0.6,0.900729144374256
pilot_holdout,F_composite,abs,Self_Compassion_Scale___Short_Form_Self_Compassion_Self_Kindness,111,4,0.24584064584064586,0.0,0.0,0.4045573101627558
pilot_holdout,F_composite,abs,Self_Control_Scale_Self_Control,112,26,0.8103153722622749,1.0,1.0,0.9580761964865039
pilot_holdout,F_composite,abs,Short_Grit_Scale_Grit,110,23,0.790302729752271,1.0,1.0,0.9618524534375743
pilot_holdout,F_composite,abs,Short_Grit_Scale_Grit_Consistency_of_Interest,111,11,0.6417163917163916,0.4,0.4,0.7765071021314721
pilot_holdout,F_composite,abs,Short_Grit_Scale_Grit_Perseverance_of_Effort,111,29,0.7498508248508247,1.0,0.9,0.9605841862289763
pilot_holdout,F_composite,abs_cross_instrument,Barratt_Impulsiveness_Scale_Short_Form_Impulsiveness,109,24,0.6271522565100547,1.0,0.8,0.8822464387893539
pilot_holdout,F_composite,abs_cross_instrument,Barratt_Impulsiveness_Scale_Short_Form_Impulsiveness_Attention_impulsivity,109,14,0.5056065239551478,0.8,0.8,0.9305184232630652
pilot_holdout,F_composite,abs_cross_instrument,Barratt_Impulsiveness_Scale_Short_Form_Impulsiveness_Motor_Impulsivity,109,9,0.5456398850894264,1.0,0.7,0.9504988248521865
pilot_holdout,F_composite,abs_cross_instrument,Barratt_Impulsiveness_Scale_Short_Form_Impulsiveness_Non_planning,109,17,0.6449448614586231,1.0,1.0,0.9369090486512787
pilot_holdout,F_composite,abs_cross_instrument,Behavioral_Activation_System_Scale_behavioral_activation,109,12,0.7404781762579928,1.0,0.7,0.9528450642845778
pilot_holdout,F_composite,abs_cross_instrument,Behavioral_Activation_System_Scale_behavioral_activation_Drive,109,4,0.59436567509962,0.2,0.3,0.8429138101934797
pilot_holdout,F_composite,abs_cross_instrument,Behavioral_Activation_System_Scale_behavioral_activation_Fun_Seeking,109,5,0.43054397182837556,0.6,0.5,0.9298300129339313
pilot_holdout,F_composite,abs_cross_instrument,Behavioral_Activation_System_Scale_behavioral_activation_Reward_Responsiveness,109,10,0.5565563895839126,0.4,0.3,0.7755219434395377
pilot_holdout,F_composite,abs_cross_instrument,Behavioral_Inhibition_System_Scale_behavioral_inhibition,112,19,0.5915023746882154,1.0,0.8,0.9419697898062397
pilot_holdout,F_composite,abs_cross_instrument,Big_Five_Inventory_2_agreeableness,93,16,0.7205096833875443,1.0,0.9,0.95892105070915
pilot_holdout,F_composite,abs_cross_instrument,Big_Five_Inventory_2_agreeableness_compassion,93,10,0.6238100922085283,0.8,0.5,0.8772310016908791
pilot_holdout,F_composite,abs_cross_instrument,Big_Five_Inventory_2_agreeableness_respectfulness,93,13,0.6085464474351705,1.0,0.7,0.9373084704848297
pilot_holdout,F_composite,abs_cross_instrument,Big_Five_Inventory_2_agreeableness_trust,93,6,0.6552475306615737,0.6,0.5,0.9362763931750593
pilot_holdout,F_composite,abs_cross_instrument,Big_Five_Inventory_2_conscientiousness,93,19,0.7292829220256034,1.0,0.9,0.9537159967929633
pilot_holdout,F_composite,abs_cross_instrument,Big_Five_Inventory_2_conscientiousness_organization,93,9,0.6991137238518694,0.8,0.8,0.9486834015725762
pilot_holdout,F_composite,abs_cross_instrument,Big_Five_Inventory_2_conscientiousness_productiveness,93,18,0.7537972606009966,1.0,0.9,0.9469397468650352
pilot_holdout,F_composite,abs_cross_instrument,Big_Five_Inventory_2_conscientiousness_responsibility,93,13,0.6806720181432961,1.0,0.6,0.9034171810356171
pilot_holdout,F_composite,abs_cross_instrument,Big_Five_Inventory_2_extraversion,93,21,0.7662558562859955,1.0,1.0,0.9558020058148132
pilot_holdout,F_composite,abs_cross_instrument,Big_Five_Inventory_2_extraversion_assertiveness,93,6,0.7198531825370773,0.6,0.5,0.9541842242818286
pilot_holdout,F_composite,abs_cross_instrument,Big_Five_Inventory_2_extraversion_energy_level,93,19,0.7589149831398644,0.8,0.8,0.9130583666047561
pilot_holdout,F_composite,abs_cross_instrument,Big_Five_Inventory_2_extraversion_sociability,93,10,0.7431888036764047,1.0,0.7,0.9652346799977719
pilot_holdout,F_composite,abs_cross_instrument,Big_Five_Inventory_2_neuroticism,93,29,0.7777147802214198,1.0,1.0,0.9151789569245204
pilot_holdout,F_composite,abs_cross_instrument,Big_Five_Inventory_2_neuroticism_anxiety,93,20,0.7166900420757362,1.0,1.0,0.9483898826297725
pilot_holdout,F_composite,abs_cross_instrument,Big_Five_Inventory_2_neuroticism_depression,93,30,0.7915311390289754,1.0,1.0,0.9399477974542318
pilot_holdout,F_composite,abs_cross_instrument,Big_Five_Inventory_2_neuroticism_emotional_volatility,93,17,0.8024976873265494,0.8,0.6,0.9088410014731255
pilot_holdout,F_composite,abs_cross_instrument,Big_Five_Inventory_2_openness,93,6,0.4984184297693294,0.8,0.5,0.8637472576201942
pilot_holdout,F_composite,abs_cross_instrument,Big_Five_Inventory_2_openness_aesthetic_sensitivity,93,6,0.476455492226433,0.8,0.6,0.9027549505297281
pilot_holdout,F_composite,abs_cross_instrument,Big_Five_Inventory_2_openness_creative_imagination,93,5,0.3750559517770284,0.6,0.3,0.7830771003745371
pilot_holdout,F_composite,abs_cross_instrument,Big_Five_Inventory_2_openness_intellectual_curiosity,93,4,0.6272268807257317,0.6,0.3,0.8865979166318919
pilot_holdout,F_composite,abs_cross_instrument,Buss_Perry_Aggression_Questionnaire_Aggression,108,16,0.7615441043375537,1.0,0.8,0.9521867823827869
pilot_holdout,F_composite,abs_cross_instrument,Buss_Perry_Aggression_Questionnaire_Aggression_Anger,108,12,0.7433288557356121,0.8,0.7,0.9173608853507083
pilot_holdout,F_composite,abs_cross_instrument,Buss_Perry_Aggression_Questionnaire_Aggression_Hostility,108,18,0.6918745891565921,1.0,0.8,0.9259366477976707
pilot_holdout,F_composite,abs_cross_instrument,Buss_Perry_Aggression_Questionnaire_Aggression_Physical_aggression,108,6,0.46752788971772075,1.0,0.5,0.9529572923940369
pilot_holdout,F_composite,abs_cross_instrument,Buss_Perry_Aggression_Questionnaire_Aggression_Verbal_aggression,108,7,0.5451808663675249,1.0,0.6,0.9390601737850679
pilot_holdout,F_composite,abs_cross_instrument,Emotion_Regulation_Questionnaire_Emotion_Regulation,110,12,0.44070509208123887,0.4,0.4,0.8044255373584586
pilot_holdout,F_composite,abs_cross_instrument,Emotion_Regulation_Questionnaire_Emotion_Regulation_Reappraisal,110,6,0.05944142641390348,0.2,0.3,0.6103436673049049
pilot_holdout,F_composite,abs_cross_instrument,Emotion_Regulation_Questionnaire_Emotion_Regulation_Suppression,110,0,0.5289317674638775,0.0,0.0,0.7750125465005963
pilot_holdout,F_composite,abs_cross_instrument,Hope_Scale_Hope,110,45,0.7441471496517368,1.0,0.9,0.9006882261158333
pilot_holdout,F_composite,abs_cross_instrument,Hope_Scale_Hope_Agency,110,37,0.7987061289813584,1.0,0.9,0.9206053528099587
pilot_holdout,F_composite,abs_cross_instrument,Hope_Scale_Hope_Pathways,110,24,0.5350089038162433,0.2,0.3,0.6816628114964811
pilot_holdout,F_composite,abs_cross_instrument,International_Personality_Item_Pool_120_agreeableness,78,16,0.6651702727652093,1.0,0.8,0.9557683068072206
pilot_holdout,F_composite,abs_cross_instrument,International_Personality_Item_Pool_120_agreeableness_altruism,78,10,0.602195273081349,0.8,0.5,0.862673984615504
pilot_holdout,F_composite,abs_cross_instrument,International_Personality_Item_Pool_120_agreeableness_cooperation,78,9,0.4545707457099862,1.0,0.7,0.9086870090806309
pilot_holdout,F_composite,abs_cross_instrument,International_Personality_Item_Pool_120_agreeableness_modesty,78,1,0.26605040529091156,0.0,0.1,0.8157196225203743
pilot_holdout,F_composite,abs_cross_instrument,International_Personality_Item_Pool_120_agreeableness_morality,78,9,0.43049355707583553,0.4,0.4,0.510200162643903
pilot_holdout,F_composite,abs_cross_instrument,International_Personality_Item_Pool_120_agreeableness_sympathy,78,5,0.4594772316291304,0.8,0.4,0.8318258476011918
pilot_holdout,F_composite,abs_cross_instrument,International_Personality_Item_Pool_120_agreeableness_trust,78,3,0.6174964276230098,0.4,0.3,0.8933864565340466
pilot_holdout,F_composite,abs_cross_instrument,International_Personality_Item_Pool_120_conscientiousness,78,20,0.7761984850592445,1.0,1.0,0.9749389348987229
pilot_holdout,F_composite,abs_cross_instrument,International_Personality_Item_Pool_120_conscientiousness_achievement_striving,78,18,0.8205338964832635,1.0,0.8,0.9571508711431544
pilot_holdout,F_composite,abs_cross_instrument,International_Personality_Item_Pool_120_conscientiousness_cautiousness,78,9,0.6034092489788692,1.0,0.6,0.9309144142215804
pilot_holdout,F_composite,abs_cross_instrument,International_Personality_Item_Pool_120_conscientiousness_dutifulness,78,6,0.40790854714905345,0.4,0.3,0.7669929091693348
pilot_holdout,F_composite,abs_cross_instrument,International_Personality_Item_Pool_120_conscientiousness_orderliness,78,5,0.5891956145120701,0.8,0.5,0.9709609540523894
pilot_holdout,F_composite,abs_cross_instrument,International_Personality_Item_Pool_120_conscientiousness_self_discipline,78,13,0.7891981436285234,0.8,0.7,0.8856883100004538
pilot_holdout,F_composite,abs_cross_instrument,International_Personality_Item_Pool_120_conscientiousness_self_efficacy,78,16,0.8210144286093652,1.0,0.9,0.9419024351702625
pilot_holdout,F_composite,abs_cross_instrument,International_Personality_Item_Pool_120_extraversion,78,19,0.7653738666396893,1.0,0.8,0.9384395500547213
pilot_holdout,F_composite,abs_cross_instrument,International_Personality_Item_Pool_120_extraversion_activiity_level,78,10,0.5961506847582797,0.6,0.6,0.8827529615076276
pilot_holdout,F_composite,abs_cross_instrument,International_Personality_Item_Pool_120_extraversion_assertiveness,78,6,0.7480494189354948,0.8,0.6,0.947920945775295
pilot_holdout,F_composite,abs_cross_instrument,International_Personality_Item_Pool_120_extraversion_cheerfulness,78,21,0.8705851110914401,1.0,0.9,0.9590890013633023
pilot_holdout,F_composite,abs_cross_instrument,International_Personality_Item_Pool_120_extraversion_excitement_seeking,78,5,0.7397792081336384,1.0,0.5,0.9655577943269612
pilot_holdout,F_composite,abs_cross_instrument,International_Personality_Item_Pool_120_extraversion_friendliness,78,14,0.7089492785695316,0.8,0.7,0.9243950864777009
pilot_holdout,F_composite,abs_cross_instrument,International_Personality_Item_Pool_120_extraversion_gregariousness,78,3,0.5333021408970775,0.6,0.3,0.895264340445906
pilot_holdout,F_composite,abs_cross_instrument,International_Personality_Item_Pool_120_neuroticism,78,35,0.7778929930828663,1.0,1.0,0.9585083845367898
pilot_holdout,F_composite,abs_cross_instrument,International_Personality_Item_Pool_120_neuroticism_anger,78,14,0.7718231135952653,0.8,0.8,0.9064834240791382
pilot_holdout,F_composite,abs_cross_instrument,International_Personality_Item_Pool_120_neuroticism_anxiety,78,20,0.7680294389155147,1.0,1.0,0.967356279384809
pilot_holdout,F_composite,abs_cross_instrument,International_Personality_Item_Pool_120_neuroticism_depression,78,32,0.7002997002997002,1.0,0.9,0.9417572333647998
pilot_holdout,F_composite,abs_cross_instrument,International_Personality_Item_Pool_120_neuroticism_immoderation,78,2,0.7964061255200495,0.2,0.2,0.8877452957444066
pilot_holdout,F_composite,abs_cross_instrument,International_Personality_Item_Pool_120_neuroticism_self_consciousness,78,21,0.684568595961001,0.8,0.7,0.908804080455655
pilot_holdout,F_composite,abs_cross_instrument,International_Personality_Item_Pool_120_neuroticism_vulnerability,78,27,0.5624122712730307,1.0,0.8,0.8894502066528658
pilot_holdout,F_composite,abs_cross_instrument,International_Personality_Item_Pool_120_openness,78,9,0.6805978831295287,1.0,0.8,0.9477391479009097
pilot_holdout,F_composite,abs_cross_instrument,International_Personality_Item_Pool_120_openness_adventurousness,78,2,0.3714892702234474,0.0,0.1,0.5782633203944313
pilot_holdout,F_composite,abs_cross_instrument,International_Personality_Item_Pool_120_openness_artistic_interests,78,4,0.6314571504444921,0.8,0.4,0.9067999982816584
pilot_holdout,F_composite,abs_cross_instrument,International_Personality_Item_Pool_120_openness_emotionality,78,4,0.543797974177721,0.6,0.3,0.7864562858578888
pilot_holdout,F_composite,abs_cross_instrument,International_Personality_Item_Pool_120_openness_imagination,78,5,0.5109194602865489,0.8,0.4,0.8270875916989541
pilot_holdout,F_composite,abs_cross_instrument,International_Personality_Item_Pool_120_openness_intellect,78,6,0.5553054540396312,0.8,0.6,0.9544804820962846
pilot_holdout,F_composite,abs_cross_instrument,International_Personality_Item_Pool_120_openness_liberalism,78,1,0.014453900529849895,0.0,0.0,0.42381039765038275
pilot_holdout,F_composite,abs_cross_instrument,Interpersonal_Reactivity_Index_Brief_Empathy,108,11,0.5468956910267035,0.4,0.6,0.7651267030488325
pilot_holdout,F_composite,abs_cross_instrument,Interpersonal_Reactivity_Index_Brief_Empathy_Empathic_Concern,108,11,0.658035382548801,1.0,0.6,0.9033416508525841
pilot_holdout,F_composite,abs_cross_instrument,Interpersonal_Reactivity_Index_Brief_Empathy_Fantasy,108,1,0.7132908437890004,0.2,0.1,0.9035954565748795
pilot_holdout,F_composite,abs_cross_instrument,Interpersonal_Reactivity_Index_Brief_Empathy_Personal_Distress,108,19,0.7455200205778959,1.0,0.9,0.9181064025059928
pilot_holdout,F_composite,abs_cross_instrument,Interpersonal_Reactivity_Index_Brief_Empathy_Perspective_Taking,108,7,0.2864328789047987,0.0,0.0,0.44483658203470144
pilot_holdout,F_composite,abs_cross_instrument,Life_Orientation_Test_Optimism,112,35,0.526779307752759,0.8,0.9,0.8518258082287543
pilot_holdout,F_composite,abs_cross_instrument,Mastery_Scale_Self_Mastery,112,26,0.6904107014726484,0.8,0.6,0.8714318008494669
pilot_holdout,F_composite,abs_cross_instrument,Mindful_Attention_Awareness_Scale_Mindful_Attention_Awareness,112,20,0.75374141524584,1.0,0.9,0.9336982290148782
pilot_holdout,F_composite,abs_cross_instrument,Multidimensional_Scale_of_Perceived_Social_Support_Perceived_Social_Support,109,13,0.591919191919192,0.0,0.2,0.7702368909433709
pilot_holdout,F_composite,abs_cross_instrument,Multidimensional_Scale_of_Perceived_Social_Support_Perceived_Social_Support_Family,109,6,0.436484107126309,0.0,0.2,0.6990182291206601
pilot_holdout,F_composite,abs_cross_instrument,Multidimensional_Scale_of_Perceived_Social_Support_Perceived_Social_Support_Friends,109,6,0.6106292280604209,0.6,0.5,0.8625456424982588
pilot_holdout,F_composite,abs_cross_instrument,Multidimensional_Scale_of_Perceived_Social_Support_Perceived_Social_Support_Significant_Other,109,0,0.5574923547400612,0.0,0.0,0.7706536948463041
pilot_holdout,F_composite,abs_cross_instrument,Need_for_Cognition_Scale_Need_for_Cognition,112,12,0.5733078210954318,0.8,0.6,0.8997208868028093
pilot_holdout,F_composite,abs_cross_instrument,Pain_Catastrophizing_Scale_Pain_Catastrophizing,109,27,0.562700398480215,1.0,0.9,0.8960707315096929
pilot_holdout,F_composite,abs_cross_instrument,Pain_Catastrophizing_Scale_Pain_Catastrophizing_Helplessness,109,25,0.6029469001946067,0.8,0.9,0.9039931877172678
pilot_holdout,F_composite,abs_cross_instrument,Pain_Catastrophizing_Scale_Pain_Catastrophizing_Magnification,109,22,0.6060142711518859,1.0,0.9,0.9491403425881533
pilot_holdout,F_composite,abs_cross_instrument,Pain_Catastrophizing_Scale_Pain_Catastrophizing_Rumination,109,19,0.267333889352238,0.8,0.6,0.752926736262307
pilot_holdout,F_composite,abs_cross_instrument,Penn_State_Worry_Questionnaire_Worry,112,23,0.7081183585608365,1.0,1.0,0.9673971106843305
pilot_holdout,F_composite,abs_cross_instrument,Psychological_Well_Being_Scales_Well_being,106,46,0.6180668564375142,1.0,1.0,0.8795275117677912
pilot_holdout,F_composite,abs_cross_instrument,Psychological_Well_Being_Scales_Well_being_autonomy,106,2,0.6760057435070661,0.2,0.1,0.8283800616083019
pilot_holdout,F_composite,abs_cross_instrument,Psychological_Well_Being_Scales_Well_being_environmental_mastery,106,31,0.7723152883089403,0.8,0.9,0.8920952398077224
pilot_holdout,F_composite,abs_cross_instrument,Psychological_Well_Being_Scales_Well_being_personal_growth,106,16,0.426858452779807,0.4,0.6,0.8709660765186783
pilot_holdout,F_composite,abs_cross_instrument,Psychological_Well_Being_Scales_Well_being_positive_relations_with_others,106,19,0.6474091241151724,0.6,0.7,0.8533119702901678
pilot_holdout,F_composite,abs_cross_instrument,Psychological_Well_Being_Scales_Well_being_purpose_in_life,106,5,0.1696198705191828,0.0,0.0,0.5939337376659948
pilot_holdout,F_composite,abs_cross_instrument,Psychological_Well_Being_Scales_Well_being_self_acceptance,106,26,0.729480817190216,0.8,0.9,0.8989411772958787
pilot_holdout,F_composite,abs_cross_instrument,Rosenberg_Self_Esteem_Scale_Self_Esteem,112,46,0.7560221409778932,1.0,1.0,0.9508094382703425
pilot_holdout,F_composite,abs_cross_instrument,Satisfaction_with_Life_Scale_Satisfaction_with_Life,112,25,0.6974493456794342,1.0,0.9,0.9452485241830493
pilot_holdout,F_composite,abs_cross_instrument,Self_Compassion_Scale___Short_Form_Self_Compassion,106,28,0.5807038315237928,1.0,0.8,0.8636524858221994
pilot_holdout,F_composite,abs_cross_instrument,Self_Compassion_Scale___Short_Form_Self_Compassion_Common_Humanity,106,0,0.20773862004685495,0.0,0.0,0.468830970681439
pilot_holdout,F_composite,abs_cross_instrument,Self_Compassion_Scale___Short_Form_Self_Compassion_Isolation,106,18,0.6803184119706779,1.0,1.0,0.9577075960233846
pilot_holdout,F_composite,abs_cross_instrument,Self_Compassion_Scale___Short_Form_Self_Compassion_Mindfulness,106,7,0.20047358742474244,0.6,0.3,0.769412777128654
pilot_holdout,F_composite,abs_cross_instrument,Self_Compassion_Scale___Short_Form_Self_Compassion_Over_Identification,106,19,0.6230848678741466,1.0,1.0,0.9748163516089998
pilot_holdout,F_composite,abs_cross_instrument,Self_Compassion_Scale___Short_Form_Self_Compassion_Self_Judgement,106,15,0.7269718114718997,0.6,0.6,0.9047887086935353
pilot_holdout,F_composite,abs_cross_instrument,Self_Compassion_Scale___Short_Form_Self_Compassion_Self_Kindness,106,3,0.2515706476559942,0.0,0.0,0.4129170780186335
pilot_holdout,F_composite,abs_cross_instrument,Self_Control_Scale_Self_Control,112,26,0.8103153722622749,1.0,1.0,0.9580761964865039
pilot_holdout,F_composite,abs_cross_instrument,Short_Grit_Scale_Grit,110,23,0.790302729752271,1.0,1.0,0.9618524534375743
pilot_holdout,F_composite,abs_cross_instrument,Short_Grit_Scale_Grit_Consistency_of_Interest,110,11,0.663683700380948,0.4,0.4,0.7765071021314721
pilot_holdout,F_composite,abs_cross_instrument,Short_Grit_Scale_Grit_Perseverance_of_Effort,110,29,0.7608457498365755,1.0,0.9,0.9605841862289763
pilot_holdout,F_paper,signed,Barratt_Impulsiveness_Scale_Short_Form_Impulsiveness,109,24,-0.3451394680752479,0.6,0.3,0.5942465386861691
pilot_holdout,F_paper,signed,Barratt_Impulsiveness_Scale_Short_Form_Impulsiveness_Attention_impulsivity,111,14,-0.2845121095121095,0.2,0.1,0.6693859562182886
pilot_holdout,F_paper,signed,Barratt_Impulsiveness_Scale_Short_Form_Impulsiveness_Motor_Impulsivity,111,9,-0.07262197262197262,0.4,0.2,0.6513246245686566
pilot_holdout,F_paper,signed,Barratt_Impulsiveness_Scale_Short_Form_Impulsiveness_Non_planning,111,17,-0.5656897156897156,0.0,0.0,0.4122966870827078
pilot_holdout,F_paper,signed,Behavioral_Activation_System_Scale_behavioral_activation,109,12,0.7015753868964878,1.0,0.7,0.9696044205375902
pilot_holdout,F_paper,signed,Behavioral_Activation_System_Scale_behavioral_activation_Drive,111,4,0.5412864162864163,0.2,0.3,0.8665730535961884
pilot_holdout,F_paper,signed,Behavioral_Activation_System_Scale_behavioral_activation_Fun_Seeking,111,6,0.2485170235170235,0.8,0.5,0.8766850721791678
pilot_holdout,F_paper,signed,Behavioral_Activation_System_Scale_behavioral_activation_Reward_Responsiveness,111,11,0.6564320814320814,0.4,0.3,0.7960371441397067
pilot_holdout,F_paper,signed,Behavioral_Inhibition_System_Scale_behavioral_inhibition,112,19,0.40082686985341853,1.0,0.8,0.9419697898062397
pilot_holdout,F_paper,signed,Big_Five_Inventory_2_agreeableness,109,16,0.34002409415253454,1.0,0.7,0.8915105868073577
pilot_holdout,F_paper,signed,Big_Five_Inventory_2_agreeableness_compassion,111,12,0.4841874341874341,1.0,0.7,0.9242493857824052
pilot_holdout,F_paper,signed,Big_Five_Inventory_2_agreeableness_respectfulness,111,15,0.28633731133731133,1.0,0.6,0.8571481810716239
pilot_holdout,F_paper,signed,Big_Five_Inventory_2_agreeableness_trust,111,8,0.07673745173745174,0.8,0.5,0.8594144240167177
pilot_holdout,F_paper,signed,Big_Five_Inventory_2_conscientiousness,109,19,0.33306459086275597,1.0,0.9,0.94252860058359
pilot_holdout,F_paper,signed,Big_Five_Inventory_2_conscientiousness_organization,111,11,0.3339592839592839,1.0,0.8,0.9303403327621992
pilot_holdout,F_paper,signed,Big_Five_Inventory_2_conscientiousness_productiveness,111,20,0.47090207090207087,1.0,0.9,0.9527781958078986
pilot_holdout,F_paper,signed,Big_Five_Inventory_2_conscientiousness_responsibility,111,15,0.2960775710775711,1.0,0.8,0.9298278744200478
pilot_holdout,F_paper,signed,Big_Five_Inventory_2_extraversion,109,22,0.4571865443425077,1.0,0.9,0.9393333242898443
pilot_holdout,F_paper,signed,Big_Five_Inventory_2_extraversion_assertiveness,111,8,0.4196560196560197,0.8,0.5,0.9195699965324717
pilot_holdout,F_paper,signed,Big_Five_Inventory_2_extraversion_energy_level,111,22,0.6064145314145314,1.0,0.9,0.9337785090705341
pilot_holdout,F_paper,signed,Big_Five_Inventory_2_extraversion_sociability,111,12,0.3946384696384696,1.0,0.8,0.9618292265990206
pilot_holdout,F_paper,signed,Big_Five_Inventory_2_neuroticism,109,29,0.10996200537484942,1.0,1.0,0.9420927908242773
pilot_holdout,F_paper,signed,Big_Five_Inventory_2_neuroticism_anxiety,111,22,0.22449104949104948,1.0,1.0,0.9437511489736298
pilot_holdout,F_paper,signed,Big_Five_Inventory_2_neuroticism_depression,111,34,0.0043173043173043175,1.0,1.0,0.896894845994832
pilot_holdout,F_paper,signed,Big_Five_Inventory_2_neuroticism_emotional_volatility,111,19,0.20745875745875744,1.0,0.8,0.9378916848017307
pilot_holdout,F_paper,signed,Big_Five_Inventory_2_openness,109,6,0.559864702066537,1.0,0.5,0.8984395648118901
pilot_holdout,F_paper,signed,Big_Five_Inventory_2_openness_aesthetic_sensitivity,111,8,0.5122762372762374,1.0,0.8,0.9854384643459422
pilot_holdout,F_paper,signed,Big_Five_Inventory_2_openness_creative_imagination,111,7,0.5233766233766234,0.8,0.5,0.8921702809861953
pilot_holdout,F_paper,signed,Big_Five_Inventory_2_openness_intellectual_curiosity,111,6,0.5895665145665145,1.0,0.5,0.9242316829970704
pilot_holdout,F_paper,signed,Buss_Perry_Aggression_Questionnaire_Aggression,108,16,-0.16098392828222202,0.8,0.6,0.76595653406671
pilot_holdout,F_paper,signed,Buss_Perry_Aggression_Questionnaire_Aggression_Anger,111,15,0.07065637065637065,0.8,0.7,0.891554772786865
pilot_holdout,F_paper,signed,Buss_Perry_Aggression_Questionnaire_Aggression_Hostility,111,19,0.16363636363636364,1.0,0.7,0.9268944787312633
pilot_holdout,F_paper,signed,Buss_Perry_Aggression_Questionnaire_Aggression_Physical_aggression,111,7,-0.34912249912249915,0.4,0.2,0.5990988985989469
pilot_holdout,F_paper,signed,Buss_Perry_Aggression_Questionnaire_Aggression_Verbal_aggression,111,8,-0.1876009126009126,0.4,0.2,0.6234209898755986
pilot_holdout,F_paper,signed,Emotion_Regulation_Questionnaire_Emotion_Regulation,110,12,0.45907174898000586,0.4,0.4,0.8044255373584586
pilot_holdout,F_paper,signed,Emotion_Regulation_Questionnaire_Emotion_Regulation_Reappraisal,111,6,0.27517550017550013,0.4,0.4,0.6871147837788191
pilot_holdout,F_paper,signed,Emotion_Regulation_Questionnaire_Emotion_Regulation_Suppression,111,0,-0.5243155493155492,0.0,0.0,0.25644851759344145
pilot_holdout,F_paper,signed,Hope_Scale_Hope,110,45,0.47701462930820726,1.0,0.9,0.9006882261158333
pilot_holdout,F_paper,signed,Hope_Scale_Hope_Agency,111,38,0.5024482274482274,1.0,0.9,0.9330785807566597
pilot_holdout,F_paper,signed,Hope_Scale_Hope_Pathways,111,25,0.43172165672165674,0.2,0.4,0.7895856230587782
pilot_holdout,F_paper,signed,International_Personality_Item_Pool_120_agreeableness,106,20,0.3990578633146082,1.0,0.8,0.913727561846761
pilot_holdout,F_paper,signed,International_Personality_Item_Pool_120_agreeableness_altruism,111,17,0.5651895401895402,0.8,0.6,0.8823991005856874
pilot_holdout,F_paper,signed,International_Personality_Item_Pool_120_agreeableness_cooperation,111,12,0.2356265356265356,1.0,0.6,0.8164226082937626
pilot_holdout,F_paper,signed,International_Personality_Item_Pool_120_agreeableness_modesty,111,2,-0.11475078975078976,0.0,0.0,0.5047605916318375
pilot_holdout,F_paper,signed,International_Personality_Item_Pool_120_agreeableness_morality,111,14,0.30633555633555637,0.8,0.6,0.9105214799696227
pilot_holdout,F_paper,signed,International_Personality_Item_Pool_120_agreeableness_sympathy,111,8,0.4716918216918216,1.0,0.6,0.891675567797979
pilot_holdout,F_paper,signed,International_Personality_Item_Pool_120_agreeableness_trust,111,4,0.32449982449982445,0.2,0.3,0.9058571216803146
pilot_holdout,F_paper,signed,International_Personality_Item_Pool_120_conscientiousness,106,23,0.348625840743633,1.0,1.0,0.9573691315289132
pilot_holdout,F_paper,signed,International_Personality_Item_Pool_120_conscientiousness_achievement_striving,111,25,0.6417251667251667,1.0,1.0,0.953230384804995
pilot_holdout,F_paper,signed,International_Personality_Item_Pool_120_conscientiousness_cautiousness,111,9,-0.051912951912951914,0.8,0.4,0.666731064954051
pilot_holdout,F_paper,signed,International_Personality_Item_Pool_120_conscientiousness_dutifulness,111,9,0.4079062829062829,0.2,0.2,0.6512641598327177
pilot_holdout,F_paper,signed,International_Personality_Item_Pool_120_conscientiousness_orderliness,111,6,0.35425587925587926,0.6,0.4,0.9310487283340353
pilot_holdout,F_paper,signed,International_Personality_Item_Pool_120_conscientiousness_self_discipline,111,16,0.26562829062829063,1.0,0.8,0.933103374454284
pilot_holdout,F_paper,signed,International_Personality_Item_Pool_120_conscientiousness_self_efficacy,111,23,0.5398385398385398,1.0,1.0,0.9432193959063352
pilot_holdout,F_paper,signed,International_Personality_Item_Pool_120_extraversion,106,25,0.46788926115323576,1.0,0.8,0.9366468337991479
pilot_holdout,F_paper,signed,International_Personality_Item_Pool_120_extraversion_activiity_level,111,16,0.5315549315549315,0.8,0.7,0.9095294494823822
pilot_holdout,F_paper,signed,International_Personality_Item_Pool_120_extraversion_assertiveness,111,10,0.47727272727272724,0.8,0.7,0.944568910390733
pilot_holdout,F_paper,signed,International_Personality_Item_Pool_120_extraversion_cheerfulness,111,27,0.6322393822393823,1.0,1.0,0.9475467772054279
pilot_holdout,F_paper,signed,International_Personality_Item_Pool_120_extraversion_excitement_seeking,111,8,0.560064935064935,1.0,0.7,0.9456169469802238
pilot_holdout,F_paper,signed,International_Personality_Item_Pool_120_extraversion_friendliness,111,20,0.4641628641628642,0.8,0.7,0.9338101252861828
pilot_holdout,F_paper,signed,International_Personality_Item_Pool_120_extraversion_gregariousness,111,6,0.25186907686907684,1.0,0.6,0.952302318621488
pilot_holdout,F_paper,signed,International_Personality_Item_Pool_120_neuroticism,106,39,-0.021457540872106204,1.0,1.0,0.9283485688039391
pilot_holdout,F_paper,signed,International_Personality_Item_Pool_120_neuroticism_anger,111,17,0.11945419445419445,0.8,0.7,0.893035789472575
pilot_holdout,F_paper,signed,International_Personality_Item_Pool_120_neuroticism_anxiety,111,25,0.1845296595296595,1.0,1.0,0.955910268739911
pilot_holdout,F_paper,signed,International_Personality_Item_Pool_120_neuroticism_depression,111,38,-0.056458406458406454,1.0,0.9,0.8487363394658225
pilot_holdout,F_paper,signed,International_Personality_Item_Pool_120_neuroticism_immoderation,111,2,-0.07035802035802036,0.0,0.0,0.71356697028937
pilot_holdout,F_paper,signed,International_Personality_Item_Pool_120_neuroticism_self_consciousness,111,27,-0.13795191295191295,0.8,0.8,0.8710923042303058
pilot_holdout,F_paper,signed,International_Personality_Item_Pool_120_neuroticism_vulnerability,111,33,0.06198666198666199,0.8,0.7,0.8702923585815112
pilot_holdout,F_paper,signed,International_Personality_Item_Pool_120_openness,106,11,0.614540141572411,1.0,0.8,0.9385068640528724
pilot_holdout,F_paper,signed,International_Personality_Item_Pool_120_openness_adventurousness,111,4,-0.045972270972270975,0.2,0.2,0.7029350708388725
pilot_holdout,F_paper,signed,International_Personality_Item_Pool_120_openness_artistic_interests,111,5,0.5191997191997192,1.0,0.5,0.8969996865207589
pilot_holdout,F_paper,signed,International_Personality_Item_Pool_120_openness_emotionality,111,7,0.4181993681993682,0.6,0.6,0.8039204506749275
pilot_holdout,F_paper,signed,International_Personality_Item_Pool_120_openness_imagination,111,5,0.4386100386100386,0.8,0.4,0.8149941776333439
pilot_holdout,F_paper,signed,International_Personality_Item_Pool_120_openness_intellect,111,8,0.323025623025623,1.0,0.7,0.9403928885632644
pilot_holdout,F_paper,signed,International_Personality_Item_Pool_120_openness_liberalism,111,1,0.07419269919269919,0.0,0.0,0.5164752299140828
pilot_holdout,F_paper,signed,Interpersonal_Reactivity_Index_Brief_Empathy,108,11,0.6289214705574131,0.4,0.6,0.7651267030488325
pilot_holdout,F_paper,signed,Interpersonal_Reactivity_Index_Brief_Empathy_Empathic_Concern,111,13,0.5390663390663392,1.0,0.6,0.889934209699742
pilot_holdout,F_paper,signed,Interpersonal_Reactivity_Index_Brief_Empathy_Fantasy,111,2,0.7058178308178308,0.2,0.2,0.925064668491541
pilot_holdout,F_paper,signed,Interpersonal_Reactivity_Index_Brief_Empathy_Personal_Distress,111,19,0.15043875043875043,1.0,0.8,0.9145259333150726
pilot_holdout,F_paper,signed,Interpersonal_Reactivity_Index_Brief_Empathy_Perspective_Taking,111,8,0.2998771498771498,0.0,0.1,0.5339922959423217
pilot_holdout,F_paper,signed,Life_Orientation_Test_Optimism,112,35,0.09313390508080774,0.8,0.9,0.8518258082287543
pilot_holdout,F_paper,signed,Mastery_Scale_Self_Mastery,112,26,0.030093620801585404,0.6,0.6,0.8289734547601093
pilot_holdout,F_paper,signed,Mindful_Attention_Awareness_Scale_Mindful_Attention_Awareness,112,20,0.055993098028496266,1.0,0.8,0.8675248748982708
pilot_holdout,F_paper,signed,Multidimensional_Scale_of_Perceived_Social_Support_Perceived_Social_Support,109,13,0.4709758131776481,0.0,0.2,0.7702368909433709
pilot_holdout,F_paper,signed,Multidimensional_Scale_of_Perceived_Social_Support_Perceived_Social_Support_Family,111,7,0.346007371007371,0.2,0.3,0.792796363006983
pilot_holdout,F_paper,signed,Multidimensional_Scale_of_Perceived_Social_Support_Perceived_Social_Support_Friends,111,8,0.5368462618462617,0.8,0.7,0.9026222305621217
pilot_holdout,F_paper,signed,Multidimensional_Scale_of_Perceived_Social_Support_Perceived_Social_Support_Significant_Other,111,1,0.5547034047034046,0.2,0.1,0.8219011532733376
pilot_holdout,F_paper,signed,Need_for_Cognition_Scale_Need_for_Cognition,112,12,0.3806078518467899,1.0,0.7,0.9348908111357135
pilot_holdout,F_paper,signed,Pain_Catastrophizing_Scale_Pain_Catastrophizing,109,27,0.06535075525901214,1.0,0.9,0.896943926717614
pilot_holdout,F_paper,signed,Pain_Catastrophizing_Scale_Pain_Catastrophizing_Helplessness,111,27,0.1017988767988768,0.8,0.9,0.9295712248568533
pilot_holdout,F_paper,signed,Pain_Catastrophizing_Scale_Pain_Catastrophizing_Magnification,111,24,0.1261846261846262,1.0,0.9,0.9589668860133886
pilot_holdout,F_paper,signed,Pain_Catastrophizing_Scale_Pain_Catastrophizing_Rumination,111,21,0.11726044226044224,0.8,0.8,0.8921832368612114
pilot_holdout,F_paper,signed,Penn_State_Worry_Questionnaire_Worry,112,23,0.33341305907677593,1.0,1.0,0.9673971106843305
pilot_holdout,F_paper,signed,Psychological_Well_Being_Scales_Well_being,106,46,0.3389122603723203,1.0,1.0,0.8975964057403317
pilot_holdout,F_paper,signed,Psychological_Well_Being_Scales_Well_being_autonomy,111,2,0.22517550017550017,0.0,0.1,0.8453749628351719
pilot_holdout,F_paper,signed,Psychological_Well_Being_Scales_Well_being_environmental_mastery,111,32,0.1865391365391365,0.8,0.9,0.856166841199391
pilot_holdout,F_paper,signed,Psychological_Well_Being_Scales_Well_being_personal_growth,111,18,0.48390663390663385,0.6,0.6,0.8217718131722973
pilot_holdout,F_paper,signed,Psychological_Well_Being_Scales_Well_being_positive_relations_with_others,111,20,0.4352404352404352,0.6,0.7,0.8496380859489784
pilot_holdout,F_paper,signed,Psychological_Well_Being_Scales_Well_being_purpose_in_life,111,6,0.46909441909441907,0.0,0.1,0.7675812961898822
pilot_holdout,F_paper,signed,Psychological_Well_Being_Scales_Well_being_self_acceptance,111,29,0.29264654264654266,1.0,1.0,0.9210766059945313
pilot_holdout,F_paper,signed,Rosenberg_Self_Esteem_Scale_Self_Esteem,112,46,0.06875491167526566,1.0,0.8,0.8096624375939342
pilot_holdout,F_paper,signed,Satisfaction_with_Life_Scale_Satisfaction_with_Life,112,25,0.31038370861379716,1.0,0.8,0.9203804390280751
pilot_holdout,F_paper,signed,Self_Compassion_Scale___Short_Form_Self_Compassion,106,28,-0.17415421820288685,0.6,0.5,0.6450695680768698
pilot_holdout,F_paper,signed,Self_Compassion_Scale___Short_Form_Self_Compassion_Common_Humanity,111,1,0.3349245349245349,0.0,0.0,0.40184532475196627
pilot_holdout,F_paper,signed,Self_Compassion_Scale___Short_Form_Self_Compassion_Isolation,111,20,0.29660407160407154,1.0,1.0,0.9669831991540356
pilot_holdout,F_paper,signed,Self_Compassion_Scale___Short_Form_Self_Compassion_Mindfulness,111,7,-0.04348016848016848,0.4,0.2,0.6632988063232819
pilot_holdout,F_paper,signed,Self_Compassion_Scale___Short_Form_Self_Compassion_Over_Identification,111,21,0.4138294138294138,1.0,1.0,0.9816362331447841
pilot_holdout,F_paper,signed,Self_Compassion_Scale___Short_Form_Self_Compassion_Self_Judgement,111,17,0.23853106353106351,0.8,0.6,0.8977235510545778
pilot_holdout,F_paper,signed,Self_Compassion_Scale___Short_Form_Self_Compassion_Self_Kindness,111,4,0.16131976131976133,0.0,0.0,0.4045573101627558
pilot_holdout,F_paper,signed,Self_Control_Scale_Self_Control,112,26,0.16798783612942905,1.0,1.0,0.9538878797971063
pilot_holdout,F_paper,signed,Short_Grit_Scale_Grit,110,23,0.25254829475012963,1.0,1.0,0.9581996960930494
pilot_holdout,F_paper,signed,Short_Grit_Scale_Grit_Consistency_of_Interest,111,11,0.010582660582660582,1.0,0.7,0.8999970550955922
pilot_holdout,F_paper,signed,Short_Grit_Scale_Grit_Perseverance_of_Effort,111,29,0.47100737100737095,1.0,0.9,0.9749091508522094
pilot_holdout,F_paper,abs,Barratt_Impulsiveness_Scale_Short_Form_Impulsiveness,109,24,0.6271522565100547,1.0,0.8,0.8822464387893539
pilot_holdout,F_paper,abs,Barratt_Impulsiveness_Scale_Short_Form_Impulsiveness_Attention_impulsivity,111,14,0.5125482625482626,0.8,0.8,0.9305184232630652
pilot_holdout,F_paper,abs,Barratt_Impulsiveness_Scale_Short_Form_Impulsiveness_Motor_Impulsivity,111,9,0.5599069849069849,1.0,0.7,0.9487483011945731
pilot_holdout,F_paper,abs,Barratt_Impulsiveness_Scale_Short_Form_Impulsiveness_Non_planning,111,17,0.6562829062829063,1.0,1.0,0.9369090486512787
pilot_holdout,F_paper,abs,Behavioral_Activation_System_Scale_behavioral_activation,109,12,0.7404781762579928,1.0,0.7,0.9528450642845778
pilot_holdout,F_paper,abs,Behavioral_Activation_System_Scale_behavioral_activation_Drive,111,4,0.606879606879607,0.2,0.3,0.7855129110612821
pilot_holdout,F_paper,abs,Behavioral_Activation_System_Scale_behavioral_activation_Fun_Seeking,111,6,0.4532204282204282,0.6,0.5,0.9213388210412389
pilot_holdout,F_paper,abs,Behavioral_Activation_System_Scale_behavioral_activation_Reward_Responsiveness,111,11,0.5501404001404001,0.4,0.3,0.7960371441397067
pilot_holdout,F_paper,abs,Behavioral_Inhibition_System_Scale_behavioral_inhibition,112,19,0.5915023746882154,1.0,0.8,0.9419697898062397
pilot_holdout,F_paper,abs,Big_Five_Inventory_2_agreeableness,109,16,0.6662125845612085,1.0,0.9,0.95892105070915
pilot_holdout,F_paper,abs,Big_Five_Inventory_2_agreeableness_compassion,111,12,0.5904089154089154,1.0,0.7,0.9242493857824052
pilot_holdout,F_paper,abs,Big_Five_Inventory_2_agreeableness_respectfulness,111,15,0.5977272727272727,1.0,0.8,0.9423788855031248
pilot_holdout,F_paper,abs,Big_Five_Inventory_2_agreeableness_trust,111,8,0.641988416988417,0.8,0.7,0.93250235900982
pilot_holdout,F_paper,abs,Big_Five_Inventory_2_conscientiousness,109,19,0.6982670744138635,1.0,0.9,0.9537159967929633
pilot_holdout,F_paper,abs,Big_Five_Inventory_2_conscientiousness_organization,111,11,0.6698578448578448,1.0,0.9,0.9473103812996163
pilot_holdout,F_paper,abs,Big_Five_Inventory_2_conscientiousness_productiveness,111,20,0.7567743067743068,1.0,0.9,0.9520941769011967
pilot_holdout,F_paper,abs,Big_Five_Inventory_2_conscientiousness_responsibility,111,15,0.6948490698490699,1.0,0.7,0.9210857869827129
pilot_holdout,F_paper,abs,Big_Five_Inventory_2_extraversion,109,22,0.7331109257714763,1.0,1.0,0.9558020058148132
pilot_holdout,F_paper,abs,Big_Five_Inventory_2_extraversion_assertiveness,111,8,0.7285100035100035,1.0,0.6,0.9548414944345187
pilot_holdout,F_paper,abs,Big_Five_Inventory_2_extraversion_energy_level,111,22,0.7586346086346085,1.0,0.9,0.9149468056365868
pilot_holdout,F_paper,abs,Big_Five_Inventory_2_extraversion_sociability,111,12,0.7078799578799579,1.0,0.9,0.9801057816658987
pilot_holdout,F_paper,abs,Big_Five_Inventory_2_neuroticism,109,29,0.7229635807617459,1.0,1.0,0.9151789569245204
pilot_holdout,F_paper,abs,Big_Five_Inventory_2_neuroticism_anxiety,111,22,0.6626711126711127,1.0,1.0,0.9437511489736298
pilot_holdout,F_paper,abs,Big_Five_Inventory_2_neuroticism_depression,111,34,0.7448227448227448,1.0,1.0,0.9390224282726423
pilot_holdout,F_paper,abs,Big_Five_Inventory_2_neuroticism_emotional_volatility,111,19,0.7729115479115479,1.0,0.7,0.9188442398545422
pilot_holdout,F_paper,abs,Big_Five_Inventory_2_openness,109,6,0.5078120656102308,0.8,0.5,0.8637472576201942
pilot_holdout,F_paper,abs,Big_Five_Inventory_2_openness_aesthetic_sensitivity,111,8,0.5167514917514918,1.0,0.8,0.9470390819402382
pilot_holdout,F_paper,abs,Big_Five_Inventory_2_openness_creative_imagination,111,7,0.3993243243243243,0.8,0.5,0.8143702630332736
pilot_holdout,F_paper,abs,Big_Five_Inventory_2_openness_intellectual_curiosity,111,6,0.6546244296244296,1.0,0.5,0.9242316829970704
pilot_holdout,F_paper,abs,Buss_Perry_Aggression_Questionnaire_Aggression,108,16,0.7615441043375537,1.0,0.8,0.9521867823827869
pilot_holdout,F_paper,abs,Buss_Perry_Aggression_Questionnaire_Aggression_Anger,111,15,0.7488504738504738,0.8,0.7,0.9092663425180076
pilot_holdout,F_paper,abs,Buss_Perry_Aggression_Questionnaire_Aggression_Hostility,111,19,0.7032028782028782,1.0,0.8,0.9259366477976707
pilot_holdout,F_paper,abs,Buss_Perry_Aggression_Questionnaire_Aggression_Physical_aggression,111,7,0.505054405054405,0.8,0.6,0.956230898961608
pilot_holdout,F_paper,abs,Buss_Perry_Aggression_Questionnaire_Aggression_Verbal_aggression,111,8,0.5774745524745525,0.8,0.6,0.9304511001174868
pilot_holdout,F_paper,abs,Emotion_Regulation_Questionnaire_Emotion_Regulation,110,12,0.44070509208123887,0.4,0.4,0.8044255373584586
pilot_holdout,F_paper,abs,Emotion_Regulation_Questionnaire_Emotion_Regulation_Reappraisal,111,6,0.055896805896805894,0.2,0.3,0.6103436673049049
pilot_holdout,F_paper,abs,Emotion_Regulation_Questionnaire_Emotion_Regulation_Suppression,111,0,0.5284047034047034,0.0,0.0,0.7750125465005963
pilot_holdout,F_paper,abs,Hope_Scale_Hope,110,45,0.7441471496517368,1.0,0.9,0.9006882261158333
pilot_holdout,F_paper,abs,Hope_Scale_Hope_Agency,111,38,0.797095472095472,1.0,0.9,0.9206053528099587
pilot_holdout,F_paper,abs,Hope_Scale_Hope_Pathways,111,25,0.5449631449631448,0.2,0.4,0.7112378596959595
pilot_holdout,F_paper,abs,International_Personality_Item_Pool_120_agreeableness,106,20,0.6540494243897523,1.0,0.8,0.9539187651315757
pilot_holdout,F_paper,abs,International_Personality_Item_Pool_120_agreeableness_altruism,111,17,0.6135135135135135,0.8,0.6,0.8823991005856874
pilot_holdout,F_paper,abs,International_Personality_Item_Pool_120_agreeableness_cooperation,111,12,0.4414619164619164,1.0,1.0,0.9696795370970397
pilot_holdout,F_paper,abs,International_Personality_Item_Pool_120_agreeableness_modesty,111,2,0.23519656019656018,0.0,0.1,0.7501444102247883
pilot_holdout,F_paper,abs,International_Personality_Item_Pool_120_agreeableness_morality,111,14,0.39519129519129514,0.4,0.4,0.5122426527377059
pilot_holdout,F_paper,abs,International_Personality_Item_Pool_120_agreeableness_sympathy,111,8,0.5021498771498771,1.0,0.6,0.891675567797979
pilot_holdout,F_paper,abs,International_Personality_Item_Pool_120_agreeableness_trust,111,4,0.6256405756405756,0.2,0.3,0.9058571216803146
pilot_holdout,F_paper,abs,International_Personality_Item_Pool_120_conscientiousness,106,23,0.7018414489759931,1.0,1.0,0.9749389348987229
pilot_holdout,F_paper,abs,International_Personality_Item_Pool_120_conscientiousness_achievement_striving,111,25,0.7486047736047736,1.0,0.9,0.9255015216170951
pilot_holdout,F_paper,abs,International_Personality_Item_Pool_120_conscientiousness_cautiousness,111,9,0.5759564759564759,1.0,0.5,0.9355917690982444
pilot_holdout,F_paper,abs,International_Personality_Item_Pool_120_conscientiousness_dutifulness,111,9,0.2974640224640225,0.2,0.3,0.7001231155299932
pilot_holdout,F_paper,abs,International_Personality_Item_Pool_120_conscientiousness_orderliness,111,6,0.4541330291330291,0.6,0.5,0.9545698148592106
pilot_holdout,F_paper,abs,International_Personality_Item_Pool_120_conscientiousness_self_discipline,111,16,0.7760617760617761,1.0,0.7,0.8873295150840993
pilot_holdout,F_paper,abs,International_Personality_Item_Pool_120_conscientiousness_self_efficacy,111,23,0.8066251316251316,1.0,0.9,0.9271603804818106
pilot_holdout,F_paper,abs,International_Personality_Item_Pool_120_extraversion,106,25,0.7500163740333023,1.0,0.8,0.9380209943784936
pilot_holdout,F_paper,abs,International_Personality_Item_Pool_120_extraversion_activiity_level,111,16,0.5648999648999649,0.8,0.7,0.9095294494823822
pilot_holdout,F_paper,abs,International_Personality_Item_Pool_120_extraversion_assertiveness,111,10,0.780071955071955,0.8,0.7,0.944568910390733
pilot_holdout,F_paper,abs,International_Personality_Item_Pool_120_extraversion_cheerfulness,111,27,0.8347753597753597,1.0,1.0,0.9475467772054279
pilot_holdout,F_paper,abs,International_Personality_Item_Pool_120_extraversion_excitement_seeking,111,8,0.7551070551070551,1.0,0.7,0.9456169469802238
pilot_holdout,F_paper,abs,International_Personality_Item_Pool_120_extraversion_friendliness,111,20,0.748034398034398,0.8,0.7,0.9338101252861828
pilot_holdout,F_paper,abs,International_Personality_Item_Pool_120_extraversion_gregariousness,111,6,0.5735170235170235,1.0,0.6,0.952302318621488
pilot_holdout,F_paper,abs,International_Personality_Item_Pool_120_neuroticism,106,39,0.771992845806988,1.0,1.0,0.9585083845367898
pilot_holdout,F_paper,abs,International_Personality_Item_Pool_120_neuroticism_anger,111,17,0.7778343278343277,0.8,0.7,0.893035789472575
pilot_holdout,F_paper,abs,International_Personality_Item_Pool_120_neuroticism_anxiety,111,25,0.7490084240084239,1.0,1.0,0.955910268739911
pilot_holdout,F_paper,abs,International_Personality_Item_Pool_120_neuroticism_depression,111,38,0.7321779571779571,1.0,0.9,0.9412919767000725
pilot_holdout,F_paper,abs,International_Personality_Item_Pool_120_neuroticism_immoderation,111,2,0.7755879255879256,0.2,0.2,0.8592996780401958
pilot_holdout,F_paper,abs,International_Personality_Item_Pool_120_neuroticism_self_consciousness,111,27,0.7313443313443313,0.8,0.8,0.9079519330126947
pilot_holdout,F_paper,abs,International_Personality_Item_Pool_120_neuroticism_vulnerability,111,33,0.5932520182520182,1.0,0.8,0.869453270317564
pilot_holdout,F_paper,abs,International_Personality_Item_Pool_120_openness,106,11,0.6545330881426809,1.0,0.8,0.9385068640528724
pilot_holdout,F_paper,abs,International_Personality_Item_Pool_120_openness_adventurousness,111,4,0.43095823095823094,0.2,0.2,0.6774172745167468
pilot_holdout,F_paper,abs,International_Personality_Item_Pool_120_openness_artistic_interests,111,5,0.569103194103194,1.0,0.5,0.8889390820436899
pilot_holdout,F_paper,abs,International_Personality_Item_Pool_120_openness_emotionality,111,7,0.4908652158652158,0.6,0.6,0.8024254781547321
pilot_holdout,F_paper,abs,International_Personality_Item_Pool_120_openness_imagination,111,5,0.4113987363987364,0.8,0.4,0.8149941776333439
pilot_holdout,F_paper,abs,International_Personality_Item_Pool_120_openness_intellect,111,8,0.45008775008775004,0.8,0.7,0.9146696985359242
pilot_holdout,F_paper,abs,International_Personality_Item_Pool_120_openness_liberalism,111,1,-0.0013776763776763776,0.0,0.0,0.4761805720582045
pilot_holdout,F_paper,abs,Interpersonal_Reactivity_Index_Brief_Empathy,108,11,0.547581620890375,0.4,0.6,0.7651267030488325
pilot_holdout,F_paper,abs,Interpersonal_Reactivity_Index_Brief_Empathy_Empathic_Concern,111,13,0.6735521235521236,1.0,0.6,0.889934209699742
pilot_holdout,F_paper,abs,Interpersonal_Reactivity_Index_Brief_Empathy_Fantasy,111,2,0.7259126009126009,0.2,0.2,0.925064668491541
pilot_holdout,F_paper,abs,Interpersonal_Reactivity_Index_Brief_Empathy_Personal_Distress,111,19,0.7458494208494209,1.0,0.9,0.9181064025059928
pilot_holdout,F_paper,abs,Interpersonal_Reactivity_Index_Brief_Empathy_Perspective_Taking,111,8,0.3042822042822043,0.0,0.1,0.5339922959423217
pilot_holdout,F_paper,abs,Life_Orientation_Test_Optimism,112,35,0.5266768032254757,0.8,0.9,0.8518258082287543
pilot_holdout,F_paper,abs,Mastery_Scale_Self_Mastery,112,26,0.6904107014726484,0.8,0.6,0.8714318008494669
pilot_holdout,F_paper,abs,Mindful_Attention_Awareness_Scale_Mindful_Attention_Awareness,112,20,0.75374141524584,1.0,0.9,0.9336982290148782
pilot_holdout,F_paper,abs,Multidimensional_Scale_of_Perceived_Social_Support_Perceived_Social_Support,109,13,0.5922898711889538,0.0,0.2,0.7702368909433709
pilot_holdout,F_paper,abs,Multidimensional_Scale_of_Perceived_Social_Support_Perceived_Social_Support_Family,111,7,0.46167953667953665,0.2,0.3,0.792796363006983
pilot_holdout,F_paper,abs,Multidimensional_Scale_of_Perceived_Social_Support_Perceived_Social_Support_Friends,111,8,0.6304668304668304,0.8,0.7,0.9026222305621217
pilot_holdout,F_paper,abs,Multidimensional_Scale_of_Perceived_Social_Support_Perceived_Social_Support_Significant_Other,111,1,0.5792558792558793,0.2,0.1,0.8219011532733376
pilot_holdout,F_paper,abs,Need_for_Cognition_Scale_Need_for_Cognition,112,12,0.5733078210954318,0.8,0.6,0.8997208868028093
pilot_holdout,F_paper,abs,Pain_Catastrophizing_Scale_Pain_Catastrophizing,109,27,0.562700398480215,1.0,0.9,0.8960707315096929
pilot_holdout,F_paper,abs,Pain_Catastrophizing_Scale_Pain_Catastrophizing_Helplessness,111,27,0.6236486486486487,0.8,0.9,0.9324371357463235
pilot_holdout,F_paper,abs,Pain_Catastrophizing_Scale_Pain_Catastrophizing_Magnification,111,24,0.6269217269217269,1.0,0.9,0.9589668860133886
pilot_holdout,F_paper,abs,Pain_Catastrophizing_Scale_Pain_Catastrophizing_Rumination,111,21,0.3058002808002808,0.8,0.8,0.8921832368612114
pilot_holdout,F_paper,abs,Penn_State_Worry_Questionnaire_Worry,112,23,0.7081183585608365,1.0,1.0,0.9673971106843305
pilot_holdout,F_paper,abs,Psychological_Well_Being_Scales_Well_being,106,46,0.6180668564375142,1.0,1.0,0.8795275117677912
pilot_holdout,F_paper,abs,Psychological_Well_Being_Scales_Well_being_autonomy,111,2,0.6763776763776764,0.2,0.1,0.8292952625339692
pilot_holdout,F_paper,abs,Psychological_Well_Being_Scales_Well_being_environmental_mastery,111,32,0.7699104949104949,0.8,0.9,0.884317357497342
pilot_holdout,F_paper,abs,Psychological_Well_Being_Scales_Well_being_personal_growth,111,18,0.4099333099333099,0.4,0.6,0.8653004062671893
pilot_holdout,F_paper,abs,Psychological_Well_Being_Scales_Well_being_positive_relations_with_others,111,20,0.6601965601965601,0.6,0.7,0.8496380859489784
pilot_holdout,F_paper,abs,Psychological_Well_Being_Scales_Well_being_purpose_in_life,111,6,0.16572481572481573,0.0,0.0,0.5819039223235375
pilot_holdout,F_paper,abs,Psychological_Well_Being_Scales_Well_being_self_acceptance,111,29,0.7346086346086346,0.8,0.9,0.9059829844894167
pilot_holdout,F_paper,abs,Rosenberg_Self_Esteem_Scale_Self_Esteem,112,46,0.7560221409778932,1.0,1.0,0.9508094382703425
pilot_holdout,F_paper,abs,Satisfaction_with_Life_Scale_Satisfaction_with_Life,112,25,0.6974493456794342,1.0,0.9,0.9452485241830493
pilot_holdout,F_paper,abs,Self_Compassion_Scale___Short_Form_Self_Compassion,106,28,0.5807038315237928,1.0,0.8,0.8636524858221994
pilot_holdout,F_paper,abs,Self_Compassion_Scale___Short_Form_Self_Compassion_Common_Humanity,111,1,0.22618462618462618,0.0,0.0,0.40184532475196627
pilot_holdout,F_paper,abs,Self_Compassion_Scale___Short_Form_Self_Compassion_Isolation,111,20,0.6651281151281151,1.0,1.0,0.9702575531908124
pilot_holdout,F_paper,abs,Self_Compassion_Scale___Short_Form_Self_Compassion_Mindfulness,111,7,0.22539487539487538,0.6,0.3,0.8017431431668565
pilot_holdout,F_paper,abs,Self_Compassion_Scale___Short_Form_Self_Compassion_Over_Identification,111,21,0.6147771147771147,1.0,1.0,0.9816362331447841
pilot_holdout,F_paper,abs,Self_Compassion_Scale___Short_Form_Self_Compassion_Self_Judgement,111,17,0.70506318006318,0.8,0.6,0.900729144374256
pilot_holdout,F_paper,abs,Self_Compassion_Scale___Short_Form_Self_Compassion_Self_Kindness,111,4,0.24584064584064586,0.0,0.0,0.4045573101627558
pilot_holdout,F_paper,abs,Self_Control_Scale_Self_Control,112,26,0.8103153722622749,1.0,1.0,0.9580761964865039
pilot_holdout,F_paper,abs,Short_Grit_Scale_Grit,110,23,0.790302729752271,1.0,1.0,0.9618524534375743
pilot_holdout,F_paper,abs,Short_Grit_Scale_Grit_Consistency_of_Interest,111,11,0.6417163917163916,0.4,0.4,0.7765071021314721
pilot_holdout,F_paper,abs,Short_Grit_Scale_Grit_Perseverance_of_Effort,111,29,0.7498508248508247,1.0,0.9,0.9605841862289763
pilot_holdout,F_paper,abs_cross_instrument,Barratt_Impulsiveness_Scale_Short_Form_Impulsiveness,109,24,0.6271522565100547,1.0,0.8,0.8822464387893539
pilot_holdout,F_paper,abs_cross_instrument,Barratt_Impulsiveness_Scale_Short_Form_Impulsiveness_Attention_impulsivity,109,14,0.5056065239551478,0.8,0.8,0.9305184232630652
pilot_holdout,F_paper,abs_cross_instrument,Barratt_Impulsiveness_Scale_Short_Form_Impulsiveness_Motor_Impulsivity,109,9,0.5456398850894264,1.0,0.7,0.9504988248521865
pilot_holdout,F_paper,abs_cross_instrument,Barratt_Impulsiveness_Scale_Short_Form_Impulsiveness_Non_planning,109,17,0.6449448614586231,1.0,1.0,0.9369090486512787
pilot_holdout,F_paper,abs_cross_instrument,Behavioral_Activation_System_Scale_behavioral_activation,109,12,0.7404781762579928,1.0,0.7,0.9528450642845778
pilot_holdout,F_paper,abs_cross_instrument,Behavioral_Activation_System_Scale_behavioral_activation_Drive,109,4,0.5943749420813641,0.2,0.3,0.8429138101934797
pilot_holdout,F_paper,abs_cross_instrument,Behavioral_Activation_System_Scale_behavioral_activation_Fun_Seeking,109,5,0.43054397182837556,0.6,0.5,0.9298300129339313
pilot_holdout,F_paper,abs_cross_instrument,Behavioral_Activation_System_Scale_behavioral_activation_Reward_Responsiveness,109,10,0.5565563895839126,0.4,0.3,0.7755219434395377
pilot_holdout,F_paper,abs_cross_instrument,Behavioral_Inhibition_System_Scale_behavioral_inhibition,112,19,0.5915023746882154,1.0,0.8,0.9419697898062397
pilot_holdout,F_paper,abs_cross_instrument,Big_Five_Inventory_2_agreeableness,93,16,0.7205096833875443,1.0,0.9,0.95892105070915
pilot_holdout,F_paper,abs_cross_instrument,Big_Five_Inventory_2_agreeableness_compassion,93,10,0.6238100922085283,0.8,0.5,0.8772310016908791
pilot_holdout,F_paper,abs_cross_instrument,Big_Five_Inventory_2_agreeableness_respectfulness,93,13,0.6085464474351705,1.0,0.7,0.9373084704848297
pilot_holdout,F_paper,abs_cross_instrument,Big_Five_Inventory_2_agreeableness_trust,93,6,0.6558145086687952,0.6,0.5,0.9362763931750593
pilot_holdout,F_paper,abs_cross_instrument,Big_Five_Inventory_2_conscientiousness,93,19,0.7292829220256034,1.0,0.9,0.9537159967929633
pilot_holdout,F_paper,abs_cross_instrument,Big_Five_Inventory_2_conscientiousness_organization,93,9,0.6991137238518694,0.8,0.8,0.9486834015725762
pilot_holdout,F_paper,abs_cross_instrument,Big_Five_Inventory_2_conscientiousness_productiveness,93,18,0.7537972606009966,1.0,0.9,0.9469397468650352
pilot_holdout,F_paper,abs_cross_instrument,Big_Five_Inventory_2_conscientiousness_responsibility,93,13,0.6806720181432961,1.0,0.6,0.9034171810356171
pilot_holdout,F_paper,abs_cross_instrument,Big_Five_Inventory_2_extraversion,93,21,0.7662558562859955,1.0,1.0,0.9558020058148132
pilot_holdout,F_paper,abs_cross_instrument,Big_Five_Inventory_2_extraversion_assertiveness,93,6,0.7198531825370773,0.6,0.5,0.9541842242818286
pilot_holdout,F_paper,abs_cross_instrument,Big_Five_Inventory_2_extraversion_energy_level,93,19,0.7589149831398644,0.8,0.8,0.9130583666047561
pilot_holdout,F_paper,abs_cross_instrument,Big_Five_Inventory_2_extraversion_sociability,93,10,0.7431888036764047,1.0,0.7,0.9652346799977719
pilot_holdout,F_paper,abs_cross_instrument,Big_Five_Inventory_2_neuroticism,93,29,0.7777147802214198,1.0,1.0,0.9151789569245204
pilot_holdout,F_paper,abs_cross_instrument,Big_Five_Inventory_2_neuroticism_anxiety,93,20,0.7169138491838499,1.0,1.0,0.9483898826297725
pilot_holdout,F_paper,abs_cross_instrument,Big_Five_Inventory_2_neuroticism_depression,93,30,0.7915311390289754,1.0,1.0,0.9399477974542318
pilot_holdout,F_paper,abs_cross_instrument,Big_Five_Inventory_2_neuroticism_emotional_volatility,93,17,0.8024230849571782,0.8,0.6,0.9088410014731255
pilot_holdout,F_paper,abs_cross_instrument,Big_Five_Inventory_2_openness,93,6,0.4984184297693294,0.8,0.5,0.8637472576201942
pilot_holdout,F_paper,abs_cross_instrument,Big_Five_Inventory_2_openness_aesthetic_sensitivity,93,6,0.476455492226433,0.8,0.6,0.9027549505297281
pilot_holdout,F_paper,abs_cross_instrument,Big_Five_Inventory_2_openness_creative_imagination,93,5,0.3750559517770284,0.6,0.3,0.7830771003745371
pilot_holdout,F_paper,abs_cross_instrument,Big_Five_Inventory_2_openness_intellectual_curiosity,93,4,0.6272268807257317,0.6,0.3,0.8865979166318919
pilot_holdout,F_paper,abs_cross_instrument,Buss_Perry_Aggression_Questionnaire_Aggression,108,16,0.7615441043375537,1.0,0.8,0.9521867823827869
pilot_holdout,F_paper,abs_cross_instrument,Buss_Perry_Aggression_Questionnaire_Aggression_Anger,108,12,0.7433288557356121,0.8,0.7,0.9173608853507083
pilot_holdout,F_paper,abs_cross_instrument,Buss_Perry_Aggression_Questionnaire_Aggression_Hostility,108,18,0.6918745891565921,1.0,0.8,0.9259366477976707
pilot_holdout,F_paper,abs_cross_instrument,Buss_Perry_Aggression_Questionnaire_Aggression_Physical_aggression,108,6,0.46752788971772075,1.0,0.5,0.9529572923940369
pilot_holdout,F_paper,abs_cross_instrument,Buss_Perry_Aggression_Questionnaire_Aggression_Verbal_aggression,108,7,0.5451808663675249,1.0,0.6,0.9390601737850679
pilot_holdout,F_paper,abs_cross_instrument,Emotion_Regulation_Questionnaire_Emotion_Regulation,110,12,0.44070509208123887,0.4,0.4,0.8044255373584586
pilot_holdout,F_paper,abs_cross_instrument,Emotion_Regulation_Questionnaire_Emotion_Regulation_Reappraisal,110,6,0.05954962468723936,0.2,0.3,0.6103436673049049
pilot_holdout,F_paper,abs_cross_instrument,Emotion_Regulation_Questionnaire_Emotion_Regulation_Suppression,110,0,0.5291571805333273,0.0,0.0,0.7750125465005963
pilot_holdout,F_paper,abs_cross_instrument,Hope_Scale_Hope,110,45,0.7441471496517368,1.0,0.9,0.9006882261158333
pilot_holdout,F_paper,abs_cross_instrument,Hope_Scale_Hope_Agency,110,37,0.7986700628902463,1.0,0.9,0.9206053528099587
pilot_holdout,F_paper,abs_cross_instrument,Hope_Scale_Hope_Pathways,110,24,0.5350089038162433,0.2,0.3,0.6816628114964811
pilot_holdout,F_paper,abs_cross_instrument,International_Personality_Item_Pool_120_agreeableness,78,16,0.6651702727652093,1.0,0.8,0.9557683068072206
pilot_holdout,F_paper,abs_cross_instrument,International_Personality_Item_Pool_120_agreeableness_altruism,78,10,0.6035862871305909,0.8,0.5,0.862673984615504
pilot_holdout,F_paper,abs_cross_instrument,International_Personality_Item_Pool_120_agreeableness_cooperation,78,9,0.4545707457099862,1.0,0.7,0.9086870090806309
pilot_holdout,F_paper,abs_cross_instrument,International_Personality_Item_Pool_120_agreeableness_modesty,78,1,0.26605040529091156,0.0,0.1,0.8157196225203743
pilot_holdout,F_paper,abs_cross_instrument,International_Personality_Item_Pool_120_agreeableness_morality,78,9,0.43049355707583553,0.4,0.4,0.510200162643903
pilot_holdout,F_paper,abs_cross_instrument,International_Personality_Item_Pool_120_agreeableness_sympathy,78,5,0.4594772316291304,0.8,0.4,0.8318258476011918
pilot_holdout,F_paper,abs_cross_instrument,International_Personality_Item_Pool_120_agreeableness_trust,78,3,0.6174964276230098,0.4,0.3,0.8933864565340466
pilot_holdout,F_paper,abs_cross_instrument,International_Personality_Item_Pool_120_conscientiousness,78,20,0.7761984850592445,1.0,1.0,0.9749389348987229
pilot_holdout,F_paper,abs_cross_instrument,International_Personality_Item_Pool_120_conscientiousness_achievement_striving,78,18,0.8205338964832635,1.0,0.8,0.9571508711431544
pilot_holdout,F_paper,abs_cross_instrument,International_Personality_Item_Pool_120_conscientiousness_cautiousness,78,9,0.6034092489788692,1.0,0.6,0.9309144142215804
pilot_holdout,F_paper,abs_cross_instrument,International_Personality_Item_Pool_120_conscientiousness_dutifulness,78,6,0.4072762680357617,0.4,0.3,0.7669929091693348
pilot_holdout,F_paper,abs_cross_instrument,International_Personality_Item_Pool_120_conscientiousness_orderliness,78,5,0.5891956145120701,0.8,0.5,0.9709609540523894
pilot_holdout,F_paper,abs_cross_instrument,International_Personality_Item_Pool_120_conscientiousness_self_discipline,78,13,0.7891981436285234,0.8,0.7,0.8856883100004538
pilot_holdout,F_paper,abs_cross_instrument,International_Personality_Item_Pool_120_conscientiousness_self_efficacy,78,16,0.8204833141542002,1.0,0.9,0.9419024351702625
pilot_holdout,F_paper,abs_cross_instrument,International_Personality_Item_Pool_120_extraversion,78,19,0.7653738666396893,1.0,0.8,0.9384395500547213
pilot_holdout,F_paper,abs_cross_instrument,International_Personality_Item_Pool_120_extraversion_activiity_level,78,10,0.5961506847582797,0.6,0.6,0.8827529615076276
pilot_holdout,F_paper,abs_cross_instrument,International_Personality_Item_Pool_120_extraversion_assertiveness,78,6,0.7480494189354948,0.8,0.6,0.947920945775295
pilot_holdout,F_paper,abs_cross_instrument,International_Personality_Item_Pool_120_extraversion_cheerfulness,78,21,0.8705851110914401,1.0,0.9,0.9590890013633023
pilot_holdout,F_paper,abs_cross_instrument,International_Personality_Item_Pool_120_extraversion_excitement_seeking,78,5,0.7399309551208284,1.0,0.5,0.9655577943269612
pilot_holdout,F_paper,abs_cross_instrument,International_Personality_Item_Pool_120_extraversion_friendliness,78,14,0.7089492785695316,0.8,0.7,0.9243950864777009
pilot_holdout,F_paper,abs_cross_instrument,International_Personality_Item_Pool_120_extraversion_gregariousness,78,3,0.5333021408970775,0.6,0.3,0.895264340445906
pilot_holdout,F_paper,abs_cross_instrument,International_Personality_Item_Pool_120_neuroticism,78,35,0.7778929930828663,1.0,1.0,0.9585083845367898
pilot_holdout,F_paper,abs_cross_instrument,International_Personality_Item_Pool_120_neuroticism_anger,78,14,0.7718231135952653,0.8,0.8,0.9064834240791382
pilot_holdout,F_paper,abs_cross_instrument,International_Personality_Item_Pool_120_neuroticism_anxiety,78,20,0.7680294389155147,1.0,1.0,0.967356279384809
pilot_holdout,F_paper,abs_cross_instrument,International_Personality_Item_Pool_120_neuroticism_depression,78,32,0.7003249914642319,1.0,0.9,0.9417572333647998
pilot_holdout,F_paper,abs_cross_instrument,International_Personality_Item_Pool_120_neuroticism_immoderation,78,2,0.7964061255200495,0.2,0.2,0.8877452957444066
pilot_holdout,F_paper,abs_cross_instrument,International_Personality_Item_Pool_120_neuroticism_self_consciousness,78,21,0.684568595961001,0.8,0.7,0.908804080455655
pilot_holdout,F_paper,abs_cross_instrument,International_Personality_Item_Pool_120_neuroticism_vulnerability,78,27,0.5624122712730307,1.0,0.8,0.8894502066528658
pilot_holdout,F_paper,abs_cross_instrument,International_Personality_Item_Pool_120_openness,78,9,0.6805978831295287,1.0,0.8,0.9477391479009097
pilot_holdout,F_paper,abs_cross_instrument,International_Personality_Item_Pool_120_openness_adventurousness,78,2,0.3714892702234474,0.0,0.1,0.5782633203944313
pilot_holdout,F_paper,abs_cross_instrument,International_Personality_Item_Pool_120_openness_artistic_interests,78,4,0.6314571504444921,0.8,0.4,0.9067999982816584
pilot_holdout,F_paper,abs_cross_instrument,International_Personality_Item_Pool_120_openness_emotionality,78,4,0.5445820002782028,0.6,0.3,0.7864562858578888
pilot_holdout,F_paper,abs_cross_instrument,International_Personality_Item_Pool_120_openness_imagination,78,5,0.5109194602865489,0.8,0.4,0.8270875916989541
pilot_holdout,F_paper,abs_cross_instrument,International_Personality_Item_Pool_120_openness_intellect,78,6,0.5553054540396312,0.8,0.6,0.9544804820962846
pilot_holdout,F_paper,abs_cross_instrument,International_Personality_Item_Pool_120_openness_liberalism,78,1,0.014453900529849895,0.0,0.0,0.42381039765038275
pilot_holdout,F_paper,abs_cross_instrument,Interpersonal_Reactivity_Index_Brief_Empathy,108,11,0.547581620890375,0.4,0.6,0.7651267030488325
pilot_holdout,F_paper,abs_cross_instrument,Interpersonal_Reactivity_Index_Brief_Empathy_Empathic_Concern,108,11,0.658035382548801,1.0,0.6,0.9033416508525841
pilot_holdout,F_paper,abs_cross_instrument,Interpersonal_Reactivity_Index_Brief_Empathy_Fantasy,108,1,0.7131288881267446,0.2,0.1,0.9035954565748795
pilot_holdout,F_paper,abs_cross_instrument,Interpersonal_Reactivity_Index_Brief_Empathy_Personal_Distress,108,19,0.7455200205778959,1.0,0.9,0.9181064025059928
pilot_holdout,F_paper,abs_cross_instrument,Interpersonal_Reactivity_Index_Brief_Empathy_Perspective_Taking,108,7,0.2864328789047987,0.0,0.0,0.44483658203470144
pilot_holdout,F_paper,abs_cross_instrument,Life_Orientation_Test_Optimism,112,35,0.5266768032254757,0.8,0.9,0.8518258082287543
pilot_holdout,F_paper,abs_cross_instrument,Mastery_Scale_Self_Mastery,112,26,0.6904107014726484,0.8,0.6,0.8714318008494669
pilot_holdout,F_paper,abs_cross_instrument,Mindful_Attention_Awareness_Scale_Mindful_Attention_Awareness,112,20,0.75374141524584,1.0,0.9,0.9336982290148782
pilot_holdout,F_paper,abs_cross_instrument,Multidimensional_Scale_of_Perceived_Social_Support_Perceived_Social_Support,109,13,0.5922898711889538,0.0,0.2,0.7702368909433709
pilot_holdout,F_paper,abs_cross_instrument,Multidimensional_Scale_of_Perceived_Social_Support_Perceived_Social_Support_Family,109,6,0.4369937911222315,0.0,0.2,0.6990182291206601
pilot_holdout,F_paper,abs_cross_instrument,Multidimensional_Scale_of_Perceived_Social_Support_Perceived_Social_Support_Friends,109,6,0.6106292280604209,0.6,0.5,0.8625456424982588
pilot_holdout,F_paper,abs_cross_instrument,Multidimensional_Scale_of_Perceived_Social_Support_Perceived_Social_Support_Significant_Other,109,0,0.5577518302288944,0.0,0.0,0.7706536948463041
pilot_holdout,F_paper,abs_cross_instrument,Need_for_Cognition_Scale_Need_for_Cognition,112,12,0.5733078210954318,0.8,0.6,0.8997208868028093
pilot_holdout,F_paper,abs_cross_instrument,Pain_Catastrophizing_Scale_Pain_Catastrophizing,109,27,0.562700398480215,1.0,0.9,0.8960707315096929
pilot_holdout,F_paper,abs_cross_instrument,Pain_Catastrophizing_Scale_Pain_Catastrophizing_Helplessness,109,25,0.6025576869613567,0.8,0.9,0.9039931877172678
pilot_holdout,F_paper,abs_cross_instrument,Pain_Catastrophizing_Scale_Pain_Catastrophizing_Magnification,109,22,0.6060142711518859,1.0,0.9,0.9491403425881533
pilot_holdout,F_paper,abs_cross_instrument,Pain_Catastrophizing_Scale_Pain_Catastrophizing_Rumination,109,19,0.26688907422852376,0.8,0.6,0.752926736262307
pilot_holdout,F_paper,abs_cross_instrument,Penn_State_Worry_Questionnaire_Worry,112,23,0.7081183585608365,1.0,1.0,0.9673971106843305
pilot_holdout,F_paper,abs_cross_instrument,Psychological_Well_Being_Scales_Well_being,106,46,0.6180668564375142,1.0,1.0,0.8795275117677912
pilot_holdout,F_paper,abs_cross_instrument,Psychological_Well_Being_Scales_Well_being_autonomy,106,2,0.6760057435070661,0.2,0.1,0.8283800616083019
pilot_holdout,F_paper,abs_cross_instrument,Psychological_Well_Being_Scales_Well_being_environmental_mastery,106,31,0.7722850593243822,0.8,0.9,0.8918552585625361
pilot_holdout,F_paper,abs_cross_instrument,Psychological_Well_Being_Scales_Well_being_personal_growth,106,16,0.426858452779807,0.4,0.6,0.8709660765186783
pilot_holdout,F_paper,abs_cross_instrument,Psychological_Well_Being_Scales_Well_being_positive_relations_with_others,106,19,0.6474091241151724,0.6,0.7,0.8533119702901678
pilot_holdout,F_paper,abs_cross_instrument,Psychological_Well_Being_Scales_Well_being_purpose_in_life,106,5,0.1696198705191828,0.0,0.0,0.5939337376659948
pilot_holdout,F_paper,abs_cross_instrument,Psychological_Well_Being_Scales_Well_being_self_acceptance,106,26,0.729480817190216,0.8,0.9,0.8989411772958787
pilot_holdout,F_paper,abs_cross_instrument,Rosenberg_Self_Esteem_Scale_Self_Esteem,112,46,0.7560221409778932,1.0,1.0,0.9508094382703425
pilot_holdout,F_paper,abs_cross_instrument,Satisfaction_with_Life_Scale_Satisfaction_with_Life,112,25,0.6974493456794342,1.0,0.9,0.9452485241830493
pilot_holdout,F_paper,abs_cross_instrument,Self_Compassion_Scale___Short_Form_Self_Compassion,106,28,0.5807038315237928,1.0,0.8,0.8636524858221994
pilot_holdout,F_paper,abs_cross_instrument,Self_Compassion_Scale___Short_Form_Self_Compassion_Common_Humanity,106,0,0.2085144973171776,0.0,0.0,0.4708148720926618
pilot_holdout,F_paper,abs_cross_instrument,Self_Compassion_Scale___Short_Form_Self_Compassion_Isolation,106,18,0.6803184119706779,1.0,1.0,0.9577075960233846
pilot_holdout,F_paper,abs_cross_instrument,Self_Compassion_Scale___Short_Form_Self_Compassion_Mindfulness,106,7,0.2007557246139507,0.6,0.3,0.769412777128654
pilot_holdout,F_paper,abs_cross_instrument,Self_Compassion_Scale___Short_Form_Self_Compassion_Over_Identification,106,19,0.6230848678741466,1.0,1.0,0.9748163516089998
pilot_holdout,F_paper,abs_cross_instrument,Self_Compassion_Scale___Short_Form_Self_Compassion_Self_Judgement,106,15,0.7269718114718997,0.6,0.6,0.9047887086935353
pilot_holdout,F_paper,abs_cross_instrument,Self_Compassion_Scale___Short_Form_Self_Compassion_Self_Kindness,106,3,0.2515706476559942,0.0,0.0,0.4129170780186335
pilot_holdout,F_paper,abs_cross_instrument,Self_Control_Scale_Self_Control,112,26,0.8103153722622749,1.0,1.0,0.9580761964865039
pilot_holdout,F_paper,abs_cross_instrument,Short_Grit_Scale_Grit,110,23,0.790302729752271,1.0,1.0,0.9618524534375743
pilot_holdout,F_paper,abs_cross_instrument,Short_Grit_Scale_Grit_Consistency_of_Interest,110,11,0.663683700380948,0.4,0.4,0.7765071021314721
pilot_holdout,F_paper,abs_cross_instrument,Short_Grit_Scale_Grit_Perseverance_of_Effort,110,29,0.7608457498365755,1.0,0.9,0.9605841862289763
validation_prolific,plain,signed,Attitudes_Toward_AI_in_Defense_Scale_negative_attitude_toward_ai_in_defense,79,0,0.06387536514118794,0.0,0.0,0.49878419285008635
validation_prolific,plain,signed,Attitudes_Toward_AI_in_Defense_Scale_positive_attitude_toward_ai_in_defense,79,0,0.17392891918208375,0.0,0.0,0.5021376024289245
validation_prolific,plain,signed,Authoritarianism_Short_Scale_authoritarianism,76,4,0.37574846206425155,0.4,0.4,0.778856611397666
validation_prolific,plain,signed,Authoritarianism_Short_Scale_authoritarianismauthoritarian_aggression,78,4,0.39508592673149634,0.4,0.4,0.8320045890016996
validation_prolific,plain,signed,Authoritarianism_Short_Scale_authoritarianismauthoritarian_submissiveness,78,3,0.22677322677322675,0.6,0.3,0.8328399811699817
validation_prolific,plain,signed,Authoritarianism_Short_Scale_authoritarianismconventionalism,78,5,0.4035078845205427,0.6,0.4,0.7009196198620449
validation_prolific,plain,signed,Center_for_Epidemiological_Studies_Depression_Scale_depression,75,25,0.38159317211948784,0.8,0.7,0.8370150561767714
validation_prolific,plain,signed,Center_for_Epidemiological_Studies_Depression_Scale_depressiondepressive_affect,78,19,0.3687325332894953,1.0,0.7,0.8382159425976535
validation_prolific,plain,signed,Center_for_Epidemiological_Studies_Depression_Scale_depressioninterpersonal,78,17,0.36304202126986934,1.0,0.7,0.8997100235021742
validation_prolific,plain,signed,Center_for_Epidemiological_Studies_Depression_Scale_depressionsomatic,78,30,0.4285967197359602,1.0,0.9,0.9400055786650185
validation_prolific,plain,signed,Center_for_Epidemiological_Studies_Depression_Scale_depressionwell_being,78,23,0.08499095840867993,1.0,0.6,0.7250418119500567
validation_prolific,plain,signed,Chronotype_Questionnaire_distinctness,79,22,0.38777994157740997,0.8,0.7,0.7539471453364489
validation_prolific,plain,signed,Chronotype_Questionnaire_morningness_eveningness,79,0,0.19518013631937686,0.0,0.0,0.7808030806504256
validation_prolific,plain,signed,Disgust_Avoidance_Questionnaire_behavioral_escape,79,3,0.06051606621226875,0.4,0.2,0.7044476615585121
validation_prolific,plain,signed,Disgust_Avoidance_Questionnaire_behavioral_prevention,79,3,0.3891187925998053,0.6,0.3,0.9186457239884858
validation_prolific,plain,signed,Disgust_Avoidance_Questionnaire_cognitive_escape,79,3,0.30165530671859786,0.4,0.3,0.8621292711459195
validation_prolific,plain,signed,Disgust_Avoidance_Questionnaire_cognitive_prevention,79,3,0.32356377799415775,0.4,0.2,0.6452905554841939
validation_prolific,plain,signed,Fear_of_COVID_19_Scale_fear_of_covid_19,79,0,0.5515822784810127,0.0,0.0,0.7722932835892143
validation_prolific,plain,signed,HEXACO_60_agreeableness,75,4,0.09098150782361308,0.0,0.0,0.5574453518166731
validation_prolific,plain,signed,HEXACO_60_agreeablenessflexibility,78,2,0.20527573692130655,0.4,0.2,0.689599671279256
validation_prolific,plain,signed,HEXACO_60_agreeablenessforgiveness,78,1,-0.02335639044499804,0.2,0.1,0.7019781403713211
validation_prolific,plain,signed,HEXACO_60_agreeablenessgentleness,78,3,0.13238660074103112,0.4,0.2,0.723782849717377
validation_prolific,plain,signed,HEXACO_60_agreeablenesspatience,78,2,0.3675185573919751,0.2,0.1,0.8200486166636763
validation_prolific,plain,signed,HEXACO_60_conscientiousness,75,13,0.19519203413940253,0.4,0.6,0.6545068251607165
validation_prolific,plain,signed,HEXACO_60_conscientiousnessdiligence,78,8,0.4910911872937189,0.6,0.5,0.8717084075887832
validation_prolific,plain,signed,HEXACO_60_conscientiousnessorganization,78,10,0.3768509971041616,0.2,0.1,0.4725980857095095
validation_prolific,plain,signed,HEXACO_60_conscientiousnessperfectionism,78,1,0.015313800123926705,0.0,0.1,0.6333566529104587
validation_prolific,plain,signed,HEXACO_60_conscientiousnessprudence,78,8,0.45666991236611487,1.0,0.6,0.839390034141269
validation_prolific,plain,signed,HEXACO_60_honesty_humility,75,0,-0.026941678520625886,0.0,0.0,0.38266061051163786
validation_prolific,plain,signed,HEXACO_60_honesty_humilityfairness__hexaco_,78,2,-0.0154908382756484,0.0,0.0,0.5168932717126442
validation_prolific,plain,signed,HEXACO_60_honesty_humilitygreed_avoidance,78,0,0.13418227342277975,0.0,0.0,0.8293268006047765
validation_prolific,plain,signed,HEXACO_60_honesty_humilitymodesty,78,0,0.013315798125924707,0.0,0.0,0.6250708275103133
validation_prolific,plain,signed,HEXACO_60_honesty_humilitysincerity,78,0,0.03364989440938808,0.0,0.0,0.7036435685553216
validation_prolific,plain,signed,Moral_Foundations_Questionnaire_authority,79,9,0.46923076923076923,0.6,0.6,0.6819386401786746
validation_prolific,plain,signed,Moral_Foundations_Questionnaire_fairness,79,1,0.45666991236611487,0.0,0.1,0.5829153053630829
validation_prolific,plain,signed,Moral_Foundations_Questionnaire_harm,79,1,0.18960564751703993,0.2,0.1,0.669085384393421
validation_prolific,plain,signed,Moral_Foundations_Questionnaire_ingroup,79,6,0.33074488802336904,0.2,0.2,0.5769386797362402
validation_prolific,plain,signed,Moral_Foundations_Questionnaire_purity,79,5,0.07497565725413828,0.2,0.2,0.6517252797479343
validation_prolific,plain,signed,New_Ecological_Paradigm_Scale_antiexemptionalism,79,4,0.22487828627069134,0.6,0.3,0.8381354535165856
validation_prolific,plain,signed,New_Ecological_Paradigm_Scale_balance_of_nature,79,5,0.30481986368062314,0.8,0.4,0.7653207241871631
validation_prolific,plain,signed,New_Ecological_Paradigm_Scale_eco_crisis,79,6,0.08205939629990264,0.2,0.1,0.5362324502239771
validation_prolific,plain,signed,New_Ecological_Paradigm_Scale_human_domination,79,7,0.41915774099318404,0.6,0.6,0.7971245080982841
validation_prolific,plain,signed,New_Ecological_Paradigm_Scale_limits_to_growth,79,4,0.2512414800389484,0.6,0.4,0.8750186555489516
validation_prolific,plain,signed,Obsessive_Compulsive_Inventory__Revised__obsessiveness_compulsiveness,73,15,0.4792669381710479,0.6,0.7,0.8731837407276724
validation_prolific,plain,signed,Obsessive_Compulsive_Inventory__Revised__obsessiveness_compulsivenesschecking,78,8,0.2983219312333236,0.6,0.4,0.7829712788846227
validation_prolific,plain,signed,Obsessive_Compulsive_Inventory__Revised__obsessiveness_compulsivenesshoarding,78,7,0.24321248371881282,0.0,0.0,0.6094083172242577
validation_prolific,plain,signed,Obsessive_Compulsive_Inventory__Revised__obsessiveness_compulsivenessneutralizing,78,5,0.11114202253442759,0.0,0.0,0.4551192161509606
validation_prolific,plain,signed,Obsessive_Compulsive_Inventory__Revised__obsessiveness_compulsivenessobsessing,78,25,0.5342126228202178,1.0,0.9,0.9357694463521419
validation_prolific,plain,signed,Obsessive_Compulsive_Inventory__Revised__obsessiveness_compulsivenessordering,78,4,0.08253771544910785,0.0,0.0,0.274064665799144
validation_prolific,plain,signed,Obsessive_Compulsive_Inventory__Revised__obsessiveness_compulsivenesswashing,78,5,0.5036608960659593,0.2,0.2,0.6459726367774992
validation_prolific,plain,signed,Oldenburg_Burnout_Inventory__English_Translation__burnout,77,28,0.5399337504600662,1.0,1.0,0.8834335131574532
validation_prolific,plain,signed,Oldenburg_Burnout_Inventory__English_Translation__burnoutdisengagement,78,27,0.4907371109902755,1.0,0.9,0.8716929856015061
validation_prolific,plain,signed,Oldenburg_Burnout_Inventory__English_Translation__burnoutexhaustion,78,27,0.5727310664019524,0.8,0.8,0.8147379406091204
validation_prolific,plain,signed,Perceived_Stress_Scale_perceived_stress,79,27,0.49036027263875365,1.0,0.8,0.8288484453353226
validation_prolific,plain,signed,Perseverative_Thinking_Questionnaire_perseverative_thinking,76,26,0.443362952836637,0.8,0.9,0.8630294950786597
validation_prolific,plain,signed,Perseverative_Thinking_Questionnaire_perseverative_thinkingcore_characteristics_of_repetitive_negative_thinking,78,25,0.47518304480329787,1.0,0.8,0.8755860261567705
validation_prolific,plain,signed,Perseverative_Thinking_Questionnaire_perseverative_thinkingrepetitive_negative_thinking_capturing_mental_capacity,78,25,0.4546466192035812,0.8,0.9,0.8676556522437651
validation_prolific,plain,signed,Perseverative_Thinking_Questionnaire_perseverative_thinkingunproductiveness_of_repetitive_negative_thinking,78,27,0.40436778411461954,1.0,0.9,0.9021673720139508
validation_prolific,plain,signed,Perth_Alexithymia_Questionnaire_alexithymia,74,13,0.571299518696779,0.8,0.8,0.8691487786947825
validation_prolific,plain,signed,Perth_Alexithymia_Questionnaire_alexithymiageneral_externally_orientated_thinking,78,3,0.2178960280226103,0.0,0.0,0.4280923066740823
validation_prolific,plain,signed,Perth_Alexithymia_Questionnaire_alexithymianegative_difficulty_describing_feelings,78,11,0.5668382250660732,0.8,0.4,0.929303067441908
validation_prolific,plain,signed,Perth_Alexithymia_Questionnaire_alexithymianegative_difficulty_identifying_feelings,78,12,0.7000214974898519,0.8,0.8,0.8958816374381485
validation_prolific,plain,signed,Perth_Alexithymia_Questionnaire_alexithymiapositive_difficulty_describing_feelings,78,11,-0.07383755485021307,0.4,0.3,0.673285101551095
validation_prolific,plain,signed,Perth_Alexithymia_Questionnaire_alexithymiapositive_difficulty_identifying_feelings,78,10,0.3571997622630534,0.6,0.5,0.7959400555321445
validation_prolific,plain,signed,Positive_and_Negative_Affect_Schedule_negative_affect,79,24,0.4941820837390458,1.0,0.8,0.9109566922389436
validation_prolific,plain,signed,Positive_and_Negative_Affect_Schedule_positive_affect,79,21,0.2846153846153846,1.0,0.9,0.933257724127175
validation_prolific,plain,signed,Revised_Adult_Attachment_Scale_close,79,17,0.20873904576436222,0.2,0.2,0.5999565724683432
validation_prolific,plain,signed,Revised_Adult_Attachment_Scale_depend,79,14,0.19298928919182085,0.6,0.5,0.682632451137998
validation_prolific,plain,signed,Survey_Attitude_Scale_survey_burden,79,2,0.3073271665043817,0.4,0.2,0.7783815509239077
validation_prolific,plain,signed,Survey_Attitude_Scale_survey_enjoyment,79,2,0.5205696202531646,0.4,0.2,0.9619467735110283
validation_prolific,plain,signed,Survey_Attitude_Scale_survey_value,79,2,-0.21134371957156767,0.4,0.2,0.6684353168195921
validation_prolific,plain,signed,UCLA_Loneliness_Scale__Short_Form__loneliness,79,26,0.3571080817916261,1.0,1.0,0.9309934635434237
validation_prolific,plain,signed,Utrecht_Work_Engagement_Scale__Short_Version__engagement,76,14,0.26982911825017086,1.0,0.9,0.9538741718499271
validation_prolific,plain,signed,Utrecht_Work_Engagement_Scale__Short_Version__engagementabsorption,78,11,0.42275446072914424,1.0,0.9,0.9348951152341839
validation_prolific,plain,signed,Utrecht_Work_Engagement_Scale__Short_Version__engagementdedication,78,15,0.28074457188381235,1.0,1.0,0.9605303304850116
validation_prolific,plain,signed,Utrecht_Work_Engagement_Scale__Short_Version__engagementvigor,78,17,0.2892424031664538,1.0,0.9,0.9076673042677643
validation_prolific,plain,signed,Work_Gratitude_Scale_work_gratitude,76,9,0.22876281613123717,1.0,0.9,0.9734310397077928
validation_prolific,plain,signed,Work_Gratitude_Scale_work_gratitudegrateful_appraisals,78,12,0.2649375940515181,1.0,0.9,0.9316189172732735
validation_prolific,plain,signed,Work_Gratitude_Scale_work_gratitudegratitude_toward_others,78,8,0.3076796621100419,1.0,0.8,0.9630240917319957
validation_prolific,plain,signed,Work_Gratitude_Scale_work_gratitudeintentional_attitude_of_gratitude,78,9,0.2511033270526941,1.0,0.9,0.9481763587969892
validation_prolific,plain,abs,Attitudes_Toward_AI_in_Defense_Scale_negative_attitude_toward_ai_in_defense,79,0,0.08281402142161635,0.0,0.0,0.49878419285008635
validation_prolific,plain,abs,Attitudes_Toward_AI_in_Defense_Scale_positive_attitude_toward_ai_in_defense,79,0,0.2626582278481013,0.0,0.0,0.5021376024289245
validation_prolific,plain,abs,Authoritarianism_Short_Scale_authoritarianism,76,4,0.382282980177717,0.4,0.4,0.778856611397666
validation_prolific,plain,abs,Authoritarianism_Short_Scale_authoritarianismauthoritarian_aggression,78,4,0.42715512335765493,0.4,0.4,0.8320045890016996
validation_prolific,plain,abs,Authoritarianism_Short_Scale_authoritarianismauthoritarian_submissiveness,78,3,0.24336423070600283,0.6,0.3,0.8328399811699817
validation_prolific,plain,abs,Authoritarianism_Short_Scale_authoritarianismconventionalism,78,5,0.3120803247385526,0.6,0.4,0.7009196198620449
validation_prolific,plain,abs,Center_for_Epidemiological_Studies_Depression_Scale_depression,75,25,0.5017354196301564,0.8,0.7,0.8370150561767714
validation_prolific,plain,abs,Center_for_Epidemiological_Studies_Depression_Scale_depressiondepressive_affect,78,19,0.5393720203846785,1.0,0.7,0.8382159425976535
validation_prolific,plain,abs,Center_for_Epidemiological_Studies_Depression_Scale_depressioninterpersonal,78,17,0.4385867297259702,1.0,0.7,0.892899921920545
validation_prolific,plain,abs,Center_for_Epidemiological_Studies_Depression_Scale_depressionsomatic,78,30,0.5344655344655344,1.0,0.9,0.9400055786650185
validation_prolific,plain,abs,Center_for_Epidemiological_Studies_Depression_Scale_depressionwell_being,78,23,0.3946812680989896,1.0,0.7,0.7487941583086263
validation_prolific,plain,abs,Chronotype_Questionnaire_distinctness,79,22,0.3862706913339825,0.8,0.7,0.7539471453364489
validation_prolific,plain,abs,Chronotype_Questionnaire_morningness_eveningness,79,0,0.21102726387536516,0.0,0.0,0.7808030806504256
validation_prolific,plain,abs,Disgust_Avoidance_Questionnaire_behavioral_escape,79,3,0.036027263875365145,0.4,0.2,0.7044476615585121
validation_prolific,plain,abs,Disgust_Avoidance_Questionnaire_behavioral_prevention,79,3,0.37874878286270697,0.6,0.3,0.9186457239884858
validation_prolific,plain,abs,Disgust_Avoidance_Questionnaire_cognitive_escape,79,3,0.27702044790652386,0.4,0.3,0.8621292711459195
validation_prolific,plain,abs,Disgust_Avoidance_Questionnaire_cognitive_prevention,79,3,0.2465433300876339,0.4,0.2,0.6452905554841939
validation_prolific,plain,abs,Fear_of_COVID_19_Scale_fear_of_covid_19,79,0,0.5424537487828627,0.0,0.0,0.7722932835892143
validation_prolific,plain,abs,HEXACO_60_agreeableness,75,4,0.048620199146514935,0.0,0.0,0.5574453518166731
validation_prolific,plain,abs,HEXACO_60_agreeablenessflexibility,78,2,0.19217491369390102,0.4,0.2,0.689599671279256
validation_prolific,plain,abs,HEXACO_60_agreeablenessforgiveness,78,1,0.1694381567799289,0.2,0.1,0.7007855998551621
validation_prolific,plain,abs,HEXACO_60_agreeablenessgentleness,78,3,0.07411575766006144,0.4,0.2,0.723782849717377
validation_prolific,plain,abs,HEXACO_60_agreeablenesspatience,78,2,0.36142338673984237,0.2,0.1,0.8200486166636763
validation_prolific,plain,abs,HEXACO_60_conscientiousness,75,13,0.194850640113798,0.4,0.6,0.6545068251607165
validation_prolific,plain,abs,HEXACO_60_conscientiousnessdiligence,78,8,0.4887896913213368,0.6,0.5,0.8717084075887832
validation_prolific,plain,abs,HEXACO_60_conscientiousnessorganization,78,10,0.3710846115909407,0.2,0.1,0.4725980857095095
validation_prolific,plain,abs,HEXACO_60_conscientiousnessperfectionism,78,1,0.03744356908913871,0.0,0.1,0.6333566529104587
validation_prolific,plain,abs,HEXACO_60_conscientiousnessprudence,78,8,0.4462246614145348,1.0,0.6,0.839390034141269
validation_prolific,plain,abs,HEXACO_60_honesty_humility,75,0,-0.026941678520625886,0.0,0.0,0.38266061051163786
validation_prolific,plain,abs,HEXACO_60_honesty_humilityfairness__hexaco_,78,2,-0.02778234423804044,0.0,0.0,0.5168932717126442
validation_prolific,plain,abs,HEXACO_60_honesty_humilitygreed_avoidance,78,0,0.13026214292037075,0.0,0.0,0.8293268006047765
validation_prolific,plain,abs,HEXACO_60_honesty_humilitymodesty,78,0,-0.07419163115365647,0.0,0.0,0.6250708275103133
validation_prolific,plain,abs,HEXACO_60_honesty_humilitysincerity,78,0,0.028996320135560638,0.0,0.0,0.7036435685553216
validation_prolific,plain,abs,Moral_Foundations_Questionnaire_authority,79,9,0.45946932814021424,0.6,0.6,0.6819386401786746
validation_prolific,plain,abs,Moral_Foundations_Questionnaire_fairness,79,1,0.4740262901655307,0.0,0.1,0.5829153053630829
validation_prolific,plain,abs,Moral_Foundations_Questionnaire_harm,79,1,0.20925024342745865,0.2,0.1,0.669085384393421
validation_prolific,plain,abs,Moral_Foundations_Questionnaire_ingroup,79,6,0.42288218111002923,0.2,0.2,0.5769386797362402
validation_prolific,plain,abs,Moral_Foundations_Questionnaire_purity,79,5,0.09576436222005842,0.2,0.2,0.6517252797479343
validation_prolific,plain,abs,New_Ecological_Paradigm_Scale_antiexemptionalism,79,4,0.2410662122687439,0.6,0.3,0.8381354535165856
validation_prolific,plain,abs,New_Ecological_Paradigm_Scale_balance_of_nature,79,5,0.3757789678675755,0.8,0.4,0.7653207241871631
validation_prolific,plain,abs,New_Ecological_Paradigm_Scale_eco_crisis,79,6,0.15413826679649467,0.2,0.1,0.5362324502239771
validation_prolific,plain,abs,New_Ecological_Paradigm_Scale_human_domination,79,7,0.3689386562804285,0.6,0.6,0.7971245080982841
validation_prolific,plain,abs,New_Ecological_Paradigm_Scale_limits_to_growth,79,4,0.29491236611489774,0.6,0.4,0.8750186555489516
validation_prolific,plain,abs,Obsessive_Compulsive_Inventory__Revised__obsessiveness_compulsiveness,73,15,0.5124028137726768,0.6,0.7,0.8731837407276724
validation_prolific,plain,abs,Obsessive_Compulsive_Inventory__Revised__obsessiveness_compulsivenesschecking,78,8,0.30391127859482286,0.6,0.4,0.7829712788846227
validation_prolific,plain,abs,Obsessive_Compulsive_Inventory__Revised__obsessiveness_compulsivenesshoarding,78,7,0.2800111281123939,0.0,0.0,0.6094083172242577
validation_prolific,plain,abs,Obsessive_Compulsive_Inventory__Revised__obsessiveness_compulsivenessneutralizing,78,5,0.10279593823897622,0.0,0.0,0.4551192161509606
validation_prolific,plain,abs,Obsessive_Compulsive_Inventory__Revised__obsessiveness_compulsivenessobsessing,78,25,0.6774870698921331,1.0,0.9,0.9357694463521419
validation_prolific,plain,abs,Obsessive_Compulsive_Inventory__Revised__obsessiveness_compulsivenessordering,78,4,0.07783355884621707,0.0,0.0,0.274064665799144
validation_prolific,plain,abs,Obsessive_Compulsive_Inventory__Revised__obsessiveness_compulsivenesswashing,78,5,0.45348322563512433,0.2,0.2,0.6459726367774992
validation_prolific,plain,abs,Oldenburg_Burnout_Inventory__English_Translation__burnout,77,28,0.547846889952153,1.0,1.0,0.8834335131574532
validation_prolific,plain,abs,Oldenburg_Burnout_Inventory__English_Translation__burnoutdisengagement,78,27,0.4901301230415154,1.0,0.9,0.8716929856015061
validation_prolific,plain,abs,Oldenburg_Burnout_Inventory__English_Translation__burnoutexhaustion,78,27,0.58813338560174,0.8,0.8,0.8147379406091204
validation_prolific,plain,abs,Perceived_Stress_Scale_perceived_stress,79,27,0.47424537487828633,1.0,0.8,0.8288484453353226
validation_prolific,plain,abs,Perseverative_Thinking_Questionnaire_perseverative_thinking,76,26,0.6077648667122352,0.8,0.9,0.8630294950786597
validation_prolific,plain,abs,Perseverative_Thinking_Questionnaire_perseverative_thinkingcore_characteristics_of_repetitive_negative_thinking,78,25,0.5352242694014846,1.0,0.8,0.8755860261567705
validation_prolific,plain,abs,Perseverative_Thinking_Questionnaire_perseverative_thinkingrepetitive_negative_thinking_capturing_mental_capacity,78,25,0.600880132525702,0.8,0.9,0.8676556522437651
validation_prolific,plain,abs,Perseverative_Thinking_Questionnaire_perseverative_thinkingunproductiveness_of_repetitive_negative_thinking,78,27,0.5202266088342037,1.0,0.9,0.9021673720139508
validation_prolific,plain,abs,Perth_Alexithymia_Questionnaire_alexithymia,74,13,0.5730174009626063,0.8,0.8,0.8691487786947825
validation_prolific,plain,abs,Perth_Alexithymia_Questionnaire_alexithymiageneral_externally_orientated_thinking,78,3,0.25697087722404177,0.0,0.0,0.4280923066740823
validation_prolific,plain,abs,Perth_Alexithymia_Questionnaire_alexithymianegative_difficulty_describing_feelings,78,11,0.5480468898190417,0.8,0.4,0.929303067441908
validation_prolific,plain,abs,Perth_Alexithymia_Questionnaire_alexithymianegative_difficulty_identifying_feelings,78,12,0.7075835556848215,0.8,0.8,0.8958816374381485
validation_prolific,plain,abs,Perth_Alexithymia_Questionnaire_alexithymiapositive_difficulty_describing_feelings,78,11,-0.10590675147637171,0.4,0.3,0.673285101551095
validation_prolific,plain,abs,Perth_Alexithymia_Questionnaire_alexithymiapositive_difficulty_identifying_feelings,78,10,0.37318377824706933,0.6,0.5,0.7959400555321445
validation_prolific,plain,abs,Positive_and_Negative_Affect_Schedule_negative_affect,79,24,0.6257789678675755,1.0,0.8,0.9109566922389436
validation_prolific,plain,abs,Positive_and_Negative_Affect_Schedule_positive_affect,79,21,0.5387293086660175,1.0,0.9,0.933257724127175
validation_prolific,plain,abs,Revised_Adult_Attachment_Scale_close,79,17,0.20428432327166507,0.2,0.2,0.5999565724683432
validation_prolific,plain,abs,Revised_Adult_Attachment_Scale_depend,79,14,0.27074001947419674,0.6,0.5,0.682632451137998
validation_prolific,plain,abs,Survey_Attitude_Scale_survey_burden,79,2,0.31611489776046736,0.4,0.2,0.7783815509239077
validation_prolific,plain,abs,Survey_Attitude_Scale_survey_enjoyment,79,2,0.5654576436222006,0.4,0.2,0.9619467735110283
validation_prolific,plain,abs,Survey_Attitude_Scale_survey_value,79,2,-0.18787731256085685,0.4,0.2,0.6684353168195921
validation_prolific,plain,abs,UCLA_Loneliness_Scale__Short_Form__loneliness,79,26,0.617332035053554,1.0,1.0,0.9309934635434237
validation_prolific,plain,abs,Utrecht_Work_Engagement_Scale__Short_Version__engagement,76,14,0.5405878332194122,1.0,0.9,0.9538741718499271
validation_prolific,plain,abs,Utrecht_Work_Engagement_Scale__Short_Version__engagementabsorption,78,11,0.5134738679042475,1.0,0.9,0.9348951152341839
validation_prolific,plain,abs,Utrecht_Work_Engagement_Scale__Short_Version__engagementdedication,78,15,0.5508289179175254,1.0,1.0,0.9605303304850116
validation_prolific,plain,abs,Utrecht_Work_Engagement_Scale__Short_Version__engagementvigor,78,17,0.6143097408920193,1.0,0.9,0.8875296034651237
validation_prolific,plain,abs,Work_Gratitude_Scale_work_gratitude,76,9,0.29673274094326724,1.0,0.9,0.9734310397077928
validation_prolific,plain,abs,Work_Gratitude_Scale_work_gratitudegrateful_appraisals,78,12,0.48762629775288,1.0,0.9,0.9316189172732735
validation_prolific,plain,abs,Work_Gratitude_Scale_work_gratitudegratitude_toward_others,78,8,0.338787794483997,1.0,0.8,0.9630240917319957
validation_prolific,plain,abs,Work_Gratitude_Scale_work_gratitudeintentional_attitude_of_gratitude,78,9,0.2184018513132437,1.0,0.9,0.9481763587969892
validation_prolific,plain,abs_cross_instrument,Attitudes_Toward_AI_in_Defense_Scale_negative_attitude_toward_ai_in_defense,78,0,0.08620493430620012,0.0,0.0,0.523570721432707
validation_prolific,plain,abs_cross_instrument,Attitudes_Toward_AI_in_Defense_Scale_positive_attitude_toward_ai_in_defense,78,0,0.2750793510287181,0.0,0.0,0.4839921363553303
validation_prolific,plain,abs_cross_instrument,Authoritarianism_Short_Scale_authoritarianism,76,4,0.382282980177717,0.4,0.4,0.778856611397666
validation_prolific,plain,abs_cross_instrument,Authoritarianism_Short_Scale_authoritarianismauthoritarian_aggression,76,2,0.38203691045796306,0.4,0.2,0.757268360001069
validation_prolific,plain,abs_cross_instrument,Authoritarianism_Short_Scale_authoritarianismauthoritarian_submissiveness,76,1,0.18206425153793573,0.2,0.1,0.6890616238792366
validation_prolific,plain,abs_cross_instrument,Authoritarianism_Short_Scale_authoritarianismconventionalism,76,3,0.25771701982228296,0.2,0.2,0.6061014207797284
validation_prolific,plain,abs_cross_instrument,Center_for_Epidemiological_Studies_Depression_Scale_depression,75,25,0.5017354196301564,0.8,0.7,0.8370150561767714
validation_prolific,plain,abs_cross_instrument,Center_for_Epidemiological_Studies_Depression_Scale_depressiondepressive_affect,75,16,0.5563584637268847,0.8,0.7,0.8393481775633673
validation_prolific,plain,abs_cross_instrument,Center_for_Epidemiological_Studies_Depression_Scale_depressioninterpersonal,75,14,0.40623044096728306,1.0,0.6,0.8612558450618651
validation_prolific,plain,abs_cross_instrument,Center_for_Epidemiological_Studies_Depression_Scale_depressionsomatic,75,27,0.5433854907539117,1.0,0.9,0.9291116427914243
validation_prolific,plain,abs_cross_instrument,Center_for_Epidemiological_Studies_Depression_Scale_depressionwell_being,75,20,0.4823897581792319,1.0,0.7,0.7771063577391799
validation_prolific,plain,abs_cross_instrument,Chronotype_Questionnaire_distinctness,78,22,0.3846153846153846,0.8,0.7,0.7930326263847718
validation_prolific,plain,abs_cross_instrument,Chronotype_Questionnaire_morningness_eveningness,78,0,0.18028806636401573,0.0,0.0,0.7387977967833986
validation_prolific,plain,abs_cross_instrument,Disgust_Avoidance_Questionnaire_behavioral_escape,76,0,-0.06493506493506493,0.0,0.0,0.30934196314183976
validation_prolific,plain,abs_cross_instrument,Disgust_Avoidance_Questionnaire_behavioral_prevention,76,0,0.30231032125768964,0.0,0.0,0.5817745880685848
validation_prolific,plain,abs_cross_instrument,Disgust_Avoidance_Questionnaire_cognitive_escape,76,0,0.18974709501025294,0.0,0.0,0.6011391666243004
validation_prolific,plain,abs_cross_instrument,Disgust_Avoidance_Questionnaire_cognitive_prevention,76,0,0.1768967874231032,0.0,0.0,0.6763123619404414
validation_prolific,plain,abs_cross_instrument,Fear_of_COVID_19_Scale_fear_of_covid_19,79,0,0.5424537487828627,0.0,0.0,0.7722932835892143
validation_prolific,plain,abs_cross_instrument,HEXACO_60_agreeableness,65,4,0.06617132867132867,0.0,0.1,0.5943285031282881
validation_prolific,plain,abs_cross_instrument,HEXACO_60_agreeablenessflexibility,65,0,0.1679632867132867,0.0,0.0,0.5749758340866173
validation_prolific,plain,abs_cross_instrument,HEXACO_60_agreeablenessforgiveness,65,0,0.13273601398601398,0.0,0.0,0.6450835810606049
validation_prolific,plain,abs_cross_instrument,HEXACO_60_agreeablenessgentleness,65,0,0.02097902097902098,0.0,0.0,0.6987180425670864
validation_prolific,plain,abs_cross_instrument,HEXACO_60_agreeablenesspatience,65,0,0.3140734265734266,0.0,0.0,0.7474630013907322
validation_prolific,plain,abs_cross_instrument,HEXACO_60_conscientiousness,65,13,0.17534965034965033,0.4,0.6,0.6545068251607165
validation_prolific,plain,abs_cross_instrument,HEXACO_60_conscientiousnessdiligence,65,7,0.5149475524475524,0.6,0.4,0.8670043219954325
validation_prolific,plain,abs_cross_instrument,HEXACO_60_conscientiousnessorganization,65,9,0.3151660839160839,0.2,0.2,0.5414972828108271
validation_prolific,plain,abs_cross_instrument,HEXACO_60_conscientiousnessperfectionism,65,0,0.046634615384615385,0.0,0.0,0.7164166634261597
validation_prolific,plain,abs_cross_instrument,HEXACO_60_conscientiousnessprudence,65,7,0.4627622377622378,1.0,0.6,0.9235295271281978
validation_prolific,plain,abs_cross_instrument,HEXACO_60_honesty_humility,65,0,-0.08697552447552447,0.0,0.0,0.33739669896928987
validation_prolific,plain,abs_cross_instrument,HEXACO_60_honesty_humilityfairness__hexaco_,65,2,-0.03063811188811189,0.0,0.0,0.35637401417552794
validation_prolific,plain,abs_cross_instrument,HEXACO_60_honesty_humilitygreed_avoidance,65,0,0.01901223776223776,0.0,0.0,0.7153834628870241
validation_prolific,plain,abs_cross_instrument,HEXACO_60_honesty_humilitymodesty,65,0,-0.08732517482517482,0.0,0.0,0.575843350172807
validation_prolific,plain,abs_cross_instrument,HEXACO_60_honesty_humilitysincerity,65,0,-0.07176573426573427,0.0,0.0,0.446381449812642
validation_prolific,plain,abs_cross_instrument,Moral_Foundations_Questionnaire_authority,75,7,0.4217069701280228,0.8,0.5,0.8200289119466045
validation_prolific,plain,abs_cross_instrument,Moral_Foundations_Questionnaire_fairness,75,0,0.44475106685633004,0.0,0.0,0.7082546719570075
validation_prolific,plain,abs_cross_instrument,Moral_Foundations_Questionnaire_harm,75,0,0.16796586059743954,0.0,0.0,0.6319831024835624
validation_prolific,plain,abs_cross_instrument,Moral_Foundations_Questionnaire_ingroup,75,4,0.47049786628734,0.2,0.2,0.6900076310563296
validation_prolific,plain,abs_cross_instrument,Moral_Foundations_Questionnaire_purity,75,3,0.11007112375533427,0.2,0.2,0.7260556864007893
validation_prolific,plain,abs_cross_instrument,New_Ecological_Paradigm_Scale_antiexemptionalism,75,0,0.1326031294452347,0.0,0.0,0.704909030210787
validation_prolific,plain,abs_cross_instrument,New_Ecological_Paradigm_Scale_balance_of_nature,75,1,0.2706685633001422,0.0,0.0,0.4241691967597083
validation_prolific,plain,abs_cross_instrument,New_Ecological_Paradigm_Scale_eco_crisis,75,2,0.07652916073968705,0.0,0.0,0.4433873569202129
validation_prolific,plain,abs_cross_instrument,New_Ecological_Paradigm_Scale_human_domination,75,3,0.2655192034139402,0.4,0.2,0.7060774495057095
validation_prolific,plain,abs_cross_instrument,New_Ecological_Paradigm_Scale_limits_to_growth,75,0,0.17988620199146513,0.0,0.0,0.6683695968705288
validation_prolific,plain,abs_cross_instrument,Obsessive_Compulsive_Inventory__Revised__obsessiveness_compulsiveness,73,15,0.5124028137726768,0.6,0.7,0.8731837407276724
validation_prolific,plain,abs_cross_instrument,Obsessive_Compulsive_Inventory__Revised__obsessiveness_compulsivenesschecking,73,3,0.2386461804270024,0.4,0.2,0.7832833603683463
validation_prolific,plain,abs_cross_instrument,Obsessive_Compulsive_Inventory__Revised__obsessiveness_compulsivenesshoarding,73,3,0.27887819326175495,0.0,0.0,0.6098883091149736
validation_prolific,plain,abs_cross_instrument,Obsessive_Compulsive_Inventory__Revised__obsessiveness_compulsivenessneutralizing,73,0,0.0719178082191781,0.0,0.0,0.6214431315298236
validation_prolific,plain,abs_cross_instrument,Obsessive_Compulsive_Inventory__Revised__obsessiveness_compulsivenessobsessing,73,20,0.6889732197951377,1.0,0.9,0.9357694463521419
validation_prolific,plain,abs_cross_instrument,Obsessive_Compulsive_Inventory__Revised__obsessiveness_compulsivenessordering,73,0,-0.008268542515117858,0.0,0.0,0.33998709761197693
validation_prolific,plain,abs_cross_instrument,Obsessive_Compulsive_Inventory__Revised__obsessiveness_compulsivenesswashing,73,0,0.4267555226459337,0.0,0.0,0.7634105138729537
validation_prolific,plain,abs_cross_instrument,Oldenburg_Burnout_Inventory__English_Translation__burnout,77,28,0.547846889952153,1.0,1.0,0.8834335131574532
validation_prolific,plain,abs_cross_instrument,Oldenburg_Burnout_Inventory__English_Translation__burnoutdisengagement,77,26,0.47021399652978596,1.0,0.9,0.869037470646985
validation_prolific,plain,abs_cross_instrument,Oldenburg_Burnout_Inventory__English_Translation__burnoutexhaustion,77,26,0.5722435459277564,0.8,0.8,0.8133038554965657
validation_prolific,plain,abs_cross_instrument,Perceived_Stress_Scale_perceived_stress,79,27,0.47424537487828633,1.0,0.8,0.8288484453353226
validation_prolific,plain,abs_cross_instrument,Perseverative_Thinking_Questionnaire_perseverative_thinking,76,26,0.6077648667122352,0.8,0.9,0.8630294950786597
validation_prolific,plain,abs_cross_instrument,Perseverative_Thinking_Questionnaire_perseverative_thinkingcore_characteristics_of_repetitive_negative_thinking,76,23,0.4982911825017089,0.8,0.6,0.7723513214527733
validation_prolific,plain,abs_cross_instrument,Perseverative_Thinking_Questionnaire_perseverative_thinkingrepetitive_negative_thinking_capturing_mental_capacity,76,23,0.5686397812713602,0.8,0.9,0.8292490531778508
validation_prolific,plain,abs_cross_instrument,Perseverative_Thinking_Questionnaire_perseverative_thinkingunproductiveness_of_repetitive_negative_thinking,76,25,0.4818318523581681,1.0,0.9,0.8677771718239323
validation_prolific,plain,abs_cross_instrument,Perth_Alexithymia_Questionnaire_alexithymia,74,13,0.5730174009626063,0.8,0.8,0.8691487786947825
validation_prolific,plain,abs_cross_instrument,Perth_Alexithymia_Questionnaire_alexithymiageneral_externally_orientated_thinking,74,0,0.21554979637171415,0.0,0.0,0.5936901976814908
validation_prolific,plain,abs_cross_instrument,Perth_Alexithymia_Questionnaire_alexithymianegative_difficulty_describing_feelings,74,7,0.48996667900777485,0.2,0.2,0.8823054094977303
validation_prolific,plain,abs_cross_instrument,Perth_Alexithymia_Questionnaire_alexithymianegative_difficulty_identifying_feelings,74,8,0.6861310625694186,0.8,0.7,0.9782579346033125
validation_prolific,plain,abs_cross_instrument,Perth_Alexithymia_Questionnaire_alexithymiapositive_difficulty_describing_feelings,74,7,-0.25597926693817097,0.0,0.0,0.3117661674467629
validation_prolific,plain,abs_cross_instrument,Perth_Alexithymia_Questionnaire_alexithymiapositive_difficulty_identifying_feelings,74,7,0.29395038874490925,0.2,0.3,0.5476002582515019
validation_prolific,plain,abs_cross_instrument,Positive_and_Negative_Affect_Schedule_negative_affect,78,23,0.6307742890021371,1.0,0.8,0.9109566922389436
validation_prolific,plain,abs_cross_instrument,Positive_and_Negative_Affect_Schedule_positive_affect,78,20,0.5338079641877109,1.0,0.9,0.933257724127175
validation_prolific,plain,abs_cross_instrument,Revised_Adult_Attachment_Scale_close,78,16,0.19214962252936935,0.2,0.2,0.6615495488095421
validation_prolific,plain,abs_cross_instrument,Revised_Adult_Attachment_Scale_depend,78,13,0.28286902970447275,0.6,0.5,0.7373195486319029
validation_prolific,plain,abs_cross_instrument,Survey_Attitude_Scale_survey_burden,77,0,0.2614227877385772,0.0,0.0,0.6185648854875829
validation_prolific,plain,abs_cross_instrument,Survey_Attitude_Scale_survey_enjoyment,77,0,0.5307061359692938,0.0,0.0,0.8644717966891615
validation_prolific,plain,abs_cross_instrument,Survey_Attitude_Scale_survey_value,77,0,-0.2828750197171249,0.0,0.0,0.3208069293918337
validation_prolific,plain,abs_cross_instrument,UCLA_Loneliness_Scale__Short_Form__loneliness,79,26,0.617332035053554,1.0,1.0,0.9309934635434237
validation_prolific,plain,abs_cross_instrument,Utrecht_Work_Engagement_Scale__Short_Version__engagement,76,14,0.5405878332194122,1.0,0.9,0.9538741718499271
validation_prolific,plain,abs_cross_instrument,Utrecht_Work_Engagement_Scale__Short_Version__engagementabsorption,76,9,0.4744497607655502,1.0,0.8,0.9704336258992134
validation_prolific,plain,abs_cross_instrument,Utrecht_Work_Engagement_Scale__Short_Version__engagementdedication,76,13,0.5148325358851675,1.0,0.8,0.9044834282423393
validation_prolific,plain,abs_cross_instrument,Utrecht_Work_Engagement_Scale__Short_Version__engagementvigor,76,15,0.583321941216678,1.0,0.8,0.8573780697820395
validation_prolific,plain,abs_cross_instrument,Work_Gratitude_Scale_work_gratitude,76,9,0.29673274094326724,1.0,0.9,0.9734310397077928
validation_prolific,plain,abs_cross_instrument,Work_Gratitude_Scale_work_gratitudegrateful_appraisals,76,10,0.4468626110731374,1.0,0.8,0.917075693683415
validation_prolific,plain,abs_cross_instrument,Work_Gratitude_Scale_work_gratitudegratitude_toward_others,76,6,0.28527682843472313,1.0,0.6,0.9654886497621592
validation_prolific,plain,abs_cross_instrument,Work_Gratitude_Scale_work_gratitudeintentional_attitude_of_gratitude,76,7,0.1550786056049214,1.0,0.7,0.9033837369815219
validation_prolific,documented,signed,Attitudes_Toward_AI_in_Defense_Scale_negative_attitude_toward_ai_in_defense,79,0,0.09961051606621227,0.0,0.0,0.5576796474661386
validation_prolific,documented,signed,Attitudes_Toward_AI_in_Defense_Scale_positive_attitude_toward_ai_in_defense,79,0,0.1345180136319377,0.0,0.0,0.5682768585075668
validation_prolific,documented,signed,Authoritarianism_Short_Scale_authoritarianism,76,4,0.17492822966507177,0.6,0.3,0.6893061567131396
validation_prolific,documented,signed,Authoritarianism_Short_Scale_authoritarianismauthoritarian_aggression,78,4,0.24945940135813552,0.6,0.4,0.7161228454680363
validation_prolific,documented,signed,Authoritarianism_Short_Scale_authoritarianismauthoritarian_submissiveness,78,3,0.11663020523780018,0.6,0.3,0.8252567889034393
validation_prolific,documented,signed,Authoritarianism_Short_Scale_authoritarianismconventionalism,78,5,0.15135497413978424,0.6,0.4,0.6596420778949493
validation_prolific,documented,signed,Center_for_Epidemiological_Studies_Depression_Scale_depression,75,25,-0.010128022759601708,1.0,0.7,0.8608850005843877
validation_prolific,documented,signed,Center_for_Epidemiological_Studies_Depression_Scale_depressiondepressive_affect,78,19,0.09063088809924251,1.0,0.8,0.8963462287536664
validation_prolific,documented,signed,Center_for_Epidemiological_Studies_Depression_Scale_depressioninterpersonal,78,17,0.11106614904083258,1.0,0.8,0.9081871528507631
validation_prolific,documented,signed,Center_for_Epidemiological_Studies_Depression_Scale_depressionsomatic,78,30,0.15770305643723365,1.0,1.0,0.9645385055492601
validation_prolific,documented,signed,Center_for_Epidemiological_Studies_Depression_Scale_depressionwell_being,78,23,-0.12626613892436675,0.8,0.7,0.7690403381111636
validation_prolific,documented,signed,Chronotype_Questionnaire_distinctness,79,22,0.04079844206426485,0.8,0.8,0.869179696269498
validation_prolific,documented,signed,Chronotype_Questionnaire_morningness_eveningness,79,0,-0.015238558909444987,0.0,0.0,0.87439890409522
validation_prolific,documented,signed,Disgust_Avoidance_Questionnaire_behavioral_escape,79,3,-0.0023125608568646543,0.4,0.2,0.7140175220053464
validation_prolific,documented,signed,Disgust_Avoidance_Questionnaire_behavioral_prevention,79,3,0.17721518987341772,0.6,0.3,0.9020749200341883
validation_prolific,documented,signed,Disgust_Avoidance_Questionnaire_cognitive_escape,79,3,0.1696689386562804,0.4,0.3,0.8678182554526295
validation_prolific,documented,signed,Disgust_Avoidance_Questionnaire_cognitive_prevention,79,3,0.37770204479065234,0.4,0.2,0.6452905554841939
validation_prolific,documented,signed,Fear_of_COVID_19_Scale_fear_of_covid_19,79,0,0.5360029211295034,0.0,0.0,0.7233364218334831
validation_prolific,documented,signed,HEXACO_60_agreeableness,75,4,-0.0056330014224751064,0.0,0.2,0.8007082273297859
validation_prolific,documented,signed,HEXACO_60_agreeablenessflexibility,78,2,0.02722593861834368,0.2,0.1,0.7067502095331344
validation_prolific,documented,signed,HEXACO_60_agreeablenessforgiveness,78,1,-0.01933509528446237,0.2,0.1,0.6445275912186365
validation_prolific,documented,signed,HEXACO_60_agreeablenessgentleness,78,3,0.13392936177746304,0.4,0.2,0.7946017886119291
validation_prolific,documented,signed,HEXACO_60_agreeablenesspatience,78,2,-0.274320616092768,0.0,0.0,0.37829831030010147
validation_prolific,documented,signed,HEXACO_60_conscientiousness,75,13,-0.25305832147937407,0.4,0.3,0.7791738523256342
validation_prolific,documented,signed,HEXACO_60_conscientiousnessdiligence,78,8,0.2072990300838402,1.0,0.7,0.9598420121741129
validation_prolific,documented,signed,HEXACO_60_conscientiousnessorganization,78,10,-0.28147801565523084,0.0,0.0,0.610434110014129
validation_prolific,documented,signed,HEXACO_60_conscientiousnessperfectionism,78,1,0.2562374334526233,0.2,0.1,0.8117489032310911
validation_prolific,documented,signed,HEXACO_60_conscientiousnessprudence,78,8,-0.24695557606950008,0.2,0.1,0.6607023854890554
validation_prolific,documented,signed,HEXACO_60_honesty_humility,75,0,0.05991465149359885,0.0,0.0,0.530059871447718
validation_prolific,documented,signed,HEXACO_60_honesty_humilityfairness__hexaco_,78,2,0.054742725628801565,0.0,0.0,0.4086462341854935
validation_prolific,documented,signed,HEXACO_60_honesty_humilitygreed_avoidance,78,0,0.1028971028971029,0.0,0.0,0.7350954302631083
validation_prolific,documented,signed,HEXACO_60_honesty_humilitymodesty,78,0,-0.05658898063961355,0.0,0.0,0.4332476413374363
validation_prolific,documented,signed,HEXACO_60_honesty_humilitysincerity,78,0,-0.09998861897596076,0.0,0.0,0.33808910539932935
validation_prolific,documented,signed,Moral_Foundations_Questionnaire_authority,79,9,0.206937682570594,0.8,0.6,0.7153610089672757
validation_prolific,documented,signed,Moral_Foundations_Questionnaire_fairness,79,1,0.5670399221032133,0.0,0.1,0.7427710361485956
validation_prolific,documented,signed,Moral_Foundations_Questionnaire_harm,79,1,0.24447419668938655,0.2,0.1,0.6673498759377973
validation_prolific,documented,signed,Moral_Foundations_Questionnaire_ingroup,79,6,0.12473222979552095,0.2,0.2,0.571484286156779
validation_prolific,documented,signed,Moral_Foundations_Questionnaire_purity,79,5,0.0510223953261928,0.4,0.2,0.5675695033575688
validation_prolific,documented,signed,New_Ecological_Paradigm_Scale_antiexemptionalism,79,4,0.1317429406037001,0.0,0.0,0.48005375748121504
validation_prolific,documented,signed,New_Ecological_Paradigm_Scale_balance_of_nature,79,5,0.1856377799415774,0.0,0.0,0.38169855567832056
validation_prolific,documented,signed,New_Ecological_Paradigm_Scale_eco_crisis,79,6,0.40129016553067187,0.0,0.0,0.3449685222152545
validation_prolific,documented,signed,New_Ecological_Paradigm_Scale_human_domination,79,7,-0.1474926971762415,0.0,0.0,0.1817784587297386
validation_prolific,documented,signed,New_Ecological_Paradigm_Scale_limits_to_growth,79,4,-0.08829113924050633,0.2,0.1,0.3062997033537885
validation_prolific,documented,signed,Obsessive_Compulsive_Inventory__Revised__obsessiveness_compulsiveness,73,15,0.2819326175490559,1.0,1.0,0.9837055905950346
validation_prolific,documented,signed,Obsessive_Compulsive_Inventory__Revised__obsessiveness_compulsivenesschecking,78,8,0.1592963998027289,0.6,0.4,0.7126492870657158
validation_prolific,documented,signed,Obsessive_Compulsive_Inventory__Revised__obsessiveness_compulsivenesshoarding,78,7,0.22525575690132651,0.0,0.1,0.6282568164319074
validation_prolific,documented,signed,Obsessive_Compulsive_Inventory__Revised__obsessiveness_compulsivenessneutralizing,78,5,0.15788009458895536,0.0,0.0,0.4131381829594852
validation_prolific,documented,signed,Obsessive_Compulsive_Inventory__Revised__obsessiveness_compulsivenessobsessing,78,25,0.36711389875946837,1.0,0.9,0.9411876720107649
validation_prolific,documented,signed,Obsessive_Compulsive_Inventory__Revised__obsessiveness_compulsivenessordering,78,4,0.22113329708266416,0.0,0.0,0.4906662398563744
validation_prolific,documented,signed,Obsessive_Compulsive_Inventory__Revised__obsessiveness_compulsivenesswashing,78,5,0.4396236674717687,0.2,0.2,0.6404343173984015
validation_prolific,documented,signed,Oldenburg_Burnout_Inventory__English_Translation__burnout,77,28,0.030180345969819652,0.8,0.8,0.886617052374285
validation_prolific,documented,signed,Oldenburg_Burnout_Inventory__English_Translation__burnoutdisengagement,78,27,0.14328709265418124,1.0,0.9,0.9390443732022826
validation_prolific,documented,signed,Oldenburg_Burnout_Inventory__English_Translation__burnoutexhaustion,78,27,0.0142768623781282,1.0,0.8,0.8896499605656311
validation_prolific,documented,signed,Perceived_Stress_Scale_perceived_stress,79,27,0.16183057448880234,1.0,0.8,0.8728800586790963
validation_prolific,documented,signed,Perseverative_Thinking_Questionnaire_perseverative_thinking,76,26,0.19171565276828434,0.8,0.9,0.8979600335949602
validation_prolific,documented,signed,Perseverative_Thinking_Questionnaire_perseverative_thinkingcore_characteristics_of_repetitive_negative_thinking,78,25,0.25669267441419336,1.0,0.8,0.8776853985861804
validation_prolific,documented,signed,Perseverative_Thinking_Questionnaire_perseverative_thinkingrepetitive_negative_thinking_capturing_mental_capacity,78,25,0.26835190126329367,0.8,0.9,0.8912790414096387
validation_prolific,documented,signed,Perseverative_Thinking_Questionnaire_perseverative_thinkingunproductiveness_of_repetitive_negative_thinking,78,27,0.21309070676159284,1.0,0.9,0.909523001869438
validation_prolific,documented,signed,Perth_Alexithymia_Questionnaire_alexithymia,74,13,0.17041095890410954,0.8,0.7,0.8133012794795814
validation_prolific,documented,signed,Perth_Alexithymia_Questionnaire_alexithymiageneral_externally_orientated_thinking,78,3,0.0796292315279657,0.0,0.0,0.35458179339190765
validation_prolific,documented,signed,Perth_Alexithymia_Questionnaire_alexithymianegative_difficulty_describing_feelings,78,11,0.27614157993904825,0.8,0.4,0.9213130352874725
validation_prolific,documented,signed,Perth_Alexithymia_Questionnaire_alexithymianegative_difficulty_identifying_feelings,78,12,0.4232855751843093,0.8,0.7,0.8880888592950019
validation_prolific,documented,signed,Perth_Alexithymia_Questionnaire_alexithymiapositive_difficulty_describing_feelings,78,11,-0.20355593773315292,0.4,0.3,0.6106848815138469
validation_prolific,documented,signed,Perth_Alexithymia_Questionnaire_alexithymiapositive_difficulty_identifying_feelings,78,10,0.1466255263723618,0.6,0.6,0.773243015569801
validation_prolific,documented,signed,Positive_and_Negative_Affect_Schedule_negative_affect,79,24,0.18639240506329113,1.0,0.8,0.9180723767176471
validation_prolific,documented,signed,Positive_and_Negative_Affect_Schedule_positive_affect,79,21,0.1129746835443038,1.0,0.9,0.8384747297306494
validation_prolific,documented,signed,Revised_Adult_Attachment_Scale_close,79,17,-0.08288704965920156,0.6,0.3,0.8004005736341919
validation_prolific,documented,signed,Revised_Adult_Attachment_Scale_depend,79,14,-0.14717624148003897,0.2,0.1,0.7123489760191221
validation_prolific,documented,signed,Survey_Attitude_Scale_survey_burden,79,2,0.06002921129503408,0.2,0.2,0.7424014167234513
validation_prolific,documented,signed,Survey_Attitude_Scale_survey_enjoyment,79,2,0.5177702044790652,0.4,0.2,0.963179594742313
validation_prolific,documented,signed,Survey_Attitude_Scale_survey_value,79,2,0.47777507302823763,0.2,0.2,0.8605699772144213
validation_prolific,documented,signed,UCLA_Loneliness_Scale__Short_Form__loneliness,79,26,0.11871957156767284,1.0,1.0,0.9632438531118928
validation_prolific,documented,signed,Utrecht_Work_Engagement_Scale__Short_Version__engagement,76,14,0.14922761449077238,1.0,0.9,0.952192651972621
validation_prolific,documented,signed,Utrecht_Work_Engagement_Scale__Short_Version__engagementabsorption,78,11,0.21291366860987113,1.0,0.8,0.9091556395378682
validation_prolific,documented,signed,Utrecht_Work_Engagement_Scale__Short_Version__engagementdedication,78,15,0.230212825149534,1.0,0.9,0.9439045092136022
validation_prolific,documented,signed,Utrecht_Work_Engagement_Scale__Short_Version__engagementvigor,78,17,0.17899821697290053,1.0,1.0,0.9645183671910803
validation_prolific,documented,signed,Work_Gratitude_Scale_work_gratitude,76,9,0.27485987696514014,1.0,0.7,0.9334680511911335
validation_prolific,documented,signed,Work_Gratitude_Scale_work_gratitudegrateful_appraisals,78,12,0.27695089720406174,1.0,0.8,0.9429998208646746
validation_prolific,documented,signed,Work_Gratitude_Scale_work_gratitudegratitude_toward_others,78,8,0.37280441077909426,1.0,0.7,0.9446217869616919
validation_prolific,documented,signed,Work_Gratitude_Scale_work_gratitudeintentional_attitude_of_gratitude,78,9,0.2171878754157235,1.0,0.7,0.8997439523388205
validation_prolific,documented,abs,Attitudes_Toward_AI_in_Defense_Scale_negative_attitude_toward_ai_in_defense,79,0,0.22478091528724445,0.0,0.0,0.5250638327277091
validation_prolific,documented,abs,Attitudes_Toward_AI_in_Defense_Scale_positive_attitude_toward_ai_in_defense,79,0,0.28777994157741,0.0,0.0,0.5311801426140697
validation_prolific,documented,abs,Authoritarianism_Short_Scale_authoritarianism,76,4,0.23948051948051946,0.6,0.3,0.7169839099366481
validation_prolific,documented,abs,Authoritarianism_Short_Scale_authoritarianismauthoritarian_aggression,78,4,0.2715132968297525,0.6,0.4,0.7596922228436002
validation_prolific,documented,abs,Authoritarianism_Short_Scale_authoritarianismauthoritarian_submissiveness,78,3,0.21711200192212848,0.6,0.3,0.8486572935646077
validation_prolific,documented,abs,Authoritarianism_Short_Scale_authoritarianismconventionalism,78,5,0.20879120879120877,0.6,0.4,0.6782775669828993
validation_prolific,documented,abs,Center_for_Epidemiological_Studies_Depression_Scale_depression,75,25,0.7347652916073969,1.0,1.0,0.8811448654816876
validation_prolific,documented,abs,Center_for_Epidemiological_Studies_Depression_Scale_depressiondepressive_affect,78,19,0.644305062026581,1.0,1.0,0.9047441293050275
validation_prolific,documented,abs,Center_for_Epidemiological_Studies_Depression_Scale_depressioninterpersonal,78,17,0.5356036368694596,0.8,0.9,0.9124137186270309
validation_prolific,documented,abs,Center_for_Epidemiological_Studies_Depression_Scale_depressionsomatic,78,30,0.6502737768560553,1.0,1.0,0.9483117789365078
validation_prolific,documented,abs,Center_for_Epidemiological_Studies_Depression_Scale_depressionwell_being,78,23,0.5536109460160092,1.0,0.9,0.8161393453387388
validation_prolific,documented,abs,Chronotype_Questionnaire_distinctness,79,22,0.6704722492697176,1.0,0.9,0.8258039536079085
validation_prolific,documented,abs,Chronotype_Questionnaire_morningness_eveningness,79,0,0.5706669912366116,0.0,0.0,0.9052653332598023
validation_prolific,documented,abs,Disgust_Avoidance_Questionnaire_behavioral_escape,79,3,0.07110516066212269,0.4,0.2,0.7255504226307621
validation_prolific,documented,abs,Disgust_Avoidance_Questionnaire_behavioral_prevention,79,3,0.3206669912366115,0.6,0.3,0.9164473839250111
validation_prolific,documented,abs,Disgust_Avoidance_Questionnaire_cognitive_escape,79,3,0.1614410905550146,0.4,0.3,0.8678182554526295
validation_prolific,documented,abs,Disgust_Avoidance_Questionnaire_cognitive_prevention,79,3,0.28057448880233693,0.4,0.2,0.6452905554841939
validation_prolific,documented,abs,Fear_of_COVID_19_Scale_fear_of_covid_19,79,0,0.5433300876338851,0.0,0.0,0.6485512875896184
validation_prolific,documented,abs,HEXACO_60_agreeableness,75,4,0.6286201991465149,0.0,0.1,0.8038804963896323
validation_prolific,documented,abs,HEXACO_60_agreeablenessflexibility,78,2,0.4962505848581798,0.2,0.1,0.7090731659849394
validation_prolific,documented,abs,HEXACO_60_agreeablenessforgiveness,78,1,0.28792726261080687,0.2,0.1,0.6867817455903683
validation_prolific,documented,abs,HEXACO_60_agreeablenessgentleness,78,3,0.4846166491736112,0.4,0.2,0.7635212937642106
validation_prolific,documented,abs,HEXACO_60_agreeablenesspatience,78,2,-0.2367885279277684,0.0,0.0,0.40070345143823977
validation_prolific,documented,abs,HEXACO_60_conscientiousness,75,13,0.49982930298719774,0.6,0.6,0.8788604725089342
validation_prolific,documented,abs,HEXACO_60_conscientiousnessdiligence,78,8,0.527662211206515,0.8,0.7,0.9496074792476201
validation_prolific,documented,abs,HEXACO_60_conscientiousnessorganization,78,10,0.5900049317770836,0.2,0.4,0.7521311300922807
validation_prolific,documented,abs,HEXACO_60_conscientiousnessperfectionism,78,1,0.3053022926440648,0.2,0.1,0.816775762534086
validation_prolific,documented,abs,HEXACO_60_conscientiousnessprudence,78,8,0.5159018196992881,0.8,0.6,0.8520188432263478
validation_prolific,documented,abs,HEXACO_60_honesty_humility,75,0,-0.17470839260312943,0.0,0.0,0.4541544104624186
validation_prolific,documented,abs,HEXACO_60_honesty_humilityfairness__hexaco_,78,2,-0.08863288610124054,0.0,0.0,0.42688904004526346
validation_prolific,documented,abs,HEXACO_60_honesty_humilitygreed_avoidance,78,0,0.1502674540649224,0.0,0.0,0.752921025908239
validation_prolific,documented,abs,HEXACO_60_honesty_humilitymodesty,78,0,-0.12495099836871987,0.0,0.0,0.5888261733349149
validation_prolific,documented,abs,HEXACO_60_honesty_humilitysincerity,78,0,-0.05583024570366343,0.0,0.0,0.3159161394746214
validation_prolific,documented,abs,Moral_Foundations_Questionnaire_authority,79,9,0.2063777994157741,0.6,0.5,0.6256568550745218
validation_prolific,documented,abs,Moral_Foundations_Questionnaire_fairness,79,1,0.5500486854917235,0.0,0.1,0.6888777277268956
validation_prolific,documented,abs,Moral_Foundations_Questionnaire_harm,79,1,0.23354430379746838,0.2,0.1,0.6323098457402214
validation_prolific,documented,abs,Moral_Foundations_Questionnaire_ingroup,79,6,0.37168938656280426,0.2,0.2,0.5769386797362402
validation_prolific,documented,abs,Moral_Foundations_Questionnaire_purity,79,5,-0.07207887049659202,0.4,0.2,0.562587876035786
validation_prolific,documented,abs,New_Ecological_Paradigm_Scale_antiexemptionalism,79,4,-0.05764362220058423,0.0,0.0,0.4115260860656168
validation_prolific,documented,abs,New_Ecological_Paradigm_Scale_balance_of_nature,79,5,0.1309883154819864,0.0,0.0,0.32952272482975636
validation_prolific,documented,abs,New_Ecological_Paradigm_Scale_eco_crisis,79,6,-0.29768743914313534,0.0,0.0,0.19189744129301436
validation_prolific,documented,abs,New_Ecological_Paradigm_Scale_human_domination,79,7,-0.04909931840311588,0.0,0.0,0.23854899216475184
validation_prolific,documented,abs,New_Ecological_Paradigm_Scale_limits_to_growth,79,4,0.0953018500486855,0.0,0.1,0.35051644174673463
validation_prolific,documented,abs,Obsessive_Compulsive_Inventory__Revised__obsessiveness_compulsiveness,73,15,0.6085091941256325,0.8,0.8,0.9392874617986138
validation_prolific,documented,abs,Obsessive_Compulsive_Inventory__Revised__obsessiveness_compulsivenesschecking,78,8,0.24123977288534248,0.6,0.4,0.7073331830446493
validation_prolific,documented,abs,Obsessive_Compulsive_Inventory__Revised__obsessiveness_compulsivenesshoarding,78,7,0.4778386170791234,0.0,0.1,0.6519389084834741
validation_prolific,documented,abs,Obsessive_Compulsive_Inventory__Revised__obsessiveness_compulsivenessneutralizing,78,5,0.17816360854335536,0.0,0.0,0.4131381829594852
validation_prolific,documented,abs,Obsessive_Compulsive_Inventory__Revised__obsessiveness_compulsivenessobsessing,78,25,0.7520201317669671,1.0,0.8,0.9218128310859127
validation_prolific,documented,abs,Obsessive_Compulsive_Inventory__Revised__obsessiveness_compulsivenessordering,78,4,0.3229049431581077,0.0,0.0,0.4957307441532475
validation_prolific,documented,abs,Obsessive_Compulsive_Inventory__Revised__obsessiveness_compulsivenesswashing,78,5,0.4288749225458086,0.0,0.2,0.6041869224387374
validation_prolific,documented,abs,Oldenburg_Burnout_Inventory__English_Translation__burnout,77,28,0.7394973447605026,1.0,1.0,0.9390385202252545
validation_prolific,documented,abs,Oldenburg_Burnout_Inventory__English_Translation__burnoutdisengagement,78,27,0.7289545897140834,1.0,0.9,0.9182730915401253
validation_prolific,documented,abs,Oldenburg_Burnout_Inventory__English_Translation__burnoutexhaustion,78,27,0.7041439573085142,1.0,1.0,0.916935921267306
validation_prolific,documented,abs,Perceived_Stress_Scale_perceived_stress,79,27,0.8060370009737098,1.0,0.9,0.8884394266810884
validation_prolific,documented,abs,Perseverative_Thinking_Questionnaire_perseverative_thinking,76,26,0.6792344497607655,0.8,0.9,0.892637560346139
validation_prolific,documented,abs,Perseverative_Thinking_Questionnaire_perseverative_thinkingcore_characteristics_of_repetitive_negative_thinking,78,25,0.5220475726804841,1.0,0.8,0.8776853985861804
validation_prolific,documented,abs,Perseverative_Thinking_Questionnaire_perseverative_thinkingrepetitive_negative_thinking_capturing_mental_capacity,78,25,0.7254644090087127,0.8,0.9,0.87785900506114
validation_prolific,documented,abs,Perseverative_Thinking_Questionnaire_perseverative_thinkingunproductiveness_of_repetitive_negative_thinking,78,27,0.717522983345768,1.0,0.9,0.9021885643245579
validation_prolific,documented,abs,Perth_Alexithymia_Questionnaire_alexithymia,74,13,0.48496112550907056,0.8,0.7,0.8322300130379148
validation_prolific,documented,abs,Perth_Alexithymia_Questionnaire_alexithymiageneral_externally_orientated_thinking,78,3,0.29462942121169966,0.0,0.0,0.4073969133662378
validation_prolific,documented,abs,Perth_Alexithymia_Questionnaire_alexithymianegative_difficulty_describing_feelings,78,11,0.5947090883799744,0.8,0.4,0.9213130352874725
validation_prolific,documented,abs,Perth_Alexithymia_Questionnaire_alexithymianegative_difficulty_identifying_feelings,78,12,0.712692370920219,0.8,0.7,0.8880888592950019
validation_prolific,documented,abs,Perth_Alexithymia_Questionnaire_alexithymiapositive_difficulty_describing_feelings,78,11,-0.09316000455240961,0.4,0.3,0.6414420313461348
validation_prolific,documented,abs,Perth_Alexithymia_Questionnaire_alexithymiapositive_difficulty_identifying_feelings,78,10,0.29194855777134254,0.6,0.6,0.773243015569801
validation_prolific,documented,abs,Positive_and_Negative_Affect_Schedule_negative_affect,79,24,0.7169668938656281,1.0,0.9,0.9237646857859574
validation_prolific,documented,abs,Positive_and_Negative_Affect_Schedule_positive_affect,79,21,0.6635345666991237,1.0,1.0,0.9668982934199404
validation_prolific,documented,abs,Revised_Adult_Attachment_Scale_close,79,17,0.528018500486855,0.6,0.7,0.885121331364176
validation_prolific,documented,abs,Revised_Adult_Attachment_Scale_depend,79,14,0.6034323271665044,1.0,0.5,0.8910818966785492
validation_prolific,documented,abs,Survey_Attitude_Scale_survey_burden,79,2,0.2672103213242454,0.2,0.2,0.7272455242292214
validation_prolific,documented,abs,Survey_Attitude_Scale_survey_enjoyment,79,2,0.5525073028237586,0.4,0.2,0.963179594742313
validation_prolific,documented,abs,Survey_Attitude_Scale_survey_value,79,2,0.49048198636806234,0.2,0.2,0.8605699772144213
validation_prolific,documented,abs,UCLA_Loneliness_Scale__Short_Form__loneliness,79,26,0.720350535540409,1.0,1.0,0.9028074446901848
validation_prolific,documented,abs,Utrecht_Work_Engagement_Scale__Short_Version__engagement,76,14,0.6713328776486672,1.0,0.9,0.9264188517146899
validation_prolific,documented,abs,Utrecht_Work_Engagement_Scale__Short_Version__engagementabsorption,78,11,0.5342379139847494,1.0,0.8,0.9091556395378682
validation_prolific,documented,abs,Utrecht_Work_Engagement_Scale__Short_Version__engagementdedication,78,15,0.7517419289571188,1.0,0.9,0.9316199393195924
validation_prolific,documented,abs,Utrecht_Work_Engagement_Scale__Short_Version__engagementvigor,78,17,0.7571542381668962,1.0,0.9,0.9408699084076625
validation_prolific,documented,abs,Work_Gratitude_Scale_work_gratitude,76,9,0.5492822966507177,1.0,0.8,0.9488527082092515
validation_prolific,documented,abs,Work_Gratitude_Scale_work_gratitudegrateful_appraisals,78,12,0.7062937062937061,1.0,0.9,0.9573956674253445
validation_prolific,documented,abs,Work_Gratitude_Scale_work_gratitudegratitude_toward_others,78,8,0.5238938276912959,1.0,0.7,0.9455342526232635
validation_prolific,documented,abs,Work_Gratitude_Scale_work_gratitudeintentional_attitude_of_gratitude,78,9,0.2984230958914503,1.0,0.7,0.8997439523388205
validation_prolific,documented,abs_cross_instrument,Attitudes_Toward_AI_in_Defense_Scale_negative_attitude_toward_ai_in_defense,78,0,0.2315279657051809,0.0,0.0,0.5238030201535249
validation_prolific,documented,abs_cross_instrument,Attitudes_Toward_AI_in_Defense_Scale_positive_attitude_toward_ai_in_defense,78,0,0.30042109788945226,0.0,0.0,0.5363042150778291
validation_prolific,documented,abs_cross_instrument,Authoritarianism_Short_Scale_authoritarianism,76,4,0.23948051948051946,0.6,0.3,0.7169839099366481
validation_prolific,documented,abs_cross_instrument,Authoritarianism_Short_Scale_authoritarianismauthoritarian_aggression,76,2,0.21356117566643884,0.4,0.2,0.60058548721479
validation_prolific,documented,abs_cross_instrument,Authoritarianism_Short_Scale_authoritarianismauthoritarian_submissiveness,76,1,0.15368421052631578,0.2,0.1,0.761563832217519
validation_prolific,documented,abs_cross_instrument,Authoritarianism_Short_Scale_authoritarianismconventionalism,76,3,0.14602870813397129,0.2,0.2,0.5836860663772953
validation_prolific,documented,abs_cross_instrument,Center_for_Epidemiological_Studies_Depression_Scale_depression,75,25,0.7347652916073969,1.0,1.0,0.8811448654816876
validation_prolific,documented,abs_cross_instrument,Center_for_Epidemiological_Studies_Depression_Scale_depressiondepressive_affect,75,16,0.6735419630156472,1.0,0.9,0.8899245201491499
validation_prolific,documented,abs_cross_instrument,Center_for_Epidemiological_Studies_Depression_Scale_depressioninterpersonal,75,14,0.5163584637268848,0.8,0.9,0.8911700098718326
validation_prolific,documented,abs_cross_instrument,Center_for_Epidemiological_Studies_Depression_Scale_depressionsomatic,75,27,0.6732859174964438,1.0,1.0,0.9399455583189419
validation_prolific,documented,abs_cross_instrument,Center_for_Epidemiological_Studies_Depression_Scale_depressionwell_being,75,20,0.6643812233285917,1.0,0.9,0.8469978925802735
validation_prolific,documented,abs_cross_instrument,Chronotype_Questionnaire_distinctness,78,22,0.6681546301799466,1.0,0.9,0.8258039536079085
validation_prolific,documented,abs_cross_instrument,Chronotype_Questionnaire_morningness_eveningness,78,0,0.5539903134839843,0.0,0.0,0.8880075974136549
validation_prolific,documented,abs_cross_instrument,Disgust_Avoidance_Questionnaire_behavioral_escape,76,0,-0.02758714969241285,0.0,0.0,0.3690304076948833
validation_prolific,documented,abs_cross_instrument,Disgust_Avoidance_Questionnaire_behavioral_prevention,76,0,0.2370745044429255,0.0,0.0,0.5492739611533377
validation_prolific,documented,abs_cross_instrument,Disgust_Avoidance_Questionnaire_cognitive_escape,76,0,0.05911141490088858,0.0,0.0,0.5992204445628977
validation_prolific,documented,abs_cross_instrument,Disgust_Avoidance_Questionnaire_cognitive_prevention,76,0,0.2194121667805878,0.0,0.0,0.6738669386874172
validation_prolific,documented,abs_cross_instrument,Fear_of_COVID_19_Scale_fear_of_covid_19,79,0,0.5433300876338851,0.0,0.0,0.6485512875896184
validation_prolific,documented,abs_cross_instrument,HEXACO_60_agreeableness,65,4,0.6805506993006993,0.2,0.1,0.8519682283488379
validation_prolific,documented,abs_cross_instrument,HEXACO_60_agreeablenessflexibility,65,0,0.5499125874125874,0.0,0.0,0.7408580883704949
validation_prolific,documented,abs_cross_instrument,HEXACO_60_agreeablenessforgiveness,65,0,0.28793706293706295,0.0,0.0,0.647953126751901
validation_prolific,documented,abs_cross_instrument,HEXACO_60_agreeablenessgentleness,65,0,0.5102709790209791,0.0,0.0,0.7508363438877041
validation_prolific,documented,abs_cross_instrument,HEXACO_60_agreeablenesspatience,65,0,-0.2593968531468531,0.0,0.0,0.44765468500428734
validation_prolific,documented,abs_cross_instrument,HEXACO_60_conscientiousness,65,13,0.5668706293706294,0.6,0.6,0.8788604725089342
validation_prolific,documented,abs_cross_instrument,HEXACO_60_conscientiousnessdiligence,65,7,0.5604895104895105,0.8,0.6,0.9392398500361493
validation_prolific,documented,abs_cross_instrument,HEXACO_60_conscientiousnessorganization,65,9,0.6235576923076923,0.2,0.5,0.8245458131343862
validation_prolific,documented,abs_cross_instrument,HEXACO_60_conscientiousnessperfectionism,65,0,0.3184003496503497,0.0,0.0,0.8320603040225796
validation_prolific,documented,abs_cross_instrument,HEXACO_60_conscientiousnessprudence,65,7,0.5392045454545454,0.8,0.6,0.9374242335318388
validation_prolific,documented,abs_cross_instrument,HEXACO_60_honesty_humility,65,0,-0.154763986013986,0.0,0.0,0.3391940347124987
validation_prolific,documented,abs_cross_instrument,HEXACO_60_honesty_humilityfairness__hexaco_,65,2,-0.06451048951048952,0.0,0.0,0.38982173317285695
validation_prolific,documented,abs_cross_instrument,HEXACO_60_honesty_humilitygreed_avoidance,65,0,0.08653846153846154,0.0,0.0,0.6486666559391883
validation_prolific,documented,abs_cross_instrument,HEXACO_60_honesty_humilitymodesty,65,0,-0.17172202797202799,0.0,0.0,0.539054032206019
validation_prolific,documented,abs_cross_instrument,HEXACO_60_honesty_humilitysincerity,65,0,-0.05091783216783217,0.0,0.0,0.3354642168301443
validation_prolific,documented,abs_cross_instrument,Moral_Foundations_Questionnaire_authority,75,7,0.147027027027027,0.8,0.4,0.7514690620438375
validation_prolific,documented,abs_cross_instrument,Moral_Foundations_Questionnaire_fairness,75,0,0.5207396870554765,0.0,0.0,0.8768865928576121
validation_prolific,documented,abs_cross_instrument,Moral_Foundations_Questionnaire_harm,75,0,0.20156472261735417,0.0,0.0,0.4597020975363281
validation_prolific,documented,abs_cross_instrument,Moral_Foundations_Questionnaire_ingroup,75,4,0.4056899004267425,0.2,0.2,0.6900076310563296
validation_prolific,documented,abs_cross_instrument,Moral_Foundations_Questionnaire_purity,75,3,-0.08264580369843527,0.4,0.2,0.6294165107872441
validation_prolific,documented,abs_cross_instrument,New_Ecological_Paradigm_Scale_antiexemptionalism,75,0,-0.04625889046941678,0.0,0.0,0.5331861354536264
validation_prolific,documented,abs_cross_instrument,New_Ecological_Paradigm_Scale_balance_of_nature,75,1,0.24335704125177807,0.0,0.0,0.5062540133495465
validation_prolific,documented,abs_cross_instrument,New_Ecological_Paradigm_Scale_eco_crisis,75,2,-0.26139402560455194,0.0,0.0,0.2854966203503222
validation_prolific,documented,abs_cross_instrument,New_Ecological_Paradigm_Scale_human_domination,75,3,-0.022532005689900426,0.0,0.0,0.299561369603525
validation_prolific,documented,abs_cross_instrument,New_Ecological_Paradigm_Scale_limits_to_growth,75,0,0.0764153627311522,0.0,0.0,0.4301745288069048
validation_prolific,documented,abs_cross_instrument,Obsessive_Compulsive_Inventory__Revised__obsessiveness_compulsiveness,73,15,0.6085091941256325,0.8,0.8,0.9392874617986138
validation_prolific,documented,abs_cross_instrument,Obsessive_Compulsive_Inventory__Revised__obsessiveness_compulsivenesschecking,73,3,0.1587375046279156,0.4,0.2,0.6513596010132467
validation_prolific,documented,abs_cross_instrument,Obsessive_Compulsive_Inventory__Revised__obsessiveness_compulsivenesshoarding,73,3,0.4858385783043318,0.0,0.1,0.6389183999978084
validation_prolific,documented,abs_cross_instrument,Obsessive_Compulsive_Inventory__Revised__obsessiveness_compulsivenessneutralizing,73,0,0.13602986548192028,0.0,0.0,0.5641200746129861
validation_prolific,documented,abs_cross_instrument,Obsessive_Compulsive_Inventory__Revised__obsessiveness_compulsivenessobsessing,73,20,0.7766876465506604,1.0,0.8,0.9218128310859127
validation_prolific,documented,abs_cross_instrument,Obsessive_Compulsive_Inventory__Revised__obsessiveness_compulsivenessordering,73,0,0.2433049487844009,0.0,0.0,0.5786814727955962
validation_prolific,documented,abs_cross_instrument,Obsessive_Compulsive_Inventory__Revised__obsessiveness_compulsivenesswashing,73,0,0.41065037640380114,0.0,0.0,0.7076129060828144
validation_prolific,documented,abs_cross_instrument,Oldenburg_Burnout_Inventory__English_Translation__burnout,77,28,0.7394973447605026,1.0,1.0,0.9390385202252545
validation_prolific,documented,abs_cross_instrument,Oldenburg_Burnout_Inventory__English_Translation__burnoutdisengagement,77,26,0.7183342972816656,1.0,0.9,0.9140736199135775
validation_prolific,documented,abs_cross_instrument,Oldenburg_Burnout_Inventory__English_Translation__burnoutexhaustion,77,26,0.6925968768074031,1.0,1.0,0.9055346485882301
validation_prolific,documented,abs_cross_instrument,Perceived_Stress_Scale_perceived_stress,79,27,0.8060370009737098,1.0,0.9,0.8884394266810884
validation_prolific,documented,abs_cross_instrument,Perseverative_Thinking_Questionnaire_perseverative_thinking,76,26,0.6792344497607655,0.8,0.9,0.892637560346139
validation_prolific,documented,abs_cross_instrument,Perseverative_Thinking_Questionnaire_perseverative_thinkingcore_characteristics_of_repetitive_negative_thinking,76,23,0.4840464798359535,0.8,0.6,0.7757934371824569
validation_prolific,documented,abs_cross_instrument,Perseverative_Thinking_Questionnaire_perseverative_thinkingrepetitive_negative_thinking_capturing_mental_capacity,76,23,0.703321941216678,0.8,0.9,0.8289367130429716
validation_prolific,documented,abs_cross_instrument,Perseverative_Thinking_Questionnaire_perseverative_thinkingunproductiveness_of_repetitive_negative_thinking,76,25,0.6952016404647984,1.0,0.9,0.8967254326357559
validation_prolific,documented,abs_cross_instrument,Perth_Alexithymia_Questionnaire_alexithymia,74,13,0.48496112550907056,0.8,0.7,0.8322300130379148
validation_prolific,documented,abs_cross_instrument,Perth_Alexithymia_Questionnaire_alexithymiageneral_externally_orientated_thinking,74,0,0.24570159200296182,0.0,0.0,0.5649892564300878
validation_prolific,documented,abs_cross_instrument,Perth_Alexithymia_Questionnaire_alexithymianegative_difficulty_describing_feelings,74,7,0.5535875601629026,0.2,0.1,0.8611131278211657
validation_prolific,documented,abs_cross_instrument,Perth_Alexithymia_Questionnaire_alexithymianegative_difficulty_identifying_feelings,74,8,0.6967641614216956,0.6,0.6,0.9631815699570637
validation_prolific,documented,abs_cross_instrument,Perth_Alexithymia_Questionnaire_alexithymiapositive_difficulty_describing_feelings,74,7,-0.243006293965198,0.0,0.0,0.263143316557015
validation_prolific,documented,abs_cross_instrument,Perth_Alexithymia_Questionnaire_alexithymiapositive_difficulty_identifying_feelings,74,7,0.19478711588300626,0.6,0.3,0.4030034508404919
validation_prolific,documented,abs_cross_instrument,Positive_and_Negative_Affect_Schedule_negative_affect,78,23,0.7235675716688375,1.0,0.9,0.9237646857859574
validation_prolific,documented,abs_cross_instrument,Positive_and_Negative_Affect_Schedule_positive_affect,78,20,0.664664449474576,1.0,1.0,0.9668982934199404
validation_prolific,documented,abs_cross_instrument,Revised_Adult_Attachment_Scale_close,78,16,0.5096549020599653,0.6,0.6,0.8790371461627825
validation_prolific,documented,abs_cross_instrument,Revised_Adult_Attachment_Scale_depend,78,13,0.5880069297790816,0.8,0.4,0.8701261522067811
validation_prolific,documented,abs_cross_instrument,Survey_Attitude_Scale_survey_burden,77,0,0.21331300278668697,0.0,0.0,0.6383862771144504
validation_prolific,documented,abs_cross_instrument,Survey_Attitude_Scale_survey_enjoyment,77,0,0.5167201219832799,0.0,0.0,0.8357381442896118
validation_prolific,documented,abs_cross_instrument,Survey_Attitude_Scale_survey_value,77,0,0.45162732004837264,0.0,0.0,0.804771452715442
validation_prolific,documented,abs_cross_instrument,UCLA_Loneliness_Scale__Short_Form__loneliness,79,26,0.720350535540409,1.0,1.0,0.9028074446901848
validation_prolific,documented,abs_cross_instrument,Utrecht_Work_Engagement_Scale__Short_Version__engagement,76,14,0.6713328776486672,1.0,0.9,0.9264188517146899
validation_prolific,documented,abs_cross_instrument,Utrecht_Work_Engagement_Scale__Short_Version__engagementabsorption,76,9,0.49667805878332194,1.0,0.7,0.8911202154044868
validation_prolific,documented,abs_cross_instrument,Utrecht_Work_Engagement_Scale__Short_Version__engagementdedication,76,13,0.7321120984278879,1.0,0.9,0.9335600240426402
validation_prolific,documented,abs_cross_instrument,Utrecht_Work_Engagement_Scale__Short_Version__engagementvigor,76,15,0.739166097060834,1.0,0.9,0.9426028687279991
validation_prolific,documented,abs_cross_instrument,Work_Gratitude_Scale_work_gratitude,76,9,0.5492822966507177,1.0,0.8,0.9488527082092515
validation_prolific,documented,abs_cross_instrument,Work_Gratitude_Scale_work_gratitudegrateful_appraisals,76,10,0.6832535885167464,1.0,0.7,0.9265655503470938
validation_prolific,documented,abs_cross_instrument,Work_Gratitude_Scale_work_gratitudegratitude_toward_others,76,6,0.48538619275461375,0.8,0.5,0.9220719577322599
validation_prolific,documented,abs_cross_instrument,Work_Gratitude_Scale_work_gratitudeintentional_attitude_of_gratitude,76,7,0.2415857826384142,0.8,0.5,0.8441222773556919
validation_prolific,aligned,signed,Attitudes_Toward_AI_in_Defense_Scale_negative_attitude_toward_ai_in_defense,79,0,0.1026290165530672,0.0,0.0,0.5576796474661386
validation_prolific,aligned,signed,Attitudes_Toward_AI_in_Defense_Scale_positive_attitude_toward_ai_in_defense,79,0,0.13673320350535542,0.0,0.0,0.5709498497318316
validation_prolific,aligned,signed,Authoritarianism_Short_Scale_authoritarianism,76,4,0.16257006151742992,0.6,0.3,0.6945653465893643
validation_prolific,aligned,signed,Authoritarianism_Short_Scale_authoritarianismauthoritarian_aggression,78,4,0.24070865843017739,0.6,0.4,0.7161228454680363
validation_prolific,aligned,signed,Authoritarianism_Short_Scale_authoritarianismauthoritarian_submissiveness,78,3,0.10188545631583605,0.6,0.3,0.8252567889034393
validation_prolific,aligned,signed,Authoritarianism_Short_Scale_authoritarianismconventionalism,78,5,0.1460185384236017,0.6,0.4,0.6596420778949493
validation_prolific,aligned,signed,Center_for_Epidemiological_Studies_Depression_Scale_depression,75,25,-0.01018492176386913,1.0,0.7,0.8673955673982979
validation_prolific,aligned,signed,Center_for_Epidemiological_Studies_Depression_Scale_depressiondepressive_affect,78,19,0.09037797645392581,1.0,0.8,0.8958921934173685
validation_prolific,aligned,signed,Center_for_Epidemiological_Studies_Depression_Scale_depressioninterpersonal,78,17,0.11142022534427595,1.0,0.8,0.9093947923335656
validation_prolific,aligned,signed,Center_for_Epidemiological_Studies_Depression_Scale_depressionsomatic,78,30,0.1582594620569304,1.0,1.0,0.9667415188281423
validation_prolific,aligned,signed,Center_for_Epidemiological_Studies_Depression_Scale_depressionwell_being,78,23,-0.12823884975783706,0.8,0.7,0.7395945358528664
validation_prolific,aligned,signed,Chronotype_Questionnaire_distinctness,79,22,0.04053067185978579,0.8,0.8,0.8127956330405275
validation_prolific,aligned,signed,Chronotype_Questionnaire_morningness_eveningness,79,0,-0.0014118792599805258,0.0,0.0,0.8950209800411412
validation_prolific,aligned,signed,Disgust_Avoidance_Questionnaire_behavioral_escape,79,3,-0.0009737098344693281,0.4,0.2,0.7140175220053464
validation_prolific,aligned,signed,Disgust_Avoidance_Questionnaire_behavioral_prevention,79,3,0.17865141187925998,0.6,0.3,0.9020749200341883
validation_prolific,aligned,signed,Disgust_Avoidance_Questionnaire_cognitive_escape,79,3,0.1774099318403116,0.4,0.3,0.8678182554526295
validation_prolific,aligned,signed,Disgust_Avoidance_Questionnaire_cognitive_prevention,79,3,0.3813291139240506,0.4,0.2,0.6452905554841939
validation_prolific,aligned,signed,Fear_of_COVID_19_Scale_fear_of_covid_19,79,0,0.5353213242453749,0.0,0.0,0.7250311242528449
validation_prolific,aligned,signed,HEXACO_60_agreeableness,75,4,0.008933143669985776,0.2,0.2,0.8058777365981452
validation_prolific,aligned,signed,HEXACO_60_agreeablenessflexibility,78,2,0.022471199686389557,0.2,0.1,0.7067502095331344
validation_prolific,aligned,signed,HEXACO_60_agreeablenessforgiveness,78,1,-0.004185687729991527,0.2,0.1,0.6445275912186365
validation_prolific,aligned,signed,HEXACO_60_agreeablenessgentleness,78,3,0.133701741296678,0.4,0.2,0.7946017886119291
validation_prolific,aligned,signed,HEXACO_60_agreeablenesspatience,78,2,-0.25760315633733355,0.0,0.0,0.32659071044558907
validation_prolific,aligned,signed,HEXACO_60_conscientiousness,75,13,-0.24540540540540542,0.4,0.3,0.7701822909931805
validation_prolific,aligned,signed,HEXACO_60_conscientiousnessdiligence,78,8,0.20843713248776535,1.0,0.7,0.9598420121741129
validation_prolific,aligned,signed,HEXACO_60_conscientiousnessorganization,78,10,-0.28274257388181434,0.0,0.0,0.603177576293436
validation_prolific,aligned,signed,HEXACO_60_conscientiousnessperfectionism,78,1,0.25747670051467514,0.2,0.1,0.8117489032310911
validation_prolific,aligned,signed,HEXACO_60_conscientiousnessprudence,78,8,-0.24498286523602977,0.2,0.1,0.6725268075955854
validation_prolific,aligned,signed,HEXACO_60_honesty_humility,75,0,0.05985775248933144,0.0,0.0,0.5347795130912514
validation_prolific,aligned,signed,HEXACO_60_honesty_humilityfairness__hexaco_,78,2,0.05755004489181704,0.0,0.0,0.4086462341854935
validation_prolific,aligned,signed,HEXACO_60_honesty_humilitygreed_avoidance,78,0,0.0953350447021333,0.0,0.0,0.7813365975578287
validation_prolific,aligned,signed,HEXACO_60_honesty_humilitymodesty,78,0,-0.05608315734898013,0.0,0.0,0.43947416491210023
validation_prolific,aligned,signed,HEXACO_60_honesty_humilitysincerity,78,0,-0.097585958345452,0.0,0.0,0.33464961309634456
validation_prolific,aligned,signed,Moral_Foundations_Questionnaire_authority,79,9,0.20170399221032131,0.8,0.6,0.7153610089672757
validation_prolific,aligned,signed,Moral_Foundations_Questionnaire_fairness,79,1,0.5581791626095424,0.0,0.1,0.7427710361485956
validation_prolific,aligned,signed,Moral_Foundations_Questionnaire_harm,79,1,0.24576436222005843,0.2,0.1,0.6673498759377973
validation_prolific,aligned,signed,Moral_Foundations_Questionnaire_ingroup,79,6,0.12492697176241481,0.2,0.2,0.5676518358331847
validation_prolific,aligned,signed,Moral_Foundations_Questionnaire_purity,79,5,0.04350048685491723,0.4,0.2,0.5675695033575688
validation_prolific,aligned,signed,New_Ecological_Paradigm_Scale_antiexemptionalism,79,4,0.11954722492697177,0.0,0.0,0.48005375748121504
validation_prolific,aligned,signed,New_Ecological_Paradigm_Scale_balance_of_nature,79,5,0.18833982473222982,0.0,0.0,0.37617399566849985
validation_prolific,aligned,signed,New_Ecological_Paradigm_Scale_eco_crisis,79,6,0.39452288218111004,0.0,0.0,0.3449685222152545
validation_prolific,aligned,signed,New_Ecological_Paradigm_Scale_human_domination,79,7,-0.13483446932814022,0.0,0.0,0.18997002179856454
validation_prolific,aligned,signed,New_Ecological_Paradigm_Scale_limits_to_growth,79,4,-0.09036027263875365,0.2,0.1,0.32168017559487594
validation_prolific,aligned,signed,Obsessive_Compulsive_Inventory__Revised__obsessiveness_compulsiveness,73,15,0.28168579538442556,1.0,1.0,0.9837343293682438
validation_prolific,aligned,signed,Obsessive_Compulsive_Inventory__Revised__obsessiveness_compulsivenesschecking,78,8,0.17745545593646855,0.6,0.4,0.7126492870657158
validation_prolific,aligned,signed,Obsessive_Compulsive_Inventory__Revised__obsessiveness_compulsivenesshoarding,78,7,0.23259019461551103,0.0,0.1,0.6854139792106095
validation_prolific,aligned,signed,Obsessive_Compulsive_Inventory__Revised__obsessiveness_compulsivenessneutralizing,78,5,0.16579622908736832,0.0,0.0,0.4131381829594852
validation_prolific,aligned,signed,Obsessive_Compulsive_Inventory__Revised__obsessiveness_compulsivenessobsessing,78,25,0.36579875820382146,1.0,0.9,0.9410974356049776
validation_prolific,aligned,signed,Obsessive_Compulsive_Inventory__Revised__obsessiveness_compulsivenessordering,78,4,0.22452231312990806,0.0,0.0,0.502333892677852
validation_prolific,aligned,signed,Obsessive_Compulsive_Inventory__Revised__obsessiveness_compulsivenesswashing,78,5,0.44018007309146545,0.2,0.2,0.6373131060721999
validation_prolific,aligned,signed,Oldenburg_Burnout_Inventory__English_Translation__burnout,77,28,0.034176349965823645,0.8,0.8,0.8878685843411299
validation_prolific,aligned,signed,Oldenburg_Burnout_Inventory__English_Translation__burnoutdisengagement,78,27,0.14525980348765158,1.0,0.9,0.9366279328233975
validation_prolific,aligned,signed,Oldenburg_Burnout_Inventory__English_Translation__burnoutexhaustion,78,27,0.01716005513473868,1.0,0.8,0.889254036778583
validation_prolific,aligned,signed,Perceived_Stress_Scale_perceived_stress,79,27,0.1639970788704966,1.0,0.9,0.8899500224734496
validation_prolific,aligned,signed,Perseverative_Thinking_Questionnaire_perseverative_thinking,76,26,0.19302802460697197,0.8,0.9,0.8984267841989277
validation_prolific,aligned,signed,Perseverative_Thinking_Questionnaire_perseverative_thinkingcore_characteristics_of_repetitive_negative_thinking,78,25,0.25203910014036596,1.0,0.9,0.921208429112656
validation_prolific,aligned,signed,Perseverative_Thinking_Questionnaire_perseverative_thinkingrepetitive_negative_thinking_capturing_mental_capacity,78,25,0.26668268440420334,0.8,0.9,0.9034907194345483
validation_prolific,aligned,signed,Perseverative_Thinking_Questionnaire_perseverative_thinkingunproductiveness_of_repetitive_negative_thinking,78,27,0.21367240354582123,1.0,0.9,0.909523001869438
validation_prolific,aligned,signed,Perth_Alexithymia_Questionnaire_alexithymia,74,13,0.1662051092188078,0.8,0.7,0.8100738361719224
validation_prolific,aligned,signed,Perth_Alexithymia_Questionnaire_alexithymiageneral_externally_orientated_thinking,78,3,0.0912631672125343,0.0,0.0,0.35458179339190765
validation_prolific,aligned,signed,Perth_Alexithymia_Questionnaire_alexithymianegative_difficulty_describing_feelings,78,11,0.27621745343264326,0.6,0.4,0.9208802664598998
validation_prolific,aligned,signed,Perth_Alexithymia_Questionnaire_alexithymianegative_difficulty_identifying_feelings,78,12,0.4218439788060041,0.8,0.7,0.8880888592950019
validation_prolific,aligned,signed,Perth_Alexithymia_Questionnaire_alexithymiapositive_difficulty_describing_feelings,78,11,-0.20105211244451748,0.4,0.3,0.6157397328180151
validation_prolific,aligned,signed,Perth_Alexithymia_Questionnaire_alexithymiapositive_difficulty_identifying_feelings,78,10,0.15780422109536033,0.6,0.6,0.773243015569801
validation_prolific,aligned,signed,Positive_and_Negative_Affect_Schedule_negative_affect,79,24,0.18502921129503408,1.0,0.8,0.9177946740720788
validation_prolific,aligned,signed,Positive_and_Negative_Affect_Schedule_positive_affect,79,21,0.11387536514118793,1.0,0.9,0.8384747297306494
validation_prolific,aligned,signed,Revised_Adult_Attachment_Scale_close,79,17,-0.08527263875365142,0.6,0.3,0.8001539460627475
validation_prolific,aligned,signed,Revised_Adult_Attachment_Scale_depend,79,14,-0.15289678675754625,0.2,0.1,0.7074567842461817
validation_prolific,aligned,signed,Survey_Attitude_Scale_survey_burden,79,2,0.06655306718597859,0.2,0.2,0.7424014167234513
validation_prolific,aligned,signed,Survey_Attitude_Scale_survey_enjoyment,79,2,0.5173076923076924,0.4,0.2,0.963179594742313
validation_prolific,aligned,signed,Survey_Attitude_Scale_survey_value,79,2,0.4778724440116846,0.2,0.2,0.8605699772144213
validation_prolific,aligned,signed,UCLA_Loneliness_Scale__Short_Form__loneliness,79,26,0.11716163583252191,1.0,1.0,0.9638150684084563
validation_prolific,aligned,signed,Utrecht_Work_Engagement_Scale__Short_Version__engagement,76,14,0.15928913192071087,1.0,0.8,0.9364489659281617
validation_prolific,aligned,signed,Utrecht_Work_Engagement_Scale__Short_Version__engagementabsorption,78,11,0.21362182121675788,1.0,0.8,0.9091556395378682
validation_prolific,aligned,signed,Utrecht_Work_Engagement_Scale__Short_Version__engagementdedication,78,15,0.22940350788452052,1.0,0.9,0.9439045092136022
validation_prolific,aligned,signed,Utrecht_Work_Engagement_Scale__Short_Version__engagementvigor,78,17,0.17677259449411348,1.0,1.0,0.9645183671910803
validation_prolific,aligned,signed,Work_Gratitude_Scale_work_gratitude,76,9,0.2770745044429255,1.0,0.7,0.9334680511911335
validation_prolific,aligned,signed,Work_Gratitude_Scale_work_gratitudegrateful_appraisals,78,12,0.2763692004198333,1.0,0.8,0.9429998208646746
validation_prolific,aligned,signed,Work_Gratitude_Scale_work_gratitudegratitude_toward_others,78,8,0.3734113987278544,1.0,0.7,0.9458124651237754
validation_prolific,aligned,signed,Work_Gratitude_Scale_work_gratitudeintentional_attitude_of_gratitude,78,9,0.21728904007385016,1.0,0.7,0.8997439523388205
validation_prolific,aligned,abs,Attitudes_Toward_AI_in_Defense_Scale_negative_attitude_toward_ai_in_defense,79,0,0.2460321324245375,0.0,0.0,0.5250638327277091
validation_prolific,aligned,abs,Attitudes_Toward_AI_in_Defense_Scale_positive_attitude_toward_ai_in_defense,79,0,0.2856621226874392,0.0,0.0,0.5003121093108465
validation_prolific,aligned,abs,Authoritarianism_Short_Scale_authoritarianism,76,4,0.2546548188653452,0.6,0.3,0.7169839099366481
validation_prolific,aligned,abs,Authoritarianism_Short_Scale_authoritarianismauthoritarian_aggression,78,4,0.2869409071940717,0.6,0.4,0.7596922228436002
validation_prolific,aligned,abs,Authoritarianism_Short_Scale_authoritarianismauthoritarian_submissiveness,78,3,0.24397121865476296,0.6,0.3,0.8486572935646077
validation_prolific,aligned,abs,Authoritarianism_Short_Scale_authoritarianismconventionalism,78,5,0.20636325699616836,0.6,0.4,0.6782775669828993
validation_prolific,aligned,abs,Center_for_Epidemiological_Studies_Depression_Scale_depression,75,25,0.736728307254623,1.0,1.0,0.9059508103897572
validation_prolific,aligned,abs,Center_for_Epidemiological_Studies_Depression_Scale_depressiondepressive_affect,78,19,0.6432428331162509,1.0,1.0,0.9099924973887077
validation_prolific,aligned,abs,Center_for_Epidemiological_Studies_Depression_Scale_depressioninterpersonal,78,17,0.5466811669343314,0.8,0.9,0.9262216887899595
validation_prolific,aligned,abs,Center_for_Epidemiological_Studies_Depression_Scale_depressionsomatic,78,30,0.6549020599653511,1.0,1.0,0.9542946713371695
validation_prolific,aligned,abs,Center_for_Epidemiological_Studies_Depression_Scale_depressionwell_being,78,23,0.5506012974367404,1.0,0.9,0.8165614986983796
validation_prolific,aligned,abs,Chronotype_Questionnaire_distinctness,79,22,0.6670886075949367,0.8,0.8,0.7798232422584601
validation_prolific,aligned,abs,Chronotype_Questionnaire_morningness_eveningness,79,0,0.6243670886075949,0.0,0.0,0.8938158082145868
validation_prolific,aligned,abs,Disgust_Avoidance_Questionnaire_behavioral_escape,79,3,0.05847127555988316,0.4,0.2,0.7255504226307621
validation_prolific,aligned,abs,Disgust_Avoidance_Questionnaire_behavioral_prevention,79,3,0.3221275559883155,0.6,0.3,0.9164473839250111
validation_prolific,aligned,abs,Disgust_Avoidance_Questionnaire_cognitive_escape,79,3,0.1635589094449854,0.4,0.3,0.8678182554526295
validation_prolific,aligned,abs,Disgust_Avoidance_Questionnaire_cognitive_prevention,79,3,0.27166504381694256,0.4,0.2,0.6452905554841939
validation_prolific,aligned,abs,Fear_of_COVID_19_Scale_fear_of_covid_19,79,0,0.5469814995131451,0.0,0.0,0.6516392410605323
validation_prolific,aligned,abs,HEXACO_60_agreeableness,75,4,0.608904694167852,0.4,0.2,0.8644843026052715
validation_prolific,aligned,abs,HEXACO_60_agreeablenessflexibility,78,2,0.502371046674844,0.2,0.1,0.7090731659849394
validation_prolific,aligned,abs,HEXACO_60_agreeablenessforgiveness,78,1,0.2959192706028149,0.2,0.1,0.6867817455903683
validation_prolific,aligned,abs,HEXACO_60_agreeablenessgentleness,78,3,0.48132879778449394,0.4,0.2,0.7635212937642106
validation_prolific,aligned,abs,HEXACO_60_agreeablenesspatience,78,2,-0.20853829714589206,0.0,0.0,0.34899585158372726
validation_prolific,aligned,abs,HEXACO_60_conscientiousness,75,13,0.4944807965860597,0.6,0.6,0.8659349834948534
validation_prolific,aligned,abs,HEXACO_60_conscientiousnessdiligence,78,8,0.525588335714918,0.8,0.7,0.9496074792476201
validation_prolific,aligned,abs,HEXACO_60_conscientiousnessorganization,78,10,0.5865400422362448,0.2,0.3,0.7195255360057312
validation_prolific,aligned,abs,HEXACO_60_conscientiousnessperfectionism,78,1,0.3053022926440648,0.2,0.1,0.816775762534086
validation_prolific,aligned,abs,HEXACO_60_conscientiousnessprudence,78,8,0.5183044803297967,0.8,0.6,0.8573062209672517
validation_prolific,aligned,abs,HEXACO_60_honesty_humility,75,0,-0.17621621621621622,0.0,0.0,0.4203862464150984
validation_prolific,aligned,abs,HEXACO_60_honesty_humilityfairness__hexaco_,78,2,-0.07194071751033775,0.0,0.0,0.42688904004526346
validation_prolific,aligned,abs,HEXACO_60_honesty_humilitygreed_avoidance,78,0,0.1301356870977124,0.0,0.0,0.7499640766073126
validation_prolific,aligned,abs,HEXACO_60_honesty_humilitymodesty,78,0,-0.12515332768497323,0.0,0.0,0.5802503547725039
validation_prolific,aligned,abs,HEXACO_60_honesty_humilitysincerity,78,0,-0.039138077112760655,0.0,0.0,0.3124766471716366
validation_prolific,aligned,abs,Moral_Foundations_Questionnaire_authority,79,9,0.21908471275559888,0.6,0.5,0.6256568550745218
validation_prolific,aligned,abs,Moral_Foundations_Questionnaire_fairness,79,1,0.5404333008763389,0.0,0.1,0.6888777277268956
validation_prolific,aligned,abs,Moral_Foundations_Questionnaire_harm,79,1,0.22770204479065242,0.2,0.1,0.6323098457402214
validation_prolific,aligned,abs,Moral_Foundations_Questionnaire_ingroup,79,6,0.3705209347614411,0.2,0.2,0.5731062294126458
validation_prolific,aligned,abs,Moral_Foundations_Questionnaire_purity,79,5,-0.06750243427458617,0.4,0.2,0.562587876035786
validation_prolific,aligned,abs,New_Ecological_Paradigm_Scale_antiexemptionalism,79,4,-0.06601752677702044,0.0,0.0,0.4115260860656168
validation_prolific,aligned,abs,New_Ecological_Paradigm_Scale_balance_of_nature,79,5,0.13244888023369036,0.0,0.0,0.3378275182003649
validation_prolific,aligned,abs,New_Ecological_Paradigm_Scale_eco_crisis,79,6,-0.30440603700097374,0.0,0.0,0.19707386164019303
validation_prolific,aligned,abs,New_Ecological_Paradigm_Scale_human_domination,79,7,-0.03641674780915287,0.0,0.0,0.24050446744610435
validation_prolific,aligned,abs,New_Ecological_Paradigm_Scale_limits_to_growth,79,4,0.09564264849074976,0.0,0.1,0.3645329080356842
validation_prolific,aligned,abs,Obsessive_Compulsive_Inventory__Revised__obsessiveness_compulsiveness,73,15,0.616839442181908,1.0,0.8,0.941211035000281
validation_prolific,aligned,abs,Obsessive_Compulsive_Inventory__Revised__obsessiveness_compulsivenesschecking,78,8,0.2628384273953894,0.6,0.4,0.7073331830446493
validation_prolific,aligned,abs,Obsessive_Compulsive_Inventory__Revised__obsessiveness_compulsivenesshoarding,78,7,0.48014011305150545,0.0,0.0,0.6490037473693745
validation_prolific,aligned,abs,Obsessive_Compulsive_Inventory__Revised__obsessiveness_compulsivenessneutralizing,78,5,0.1877742510653903,0.0,0.0,0.4131381829594852
validation_prolific,aligned,abs,Obsessive_Compulsive_Inventory__Revised__obsessiveness_compulsivenessobsessing,78,25,0.7532088164999556,1.0,0.8,0.9217225946801254
validation_prolific,aligned,abs,Obsessive_Compulsive_Inventory__Revised__obsessiveness_compulsivenessordering,78,4,0.31643040503799996,0.0,0.0,0.5110394035794974
validation_prolific,aligned,abs,Obsessive_Compulsive_Inventory__Revised__obsessiveness_compulsivenesswashing,78,5,0.42166694065428245,0.0,0.2,0.6083032978110902
validation_prolific,aligned,abs,Oldenburg_Burnout_Inventory__English_Translation__burnout,77,28,0.737551921762448,1.0,1.0,0.9581877293625217
validation_prolific,aligned,abs,Oldenburg_Burnout_Inventory__English_Translation__burnoutdisengagement,78,27,0.7287522603978298,1.0,0.9,0.9158566511612402
validation_prolific,aligned,abs,Oldenburg_Burnout_Inventory__English_Translation__burnoutexhaustion,78,27,0.7033346400435008,1.0,1.0,0.9257995337164681
validation_prolific,aligned,abs,Perceived_Stress_Scale_perceived_stress,79,27,0.8032862706913341,1.0,1.0,0.9237415095557128
validation_prolific,aligned,abs,Perseverative_Thinking_Questionnaire_perseverative_thinking,76,26,0.6844019138755982,0.8,0.9,0.8937365434251352
validation_prolific,aligned,abs,Perseverative_Thinking_Questionnaire_perseverative_thinkingcore_characteristics_of_repetitive_negative_thinking,78,25,0.5461247613146346,1.0,0.9,0.921208429112656
validation_prolific,aligned,abs,Perseverative_Thinking_Questionnaire_perseverative_thinkingrepetitive_negative_thinking_capturing_mental_capacity,78,25,0.7260966881220045,0.8,0.9,0.8945603001693039
validation_prolific,aligned,abs,Perseverative_Thinking_Questionnaire_perseverative_thinkingunproductiveness_of_repetitive_negative_thinking,78,27,0.7230111660491406,1.0,0.9,0.9021885643245579
validation_prolific,aligned,abs,Perth_Alexithymia_Questionnaire_alexithymia,74,13,0.4786819696408736,0.8,0.8,0.879603968933161
validation_prolific,aligned,abs,Perth_Alexithymia_Questionnaire_alexithymiageneral_externally_orientated_thinking,78,3,0.26769433098547024,0.0,0.0,0.4073969133662378
validation_prolific,aligned,abs,Perth_Alexithymia_Questionnaire_alexithymianegative_difficulty_describing_feelings,78,11,0.596049520100153,0.6,0.4,0.9208802664598998
validation_prolific,aligned,abs,Perth_Alexithymia_Questionnaire_alexithymianegative_difficulty_identifying_feelings,78,12,0.7103908749478369,0.8,0.7,0.8880888592950019
validation_prolific,aligned,abs,Perth_Alexithymia_Questionnaire_alexithymiapositive_difficulty_describing_feelings,78,11,-0.09925517520454229,0.4,0.3,0.6425288794390542
validation_prolific,aligned,abs,Perth_Alexithymia_Questionnaire_alexithymiapositive_difficulty_identifying_feelings,78,10,0.31488764400156805,0.6,0.6,0.773243015569801
validation_prolific,aligned,abs,Positive_and_Negative_Affect_Schedule_negative_affect,79,24,0.7191820837390458,1.0,0.9,0.9274441934132891
validation_prolific,aligned,abs,Positive_and_Negative_Affect_Schedule_positive_affect,79,21,0.6638266796494645,1.0,0.9,0.9393920996551245
validation_prolific,aligned,abs,Revised_Adult_Attachment_Scale_close,79,17,0.5324245374878287,0.6,0.7,0.885121331364176
validation_prolific,aligned,abs,Revised_Adult_Attachment_Scale_depend,79,14,0.6072297955209348,1.0,0.5,0.8768456107024057
validation_prolific,aligned,abs,Survey_Attitude_Scale_survey_burden,79,2,0.2698149951314508,0.2,0.2,0.7272455242292214
validation_prolific,aligned,abs,Survey_Attitude_Scale_survey_enjoyment,79,2,0.554844206426485,0.4,0.2,0.963179594742313
validation_prolific,aligned,abs,Survey_Attitude_Scale_survey_value,79,2,0.48673320350535537,0.2,0.2,0.8605699772144213
validation_prolific,aligned,abs,UCLA_Loneliness_Scale__Short_Form__loneliness,79,26,0.7213972736124634,1.0,0.9,0.8832112505897379
validation_prolific,aligned,abs,Utrecht_Work_Engagement_Scale__Short_Version__engagement,76,14,0.7350922761449078,1.0,0.9,0.9469303488375208
validation_prolific,aligned,abs,Utrecht_Work_Engagement_Scale__Short_Version__engagementabsorption,78,11,0.542255213141289,1.0,0.8,0.9091556395378682
validation_prolific,aligned,abs,Utrecht_Work_Engagement_Scale__Short_Version__engagementdedication,78,15,0.7493898506556734,1.0,0.9,0.9316199393195924
validation_prolific,aligned,abs,Utrecht_Work_Engagement_Scale__Short_Version__engagementvigor,78,17,0.7520707140960305,1.0,0.9,0.9384188814654074
validation_prolific,aligned,abs,Work_Gratitude_Scale_work_gratitude,76,9,0.5424743677375257,1.0,0.8,0.9488527082092515
validation_prolific,aligned,abs,Work_Gratitude_Scale_work_gratitudegrateful_appraisals,78,12,0.7064960356099597,1.0,0.9,0.9573956674253445
validation_prolific,aligned,abs,Work_Gratitude_Scale_work_gratitudegratitude_toward_others,78,8,0.5203024823277987,1.0,0.7,0.946724930785347
validation_prolific,aligned,abs,Work_Gratitude_Scale_work_gratitudeintentional_attitude_of_gratitude,78,9,0.2877249332945535,1.0,0.6,0.8646434569762894
validation_prolific,aligned,abs_cross_instrument,Attitudes_Toward_AI_in_Defense_Scale_negative_attitude_toward_ai_in_defense,78,0,0.25307603788616445,0.0,0.0,0.5238030201535249
validation_prolific,aligned,abs_cross_instrument,Attitudes_Toward_AI_in_Defense_Scale_positive_attitude_toward_ai_in_defense,78,0,0.29827134890426027,0.0,0.0,0.5365146653397356
validation_prolific,aligned,abs_cross_instrument,Authoritarianism_Short_Scale_authoritarianism,76,4,0.2546548188653452,0.6,0.3,0.7169839099366481
validation_prolific,aligned,abs_cross_instrument,Authoritarianism_Short_Scale_authoritarianismauthoritarian_aggression,76,2,0.23023923444976077,0.4,0.2,0.60058548721479
validation_prolific,aligned,abs_cross_instrument,Authoritarianism_Short_Scale_authoritarianismauthoritarian_submissiveness,76,1,0.18272043745727956,0.2,0.1,0.761563832217519
validation_prolific,aligned,abs_cross_instrument,Authoritarianism_Short_Scale_authoritarianismconventionalism,76,3,0.14340396445659603,0.2,0.2,0.5836860663772953
validation_prolific,aligned,abs_cross_instrument,Center_for_Epidemiological_Studies_Depression_Scale_depression,75,25,0.736728307254623,1.0,1.0,0.9059508103897572
validation_prolific,aligned,abs_cross_instrument,Center_for_Epidemiological_Studies_Depression_Scale_depressiondepressive_affect,75,16,0.6722332859174964,1.0,0.9,0.9038561509442491
validation_prolific,aligned,abs_cross_instrument,Center_for_Epidemiological_Studies_Depression_Scale_depressioninterpersonal,75,14,0.5287624466571835,0.8,0.9,0.8960875294787481
validation_prolific,aligned,abs_cross_instrument,Center_for_Epidemiological_Studies_Depression_Scale_depressionsomatic,75,27,0.6783214793741109,1.0,1.0,0.9316731348480626
validation_prolific,aligned,abs_cross_instrument,Center_for_Epidemiological_Studies_Depression_Scale_depressionwell_being,75,20,0.6613086770981508,1.0,0.9,0.8474360077232371
validation_prolific,aligned,abs_cross_instrument,Chronotype_Questionnaire_distinctness,78,22,0.6671176924341481,1.0,0.9,0.814278521915732
validation_prolific,aligned,abs_cross_instrument,Chronotype_Questionnaire_morningness_eveningness,78,0,0.6097826224408502,0.0,0.0,0.865873389088779
validation_prolific,aligned,abs_cross_instrument,Disgust_Avoidance_Questionnaire_behavioral_escape,76,0,-0.04177717019822283,0.0,0.0,0.3690304076948833
validation_prolific,aligned,abs_cross_instrument,Disgust_Avoidance_Questionnaire_behavioral_prevention,76,0,0.23871496924128502,0.0,0.0,0.5492739611533377
validation_prolific,aligned,abs_cross_instrument,Disgust_Avoidance_Questionnaire_cognitive_escape,76,0,0.061490088858509914,0.0,0.0,0.5992204445628977
validation_prolific,aligned,abs_cross_instrument,Disgust_Avoidance_Questionnaire_cognitive_prevention,76,0,0.21123718386876283,0.0,0.0,0.6738669386874172
validation_prolific,aligned,abs_cross_instrument,Fear_of_COVID_19_Scale_fear_of_covid_19,79,0,0.5469814995131451,0.0,0.0,0.6516392410605323
validation_prolific,aligned,abs_cross_instrument,HEXACO_60_agreeableness,65,4,0.6509615384615385,0.4,0.2,0.8920839530691849
validation_prolific,aligned,abs_cross_instrument,HEXACO_60_agreeablenessflexibility,65,0,0.5573863636363636,0.0,0.0,0.7408580883704949
validation_prolific,aligned,abs_cross_instrument,HEXACO_60_agreeablenessforgiveness,65,0,0.29659090909090907,0.0,0.0,0.6324823700507048
validation_prolific,aligned,abs_cross_instrument,HEXACO_60_agreeablenessgentleness,65,0,0.5058129370629371,0.0,0.0,0.7508363438877041
validation_prolific,aligned,abs_cross_instrument,HEXACO_60_agreeablenesspatience,65,0,-0.22303321678321678,0.0,0.0,0.41001921648053613
validation_prolific,aligned,abs_cross_instrument,HEXACO_60_conscientiousness,65,13,0.5579545454545455,0.6,0.6,0.8659349834948534
validation_prolific,aligned,abs_cross_instrument,HEXACO_60_conscientiousnessdiligence,65,7,0.5573863636363636,0.8,0.6,0.9392398500361493
validation_prolific,aligned,abs_cross_instrument,HEXACO_60_conscientiousnessorganization,65,9,0.6196678321678322,0.2,0.3,0.7531589138190103
validation_prolific,aligned,abs_cross_instrument,HEXACO_60_conscientiousnessperfectionism,65,0,0.3054632867132867,0.0,0.0,0.8320603040225796
validation_prolific,aligned,abs_cross_instrument,HEXACO_60_conscientiousnessprudence,65,7,0.5406468531468531,0.8,0.6,0.9432416119449633
validation_prolific,aligned,abs_cross_instrument,HEXACO_60_honesty_humility,65,0,-0.15506993006993008,0.0,0.0,0.35707618732346574
validation_prolific,aligned,abs_cross_instrument,HEXACO_60_honesty_humilityfairness__hexaco_,65,2,-0.0437937062937063,0.0,0.0,0.38982173317285695
validation_prolific,aligned,abs_cross_instrument,HEXACO_60_honesty_humilitygreed_avoidance,65,0,0.09138986013986014,0.0,0.0,0.648268400674071
validation_prolific,aligned,abs_cross_instrument,HEXACO_60_honesty_humilitymodesty,65,0,-0.17137237762237761,0.0,0.0,0.5278282668757789
validation_prolific,aligned,abs_cross_instrument,HEXACO_60_honesty_humilitysincerity,65,0,-0.028365384615384615,0.0,0.0,0.3354642168301443
validation_prolific,aligned,abs_cross_instrument,Moral_Foundations_Questionnaire_authority,75,7,0.16019914651493597,0.8,0.4,0.7284114502030835
validation_prolific,aligned,abs_cross_instrument,Moral_Foundations_Questionnaire_fairness,75,0,0.5101280227596017,0.0,0.0,0.8768865928576121
validation_prolific,aligned,abs_cross_instrument,Moral_Foundations_Questionnaire_harm,75,0,0.19613086770981505,0.0,0.0,0.4597020975363281
validation_prolific,aligned,abs_cross_instrument,Moral_Foundations_Questionnaire_ingroup,75,4,0.4042958748221906,0.2,0.2,0.685699630764545
validation_prolific,aligned,abs_cross_instrument,Moral_Foundations_Questionnaire_purity,75,3,-0.0770697012802276,0.4,0.2,0.6294165107872441
validation_prolific,aligned,abs_cross_instrument,New_Ecological_Paradigm_Scale_antiexemptionalism,75,0,-0.05490753911806543,0.0,0.0,0.5331861354536264
validation_prolific,aligned,abs_cross_instrument,New_Ecological_Paradigm_Scale_balance_of_nature,75,1,0.2467425320056899,0.0,0.0,0.519012875355441
validation_prolific,aligned,abs_cross_instrument,New_Ecological_Paradigm_Scale_eco_crisis,75,2,-0.2648648648648649,0.0,0.0,0.2931978721475026
validation_prolific,aligned,abs_cross_instrument,New_Ecological_Paradigm_Scale_human_domination,75,3,-0.011436699857752489,0.0,0.0,0.30201698615504335
validation_prolific,aligned,abs_cross_instrument,New_Ecological_Paradigm_Scale_limits_to_growth,75,0,0.07997155049786629,0.0,0.0,0.451629341275964
validation_prolific,aligned,abs_cross_instrument,Obsessive_Compulsive_Inventory__Revised__obsessiveness_compulsiveness,73,15,0.616839442181908,1.0,0.8,0.941211035000281
validation_prolific,aligned,abs_cross_instrument,Obsessive_Compulsive_Inventory__Revised__obsessiveness_compulsivenesschecking,73,3,0.18548685671973347,0.4,0.2,0.6513596010132467
validation_prolific,aligned,abs_cross_instrument,Obsessive_Compulsive_Inventory__Revised__obsessiveness_compulsivenesshoarding,73,3,0.4917006047143034,0.0,0.1,0.643063925313371
validation_prolific,aligned,abs_cross_instrument,Obsessive_Compulsive_Inventory__Revised__obsessiveness_compulsivenessneutralizing,73,0,0.14439096630877454,0.0,0.0,0.5641200746129861
validation_prolific,aligned,abs_cross_instrument,Obsessive_Compulsive_Inventory__Revised__obsessiveness_compulsivenessobsessing,73,20,0.7784154017030731,1.0,0.8,0.9217225946801254
validation_prolific,aligned,abs_cross_instrument,Obsessive_Compulsive_Inventory__Revised__obsessiveness_compulsivenessordering,73,0,0.2381833888683204,0.0,0.0,0.6037163700311681
validation_prolific,aligned,abs_cross_instrument,Obsessive_Compulsive_Inventory__Revised__obsessiveness_compulsivenesswashing,73,0,0.40534369986424784,0.0,0.0,0.7182910874112938
validation_prolific,aligned,abs_cross_instrument,Oldenburg_Burnout_Inventory__English_Translation__burnout,77,28,0.737551921762448,1.0,1.0,0.9581877293625217
validation_prolific,aligned,abs_cross_instrument,Oldenburg_Burnout_Inventory__English_Translation__burnoutdisengagement,77,26,0.7181239812818758,1.0,0.9,0.9115472092688548
validation_prolific,aligned,abs_cross_instrument,Oldenburg_Burnout_Inventory__English_Translation__burnoutexhaustion,77,26,0.6917556128082443,1.0,1.0,0.9208724714671086
validation_prolific,aligned,abs_cross_instrument,Perceived_Stress_Scale_perceived_stress,79,27,0.8032862706913341,1.0,1.0,0.9237415095557128
validation_prolific,aligned,abs_cross_instrument,Perseverative_Thinking_Questionnaire_perseverative_thinking,76,26,0.6844019138755982,0.8,0.9,0.8937365434251352
validation_prolific,aligned,abs_cross_instrument,Perseverative_Thinking_Questionnaire_perseverative_thinkingcore_characteristics_of_repetitive_negative_thinking,76,23,0.5100751879699248,0.8,0.7,0.8308082805805551
validation_prolific,aligned,abs_cross_instrument,Perseverative_Thinking_Questionnaire_perseverative_thinkingrepetitive_negative_thinking_capturing_mental_capacity,76,23,0.7040054682159946,0.8,0.9,0.8446616329168344
validation_prolific,aligned,abs_cross_instrument,Perseverative_Thinking_Questionnaire_perseverative_thinkingunproductiveness_of_repetitive_negative_thinking,76,25,0.7011346548188654,1.0,0.9,0.8967254326357559
validation_prolific,aligned,abs_cross_instrument,Perth_Alexithymia_Questionnaire_alexithymia,74,13,0.4786819696408736,0.8,0.8,0.879603968933161
validation_prolific,aligned,abs_cross_instrument,Perth_Alexithymia_Questionnaire_alexithymiageneral_externally_orientated_thinking,74,0,0.2155794150314698,0.0,0.0,0.5649892564300878
validation_prolific,aligned,abs_cross_instrument,Perth_Alexithymia_Questionnaire_alexithymianegative_difficulty_describing_feelings,74,7,0.5561347649018881,0.2,0.1,0.85586405209301
validation_prolific,aligned,abs_cross_instrument,Perth_Alexithymia_Questionnaire_alexithymianegative_difficulty_identifying_feelings,74,8,0.6940984820436874,0.6,0.6,0.9628403856433493
validation_prolific,aligned,abs_cross_instrument,Perth_Alexithymia_Questionnaire_alexithymiapositive_difficulty_describing_feelings,74,7,-0.25014439096630875,0.0,0.0,0.2638302765340318
validation_prolific,aligned,abs_cross_instrument,Perth_Alexithymia_Questionnaire_alexithymiapositive_difficulty_identifying_feelings,74,7,0.21999259533506102,0.6,0.3,0.45371225801836523
validation_prolific,aligned,abs_cross_instrument,Positive_and_Negative_Affect_Schedule_negative_affect,78,23,0.7259955234638777,1.0,0.9,0.9274441934132891
validation_prolific,aligned,abs_cross_instrument,Positive_and_Negative_Affect_Schedule_positive_affect,78,20,0.6652208550942728,1.0,0.9,0.9393920996551245
validation_prolific,aligned,abs_cross_instrument,Revised_Adult_Attachment_Scale_close,78,16,0.5142326028401978,0.6,0.6,0.8743917519579593
validation_prolific,aligned,abs_cross_instrument,Revised_Adult_Attachment_Scale_depend,78,13,0.5919523514460222,0.8,0.4,0.8685037534024584
validation_prolific,aligned,abs_cross_instrument,Survey_Attitude_Scale_survey_burden,77,0,0.216125979283874,0.0,0.0,0.6383862771144504
validation_prolific,aligned,abs_cross_instrument,Survey_Attitude_Scale_survey_enjoyment,77,0,0.519243913980756,0.0,0.0,0.8357381442896118
validation_prolific,aligned,abs_cross_instrument,Survey_Attitude_Scale_survey_value,77,0,0.4475787370524212,0.0,0.0,0.804771452715442
validation_prolific,aligned,abs_cross_instrument,UCLA_Loneliness_Scale__Short_Form__loneliness,79,26,0.7213972736124634,1.0,0.9,0.8832112505897379
validation_prolific,aligned,abs_cross_instrument,Utrecht_Work_Engagement_Scale__Short_Version__engagement,76,14,0.7350922761449078,1.0,0.9,0.9469303488375208
validation_prolific,aligned,abs_cross_instrument,Utrecht_Work_Engagement_Scale__Short_Version__engagementabsorption,76,9,0.5053451811346549,1.0,0.7,0.8911202154044868
validation_prolific,aligned,abs_cross_instrument,Utrecht_Work_Engagement_Scale__Short_Version__engagementdedication,76,13,0.7295693779904306,1.0,0.9,0.9335600240426402
validation_prolific,aligned,abs_cross_instrument,Utrecht_Work_Engagement_Scale__Short_Version__engagementvigor,76,15,0.7336705399863294,1.0,0.9,0.9391237084880706
validation_prolific,aligned,abs_cross_instrument,Work_Gratitude_Scale_work_gratitude,76,9,0.5424743677375257,1.0,0.8,0.9488527082092515
validation_prolific,aligned,abs_cross_instrument,Work_Gratitude_Scale_work_gratitudegrateful_appraisals,76,10,0.6834723171565276,1.0,0.7,0.9265655503470938
validation_prolific,aligned,abs_cross_instrument,Work_Gratitude_Scale_work_gratitudegratitude_toward_others,76,6,0.4815037593984963,0.8,0.5,0.9261454253397524
validation_prolific,aligned,abs_cross_instrument,Work_Gratitude_Scale_work_gratitudeintentional_attitude_of_gratitude,76,7,0.2300205058099795,0.8,0.5,0.8599504651413741
validation_prolific,aligned_loo,signed,Attitudes_Toward_AI_in_Defense_Scale_negative_attitude_toward_ai_in_defense,79,0,0.0861489776046738,0.0,0.0,0.5576796474661386
validation_prolific,aligned_loo,signed,Attitudes_Toward_AI_in_Defense_Scale_positive_attitude_toward_ai_in_defense,79,0,0.148904576436222,0.0,0.0,0.5747498193845028
validation_prolific,aligned_loo,signed,Authoritarianism_Short_Scale_authoritarianism,76,4,0.15537935748462064,0.6,0.3,0.6945653465893643
validation_prolific,aligned_loo,signed,Authoritarianism_Short_Scale_authoritarianismauthoritarian_aggression,78,4,0.2213609175634492,0.6,0.4,0.7255103017627549
validation_prolific,aligned_loo,signed,Authoritarianism_Short_Scale_authoritarianismauthoritarian_submissiveness,78,3,0.050291480671227504,0.6,0.3,0.8206595914673249
validation_prolific,aligned_loo,signed,Authoritarianism_Short_Scale_authoritarianismconventionalism,78,5,0.18969637956979726,0.6,0.4,0.6596420778949493
validation_prolific,aligned_loo,signed,Center_for_Epidemiological_Studies_Depression_Scale_depression,75,25,-0.03268847795163585,1.0,0.7,0.8295913304841713
validation_prolific,aligned_loo,signed,Center_for_Epidemiological_Studies_Depression_Scale_depressiondepressive_affect,78,19,0.04940628991261903,1.0,0.8,0.8696421232497479
validation_prolific,aligned_loo,signed,Center_for_Epidemiological_Studies_Depression_Scale_depressioninterpersonal,78,17,0.11888111888111887,1.0,0.8,0.9010946954277369
validation_prolific,aligned_loo,signed,Center_for_Epidemiological_Studies_Depression_Scale_depressionsomatic,78,30,0.1322095625893094,1.0,1.0,0.9631483559895944
validation_prolific,aligned_loo,signed,Center_for_Epidemiological_Studies_Depression_Scale_depressionwell_being,78,23,-0.12186547629585603,0.8,0.7,0.7188168390351686
validation_prolific,aligned_loo,signed,Chronotype_Questionnaire_distinctness,79,22,0.039459591041869524,0.8,0.7,0.8103576803612951
validation_prolific,aligned_loo,signed,Chronotype_Questionnaire_morningness_eveningness,79,0,-0.013364167478091528,0.0,0.0,0.5859418920890402
validation_prolific,aligned_loo,signed,Disgust_Avoidance_Questionnaire_behavioral_escape,79,3,0.010589094449853944,0.4,0.2,0.6793242972551421
validation_prolific,aligned_loo,signed,Disgust_Avoidance_Questionnaire_behavioral_prevention,79,3,0.25411392405063293,0.6,0.3,0.9020749200341883
validation_prolific,aligned_loo,signed,Disgust_Avoidance_Questionnaire_cognitive_escape,79,3,0.20691333982473226,0.4,0.3,0.8621292711459195
validation_prolific,aligned_loo,signed,Disgust_Avoidance_Questionnaire_cognitive_prevention,79,3,0.4171616358325219,0.4,0.2,0.6452905554841939
validation_prolific,aligned_loo,signed,Fear_of_COVID_19_Scale_fear_of_covid_19,79,0,0.531840311587147,0.0,0.0,0.7412810768928609
validation_prolific,aligned_loo,signed,HEXACO_60_agreeableness,75,4,-0.009246088193456615,0.2,0.1,0.7811598912965528
validation_prolific,aligned_loo,signed,HEXACO_60_agreeablenessflexibility,78,2,0.0031487499841930224,0.0,0.2,0.6342432908833903
validation_prolific,aligned_loo,signed,HEXACO_60_agreeablenessforgiveness,78,1,-0.0893410387081273,0.0,0.0,0.5343926195715096
validation_prolific,aligned_loo,signed,HEXACO_60_agreeablenessgentleness,78,3,-0.1606874138519708,0.0,0.1,0.37649737323745736
validation_prolific,aligned_loo,signed,HEXACO_60_agreeablenesspatience,78,2,-0.15277127935355783,0.2,0.1,0.42515168111994367
validation_prolific,aligned_loo,signed,HEXACO_60_conscientiousness,75,13,-0.27157894736842103,0.4,0.2,0.6804553048217296
validation_prolific,aligned_loo,signed,HEXACO_60_conscientiousnessdiligence,78,8,0.1522654560629244,1.0,0.7,0.96191990028016
validation_prolific,aligned_loo,signed,HEXACO_60_conscientiousnessorganization,78,10,-0.29703208184220836,0.0,0.0,0.6012100653890559
validation_prolific,aligned_loo,signed,HEXACO_60_conscientiousnessperfectionism,78,1,0.21243313648376938,0.2,0.1,0.7509842590752153
validation_prolific,aligned_loo,signed,HEXACO_60_conscientiousnessprudence,78,8,-0.24379418050304127,0.0,0.1,0.6352638999426746
validation_prolific,aligned_loo,signed,HEXACO_60_honesty_humility,75,0,0.18247510668563297,0.0,0.0,0.5958871054648208
validation_prolific,aligned_loo,signed,HEXACO_60_honesty_humilityfairness__hexaco_,78,2,0.1369895926857952,0.0,0.0,0.545921956813809
validation_prolific,aligned_loo,signed,HEXACO_60_honesty_humilitygreed_avoidance,78,0,0.05744888023369036,0.0,0.0,0.6803655305739814
validation_prolific,aligned_loo,signed,HEXACO_60_honesty_humilitymodesty,78,0,-0.12221955259929941,0.0,0.0,0.39351322495438235
validation_prolific,aligned_loo,signed,HEXACO_60_honesty_humilitysincerity,78,0,-0.23286839742535945,0.0,0.0,0.29181416685086853
validation_prolific,aligned_loo,signed,Moral_Foundations_Questionnaire_authority,79,9,0.1628529698149951,0.8,0.6,0.7214847293801983
validation_prolific,aligned_loo,signed,Moral_Foundations_Questionnaire_fairness,79,1,0.561124634858812,0.0,0.1,0.7542511601659128
validation_prolific,aligned_loo,signed,Moral_Foundations_Questionnaire_harm,79,1,0.21842745861733207,0.2,0.1,0.6281831897121056
validation_prolific,aligned_loo,signed,Moral_Foundations_Questionnaire_ingroup,79,6,0.0931110029211295,0.2,0.2,0.5676518358331847
validation_prolific,aligned_loo,signed,Moral_Foundations_Questionnaire_purity,79,5,0.045399221032132425,0.4,0.2,0.5770110625699871
validation_prolific,aligned_loo,signed,New_Ecological_Paradigm_Scale_antiexemptionalism,79,4,0.1300389483933788,0.0,0.0,0.4877399626293446
validation_prolific,aligned_loo,signed,New_Ecological_Paradigm_Scale_balance_of_nature,79,5,0.14905063291139242,0.0,0.0,0.37335314594380886
validation_prolific,aligned_loo,signed,New_Ecological_Paradigm_Scale_eco_crisis,79,6,0.3455939629990263,0.0,0.0,0.3449685222152545
validation_prolific,aligned_loo,signed,New_Ecological_Paradigm_Scale_human_domination,79,7,-0.09133398247322298,0.0,0.0,0.220613969169227
validation_prolific,aligned_loo,signed,New_Ecological_Paradigm_Scale_limits_to_growth,79,4,-0.07974683544303798,0.2,0.1,0.3108586319075807
validation_prolific,aligned_loo,signed,Obsessive_Compulsive_Inventory__Revised__obsessiveness_compulsiveness,73,15,0.25601629026286565,1.0,1.0,0.980077392818817
validation_prolific,aligned_loo,signed,Obsessive_Compulsive_Inventory__Revised__obsessiveness_compulsivenesschecking,78,8,0.18830536552055538,0.6,0.4,0.7212992477178888
validation_prolific,aligned_loo,signed,Obsessive_Compulsive_Inventory__Revised__obsessiveness_compulsivenesshoarding,78,7,0.17826477320148204,0.0,0.1,0.5903788522627643
validation_prolific,aligned_loo,signed,Obsessive_Compulsive_Inventory__Revised__obsessiveness_compulsivenessneutralizing,78,5,0.17047509452572743,0.0,0.0,0.4565734235368805
validation_prolific,aligned_loo,signed,Obsessive_Compulsive_Inventory__Revised__obsessiveness_compulsivenessobsessing,78,25,0.3374979450928818,1.0,0.9,0.9384898727083136
validation_prolific,aligned_loo,signed,Obsessive_Compulsive_Inventory__Revised__obsessiveness_compulsivenessordering,78,4,0.22588803601461827,0.0,0.0,0.482251223209195
validation_prolific,aligned_loo,signed,Obsessive_Compulsive_Inventory__Revised__obsessiveness_compulsivenesswashing,78,5,0.39746329619747334,0.2,0.2,0.6452613367339645
validation_prolific,aligned_loo,signed,Oldenburg_Burnout_Inventory__English_Translation__burnout,77,28,0.06022924443977074,1.0,0.8,0.8786833483214579
validation_prolific,aligned_loo,signed,Oldenburg_Burnout_Inventory__English_Translation__burnoutdisengagement,78,27,0.15598325724908002,1.0,0.9,0.8712459104353565
validation_prolific,aligned_loo,signed,Oldenburg_Burnout_Inventory__English_Translation__burnoutexhaustion,78,27,-0.3148370616725047,0.2,0.3,0.5222966638139318
validation_prolific,aligned_loo,signed,Perceived_Stress_Scale_perceived_stress,79,27,0.0935491723466407,1.0,0.8,0.809555809379034
validation_prolific,aligned_loo,signed,Perseverative_Thinking_Questionnaire_perseverative_thinking,76,26,0.1274641148325359,0.8,0.8,0.8612346278920225
validation_prolific,aligned_loo,signed,Perseverative_Thinking_Questionnaire_perseverative_thinkingcore_characteristics_of_repetitive_negative_thinking,78,25,0.1989782369529205,1.0,0.8,0.8776853985861804
validation_prolific,aligned_loo,signed,Perseverative_Thinking_Questionnaire_perseverative_thinkingrepetitive_negative_thinking_capturing_mental_capacity,78,25,0.212003186686731,0.8,0.9,0.8912790414096387
validation_prolific,aligned_loo,signed,Perseverative_Thinking_Questionnaire_perseverative_thinkingunproductiveness_of_repetitive_negative_thinking,78,27,0.17077858850010746,1.0,0.9,0.909523001869438
validation_prolific,aligned_loo,signed,Perth_Alexithymia_Questionnaire_alexithymia,74,13,0.19469825990373932,0.8,0.7,0.8094600504072212
validation_prolific,aligned_loo,signed,Perth_Alexithymia_Questionnaire_alexithymiageneral_externally_orientated_thinking,78,3,0.11331706268415129,0.0,0.0,0.35458179339190765
validation_prolific,aligned_loo,signed,Perth_Alexithymia_Questionnaire_alexithymianegative_difficulty_describing_feelings,78,11,0.28165505380695255,0.8,0.4,0.9213130352874725
validation_prolific,aligned_loo,signed,Perth_Alexithymia_Questionnaire_alexithymianegative_difficulty_identifying_feelings,78,12,0.4230073723744609,0.8,0.7,0.8880888592950019
validation_prolific,aligned_loo,signed,Perth_Alexithymia_Questionnaire_alexithymiapositive_difficulty_describing_feelings,78,11,-0.09945750452079564,0.4,0.3,0.6441009103019988
validation_prolific,aligned_loo,signed,Perth_Alexithymia_Questionnaire_alexithymiapositive_difficulty_identifying_feelings,78,10,0.22677322677322675,0.8,0.6,0.8273258008524775
validation_prolific,aligned_loo,signed,Positive_and_Negative_Affect_Schedule_negative_affect,79,24,0.18551606621226877,1.0,0.8,0.9126287707691704
validation_prolific,aligned_loo,signed,Positive_and_Negative_Affect_Schedule_positive_affect,79,21,0.1063047711781889,1.0,0.9,0.8599552621757515
validation_prolific,aligned_loo,signed,Revised_Adult_Attachment_Scale_close,79,17,-0.07930866601752677,0.4,0.2,0.7486328858390486
validation_prolific,aligned_loo,signed,Revised_Adult_Attachment_Scale_depend,79,14,-0.16852482960077897,0.2,0.1,0.6781271427169213
validation_prolific,aligned_loo,signed,Survey_Attitude_Scale_survey_burden,79,2,0.09559396299902631,0.4,0.2,0.805278113459976
validation_prolific,aligned_loo,signed,Survey_Attitude_Scale_survey_enjoyment,79,2,0.4546007789678676,0.4,0.2,0.963179594742313
validation_prolific,aligned_loo,signed,Survey_Attitude_Scale_survey_value,79,2,-0.34805258033106135,0.4,0.2,0.6200193299967252
validation_prolific,aligned_loo,signed,UCLA_Loneliness_Scale__Short_Form__loneliness,79,26,0.09031158714703019,1.0,1.0,0.9498259942341251
validation_prolific,aligned_loo,signed,Utrecht_Work_Engagement_Scale__Short_Version__engagement,76,14,0.10184552289815448,1.0,0.8,0.9178549627263641
validation_prolific,aligned_loo,signed,Utrecht_Work_Engagement_Scale__Short_Version__engagementabsorption,78,11,0.2074760682355619,0.8,0.7,0.8579004188842642
validation_prolific,aligned_loo,signed,Utrecht_Work_Engagement_Scale__Short_Version__engagementdedication,78,15,0.16324182146966956,1.0,0.9,0.9494778914383932
validation_prolific,aligned_loo,signed,Utrecht_Work_Engagement_Scale__Short_Version__engagementvigor,78,17,0.11647845825061012,1.0,0.9,0.9287948830291533
validation_prolific,aligned_loo,signed,Work_Gratitude_Scale_work_gratitude,76,9,0.16842105263157894,1.0,0.7,0.9334680511911335
validation_prolific,aligned_loo,signed,Work_Gratitude_Scale_work_gratitudegrateful_appraisals,78,12,0.19933231325636386,1.0,0.8,0.9429998208646746
validation_prolific,aligned_loo,signed,Work_Gratitude_Scale_work_gratitudegratitude_toward_others,78,8,0.2690094715411171,1.0,0.7,0.9456960052207063
validation_prolific,aligned_loo,signed,Work_Gratitude_Scale_work_gratitudeintentional_attitude_of_gratitude,78,9,0.13347412081589297,1.0,0.7,0.8997439523388205
validation_prolific,aligned_loo,abs,Attitudes_Toward_AI_in_Defense_Scale_negative_attitude_toward_ai_in_defense,79,0,0.172444011684518,0.0,0.0,0.47891194316539515
validation_prolific,aligned_loo,abs,Attitudes_Toward_AI_in_Defense_Scale_positive_attitude_toward_ai_in_defense,79,0,0.23281402142161636,0.0,0.0,0.5061848026216709
validation_prolific,aligned_loo,abs,Authoritarianism_Short_Scale_authoritarianism,76,4,0.2509911141490089,0.6,0.3,0.709231761401196
validation_prolific,aligned_loo,abs,Authoritarianism_Short_Scale_authoritarianismauthoritarian_aggression,78,4,0.31761908977098846,0.6,0.4,0.7577060050461303
validation_prolific,aligned_loo,abs,Authoritarianism_Short_Scale_authoritarianismauthoritarian_submissiveness,78,3,0.21470934129161975,0.6,0.3,0.8286354037802547
validation_prolific,aligned_loo,abs,Authoritarianism_Short_Scale_authoritarianismconventionalism,78,5,0.2523931764438093,0.6,0.4,0.6782775669828993
validation_prolific,aligned_loo,abs,Center_for_Epidemiological_Studies_Depression_Scale_depression,75,25,0.6585206258890469,0.8,0.9,0.8211022346153766
validation_prolific,aligned_loo,abs,Center_for_Epidemiological_Studies_Depression_Scale_depressiondepressive_affect,78,19,0.6046232248763894,1.0,0.9,0.8813014016105708
validation_prolific,aligned_loo,abs,Center_for_Epidemiological_Studies_Depression_Scale_depressioninterpersonal,78,17,0.49040832585136385,0.8,0.9,0.9189246073959584
validation_prolific,aligned_loo,abs,Center_for_Epidemiological_Studies_Depression_Scale_depressionsomatic,78,30,0.6277393492583365,1.0,0.9,0.8956146028767825
validation_prolific,aligned_loo,abs,Center_for_Epidemiological_Studies_Depression_Scale_depressionwell_being,78,23,0.5254112975631962,1.0,0.8,0.8111344351089572
validation_prolific,aligned_loo,abs,Chronotype_Questionnaire_distinctness,79,22,0.564143135345667,0.8,0.7,0.7477704549858838
validation_prolific,aligned_loo,abs,Chronotype_Questionnaire_morningness_eveningness,79,0,0.13483446932814022,0.0,0.0,0.7428272642533873
validation_prolific,aligned_loo,abs,Disgust_Avoidance_Questionnaire_behavioral_escape,79,3,0.007327166504381695,0.4,0.2,0.7255504226307621
validation_prolific,aligned_loo,abs,Disgust_Avoidance_Questionnaire_behavioral_prevention,79,3,0.3369279454722493,0.6,0.3,0.9164473839250111
validation_prolific,aligned_loo,abs,Disgust_Avoidance_Questionnaire_cognitive_escape,79,3,0.16397273612463487,0.4,0.3,0.8621292711459195
validation_prolific,aligned_loo,abs,Disgust_Avoidance_Questionnaire_cognitive_prevention,79,3,0.1933057448880234,0.4,0.2,0.6452905554841939
validation_prolific,aligned_loo,abs,Fear_of_COVID_19_Scale_fear_of_covid_19,79,0,0.5449610516066212,0.0,0.0,0.6335836646191003
validation_prolific,aligned_loo,abs,HEXACO_60_agreeableness,75,4,0.5050355618776672,0.2,0.1,0.8157956820159826
validation_prolific,aligned_loo,abs,HEXACO_60_agreeablenessflexibility,78,2,0.1667825845041035,0.0,0.0,0.4814619119535784
validation_prolific,aligned_loo,abs,HEXACO_60_agreeablenessforgiveness,78,1,0.19214962252936935,0.0,0.0,0.5434698018725866
validation_prolific,aligned_loo,abs,HEXACO_60_agreeablenessgentleness,78,3,0.22002048584327064,0.0,0.0,0.349276964386092
validation_prolific,aligned_loo,abs,HEXACO_60_agreeablenesspatience,78,2,-0.2028477851262661,0.2,0.1,0.4018829593992639
validation_prolific,aligned_loo,abs,HEXACO_60_conscientiousness,75,13,0.41567567567567565,0.6,0.5,0.7991263053017127
validation_prolific,aligned_loo,abs,HEXACO_60_conscientiousnessdiligence,78,8,0.405480595354013,0.8,0.7,0.9536374383363797
validation_prolific,aligned_loo,abs,HEXACO_60_conscientiousnessorganization,78,10,0.5612235865400422,0.2,0.3,0.6732842124918845
validation_prolific,aligned_loo,abs,HEXACO_60_conscientiousnessperfectionism,78,1,0.2408098230883041,0.2,0.1,0.7560111183782102
validation_prolific,aligned_loo,abs,HEXACO_60_conscientiousnessprudence,78,8,0.5144096409919194,0.8,0.6,0.8520188432263478
validation_prolific,aligned_loo,abs,HEXACO_60_honesty_humility,75,0,-0.14668563300142246,0.0,0.0,0.32155562610674726
validation_prolific,aligned_loo,abs,HEXACO_60_honesty_humilityfairness__hexaco_,78,2,-0.1944511185017514,0.0,0.0,0.5024666155034302
validation_prolific,aligned_loo,abs,HEXACO_60_honesty_humilitygreed_avoidance,78,0,0.05223890034016616,0.0,0.0,0.6634432469093531
validation_prolific,aligned_loo,abs,HEXACO_60_honesty_humilitymodesty,78,0,-0.137621871799087,0.0,0.0,0.5802503547725039
validation_prolific,aligned_loo,abs,HEXACO_60_honesty_humilitysincerity,78,0,-0.01455506518797658,0.0,0.0,0.5460086356830272
validation_prolific,aligned_loo,abs,Moral_Foundations_Questionnaire_authority,79,9,0.2629746835443038,0.6,0.5,0.6472210894043192
validation_prolific,aligned_loo,abs,Moral_Foundations_Questionnaire_fairness,79,1,0.5371470301850049,0.0,0.1,0.6497276687801656
validation_prolific,aligned_loo,abs,Moral_Foundations_Questionnaire_harm,79,1,0.2317429406037001,0.2,0.1,0.5543496070009672
validation_prolific,aligned_loo,abs,Moral_Foundations_Questionnaire_ingroup,79,6,0.3791382667964947,0.2,0.2,0.5731062294126458
validation_prolific,aligned_loo,abs,Moral_Foundations_Questionnaire_purity,79,5,-0.07723953261927945,0.4,0.2,0.5546738414891343
validation_prolific,aligned_loo,abs,New_Ecological_Paradigm_Scale_antiexemptionalism,79,4,-0.14079844206426484,0.0,0.0,0.3960841837512651
validation_prolific,aligned_loo,abs,New_Ecological_Paradigm_Scale_balance_of_nature,79,5,0.1324001947419669,0.0,0.0,0.32759843477457856
validation_prolific,aligned_loo,abs,New_Ecological_Paradigm_Scale_eco_crisis,79,6,-0.2421616358325219,0.0,0.0,0.1915835067226383
validation_prolific,aligned_loo,abs,New_Ecological_Paradigm_Scale_human_domination,79,7,0.007862706913339824,0.0,0.0,0.25381924956235874
validation_prolific,aligned_loo,abs,New_Ecological_Paradigm_Scale_limits_to_growth,79,4,0.15523369036027262,0.0,0.0,0.30541740226108
validation_prolific,aligned_loo,abs,Obsessive_Compulsive_Inventory__Revised__obsessiveness_compulsiveness,73,15,0.5821917808219179,0.8,0.9,0.9590874392567051
validation_prolific,aligned_loo,abs,Obsessive_Compulsive_Inventory__Revised__obsessiveness_compulsivenesschecking,78,8,0.3054540396312548,0.6,0.4,0.7212992477178888
validation_prolific,aligned_loo,abs,Obsessive_Compulsive_Inventory__Revised__obsessiveness_compulsivenesshoarding,78,7,0.36660807546883495,0.0,0.0,0.5479181267009811
validation_prolific,aligned_loo,abs,Obsessive_Compulsive_Inventory__Revised__obsessiveness_compulsivenessneutralizing,78,5,0.1857509579028566,0.0,0.0,0.4565734235368805
validation_prolific,aligned_loo,abs,Obsessive_Compulsive_Inventory__Revised__obsessiveness_compulsivenessobsessing,78,25,0.7189645797240733,1.0,0.8,0.9050790266455836
validation_prolific,aligned_loo,abs,Obsessive_Compulsive_Inventory__Revised__obsessiveness_compulsivenessordering,78,4,0.2943512184018513,0.0,0.0,0.47658926250556866
validation_prolific,aligned_loo,abs,Obsessive_Compulsive_Inventory__Revised__obsessiveness_compulsivenesswashing,78,5,0.4492596011583353,0.0,0.2,0.6264015182552451
validation_prolific,aligned_loo,abs,Oldenburg_Burnout_Inventory__English_Translation__burnout,77,28,0.6860770808139228,1.0,1.0,0.9257149693702121
validation_prolific,aligned_loo,abs,Oldenburg_Burnout_Inventory__English_Translation__burnoutdisengagement,78,27,0.630319048040567,1.0,0.9,0.8529707202672268
validation_prolific,aligned_loo,abs,Oldenburg_Burnout_Inventory__English_Translation__burnoutexhaustion,78,27,0.44485893852982455,0.8,0.7,0.7074717980033859
validation_prolific,aligned_loo,abs,Perceived_Stress_Scale_perceived_stress,79,27,0.3570107108081792,1.0,0.8,0.809555809379034
validation_prolific,aligned_loo,abs,Perseverative_Thinking_Questionnaire_perseverative_thinking,76,26,0.6220095693779905,0.8,0.9,0.880690540005107
validation_prolific,aligned_loo,abs,Perseverative_Thinking_Questionnaire_perseverative_thinkingcore_characteristics_of_repetitive_negative_thinking,78,25,0.5209094702765589,1.0,0.8,0.8776853985861804
validation_prolific,aligned_loo,abs,Perseverative_Thinking_Questionnaire_perseverative_thinkingrepetitive_negative_thinking_capturing_mental_capacity,78,25,0.6758684353621062,0.8,0.9,0.8850023894626255
validation_prolific,aligned_loo,abs,Perseverative_Thinking_Questionnaire_perseverative_thinkingunproductiveness_of_repetitive_negative_thinking,78,27,0.6378811062355365,1.0,0.9,0.9021885643245579
validation_prolific,aligned_loo,abs,Perth_Alexithymia_Questionnaire_alexithymia,74,13,0.47805997778600506,0.8,0.8,0.8790951978144431
validation_prolific,aligned_loo,abs,Perth_Alexithymia_Questionnaire_alexithymiageneral_externally_orientated_thinking,78,3,0.32399246323296954,0.0,0.0,0.4611880023471781
validation_prolific,aligned_loo,abs,Perth_Alexithymia_Questionnaire_alexithymianegative_difficulty_describing_feelings,78,11,0.5991097510084852,0.8,0.4,0.9213130352874725
validation_prolific,aligned_loo,abs,Perth_Alexithymia_Questionnaire_alexithymianegative_difficulty_identifying_feelings,78,12,0.666358957498198,0.8,0.7,0.8880888592950019
validation_prolific,aligned_loo,abs,Perth_Alexithymia_Questionnaire_alexithymiapositive_difficulty_describing_feelings,78,11,-0.06698364926213025,0.4,0.3,0.673285101551095
validation_prolific,aligned_loo,abs,Perth_Alexithymia_Questionnaire_alexithymiapositive_difficulty_identifying_feelings,78,10,0.3368909571441217,0.6,0.6,0.8412099163597349
validation_prolific,aligned_loo,abs,Positive_and_Negative_Affect_Schedule_negative_affect,79,24,0.6653602726387536,1.0,0.9,0.9298837227877913
validation_prolific,aligned_loo,abs,Positive_and_Negative_Affect_Schedule_positive_affect,79,21,0.6538704965920156,1.0,1.0,0.9604222873503996
validation_prolific,aligned_loo,abs,Revised_Adult_Attachment_Scale_close,79,17,0.4209591041869523,0.8,0.5,0.8468655436716952
validation_prolific,aligned_loo,abs,Revised_Adult_Attachment_Scale_depend,79,14,0.5294790652385589,1.0,0.5,0.8768456107024057
validation_prolific,aligned_loo,abs,Survey_Attitude_Scale_survey_burden,79,2,0.2890944498539435,0.4,0.2,0.7929607211358283
validation_prolific,aligned_loo,abs,Survey_Attitude_Scale_survey_enjoyment,79,2,0.6398247322297955,0.4,0.2,0.963179594742313
validation_prolific,aligned_loo,abs,Survey_Attitude_Scale_survey_value,79,2,-0.2381937682570594,0.4,0.2,0.6200193299967252
validation_prolific,aligned_loo,abs,UCLA_Loneliness_Scale__Short_Form__loneliness,79,26,0.6454722492697177,1.0,0.9,0.9228181659995838
validation_prolific,aligned_loo,abs,Utrecht_Work_Engagement_Scale__Short_Version__engagement,76,14,0.6561585782638414,1.0,0.9,0.9353061993976607
validation_prolific,aligned_loo,abs,Utrecht_Work_Engagement_Scale__Short_Version__engagementabsorption,78,11,0.6234651424524841,0.8,0.7,0.8858078373470076
validation_prolific,aligned_loo,abs,Utrecht_Work_Engagement_Scale__Short_Version__engagementdedication,78,15,0.6868700919333831,1.0,0.9,0.9371933215443835
validation_prolific,aligned_loo,abs,Utrecht_Work_Engagement_Scale__Short_Version__engagementvigor,78,17,0.6965313167844813,1.0,1.0,0.9554529345126742
validation_prolific,aligned_loo,abs,Work_Gratitude_Scale_work_gratitude,76,9,0.48667122351332875,1.0,0.9,0.9783249441125746
validation_prolific,aligned_loo,abs,Work_Gratitude_Scale_work_gratitudegrateful_appraisals,78,12,0.6577599615574299,1.0,0.9,0.9573956674253445
validation_prolific,aligned_loo,abs,Work_Gratitude_Scale_work_gratitudegratitude_toward_others,78,8,0.4761441090555015,1.0,0.6,0.933004047839699
validation_prolific,aligned_loo,abs,Work_Gratitude_Scale_work_gratitudeintentional_attitude_of_gratitude,78,9,0.2936430657949645,1.0,0.7,0.8728526171033886
validation_prolific,aligned_loo,abs_cross_instrument,Attitudes_Toward_AI_in_Defense_Scale_negative_attitude_toward_ai_in_defense,78,0,0.17717725312662022,0.0,0.0,0.5353193136626591
validation_prolific,aligned_loo,abs_cross_instrument,Attitudes_Toward_AI_in_Defense_Scale_positive_attitude_toward_ai_in_defense,78,0,0.24430000379367467,0.0,0.0,0.5328493856075439
validation_prolific,aligned_loo,abs_cross_instrument,Authoritarianism_Short_Scale_authoritarianism,76,4,0.2509911141490089,0.6,0.3,0.709231761401196
validation_prolific,aligned_loo,abs_cross_instrument,Authoritarianism_Short_Scale_authoritarianismauthoritarian_aggression,76,2,0.2634039644565961,0.4,0.2,0.5873897209899511
validation_prolific,aligned_loo,abs_cross_instrument,Authoritarianism_Short_Scale_authoritarianismauthoritarian_submissiveness,76,1,0.15108680792891319,0.2,0.1,0.7043704316866772
validation_prolific,aligned_loo,abs_cross_instrument,Authoritarianism_Short_Scale_authoritarianismconventionalism,76,3,0.19316473000683526,0.2,0.2,0.5760642196815581
validation_prolific,aligned_loo,abs_cross_instrument,Center_for_Epidemiological_Studies_Depression_Scale_depression,75,25,0.6585206258890469,0.8,0.9,0.8211022346153766
validation_prolific,aligned_loo,abs_cross_instrument,Center_for_Epidemiological_Studies_Depression_Scale_depressiondepressive_affect,75,16,0.6297581792318634,1.0,0.7,0.8149136448139864
validation_prolific,aligned_loo,abs_cross_instrument,Center_for_Epidemiological_Studies_Depression_Scale_depressioninterpersonal,75,14,0.46452347083926027,0.8,0.7,0.8335247203804587
validation_prolific,aligned_loo,abs_cross_instrument,Center_for_Epidemiological_Studies_Depression_Scale_depressionsomatic,75,27,0.648108108108108,0.8,0.9,0.8852724530551628
validation_prolific,aligned_loo,abs_cross_instrument,Center_for_Epidemiological_Studies_Depression_Scale_depressionwell_being,75,20,0.6296728307254623,1.0,0.8,0.8418037447409495
validation_prolific,aligned_loo,abs_cross_instrument,Chronotype_Questionnaire_distinctness,78,22,0.5590485463903185,0.8,0.7,0.7477704549858838
validation_prolific,aligned_loo,abs_cross_instrument,Chronotype_Questionnaire_morningness_eveningness,78,0,0.10112672137988593,0.0,0.0,0.6638210769781218
validation_prolific,aligned_loo,abs_cross_instrument,Disgust_Avoidance_Questionnaire_behavioral_escape,76,0,-0.09665071770334926,0.0,0.0,0.3716779060413193
validation_prolific,aligned_loo,abs_cross_instrument,Disgust_Avoidance_Questionnaire_behavioral_prevention,76,0,0.25533834586466164,0.0,0.0,0.5772602325869666
validation_prolific,aligned_loo,abs_cross_instrument,Disgust_Avoidance_Questionnaire_cognitive_escape,76,0,0.06277511961722489,0.0,0.0,0.6011391666243004
validation_prolific,aligned_loo,abs_cross_instrument,Disgust_Avoidance_Questionnaire_cognitive_prevention,76,0,0.12276144907723854,0.0,0.0,0.6738669386874172
validation_prolific,aligned_loo,abs_cross_instrument,Fear_of_COVID_19_Scale_fear_of_covid_19,79,0,0.5449610516066212,0.0,0.0,0.6335836646191003
validation_prolific,aligned_loo,abs_cross_instrument,HEXACO_60_agreeableness,65,4,0.5523601398601399,0.2,0.1,0.8157956820159826
validation_prolific,aligned_loo,abs_cross_instrument,HEXACO_60_agreeablenessflexibility,65,0,0.1659090909090909,0.0,0.0,0.5488614692026408
validation_prolific,aligned_loo,abs_cross_instrument,HEXACO_60_agreeablenessforgiveness,65,0,0.21630244755244757,0.0,0.0,0.6235004637739497
validation_prolific,aligned_loo,abs_cross_instrument,HEXACO_60_agreeablenessgentleness,65,0,0.2765734265734266,0.0,0.0,0.5147213578713512
validation_prolific,aligned_loo,abs_cross_instrument,HEXACO_60_agreeablenesspatience,65,0,-0.3153846153846154,0.0,0.0,0.3653609684261787
validation_prolific,aligned_loo,abs_cross_instrument,HEXACO_60_conscientiousness,65,13,0.4625,0.6,0.5,0.7991263053017127
validation_prolific,aligned_loo,abs_cross_instrument,HEXACO_60_conscientiousnessdiligence,65,7,0.43872377622377623,0.8,0.6,0.9433794063861534
validation_prolific,aligned_loo,abs_cross_instrument,HEXACO_60_conscientiousnessorganization,65,9,0.5984265734265735,0.2,0.4,0.7331933058985001
validation_prolific,aligned_loo,abs_cross_instrument,HEXACO_60_conscientiousnessperfectionism,65,0,0.20756118881118882,0.0,0.0,0.8320603040225796
validation_prolific,aligned_loo,abs_cross_instrument,HEXACO_60_conscientiousnessprudence,65,7,0.5128933566433567,0.8,0.6,0.9374242335318388
validation_prolific,aligned_loo,abs_cross_instrument,HEXACO_60_honesty_humility,65,0,-0.07058566433566434,0.0,0.0,0.33739669896928987
validation_prolific,aligned_loo,abs_cross_instrument,HEXACO_60_honesty_humilityfairness__hexaco_,65,2,-0.20861013986013985,0.0,0.0,0.3727640906782065
validation_prolific,aligned_loo,abs_cross_instrument,HEXACO_60_honesty_humilitygreed_avoidance,65,0,0.10952797202797203,0.0,0.0,0.5851883700055702
validation_prolific,aligned_loo,abs_cross_instrument,HEXACO_60_honesty_humilitymodesty,65,0,-0.17316433566433567,0.0,0.0,0.5278282668757789
validation_prolific,aligned_loo,abs_cross_instrument,HEXACO_60_honesty_humilitysincerity,65,0,0.003321678321678322,0.0,0.0,0.47637481133780135
validation_prolific,aligned_loo,abs_cross_instrument,Moral_Foundations_Questionnaire_authority,75,7,0.2062873399715505,0.8,0.4,0.7507534440471527
validation_prolific,aligned_loo,abs_cross_instrument,Moral_Foundations_Questionnaire_fairness,75,0,0.5080796586059743,0.0,0.0,0.8134103916767278
validation_prolific,aligned_loo,abs_cross_instrument,Moral_Foundations_Questionnaire_harm,75,0,0.19809388335704123,0.0,0.0,0.4217010430075638
validation_prolific,aligned_loo,abs_cross_instrument,Moral_Foundations_Questionnaire_ingroup,75,4,0.4142247510668563,0.2,0.2,0.685699630764545
validation_prolific,aligned_loo,abs_cross_instrument,Moral_Foundations_Questionnaire_purity,75,3,-0.0804551920341394,0.4,0.2,0.61152057779934
validation_prolific,aligned_loo,abs_cross_instrument,New_Ecological_Paradigm_Scale_antiexemptionalism,75,0,-0.13522048364153624,0.0,0.0,0.5131791213229867
validation_prolific,aligned_loo,abs_cross_instrument,New_Ecological_Paradigm_Scale_balance_of_nature,75,1,0.23359886201991464,0.0,0.0,0.5032976783538775
validation_prolific,aligned_loo,abs_cross_instrument,New_Ecological_Paradigm_Scale_eco_crisis,75,2,-0.20213371266002841,0.0,0.0,0.2850295622267246
validation_prolific,aligned_loo,abs_cross_instrument,New_Ecological_Paradigm_Scale_human_domination,75,3,0.028307254623044096,0.0,0.0,0.3187372176283459
validation_prolific,aligned_loo,abs_cross_instrument,New_Ecological_Paradigm_Scale_limits_to_growth,75,0,0.1380369843527738,0.0,0.0,0.4674982235333237
validation_prolific,aligned_loo,abs_cross_instrument,Obsessive_Compulsive_Inventory__Revised__obsessiveness_compulsiveness,73,15,0.5821917808219179,0.8,0.9,0.9590874392567051
validation_prolific,aligned_loo,abs_cross_instrument,Obsessive_Compulsive_Inventory__Revised__obsessiveness_compulsivenesschecking,73,3,0.2335554732815007,0.4,0.2,0.6462956686604012
validation_prolific,aligned_loo,abs_cross_instrument,Obsessive_Compulsive_Inventory__Revised__obsessiveness_compulsivenesshoarding,73,3,0.3741515488090831,0.0,0.0,0.5078183306357548
validation_prolific,aligned_loo,abs_cross_instrument,Obsessive_Compulsive_Inventory__Revised__obsessiveness_compulsivenessneutralizing,73,0,0.14145995310378873,0.0,0.0,0.6234287809151488
validation_prolific,aligned_loo,abs_cross_instrument,Obsessive_Compulsive_Inventory__Revised__obsessiveness_compulsivenessobsessing,73,20,0.7345119091694435,1.0,0.8,0.9050790266455836
validation_prolific,aligned_loo,abs_cross_instrument,Obsessive_Compulsive_Inventory__Revised__obsessiveness_compulsivenessordering,73,0,0.21334690855238803,0.0,0.0,0.5519377458012311
validation_prolific,aligned_loo,abs_cross_instrument,Obsessive_Compulsive_Inventory__Revised__obsessiveness_compulsivenesswashing,73,0,0.43150684931506855,0.0,0.0,0.7095050382118145
validation_prolific,aligned_loo,abs_cross_instrument,Oldenburg_Burnout_Inventory__English_Translation__burnout,77,28,0.6860770808139228,1.0,1.0,0.9257149693702121
validation_prolific,aligned_loo,abs_cross_instrument,Oldenburg_Burnout_Inventory__English_Translation__burnoutdisengagement,77,26,0.6618907408381092,1.0,0.9,0.8917887344335735
validation_prolific,aligned_loo,abs_cross_instrument,Oldenburg_Burnout_Inventory__English_Translation__burnoutexhaustion,77,26,0.45896209054103787,0.8,0.7,0.7472313170106495
validation_prolific,aligned_loo,abs_cross_instrument,Perceived_Stress_Scale_perceived_stress,79,27,0.3570107108081792,1.0,0.8,0.809555809379034
validation_prolific,aligned_loo,abs_cross_instrument,Perseverative_Thinking_Questionnaire_perseverative_thinking,76,26,0.6220095693779905,0.8,0.9,0.880690540005107
validation_prolific,aligned_loo,abs_cross_instrument,Perseverative_Thinking_Questionnaire_perseverative_thinkingcore_characteristics_of_repetitive_negative_thinking,76,23,0.48281613123718387,0.8,0.6,0.7757934371824569
validation_prolific,aligned_loo,abs_cross_instrument,Perseverative_Thinking_Questionnaire_perseverative_thinkingrepetitive_negative_thinking_capturing_mental_capacity,76,23,0.6497060833902939,0.8,0.9,0.8407203750998972
validation_prolific,aligned_loo,abs_cross_instrument,Perseverative_Thinking_Questionnaire_perseverative_thinkingunproductiveness_of_repetitive_negative_thinking,76,25,0.6091045796308955,1.0,0.9,0.8967254326357559
validation_prolific,aligned_loo,abs_cross_instrument,Perth_Alexithymia_Questionnaire_alexithymia,74,13,0.47805997778600506,0.8,0.8,0.8790951978144431
validation_prolific,aligned_loo,abs_cross_instrument,Perth_Alexithymia_Questionnaire_alexithymiageneral_externally_orientated_thinking,74,0,0.27132173269159565,0.0,0.0,0.6395882196740367
validation_prolific,aligned_loo,abs_cross_instrument,Perth_Alexithymia_Questionnaire_alexithymianegative_difficulty_describing_feelings,74,7,0.5587115883006293,0.2,0.1,0.8611131278211657
validation_prolific,aligned_loo,abs_cross_instrument,Perth_Alexithymia_Questionnaire_alexithymianegative_difficulty_identifying_feelings,74,8,0.6458200666419843,0.6,0.6,0.9506810284675076
validation_prolific,aligned_loo,abs_cross_instrument,Perth_Alexithymia_Questionnaire_alexithymiapositive_difficulty_describing_feelings,74,7,-0.21238059977786003,0.0,0.0,0.32585976947815665
validation_prolific,aligned_loo,abs_cross_instrument,Perth_Alexithymia_Questionnaire_alexithymiapositive_difficulty_identifying_feelings,74,7,0.24934468715290628,0.6,0.3,0.5528196314787974
validation_prolific,aligned_loo,abs_cross_instrument,Positive_and_Negative_Affect_Schedule_negative_affect,78,23,0.6703296703296703,1.0,0.9,0.9298837227877913
validation_prolific,aligned_loo,abs_cross_instrument,Positive_and_Negative_Affect_Schedule_positive_affect,78,20,0.6533845900934508,1.0,1.0,0.9604222873503996
validation_prolific,aligned_loo,abs_cross_instrument,Revised_Adult_Attachment_Scale_close,78,16,0.3984243604496769,0.6,0.5,0.8514806520239632
validation_prolific,aligned_loo,abs_cross_instrument,Revised_Adult_Attachment_Scale_depend,78,13,0.5111723719318656,0.8,0.4,0.8427957620480601
validation_prolific,aligned_loo,abs_cross_instrument,Survey_Attitude_Scale_survey_burden,77,0,0.23224144276775852,0.0,0.0,0.6378430727831811
validation_prolific,aligned_loo,abs_cross_instrument,Survey_Attitude_Scale_survey_enjoyment,77,0,0.6110205583889794,0.0,0.0,0.8673584836447468
validation_prolific,aligned_loo,abs_cross_instrument,Survey_Attitude_Scale_survey_value,77,0,-0.33721541616278455,0.0,0.0,0.22724930132276994
validation_prolific,aligned_loo,abs_cross_instrument,UCLA_Loneliness_Scale__Short_Form__loneliness,79,26,0.6454722492697177,1.0,0.9,0.9228181659995838
validation_prolific,aligned_loo,abs_cross_instrument,Utrecht_Work_Engagement_Scale__Short_Version__engagement,76,14,0.6561585782638414,1.0,0.9,0.9353061993976607
validation_prolific,aligned_loo,abs_cross_instrument,Utrecht_Work_Engagement_Scale__Short_Version__engagementabsorption,76,9,0.5931647300068353,0.6,0.5,0.8808300581253102
validation_prolific,aligned_loo,abs_cross_instrument,Utrecht_Work_Engagement_Scale__Short_Version__engagementdedication,76,13,0.66149008885851,1.0,0.9,0.9335600240426402
validation_prolific,aligned_loo,abs_cross_instrument,Utrecht_Work_Engagement_Scale__Short_Version__engagementvigor,76,15,0.6720437457279562,1.0,1.0,0.9206778164154593
validation_prolific,aligned_loo,abs_cross_instrument,Work_Gratitude_Scale_work_gratitude,76,9,0.48667122351332875,1.0,0.9,0.9783249441125746
validation_prolific,aligned_loo,abs_cross_instrument,Work_Gratitude_Scale_work_gratitudegrateful_appraisals,76,10,0.6307860560492139,1.0,0.7,0.9265655503470938
validation_prolific,aligned_loo,abs_cross_instrument,Work_Gratitude_Scale_work_gratitudegratitude_toward_others,76,6,0.4337662337662338,0.8,0.5,0.9429811100309681
validation_prolific,aligned_loo,abs_cross_instrument,Work_Gratitude_Scale_work_gratitudeintentional_attitude_of_gratitude,76,7,0.23641831852358167,1.0,0.6,0.8703267460692579
validation_prolific,hyperplane_old,signed,Attitudes_Toward_AI_in_Defense_Scale_negative_attitude_toward_ai_in_defense,79,0,0.049196689386562804,0.0,0.0,0.5146771561725612
validation_prolific,hyperplane_old,signed,Attitudes_Toward_AI_in_Defense_Scale_positive_attitude_toward_ai_in_defense,79,0,0.1300632911392405,0.0,0.0,0.5481857991909909
validation_prolific,hyperplane_old,signed,Authoritarianism_Short_Scale_authoritarianism,76,4,0.37424470266575527,0.4,0.4,0.7479314407717975
validation_prolific,hyperplane_old,signed,Authoritarianism_Short_Scale_authoritarianismauthoritarian_aggression,78,4,0.3998912479925138,0.4,0.4,0.8320045890016996
validation_prolific,hyperplane_old,signed,Authoritarianism_Short_Scale_authoritarianismauthoritarian_submissiveness,78,3,0.24976289533251558,0.6,0.3,0.8423074358467928
validation_prolific,hyperplane_old,signed,Authoritarianism_Short_Scale_authoritarianismconventionalism,78,5,0.330719912998394,0.6,0.4,0.7009196198620449
validation_prolific,hyperplane_old,signed,Center_for_Epidemiological_Studies_Depression_Scale_depression,75,25,0.17354196301564723,0.8,0.8,0.8887112026710181
validation_prolific,hyperplane_old,signed,Center_for_Epidemiological_Studies_Depression_Scale_depressiondepressive_affect,78,19,0.22669735327963175,1.0,0.7,0.8382159425976535
validation_prolific,hyperplane_old,signed,Center_for_Epidemiological_Studies_Depression_Scale_depressioninterpersonal,78,17,0.2308956865918891,1.0,0.8,0.9281404076219766
validation_prolific,hyperplane_old,signed,Center_for_Epidemiological_Studies_Depression_Scale_depressionsomatic,78,30,0.2811998128453824,1.0,0.9,0.9400055786650185
validation_prolific,hyperplane_old,signed,Center_for_Epidemiological_Studies_Depression_Scale_depressionwell_being,78,23,0.14953401029350397,1.0,0.8,0.7654388287674087
validation_prolific,hyperplane_old,signed,Chronotype_Questionnaire_distinctness,79,22,0.36309639727361254,0.8,0.6,0.7690876584492048
validation_prolific,hyperplane_old,signed,Chronotype_Questionnaire_morningness_eveningness,79,0,0.16910905550146058,0.0,0.0,0.7840467959200506
validation_prolific,hyperplane_old,signed,Disgust_Avoidance_Questionnaire_behavioral_escape,79,3,0.001071080817916261,0.4,0.2,0.688838531319987
validation_prolific,hyperplane_old,signed,Disgust_Avoidance_Questionnaire_behavioral_prevention,79,3,0.31993670886075953,0.6,0.3,0.9133431837372628
validation_prolific,hyperplane_old,signed,Disgust_Avoidance_Questionnaire_cognitive_escape,79,3,0.2728334956183058,0.4,0.3,0.8621292711459195
validation_prolific,hyperplane_old,signed,Disgust_Avoidance_Questionnaire_cognitive_prevention,79,3,0.31458130477117824,0.4,0.2,0.6452905554841939
validation_prolific,hyperplane_old,signed,Fear_of_COVID_19_Scale_fear_of_covid_19,79,0,0.5993914313534567,0.0,0.0,0.7570507767564609
validation_prolific,hyperplane_old,signed,HEXACO_60_agreeableness,75,4,0.03135135135135135,0.0,0.0,0.48261522481842
validation_prolific,hyperplane_old,signed,HEXACO_60_agreeablenessflexibility,78,2,0.14599324725907006,0.4,0.2,0.7104217565758655
validation_prolific,hyperplane_old,signed,HEXACO_60_agreeablenessforgiveness,78,1,0.0021118122383945166,0.2,0.1,0.7057878276269904
validation_prolific,hyperplane_old,signed,HEXACO_60_agreeablenessgentleness,78,3,0.13913934167098724,0.4,0.2,0.7472182577932037
validation_prolific,hyperplane_old,signed,HEXACO_60_agreeablenesspatience,78,2,0.2725249434110193,0.2,0.1,0.7815928277064806
validation_prolific,hyperplane_old,signed,HEXACO_60_conscientiousness,75,13,-0.2529160739687056,0.2,0.2,0.6125399035633015
validation_prolific,hyperplane_old,signed,HEXACO_60_conscientiousnessdiligence,78,8,0.24553927085572655,1.0,0.7,0.9403231005447495
validation_prolific,hyperplane_old,signed,HEXACO_60_conscientiousnessorganization,78,10,0.3282160877097586,0.2,0.3,0.5153760468331268
validation_prolific,hyperplane_old,signed,HEXACO_60_conscientiousnessperfectionism,78,1,0.04639664133335019,0.2,0.1,0.7870233036469001
validation_prolific,hyperplane_old,signed,HEXACO_60_conscientiousnessprudence,78,8,0.3572756357566484,1.0,0.6,0.8277964064519381
validation_prolific,hyperplane_old,signed,HEXACO_60_honesty_humility,75,0,-0.12529160739687054,0.0,0.0,0.36618097116060394
validation_prolific,hyperplane_old,signed,HEXACO_60_honesty_humilityfairness__hexaco_,78,2,-0.06953805687982902,0.0,0.0,0.5168932717126442
validation_prolific,hyperplane_old,signed,HEXACO_60_honesty_humilitygreed_avoidance,78,0,0.13931637982270895,0.0,0.0,0.8401355924588697
validation_prolific,hyperplane_old,signed,HEXACO_60_honesty_humilitymodesty,78,0,0.019385677613525713,0.0,0.0,0.6113905727140034
validation_prolific,hyperplane_old,signed,HEXACO_60_honesty_humilitysincerity,78,0,-0.06152075772328936,0.0,0.0,0.6105637211952853
validation_prolific,hyperplane_old,signed,Moral_Foundations_Questionnaire_authority,79,9,0.4490506329113924,0.6,0.6,0.7085451256695827
validation_prolific,hyperplane_old,signed,Moral_Foundations_Questionnaire_fairness,79,1,0.4630233690360272,0.0,0.1,0.6202324698691396
validation_prolific,hyperplane_old,signed,Moral_Foundations_Questionnaire_harm,79,1,0.19919668938656285,0.2,0.1,0.7481056834813049
validation_prolific,hyperplane_old,signed,Moral_Foundations_Questionnaire_ingroup,79,6,0.2896299902629017,0.2,0.2,0.5769386797362402
validation_prolific,hyperplane_old,signed,Moral_Foundations_Questionnaire_purity,79,5,0.11864654333008764,0.2,0.2,0.6520633014895089
validation_prolific,hyperplane_old,signed,New_Ecological_Paradigm_Scale_antiexemptionalism,79,4,0.21918208373904577,0.6,0.3,0.8051039721255385
validation_prolific,hyperplane_old,signed,New_Ecological_Paradigm_Scale_balance_of_nature,79,5,0.3397760467380721,0.8,0.4,0.7868542799816457
validation_prolific,hyperplane_old,signed,New_Ecological_Paradigm_Scale_eco_crisis,79,6,0.21871957156767288,0.2,0.1,0.5362324502239771
validation_prolific,hyperplane_old,signed,New_Ecological_Paradigm_Scale_human_domination,79,7,0.4069133398247322,0.6,0.6,0.7971245080982841
validation_prolific,hyperplane_old,signed,New_Ecological_Paradigm_Scale_limits_to_growth,79,4,0.2427215189873418,0.6,0.4,0.8750768688735752
validation_prolific,hyperplane_old,signed,Obsessive_Compulsive_Inventory__Revised__obsessiveness_compulsiveness,73,15,0.38214241638899177,0.8,0.9,0.9379107948766212
validation_prolific,hyperplane_old,signed,Obsessive_Compulsive_Inventory__Revised__obsessiveness_compulsivenesschecking,78,8,0.18190670089404265,0.4,0.3,0.6360027398117234
validation_prolific,hyperplane_old,signed,Obsessive_Compulsive_Inventory__Revised__obsessiveness_compulsivenesshoarding,78,7,0.2134700742295679,0.0,0.0,0.6088138729862693
validation_prolific,hyperplane_old,signed,Obsessive_Compulsive_Inventory__Revised__obsessiveness_compulsivenessneutralizing,78,5,0.09627081778980512,0.0,0.0,0.4422580356597078
validation_prolific,hyperplane_old,signed,Obsessive_Compulsive_Inventory__Revised__obsessiveness_compulsivenessobsessing,78,25,0.4350206755270045,1.0,0.9,0.9348949831696092
validation_prolific,hyperplane_old,signed,Obsessive_Compulsive_Inventory__Revised__obsessiveness_compulsivenessordering,78,4,0.05512209309677664,0.0,0.0,0.28044194837667863
validation_prolific,hyperplane_old,signed,Obsessive_Compulsive_Inventory__Revised__obsessiveness_compulsivenesswashing,78,5,0.4243478040946395,0.2,0.2,0.6427085803389478
validation_prolific,hyperplane_old,signed,Oldenburg_Burnout_Inventory__English_Translation__burnout,77,28,0.11409642988590356,1.0,1.0,0.94829059610281
validation_prolific,hyperplane_old,signed,Oldenburg_Burnout_Inventory__English_Translation__burnoutdisengagement,78,27,0.14928109864818725,1.0,1.0,0.9279387118181534
validation_prolific,hyperplane_old,signed,Oldenburg_Burnout_Inventory__English_Translation__burnoutexhaustion,78,27,0.5373487272221449,0.8,0.7,0.7487722479243999
validation_prolific,hyperplane_old,signed,Perceived_Stress_Scale_perceived_stress,79,27,0.4151898734177215,1.0,0.8,0.828870875491568
validation_prolific,hyperplane_old,signed,Perseverative_Thinking_Questionnaire_perseverative_thinking,76,26,0.3043062200956938,0.8,0.8,0.853419997428733
validation_prolific,hyperplane_old,signed,Perseverative_Thinking_Questionnaire_perseverative_thinkingcore_characteristics_of_repetitive_negative_thinking,78,25,0.3856017400321198,1.0,0.8,0.8773961825361318
validation_prolific,hyperplane_old,signed,Perseverative_Thinking_Questionnaire_perseverative_thinkingrepetitive_negative_thinking_capturing_mental_capacity,78,25,0.32303139898076605,0.8,0.9,0.8907441284684273
validation_prolific,hyperplane_old,signed,Perseverative_Thinking_Questionnaire_perseverative_thinkingunproductiveness_of_repetitive_negative_thinking,78,27,0.2689083068829904,1.0,0.9,0.9060971565375548
validation_prolific,hyperplane_old,signed,Perth_Alexithymia_Questionnaire_alexithymia,74,13,0.44559792669381704,0.8,0.7,0.8563918957110336
validation_prolific,hyperplane_old,signed,Perth_Alexithymia_Questionnaire_alexithymiageneral_externally_orientated_thinking,78,3,0.1288458377065972,0.0,0.0,0.366441520445562
validation_prolific,hyperplane_old,signed,Perth_Alexithymia_Questionnaire_alexithymianegative_difficulty_describing_feelings,78,11,0.47536008295501964,0.8,0.4,0.929903128485031
validation_prolific,hyperplane_old,signed,Perth_Alexithymia_Questionnaire_alexithymianegative_difficulty_identifying_feelings,78,12,0.5846684960609011,0.8,0.7,0.8895074862632014
validation_prolific,hyperplane_old,signed,Perth_Alexithymia_Questionnaire_alexithymiapositive_difficulty_describing_feelings,78,11,-0.06356934205035471,0.4,0.3,0.673285101551095
validation_prolific,hyperplane_old,signed,Perth_Alexithymia_Questionnaire_alexithymiapositive_difficulty_identifying_feelings,78,10,0.3285448728486703,0.6,0.6,0.8207698872675716
validation_prolific,hyperplane_old,signed,Positive_and_Negative_Affect_Schedule_negative_affect,79,24,0.328554040895813,1.0,0.8,0.9138413109077729
validation_prolific,hyperplane_old,signed,Positive_and_Negative_Affect_Schedule_positive_affect,79,21,0.3091772151898734,1.0,0.9,0.9421435901227093
validation_prolific,hyperplane_old,signed,Revised_Adult_Attachment_Scale_close,79,17,-0.038218111002921135,0.4,0.2,0.6373112139905218
validation_prolific,hyperplane_old,signed,Revised_Adult_Attachment_Scale_depend,79,14,0.011319376825705942,0.2,0.1,0.49605432956771
validation_prolific,hyperplane_old,signed,Survey_Attitude_Scale_survey_burden,79,2,0.22906523855890945,0.4,0.2,0.7897029318529326
validation_prolific,hyperplane_old,signed,Survey_Attitude_Scale_survey_enjoyment,79,2,0.5559639727361247,0.4,0.2,0.9596598171035472
validation_prolific,hyperplane_old,signed,Survey_Attitude_Scale_survey_value,79,2,-0.3413826679649465,0.4,0.2,0.6200193299967252
validation_prolific,hyperplane_old,signed,UCLA_Loneliness_Scale__Short_Form__loneliness,79,26,0.11674780915287244,1.0,0.9,0.8805746996351337
validation_prolific,hyperplane_old,signed,Utrecht_Work_Engagement_Scale__Short_Version__engagement,76,14,0.31111414900888584,1.0,0.9,0.9508556897677579
validation_prolific,hyperplane_old,signed,Utrecht_Work_Engagement_Scale__Short_Version__engagementabsorption,78,11,0.411095233880044,1.0,0.9,0.9127831440573763
validation_prolific,hyperplane_old,signed,Utrecht_Work_Engagement_Scale__Short_Version__engagementdedication,78,15,0.33309728246437104,1.0,1.0,0.9633676758656099
validation_prolific,hyperplane_old,signed,Utrecht_Work_Engagement_Scale__Short_Version__engagementvigor,78,17,0.32925302545555707,1.0,1.0,0.9490353897953231
validation_prolific,hyperplane_old,signed,Work_Gratitude_Scale_work_gratitude,76,9,0.29167464114832536,1.0,0.9,0.9760988580129434
validation_prolific,hyperplane_old,signed,Work_Gratitude_Scale_work_gratitudegrateful_appraisals,78,12,0.3338813085648528,1.0,1.0,0.9752649454571318
validation_prolific,hyperplane_old,signed,Work_Gratitude_Scale_work_gratitudegratitude_toward_others,78,8,0.3477661578927402,1.0,0.8,0.9771560542827056
validation_prolific,hyperplane_old,signed,Work_Gratitude_Scale_work_gratitudeintentional_attitude_of_gratitude,78,9,0.2807951542128757,1.0,0.9,0.9453481923140773
validation_prolific,hyperplane_old,abs,Attitudes_Toward_AI_in_Defense_Scale_negative_attitude_toward_ai_in_defense,79,0,0.08164556962025317,0.0,0.0,0.5146771561725612
validation_prolific,hyperplane_old,abs,Attitudes_Toward_AI_in_Defense_Scale_positive_attitude_toward_ai_in_defense,79,0,0.22482960077896788,0.0,0.0,0.5481857991909909
validation_prolific,hyperplane_old,abs,Authoritarianism_Short_Scale_authoritarianism,76,4,0.3868762816131237,0.4,0.4,0.7479314407717975
validation_prolific,hyperplane_old,abs,Authoritarianism_Short_Scale_authoritarianismauthoritarian_aggression,78,4,0.4178479748100001,0.4,0.4,0.8320045890016996
validation_prolific,hyperplane_old,abs,Authoritarianism_Short_Scale_authoritarianismauthoritarian_submissiveness,78,3,0.2661009876199749,0.6,0.3,0.8423074358467928
validation_prolific,hyperplane_old,abs,Authoritarianism_Short_Scale_authoritarianismconventionalism,78,5,0.24854891943499535,0.6,0.4,0.7009196198620449
validation_prolific,hyperplane_old,abs,Center_for_Epidemiological_Studies_Depression_Scale_depression,75,25,0.4747937411095306,0.8,0.8,0.8887112026710181
validation_prolific,hyperplane_old,abs,Center_for_Epidemiological_Studies_Depression_Scale_depressiondepressive_affect,78,19,0.5034079844206426,1.0,0.7,0.8382159425976535
validation_prolific,hyperplane_old,abs,Center_for_Epidemiological_Studies_Depression_Scale_depressioninterpersonal,78,17,0.42389256313306944,1.0,0.7,0.898251843514147
validation_prolific,hyperplane_old,abs,Center_for_Epidemiological_Studies_Depression_Scale_depressionsomatic,78,30,0.4945813679990895,1.0,0.9,0.9400055786650185
validation_prolific,hyperplane_old,abs,Center_for_Epidemiological_Studies_Depression_Scale_depressionwell_being,78,23,0.46542065529407295,1.0,0.9,0.8137719585290702
validation_prolific,hyperplane_old,abs,Chronotype_Questionnaire_distinctness,79,22,0.35744888023369037,0.8,0.6,0.7690876584492048
validation_prolific,hyperplane_old,abs,Chronotype_Questionnaire_morningness_eveningness,79,0,0.18339824732229798,0.0,0.0,0.7840467959200506
validation_prolific,hyperplane_old,abs,Disgust_Avoidance_Questionnaire_behavioral_escape,79,3,-0.03851022395326193,0.4,0.2,0.688838531319987
validation_prolific,hyperplane_old,abs,Disgust_Avoidance_Questionnaire_behavioral_prevention,79,3,0.3451314508276534,0.6,0.3,0.9133431837372628
validation_prolific,hyperplane_old,abs,Disgust_Avoidance_Questionnaire_cognitive_escape,79,3,0.23853456669912368,0.4,0.3,0.8621292711459195
validation_prolific,hyperplane_old,abs,Disgust_Avoidance_Questionnaire_cognitive_prevention,79,3,0.17412366114897762,0.4,0.2,0.6452905554841939
validation_prolific,hyperplane_old,abs,Fear_of_COVID_19_Scale_fear_of_covid_19,79,0,0.5911148977604674,0.0,0.0,0.7570507767564609
validation_prolific,hyperplane_old,abs,HEXACO_60_agreeableness,75,4,0.012147937411095305,0.0,0.0,0.48261522481842
validation_prolific,hyperplane_old,abs,HEXACO_60_agreeablenessflexibility,78,2,0.11503686187230491,0.4,0.2,0.7104217565758655
validation_prolific,hyperplane_old,abs,HEXACO_60_agreeablenessforgiveness,78,1,0.11546681166934332,0.2,0.1,0.7036513237299687
validation_prolific,hyperplane_old,abs,HEXACO_60_agreeablenessgentleness,78,3,0.0996851250015807,0.4,0.2,0.7472182577932037
validation_prolific,hyperplane_old,abs,HEXACO_60_agreeablenesspatience,78,2,0.296981499513145,0.2,0.1,0.7815928277064806
validation_prolific,hyperplane_old,abs,HEXACO_60_conscientiousness,75,13,-0.22916073968705544,0.2,0.2,0.6125399035633015
validation_prolific,hyperplane_old,abs,HEXACO_60_conscientiousnessdiligence,78,8,0.3111951339799441,1.0,0.7,0.9403231005447495
validation_prolific,hyperplane_old,abs,HEXACO_60_conscientiousnessorganization,78,10,0.3214380556152707,0.2,0.3,0.5153760468331268
validation_prolific,hyperplane_old,abs,HEXACO_60_conscientiousnessperfectionism,78,1,0.13850706255769546,0.2,0.1,0.7870233036469001
validation_prolific,hyperplane_old,abs,HEXACO_60_conscientiousnessprudence,78,8,0.44250686022837915,1.0,0.6,0.8277964064519381
validation_prolific,hyperplane_old,abs,HEXACO_60_honesty_humility,75,0,-0.12984352773826455,0.0,0.0,0.36618097116060394
validation_prolific,hyperplane_old,abs,HEXACO_60_honesty_humilityfairness__hexaco_,78,2,-0.08134903071611932,0.0,0.0,0.5168932717126442
validation_prolific,hyperplane_old,abs,HEXACO_60_honesty_humilitygreed_avoidance,78,0,0.17770836758178526,0.0,0.0,0.8401355924588697
validation_prolific,hyperplane_old,abs,HEXACO_60_honesty_humilitymodesty,78,0,-0.1209297032081842,0.0,0.0,0.6113905727140034
validation_prolific,hyperplane_old,abs,HEXACO_60_honesty_humilitysincerity,78,0,-0.05383224370566142,0.0,0.0,0.6105637211952853
validation_prolific,hyperplane_old,abs,Moral_Foundations_Questionnaire_authority,79,9,0.4388510223953262,0.6,0.6,0.7085451256695827
validation_prolific,hyperplane_old,abs,Moral_Foundations_Questionnaire_fairness,79,1,0.47531645569620257,0.0,0.1,0.6202324698691396
validation_prolific,hyperplane_old,abs,Moral_Foundations_Questionnaire_harm,79,1,0.21708860759493673,0.2,0.1,0.7481056834813049
validation_prolific,hyperplane_old,abs,Moral_Foundations_Questionnaire_ingroup,79,6,0.39143135345666996,0.2,0.2,0.5769386797362402
validation_prolific,hyperplane_old,abs,Moral_Foundations_Questionnaire_purity,79,5,0.13802336903602727,0.2,0.2,0.6520633014895089
validation_prolific,hyperplane_old,abs,New_Ecological_Paradigm_Scale_antiexemptionalism,79,4,0.243792599805258,0.6,0.3,0.8051039721255385
validation_prolific,hyperplane_old,abs,New_Ecological_Paradigm_Scale_balance_of_nature,79,5,0.4276533592989289,0.8,0.4,0.7868542799816457
validation_prolific,hyperplane_old,abs,New_Ecological_Paradigm_Scale_eco_crisis,79,6,0.32575462512171377,0.2,0.1,0.5362324502239771
validation_prolific,hyperplane_old,abs,New_Ecological_Paradigm_Scale_human_domination,79,7,0.3500486854917235,0.6,0.6,0.7971245080982841
validation_prolific,hyperplane_old,abs,New_Ecological_Paradigm_Scale_limits_to_growth,79,4,0.2964703018500487,0.6,0.4,0.8750768688735752
validation_prolific,hyperplane_old,abs,Obsessive_Compulsive_Inventory__Revised__obsessiveness_compulsiveness,73,15,0.4461310625694188,0.8,0.9,0.9379107948766212
validation_prolific,hyperplane_old,abs,Obsessive_Compulsive_Inventory__Revised__obsessiveness_compulsivenesschecking,78,8,0.20530102808583822,0.4,0.3,0.6360027398117234
validation_prolific,hyperplane_old,abs,Obsessive_Compulsive_Inventory__Revised__obsessiveness_compulsivenesshoarding,78,7,0.2815791803133575,0.0,0.0,0.6088138729862693
validation_prolific,hyperplane_old,abs,Obsessive_Compulsive_Inventory__Revised__obsessiveness_compulsivenessneutralizing,78,5,0.08792473349435374,0.0,0.0,0.4422580356597078
validation_prolific,hyperplane_old,abs,Obsessive_Compulsive_Inventory__Revised__obsessiveness_compulsivenessobsessing,78,25,0.6555090479141112,1.0,0.9,0.9348949831696092
validation_prolific,hyperplane_old,abs,Obsessive_Compulsive_Inventory__Revised__obsessiveness_compulsivenessordering,78,4,0.06407516534098813,0.0,0.0,0.28044194837667863
validation_prolific,hyperplane_old,abs,Obsessive_Compulsive_Inventory__Revised__obsessiveness_compulsivenesswashing,78,5,0.4144083764336928,0.2,0.2,0.6427085803389478
validation_prolific,hyperplane_old,abs,Oldenburg_Burnout_Inventory__English_Translation__burnout,77,28,0.4298859035701141,1.0,1.0,0.94829059610281
validation_prolific,hyperplane_old,abs,Oldenburg_Burnout_Inventory__English_Translation__burnoutdisengagement,78,27,0.4476409666283084,1.0,1.0,0.9279387118181534
validation_prolific,hyperplane_old,abs,Oldenburg_Burnout_Inventory__English_Translation__burnoutexhaustion,78,27,0.5523969701184891,0.8,0.7,0.7487722479243999
validation_prolific,hyperplane_old,abs,Perceived_Stress_Scale_perceived_stress,79,27,0.3936222005842259,1.0,0.8,0.828870875491568
validation_prolific,hyperplane_old,abs,Perseverative_Thinking_Questionnaire_perseverative_thinking,76,26,0.5080519480519481,0.8,0.8,0.853419997428733
validation_prolific,hyperplane_old,abs,Perseverative_Thinking_Questionnaire_perseverative_thinkingcore_characteristics_of_repetitive_negative_thinking,78,25,0.4417734164569607,1.0,0.8,0.8773961825361318
validation_prolific,hyperplane_old,abs,Perseverative_Thinking_Questionnaire_perseverative_thinkingrepetitive_negative_thinking_capturing_mental_capacity,78,25,0.5410412372437688,0.8,0.9,0.8907441284684273
validation_prolific,hyperplane_old,abs,Perseverative_Thinking_Questionnaire_perseverative_thinkingunproductiveness_of_repetitive_negative_thinking,78,27,0.5388661970940452,1.0,0.9,0.9060971565375548
validation_prolific,hyperplane_old,abs,Perth_Alexithymia_Questionnaire_alexithymia,74,13,0.4329803776379118,0.8,0.7,0.8563918957110336
validation_prolific,hyperplane_old,abs,Perth_Alexithymia_Questionnaire_alexithymiageneral_externally_orientated_thinking,78,3,0.1315267011469543,0.0,0.0,0.366441520445562
validation_prolific,hyperplane_old,abs,Perth_Alexithymia_Questionnaire_alexithymianegative_difficulty_describing_feelings,78,11,0.5734392190088392,0.8,0.4,0.929903128485031
validation_prolific,hyperplane_old,abs,Perth_Alexithymia_Questionnaire_alexithymianegative_difficulty_identifying_feelings,78,12,0.6189127328367835,0.8,0.7,0.8895074862632014
validation_prolific,hyperplane_old,abs,Perth_Alexithymia_Questionnaire_alexithymiapositive_difficulty_describing_feelings,78,11,-0.0639234183537981,0.4,0.3,0.673285101551095
validation_prolific,hyperplane_old,abs,Perth_Alexithymia_Questionnaire_alexithymiapositive_difficulty_identifying_feelings,78,10,0.33221209170576255,0.6,0.6,0.8207698872675716
validation_prolific,hyperplane_old,abs,Positive_and_Negative_Affect_Schedule_negative_affect,79,24,0.550097370983447,1.0,0.8,0.9138413109077729
validation_prolific,hyperplane_old,abs,Positive_and_Negative_Affect_Schedule_positive_affect,79,21,0.5838120740019475,1.0,0.9,0.9421435901227093
validation_prolific,hyperplane_old,abs,Revised_Adult_Attachment_Scale_close,79,17,0.3759737098344693,0.6,0.4,0.7379228952001025
validation_prolific,hyperplane_old,abs,Revised_Adult_Attachment_Scale_depend,79,14,0.057692307692307696,0.2,0.1,0.49605432956771
validation_prolific,hyperplane_old,abs,Survey_Attitude_Scale_survey_burden,79,2,0.24992697176241477,0.4,0.2,0.7897029318529326
validation_prolific,hyperplane_old,abs,Survey_Attitude_Scale_survey_enjoyment,79,2,0.6389970788704967,0.4,0.2,0.9596598171035472
validation_prolific,hyperplane_old,abs,Survey_Attitude_Scale_survey_value,79,2,-0.3294547224926972,0.4,0.2,0.6200193299967252
validation_prolific,hyperplane_old,abs,UCLA_Loneliness_Scale__Short_Form__loneliness,79,26,0.5598101265822785,1.0,1.0,0.9143643711514081
validation_prolific,hyperplane_old,abs,Utrecht_Work_Engagement_Scale__Short_Version__engagement,76,14,0.5892002734107997,1.0,0.9,0.9508556897677579
validation_prolific,hyperplane_old,abs,Utrecht_Work_Engagement_Scale__Short_Version__engagementabsorption,78,11,0.5563929741144931,1.0,0.9,0.9127831440573763
validation_prolific,hyperplane_old,abs,Utrecht_Work_Engagement_Scale__Short_Version__engagementdedication,78,15,0.611957662590574,1.0,1.0,0.9633676758656099
validation_prolific,hyperplane_old,abs,Utrecht_Work_Engagement_Scale__Short_Version__engagementvigor,78,17,0.6717206843789122,1.0,1.0,0.9490353897953231
validation_prolific,hyperplane_old,abs,Work_Gratitude_Scale_work_gratitude,76,9,0.4318796992481203,1.0,0.9,0.9760988580129434
validation_prolific,hyperplane_old,abs,Work_Gratitude_Scale_work_gratitudegrateful_appraisals,78,12,0.5749061065516761,1.0,1.0,0.9752649454571318
validation_prolific,hyperplane_old,abs,Work_Gratitude_Scale_work_gratitudegratitude_toward_others,78,8,0.40702335639044496,1.0,0.8,0.9771560542827056
validation_prolific,hyperplane_old,abs,Work_Gratitude_Scale_work_gratitudeintentional_attitude_of_gratitude,78,9,0.2773049735075051,1.0,0.9,0.9453481923140773
validation_prolific,hyperplane_old,abs_cross_instrument,Attitudes_Toward_AI_in_Defense_Scale_negative_attitude_toward_ai_in_defense,78,0,0.08519328772493329,0.0,0.0,0.5402732152606786
validation_prolific,hyperplane_old,abs_cross_instrument,Attitudes_Toward_AI_in_Defense_Scale_positive_attitude_toward_ai_in_defense,78,0,0.23648503395338838,0.0,0.0,0.6135839245346253
validation_prolific,hyperplane_old,abs_cross_instrument,Authoritarianism_Short_Scale_authoritarianism,76,4,0.3868762816131237,0.4,0.4,0.7479314407717975
validation_prolific,hyperplane_old,abs_cross_instrument,Authoritarianism_Short_Scale_authoritarianismauthoritarian_aggression,76,2,0.37197539302802457,0.4,0.2,0.757268360001069
validation_prolific,hyperplane_old,abs_cross_instrument,Authoritarianism_Short_Scale_authoritarianismauthoritarian_submissiveness,76,1,0.20664388243335613,0.2,0.1,0.7125936826531158
validation_prolific,hyperplane_old,abs_cross_instrument,Authoritarianism_Short_Scale_authoritarianismconventionalism,76,3,0.18903622693096375,0.2,0.2,0.5832743435968201
validation_prolific,hyperplane_old,abs_cross_instrument,Center_for_Epidemiological_Studies_Depression_Scale_depression,75,25,0.4747937411095306,0.8,0.8,0.8887112026710181
validation_prolific,hyperplane_old,abs_cross_instrument,Center_for_Epidemiological_Studies_Depression_Scale_depressiondepressive_affect,75,16,0.5159032716927454,0.8,0.7,0.8393481775633673
validation_prolific,hyperplane_old,abs_cross_instrument,Center_for_Epidemiological_Studies_Depression_Scale_depressioninterpersonal,75,14,0.3882503556187767,0.8,0.6,0.8563199208621959
validation_prolific,hyperplane_old,abs_cross_instrument,Center_for_Epidemiological_Studies_Depression_Scale_depressionsomatic,75,27,0.49852062588904694,1.0,0.9,0.9291116427914243
validation_prolific,hyperplane_old,abs_cross_instrument,Center_for_Epidemiological_Studies_Depression_Scale_depressionwell_being,75,20,0.5639829302987198,1.0,0.9,0.8445409939511804
validation_prolific,hyperplane_old,abs_cross_instrument,Chronotype_Questionnaire_distinctness,78,22,0.35636515383350825,1.0,0.7,0.8665598567638165
validation_prolific,hyperplane_old,abs_cross_instrument,Chronotype_Questionnaire_morningness_eveningness,78,0,0.15158259462056928,0.0,0.0,0.7386540435127944
validation_prolific,hyperplane_old,abs_cross_instrument,Disgust_Avoidance_Questionnaire_behavioral_escape,76,0,-0.14750512645249486,0.0,0.0,0.24287578686841432
validation_prolific,hyperplane_old,abs_cross_instrument,Disgust_Avoidance_Questionnaire_behavioral_prevention,76,0,0.26455228981544776,0.0,0.0,0.5796914390233555
validation_prolific,hyperplane_old,abs_cross_instrument,Disgust_Avoidance_Questionnaire_cognitive_escape,76,0,0.14652084757347913,0.0,0.0,0.6011391666243004
validation_prolific,hyperplane_old,abs_cross_instrument,Disgust_Avoidance_Questionnaire_cognitive_prevention,76,0,0.09574846206425154,0.0,0.0,0.6763123619404414
validation_prolific,hyperplane_old,abs_cross_instrument,Fear_of_COVID_19_Scale_fear_of_covid_19,79,0,0.5911148977604674,0.0,0.0,0.7570507767564609
validation_prolific,hyperplane_old,abs_cross_instrument,HEXACO_60_agreeableness,65,4,0.03028846153846154,0.0,0.1,0.5482695329787816
validation_prolific,hyperplane_old,abs_cross_instrument,HEXACO_60_agreeablenessflexibility,65,0,0.0694055944055944,0.0,0.0,0.5084488416666342
validation_prolific,hyperplane_old,abs_cross_instrument,HEXACO_60_agreeablenessforgiveness,65,0,0.07753496503496504,0.0,0.0,0.6449321776263343
validation_prolific,hyperplane_old,abs_cross_instrument,HEXACO_60_agreeablenessgentleness,65,0,0.042395104895104896,0.0,0.0,0.6653723552632994
validation_prolific,hyperplane_old,abs_cross_instrument,HEXACO_60_agreeablenesspatience,65,0,0.27792832167832165,0.0,0.0,0.7483504530558993
validation_prolific,hyperplane_old,abs_cross_instrument,HEXACO_60_conscientiousness,65,13,-0.24344405594405594,0.2,0.2,0.6125399035633015
validation_prolific,hyperplane_old,abs_cross_instrument,HEXACO_60_conscientiousnessdiligence,65,7,0.3660839160839161,1.0,0.6,0.9056288475330644
validation_prolific,hyperplane_old,abs_cross_instrument,HEXACO_60_conscientiousnessorganization,65,9,0.26643356643356647,0.2,0.4,0.5914659946215928
validation_prolific,hyperplane_old,abs_cross_instrument,HEXACO_60_conscientiousnessperfectionism,65,0,0.13430944055944055,0.0,0.0,0.8130825712886345
validation_prolific,hyperplane_old,abs_cross_instrument,HEXACO_60_conscientiousnessprudence,65,7,0.4706293706293706,1.0,0.6,0.9107737675145137
validation_prolific,hyperplane_old,abs_cross_instrument,HEXACO_60_honesty_humility,65,0,-0.1512674825174825,0.0,0.0,0.3842204609846945
validation_prolific,hyperplane_old,abs_cross_instrument,HEXACO_60_honesty_humilityfairness__hexaco_,65,2,-0.10729895104895106,0.0,0.0,0.35637401417552794
validation_prolific,hyperplane_old,abs_cross_instrument,HEXACO_60_honesty_humilitygreed_avoidance,65,0,0.06000874125874126,0.0,0.0,0.7153834628870241
validation_prolific,hyperplane_old,abs_cross_instrument,HEXACO_60_honesty_humilitymodesty,65,0,-0.14781468531468533,0.0,0.0,0.5663763443632104
validation_prolific,hyperplane_old,abs_cross_instrument,HEXACO_60_honesty_humilitysincerity,65,0,-0.0951048951048951,0.0,0.0,0.4503533537190722
validation_prolific,hyperplane_old,abs_cross_instrument,Moral_Foundations_Questionnaire_authority,75,7,0.39820768136557605,0.8,0.5,0.7967197723259042
validation_prolific,hyperplane_old,abs_cross_instrument,Moral_Foundations_Questionnaire_fairness,75,0,0.4452916073968705,0.0,0.0,0.694640484034591
validation_prolific,hyperplane_old,abs_cross_instrument,Moral_Foundations_Questionnaire_harm,75,0,0.1773541963015647,0.0,0.0,0.6690984500304402
validation_prolific,hyperplane_old,abs_cross_instrument,Moral_Foundations_Questionnaire_ingroup,75,4,0.4310668563300142,0.2,0.2,0.6900076310563296
validation_prolific,hyperplane_old,abs_cross_instrument,Moral_Foundations_Questionnaire_purity,75,3,0.15137980085348504,0.2,0.2,0.761943075594389
validation_prolific,hyperplane_old,abs_cross_instrument,New_Ecological_Paradigm_Scale_antiexemptionalism,75,0,0.1336842105263158,0.0,0.0,0.7018689246388187
validation_prolific,hyperplane_old,abs_cross_instrument,New_Ecological_Paradigm_Scale_balance_of_nature,75,1,0.3312944523470839,0.0,0.0,0.47136623145608275
validation_prolific,hyperplane_old,abs_cross_instrument,New_Ecological_Paradigm_Scale_eco_crisis,75,2,0.26662873399715503,0.0,0.0,0.4663624843782428
validation_prolific,hyperplane_old,abs_cross_instrument,New_Ecological_Paradigm_Scale_human_domination,75,3,0.24344238975817922,0.4,0.2,0.66278008344178
validation_prolific,hyperplane_old,abs_cross_instrument,New_Ecological_Paradigm_Scale_limits_to_growth,75,0,0.18170697012802275,0.0,0.0,0.676703450779743
validation_prolific,hyperplane_old,abs_cross_instrument,Obsessive_Compulsive_Inventory__Revised__obsessiveness_compulsiveness,73,15,0.4461310625694188,0.8,0.9,0.9379107948766212
validation_prolific,hyperplane_old,abs_cross_instrument,Obsessive_Compulsive_Inventory__Revised__obsessiveness_compulsivenesschecking,73,3,0.12211526595088242,0.4,0.2,0.5757572758646408
validation_prolific,hyperplane_old,abs_cross_instrument,Obsessive_Compulsive_Inventory__Revised__obsessiveness_compulsivenesshoarding,73,3,0.27175120325805263,0.0,0.0,0.5416398851322569
validation_prolific,hyperplane_old,abs_cross_instrument,Obsessive_Compulsive_Inventory__Revised__obsessiveness_compulsivenessneutralizing,73,0,0.06272368258669629,0.0,0.0,0.6038818157338247
validation_prolific,hyperplane_old,abs_cross_instrument,Obsessive_Compulsive_Inventory__Revised__obsessiveness_compulsivenessobsessing,73,20,0.6546957916820931,1.0,0.9,0.9348949831696092
validation_prolific,hyperplane_old,abs_cross_instrument,Obsessive_Compulsive_Inventory__Revised__obsessiveness_compulsivenessordering,73,0,-0.029402690361594475,0.0,0.0,0.34837499942111827
validation_prolific,hyperplane_old,abs_cross_instrument,Obsessive_Compulsive_Inventory__Revised__obsessiveness_compulsivenesswashing,73,0,0.3689991361224239,0.0,0.0,0.7934705644989177
validation_prolific,hyperplane_old,abs_cross_instrument,Oldenburg_Burnout_Inventory__English_Translation__burnout,77,28,0.4298859035701141,1.0,1.0,0.94829059610281
validation_prolific,hyperplane_old,abs_cross_instrument,Oldenburg_Burnout_Inventory__English_Translation__burnoutdisengagement,77,26,0.4348809085651191,1.0,1.0,0.9701684592232855
validation_prolific,hyperplane_old,abs_cross_instrument,Oldenburg_Burnout_Inventory__English_Translation__burnoutexhaustion,77,26,0.5410379094589621,0.8,0.7,0.7908528290973602
validation_prolific,hyperplane_old,abs_cross_instrument,Perceived_Stress_Scale_perceived_stress,79,27,0.3936222005842259,1.0,0.8,0.828870875491568
validation_prolific,hyperplane_old,abs_cross_instrument,Perseverative_Thinking_Questionnaire_perseverative_thinking,76,26,0.5080519480519481,0.8,0.8,0.853419997428733
validation_prolific,hyperplane_old,abs_cross_instrument,Perseverative_Thinking_Questionnaire_perseverative_thinkingcore_characteristics_of_repetitive_negative_thinking,76,23,0.3972658920027341,0.8,0.6,0.775294465644838
validation_prolific,hyperplane_old,abs_cross_instrument,Perseverative_Thinking_Questionnaire_perseverative_thinkingrepetitive_negative_thinking_capturing_mental_capacity,76,23,0.5039507860560491,0.8,0.9,0.8551409540821296
validation_prolific,hyperplane_old,abs_cross_instrument,Perseverative_Thinking_Questionnaire_perseverative_thinkingunproductiveness_of_repetitive_negative_thinking,76,25,0.5019822282980178,1.0,0.9,0.8737786065246774
validation_prolific,hyperplane_old,abs_cross_instrument,Perth_Alexithymia_Questionnaire_alexithymia,74,13,0.4329803776379118,0.8,0.7,0.8563918957110336
validation_prolific,hyperplane_old,abs_cross_instrument,Perth_Alexithymia_Questionnaire_alexithymiageneral_externally_orientated_thinking,74,0,0.06828582006664197,0.0,0.0,0.5081911898913433
validation_prolific,hyperplane_old,abs_cross_instrument,Perth_Alexithymia_Questionnaire_alexithymianegative_difficulty_describing_feelings,74,7,0.5209477971121805,0.2,0.2,0.8844141594627374
validation_prolific,hyperplane_old,abs_cross_instrument,Perth_Alexithymia_Questionnaire_alexithymianegative_difficulty_identifying_feelings,74,8,0.580155497963717,0.8,0.7,0.9778673096001977
validation_prolific,hyperplane_old,abs_cross_instrument,Perth_Alexithymia_Questionnaire_alexithymiapositive_difficulty_describing_feelings,74,7,-0.20509440947797108,0.0,0.0,0.3117661674467629
validation_prolific,hyperplane_old,abs_cross_instrument,Perth_Alexithymia_Questionnaire_alexithymiapositive_difficulty_identifying_feelings,74,7,0.24537578674564972,0.2,0.3,0.5362134721001459
validation_prolific,hyperplane_old,abs_cross_instrument,Positive_and_Negative_Affect_Schedule_negative_affect,78,23,0.5518152733342606,1.0,0.8,0.9138413109077729
validation_prolific,hyperplane_old,abs_cross_instrument,Positive_and_Negative_Affect_Schedule_positive_affect,78,20,0.5811783153555304,1.0,0.9,0.9421435901227093
validation_prolific,hyperplane_old,abs_cross_instrument,Revised_Adult_Attachment_Scale_close,78,16,0.36443303531911125,0.6,0.4,0.8136798241369665
validation_prolific,hyperplane_old,abs_cross_instrument,Revised_Adult_Attachment_Scale_depend,78,13,0.03931511526448234,0.2,0.1,0.5357942678582484
validation_prolific,hyperplane_old,abs_cross_instrument,Survey_Attitude_Scale_survey_burden,77,0,0.18994163731005836,0.0,0.0,0.613104677362121
validation_prolific,hyperplane_old,abs_cross_instrument,Survey_Attitude_Scale_survey_enjoyment,77,0,0.6101267153898733,0.0,0.0,0.8557629107044321
validation_prolific,hyperplane_old,abs_cross_instrument,Survey_Attitude_Scale_survey_value,77,0,-0.4357747515642252,0.0,0.0,0.22724930132276994
validation_prolific,hyperplane_old,abs_cross_instrument,UCLA_Loneliness_Scale__Short_Form__loneliness,79,26,0.5598101265822785,1.0,1.0,0.9143643711514081
validation_prolific,hyperplane_old,abs_cross_instrument,Utrecht_Work_Engagement_Scale__Short_Version__engagement,76,14,0.5892002734107997,1.0,0.9,0.9508556897677579
validation_prolific,hyperplane_old,abs_cross_instrument,Utrecht_Work_Engagement_Scale__Short_Version__engagementabsorption,76,9,0.5210663021189337,1.0,0.8,0.9454095233032533
validation_prolific,hyperplane_old,abs_cross_instrument,Utrecht_Work_Engagement_Scale__Short_Version__engagementdedication,76,13,0.5809979494190021,1.0,0.9,0.9544035245662228
validation_prolific,hyperplane_old,abs_cross_instrument,Utrecht_Work_Engagement_Scale__Short_Version__engagementvigor,76,15,0.645850991114149,1.0,0.9,0.9132234296393665
validation_prolific,hyperplane_old,abs_cross_instrument,Work_Gratitude_Scale_work_gratitude,76,9,0.4318796992481203,1.0,0.9,0.9760988580129434
validation_prolific,hyperplane_old,abs_cross_instrument,Work_Gratitude_Scale_work_gratitudegrateful_appraisals,76,10,0.5413533834586466,1.0,0.8,0.9542962698661477
validation_prolific,hyperplane_old,abs_cross_instrument,Work_Gratitude_Scale_work_gratitudegratitude_toward_others,76,6,0.3592071086807929,1.0,0.6,0.962270419220501
validation_prolific,hyperplane_old,abs_cross_instrument,Work_Gratitude_Scale_work_gratitudeintentional_attitude_of_gratitude,76,7,0.218755980861244,1.0,0.7,0.8995068635341258
validation_prolific,positive_only,signed,Attitudes_Toward_AI_in_Defense_Scale_negative_attitude_toward_ai_in_defense,79,0,0.030866601752677705,0.0,0.0,0.5777923022722506
validation_prolific,positive_only,signed,Attitudes_Toward_AI_in_Defense_Scale_positive_attitude_toward_ai_in_defense,79,0,0.15301850048685495,0.0,0.0,0.6138989859093559
validation_prolific,positive_only,signed,Authoritarianism_Short_Scale_authoritarianism,76,4,0.3351196172248804,0.4,0.3,0.69555962291461
validation_prolific,positive_only,signed,Authoritarianism_Short_Scale_authoritarianismauthoritarian_aggression,78,4,0.383047332414421,0.6,0.4,0.8149001399505711
validation_prolific,positive_only,signed,Authoritarianism_Short_Scale_authoritarianismauthoritarian_submissiveness,78,3,0.21959053604623224,0.6,0.3,0.8413192548624542
validation_prolific,positive_only,signed,Authoritarianism_Short_Scale_authoritarianismconventionalism,78,5,0.2687818510603321,0.6,0.4,0.6953971575717921
validation_prolific,positive_only,signed,Center_for_Epidemiological_Studies_Depression_Scale_depression,75,25,0.06298719772403982,1.0,0.7,0.8619048162839283
validation_prolific,positive_only,signed,Center_for_Epidemiological_Studies_Depression_Scale_depressiondepressive_affect,78,19,0.1650122029868865,1.0,0.8,0.8832671612200527
validation_prolific,positive_only,signed,Center_for_Epidemiological_Studies_Depression_Scale_depressioninterpersonal,78,17,0.16230604838199775,1.0,0.7,0.8532481585949827
validation_prolific,positive_only,signed,Center_for_Epidemiological_Studies_Depression_Scale_depressionsomatic,78,30,0.1978401345489953,1.0,0.9,0.9287916382938212
validation_prolific,positive_only,signed,Center_for_Epidemiological_Studies_Depression_Scale_depressionwell_being,78,23,0.13860822721582214,1.0,0.9,0.8018713262840036
validation_prolific,positive_only,signed,Chronotype_Questionnaire_distinctness,79,22,0.08405550146056474,1.0,0.8,0.8854460913182949
validation_prolific,positive_only,signed,Chronotype_Questionnaire_morningness_eveningness,79,0,0.05421129503407985,0.0,0.0,0.722311756579601
validation_prolific,positive_only,signed,Disgust_Avoidance_Questionnaire_behavioral_escape,79,3,-0.0198636806231743,0.4,0.2,0.6822835988064746
validation_prolific,positive_only,signed,Disgust_Avoidance_Questionnaire_behavioral_prevention,79,3,0.25141187925998054,0.6,0.3,0.8949766077425614
validation_prolific,positive_only,signed,Disgust_Avoidance_Questionnaire_cognitive_escape,79,3,0.28108568646543336,0.4,0.3,0.8665097901324789
validation_prolific,positive_only,signed,Disgust_Avoidance_Questionnaire_cognitive_prevention,79,3,0.36066212268743925,0.4,0.2,0.6437046222551738
validation_prolific,positive_only,signed,Fear_of_COVID_19_Scale_fear_of_covid_19,79,0,0.5724683544303798,0.0,0.0,0.6709868839918528
validation_prolific,positive_only,signed,HEXACO_60_agreeableness,75,4,0.06366998577524893,0.0,0.0,0.675809813821219
validation_prolific,positive_only,signed,HEXACO_60_agreeablenessflexibility,78,2,0.20231667067110104,0.2,0.1,0.7764060180953439
validation_prolific,positive_only,signed,HEXACO_60_agreeablenessforgiveness,78,1,-0.005930778082676817,0.2,0.1,0.6973497533103861
validation_prolific,positive_only,signed,HEXACO_60_agreeablenessgentleness,78,3,0.06966451270248737,0.4,0.2,0.7634917301027991
validation_prolific,positive_only,signed,HEXACO_60_agreeablenesspatience,78,2,0.07431808697631481,0.0,0.0,0.6959676251260161
validation_prolific,positive_only,signed,HEXACO_60_conscientiousness,75,13,-0.2599431009957326,0.2,0.2,0.6172077849332528
validation_prolific,positive_only,signed,HEXACO_60_conscientiousnessdiligence,78,8,0.2166820521250901,1.0,0.7,0.9403231005447495
validation_prolific,positive_only,signed,HEXACO_60_conscientiousnessorganization,78,10,-0.21539220273397483,0.0,0.0,0.4014611349739251
validation_prolific,positive_only,signed,HEXACO_60_conscientiousnessperfectionism,78,1,0.10944751451080564,0.2,0.1,0.8654146564104854
validation_prolific,positive_only,signed,HEXACO_60_conscientiousnessprudence,78,8,0.29736086698112013,0.8,0.6,0.8277752618576454
validation_prolific,positive_only,signed,HEXACO_60_honesty_humility,75,0,-0.04048364153627311,0.0,0.0,0.48214209129694
validation_prolific,positive_only,signed,HEXACO_60_honesty_humilityfairness__hexaco_,78,2,-0.06278531594987291,0.0,0.0,0.6316728098592432
validation_prolific,positive_only,signed,HEXACO_60_honesty_humilitygreed_avoidance,78,0,0.05039264532935418,0.0,0.0,0.690917564661845
validation_prolific,positive_only,signed,HEXACO_60_honesty_humilitymodesty,78,0,0.0030475853260663382,0.0,0.0,0.5160317965158697
validation_prolific,positive_only,signed,HEXACO_60_honesty_humilitysincerity,78,0,-0.03645721367240354,0.0,0.0,0.5702682348528704
validation_prolific,positive_only,signed,Moral_Foundations_Questionnaire_authority,79,9,0.4049659201557935,0.6,0.5,0.6678273608715977
validation_prolific,positive_only,signed,Moral_Foundations_Questionnaire_fairness,79,1,0.4924780915287244,0.0,0.1,0.6345956657858348
validation_prolific,positive_only,signed,Moral_Foundations_Questionnaire_harm,79,1,0.2132667964946446,0.2,0.1,0.7608393667306335
validation_prolific,positive_only,signed,Moral_Foundations_Questionnaire_ingroup,79,6,0.2364897760467381,0.2,0.2,0.5769386797362402
validation_prolific,positive_only,signed,Moral_Foundations_Questionnaire_purity,79,5,0.12575462512171373,0.2,0.2,0.6928877037210005
validation_prolific,positive_only,signed,New_Ecological_Paradigm_Scale_antiexemptionalism,79,4,0.2977361246348588,0.2,0.2,0.7808236175237608
validation_prolific,positive_only,signed,New_Ecological_Paradigm_Scale_balance_of_nature,79,5,0.1963242453748783,0.2,0.1,0.5700203555135446
validation_prolific,positive_only,signed,New_Ecological_Paradigm_Scale_eco_crisis,79,6,0.2388510223953262,0.2,0.1,0.5830858356236504
validation_prolific,positive_only,signed,New_Ecological_Paradigm_Scale_human_domination,79,7,0.3120740019474197,0.2,0.2,0.5149218614242332
validation_prolific,positive_only,signed,New_Ecological_Paradigm_Scale_limits_to_growth,79,4,0.08549172346640702,0.2,0.2,0.3858485585346662
validation_prolific,positive_only,signed,Obsessive_Compulsive_Inventory__Revised__obsessiveness_compulsiveness,73,15,0.33296310008638785,0.8,0.9,0.909364044225748
validation_prolific,positive_only,signed,Obsessive_Compulsive_Inventory__Revised__obsessiveness_compulsivenesschecking,78,8,0.16878058650210548,0.4,0.3,0.6411396396213491
validation_prolific,positive_only,signed,Obsessive_Compulsive_Inventory__Revised__obsessiveness_compulsivenesshoarding,78,7,0.24293428090896443,0.0,0.0,0.5894402247318888
validation_prolific,positive_only,signed,Obsessive_Compulsive_Inventory__Revised__obsessiveness_compulsivenessneutralizing,78,5,0.15985280542242566,0.0,0.0,0.4422580356597078
validation_prolific,positive_only,signed,Obsessive_Compulsive_Inventory__Revised__obsessiveness_compulsivenessobsessing,78,25,0.365368808406783,1.0,0.9,0.9270020356589416
validation_prolific,positive_only,signed,Obsessive_Compulsive_Inventory__Revised__obsessiveness_compulsivenessordering,78,4,0.08977098850516571,0.0,0.0,0.3302790101329177
validation_prolific,positive_only,signed,Obsessive_Compulsive_Inventory__Revised__obsessiveness_compulsivenesswashing,78,5,0.4177973924809367,0.2,0.2,0.5855287279819265
validation_prolific,positive_only,signed,Oldenburg_Burnout_Inventory__English_Translation__burnout,77,28,0.08047215941952783,1.0,1.0,0.94829059610281
validation_prolific,positive_only,signed,Oldenburg_Burnout_Inventory__English_Translation__burnoutdisengagement,78,27,0.14874998419302216,1.0,1.0,0.9550212556628747
validation_prolific,positive_only,signed,Oldenburg_Burnout_Inventory__English_Translation__burnoutexhaustion,78,27,0.07656900061963352,1.0,1.0,0.9223027374093884
validation_prolific,positive_only,signed,Perceived_Stress_Scale_perceived_stress,79,27,0.2583252190847128,1.0,0.8,0.8573264732020656
validation_prolific,positive_only,signed,Perseverative_Thinking_Questionnaire_perseverative_thinking,76,26,0.2142173615857826,0.8,0.9,0.8911704126033974
validation_prolific,positive_only,signed,Perseverative_Thinking_Questionnaire_perseverative_thinkingcore_characteristics_of_repetitive_negative_thinking,78,25,0.3155199231148598,1.0,0.8,0.8773961825361318
validation_prolific,positive_only,signed,Perseverative_Thinking_Questionnaire_perseverative_thinkingrepetitive_negative_thinking_capturing_mental_capacity,78,25,0.26253493342100936,0.8,0.9,0.8946779496165502
validation_prolific,positive_only,signed,Perseverative_Thinking_Questionnaire_perseverative_thinkingunproductiveness_of_repetitive_negative_thinking,78,27,0.2267226444441634,1.0,0.9,0.9049519785410549
validation_prolific,positive_only,signed,Perth_Alexithymia_Questionnaire_alexithymia,74,13,0.33870418363569044,0.6,0.7,0.8499687444743372
validation_prolific,positive_only,signed,Perth_Alexithymia_Questionnaire_alexithymiageneral_externally_orientated_thinking,78,3,0.1137470124811897,0.0,0.0,0.3495366718297133
validation_prolific,positive_only,signed,Perth_Alexithymia_Questionnaire_alexithymianegative_difficulty_describing_feelings,78,11,0.39561704118666136,0.6,0.4,0.9203785022544869
validation_prolific,positive_only,signed,Perth_Alexithymia_Questionnaire_alexithymianegative_difficulty_identifying_feelings,78,12,0.509224952262927,0.8,0.7,0.8895074862632014
validation_prolific,positive_only,signed,Perth_Alexithymia_Questionnaire_alexithymiapositive_difficulty_describing_feelings,78,11,-0.08468746443429988,0.4,0.3,0.6414420313461348
validation_prolific,positive_only,signed,Perth_Alexithymia_Questionnaire_alexithymiapositive_difficulty_identifying_feelings,78,10,0.3123838187129326,0.6,0.6,0.8050539973826293
validation_prolific,positive_only,signed,Positive_and_Negative_Affect_Schedule_negative_affect,79,24,0.20925024342745865,1.0,0.9,0.9460435794586607
validation_prolific,positive_only,signed,Positive_and_Negative_Affect_Schedule_positive_affect,79,21,0.269157740993184,1.0,0.9,0.9381981295702745
validation_prolific,positive_only,signed,Revised_Adult_Attachment_Scale_close,79,17,-0.034664070107108085,0.6,0.3,0.670665171416274
validation_prolific,positive_only,signed,Revised_Adult_Attachment_Scale_depend,79,14,0.03624634858812074,0.2,0.1,0.542225513884932
validation_prolific,positive_only,signed,Survey_Attitude_Scale_survey_burden,79,2,0.2059396299902629,0.4,0.2,0.7739979408070257
validation_prolific,positive_only,signed,Survey_Attitude_Scale_survey_enjoyment,79,2,0.5305501460564752,0.4,0.2,0.9596598171035472
validation_prolific,positive_only,signed,Survey_Attitude_Scale_survey_value,79,2,0.21309639727361246,0.4,0.2,0.7973548946914534
validation_prolific,positive_only,signed,UCLA_Loneliness_Scale__Short_Form__loneliness,79,26,0.07928432327166506,1.0,0.8,0.8655059686128899
validation_prolific,positive_only,signed,Utrecht_Work_Engagement_Scale__Short_Version__engagement,76,14,0.2571975393028025,1.0,0.9,0.9683620400347024
validation_prolific,positive_only,signed,Utrecht_Work_Engagement_Scale__Short_Version__engagementabsorption,78,11,0.36392721202847783,1.0,0.9,0.9099096333727175
validation_prolific,positive_only,signed,Utrecht_Work_Engagement_Scale__Short_Version__engagementdedication,78,15,0.3119285777513625,1.0,1.0,0.980181848553716
validation_prolific,positive_only,signed,Utrecht_Work_Engagement_Scale__Short_Version__engagementvigor,78,17,0.264178859115568,1.0,1.0,0.9696585338692102
validation_prolific,positive_only,signed,Work_Gratitude_Scale_work_gratitude,76,9,0.33205741626794255,1.0,0.9,0.9763186279616191
validation_prolific,positive_only,signed,Work_Gratitude_Scale_work_gratitudegrateful_appraisals,78,12,0.33990060572339054,1.0,1.0,0.9810925648728424
validation_prolific,positive_only,signed,Work_Gratitude_Scale_work_gratitudegratitude_toward_others,78,8,0.42490420971433623,1.0,0.8,0.9813815382922253
validation_prolific,positive_only,signed,Work_Gratitude_Scale_work_gratitudeintentional_attitude_of_gratitude,78,9,0.3214633467798025,1.0,0.9,0.9448578652149139
validation_prolific,positive_only,abs,Attitudes_Toward_AI_in_Defense_Scale_negative_attitude_toward_ai_in_defense,79,0,0.12419668938656281,0.0,0.0,0.5777923022722506
validation_prolific,positive_only,abs,Attitudes_Toward_AI_in_Defense_Scale_positive_attitude_toward_ai_in_defense,79,0,0.2750486854917235,0.0,0.0,0.6138989859093559
validation_prolific,positive_only,abs,Authoritarianism_Short_Scale_authoritarianism,76,4,0.3690225563909774,0.4,0.3,0.69555962291461
validation_prolific,positive_only,abs,Authoritarianism_Short_Scale_authoritarianismauthoritarian_aggression,78,4,0.3665574931397716,0.6,0.4,0.8149001399505711
validation_prolific,positive_only,abs,Authoritarianism_Short_Scale_authoritarianismauthoritarian_submissiveness,78,3,0.23807837731888365,0.6,0.3,0.8413192548624542
validation_prolific,positive_only,abs,Authoritarianism_Short_Scale_authoritarianismconventionalism,78,5,0.2232830460678562,0.6,0.4,0.6953971575717921
validation_prolific,positive_only,abs,Center_for_Epidemiological_Studies_Depression_Scale_depression,75,25,0.5322617354196302,1.0,0.7,0.8619048162839283
validation_prolific,positive_only,abs,Center_for_Epidemiological_Studies_Depression_Scale_depressiondepressive_affect,78,19,0.5342126228202178,1.0,0.8,0.8832671612200527
validation_prolific,positive_only,abs,Center_for_Epidemiological_Studies_Depression_Scale_depressioninterpersonal,78,17,0.43620936025999313,1.0,0.7,0.8803421272948322
validation_prolific,positive_only,abs,Center_for_Epidemiological_Studies_Depression_Scale_depressionsomatic,78,30,0.5413700223826805,1.0,0.9,0.9287916382938212
validation_prolific,positive_only,abs,Center_for_Epidemiological_Studies_Depression_Scale_depressionwell_being,78,23,0.46671050468518815,1.0,0.9,0.8229326818535301
validation_prolific,positive_only,abs,Chronotype_Questionnaire_distinctness,79,22,0.5092745861733204,1.0,0.8,0.8854460913182949
validation_prolific,positive_only,abs,Chronotype_Questionnaire_morningness_eveningness,79,0,0.08171859785783837,0.0,0.0,0.722311756579601
validation_prolific,positive_only,abs,Disgust_Avoidance_Questionnaire_behavioral_escape,79,3,-0.02650925024342746,0.4,0.2,0.6822835988064746
validation_prolific,positive_only,abs,Disgust_Avoidance_Questionnaire_behavioral_prevention,79,3,0.3349805258033106,0.6,0.3,0.8949766077425614
validation_prolific,positive_only,abs,Disgust_Avoidance_Questionnaire_cognitive_escape,79,3,0.2618062317429406,0.4,0.3,0.8665097901324789
validation_prolific,positive_only,abs,Disgust_Avoidance_Questionnaire_cognitive_prevention,79,3,0.22838364167478092,0.4,0.2,0.6437046222551738
validation_prolific,positive_only,abs,Fear_of_COVID_19_Scale_fear_of_covid_19,79,0,0.5538218111002922,0.0,0.0,0.6709868839918528
validation_prolific,positive_only,abs,HEXACO_60_agreeableness,75,4,0.2121479374110953,0.0,0.0,0.6343843805462782
validation_prolific,positive_only,abs,HEXACO_60_agreeablenessflexibility,78,2,0.32052757369213064,0.2,0.1,0.7404497322999207
validation_prolific,positive_only,abs,HEXACO_60_agreeablenessforgiveness,78,1,0.15537626930031992,0.2,0.1,0.6771925379569246
validation_prolific,positive_only,abs,HEXACO_60_agreeablenessgentleness,78,3,0.3644077441545796,0.4,0.2,0.7148813789749783
validation_prolific,positive_only,abs,HEXACO_60_agreeablenesspatience,78,2,0.2645835177480747,0.0,0.0,0.6959676251260161
validation_prolific,positive_only,abs,HEXACO_60_conscientiousness,75,13,-0.17928876244665717,0.2,0.2,0.6172077849332528
validation_prolific,positive_only,abs,HEXACO_60_conscientiousnessdiligence,78,8,0.3317062684151291,1.0,0.7,0.9403231005447495
validation_prolific,positive_only,abs,HEXACO_60_conscientiousnessorganization,78,10,-0.11620025544076176,0.0,0.0,0.4014611349739251
validation_prolific,positive_only,abs,HEXACO_60_conscientiousnessperfectionism,78,1,0.24857421059952703,0.2,0.1,0.8654146564104854
validation_prolific,positive_only,abs,HEXACO_60_conscientiousnessprudence,78,8,0.3890160472438953,0.8,0.6,0.8277752618576454
validation_prolific,positive_only,abs,HEXACO_60_honesty_humility,75,0,0.022275960170697013,0.0,0.0,0.48214209129694
validation_prolific,positive_only,abs,HEXACO_60_honesty_humilityfairness__hexaco_,78,2,-0.06814704283058713,0.0,0.0,0.6041232458827741
validation_prolific,positive_only,abs,HEXACO_60_honesty_humilitygreed_avoidance,78,0,0.1544152050481164,0.0,0.0,0.6783473358539998
validation_prolific,positive_only,abs,HEXACO_60_honesty_humilitymodesty,78,0,-0.1330188798543229,0.0,0.0,0.5160317965158697
validation_prolific,positive_only,abs,HEXACO_60_honesty_humilitysincerity,78,0,0.008459894535843903,0.0,0.0,0.5702682348528704
validation_prolific,positive_only,abs,Moral_Foundations_Questionnaire_authority,79,9,0.3964216163583252,0.6,0.5,0.6678273608715977
validation_prolific,positive_only,abs,Moral_Foundations_Questionnaire_fairness,79,1,0.5179892891918209,0.0,0.1,0.6345956657858348
validation_prolific,positive_only,abs,Moral_Foundations_Questionnaire_harm,79,1,0.2192064264849075,0.2,0.1,0.7608393667306335
validation_prolific,positive_only,abs,Moral_Foundations_Questionnaire_ingroup,79,6,0.42397760467380724,0.2,0.2,0.5769386797362402
validation_prolific,positive_only,abs,Moral_Foundations_Questionnaire_purity,79,5,0.11351022395326194,0.2,0.2,0.6928877037210005
validation_prolific,positive_only,abs,New_Ecological_Paradigm_Scale_antiexemptionalism,79,4,0.25601265822784813,0.2,0.2,0.7808236175237608
validation_prolific,positive_only,abs,New_Ecological_Paradigm_Scale_balance_of_nature,79,5,0.28928919182083745,0.2,0.1,0.5700203555135446
validation_prolific,positive_only,abs,New_Ecological_Paradigm_Scale_eco_crisis,79,6,0.25674294060370006,0.2,0.1,0.5208028773733958
validation_prolific,positive_only,abs,New_Ecological_Paradigm_Scale_human_domination,79,7,0.3151655306718598,0.2,0.2,0.5149218614242332
validation_prolific,positive_only,abs,New_Ecological_Paradigm_Scale_limits_to_growth,79,4,0.1288704965920156,0.2,0.2,0.3858485585346662
validation_prolific,positive_only,abs,Obsessive_Compulsive_Inventory__Revised__obsessiveness_compulsiveness,73,15,0.44748858447488593,0.8,0.9,0.909364044225748
validation_prolific,positive_only,abs,Obsessive_Compulsive_Inventory__Revised__obsessiveness_compulsivenesschecking,78,8,0.18069272499652245,0.4,0.3,0.6411396396213491
validation_prolific,positive_only,abs,Obsessive_Compulsive_Inventory__Revised__obsessiveness_compulsivenesshoarding,78,7,0.36068994296842394,0.0,0.0,0.5894402247318888
validation_prolific,positive_only,abs,Obsessive_Compulsive_Inventory__Revised__obsessiveness_compulsivenessneutralizing,78,5,0.14121321716258423,0.0,0.0,0.4422580356597078
validation_prolific,positive_only,abs,Obsessive_Compulsive_Inventory__Revised__obsessiveness_compulsivenessobsessing,78,25,0.6806990477876553,1.0,0.9,0.9270020356589416
validation_prolific,positive_only,abs,Obsessive_Compulsive_Inventory__Revised__obsessiveness_compulsivenessordering,78,4,0.11283653055804954,0.0,0.0,0.3302790101329177
validation_prolific,positive_only,abs,Obsessive_Compulsive_Inventory__Revised__obsessiveness_compulsivenesswashing,78,5,0.38175748302330575,0.2,0.2,0.5855287279819265
validation_prolific,positive_only,abs,Oldenburg_Burnout_Inventory__English_Translation__burnout,77,28,0.5711393869288606,1.0,1.0,0.94829059610281
validation_prolific,positive_only,abs,Oldenburg_Burnout_Inventory__English_Translation__burnoutdisengagement,78,27,0.5593014580356351,1.0,1.0,0.9550212556628747
validation_prolific,positive_only,abs,Oldenburg_Burnout_Inventory__English_Translation__burnoutexhaustion,78,27,0.5820382149496073,1.0,1.0,0.9286072765001405
validation_prolific,positive_only,abs,Perceived_Stress_Scale_perceived_stress,79,27,0.39890457643622207,1.0,0.8,0.8573264732020656
validation_prolific,positive_only,abs,Perseverative_Thinking_Questionnaire_perseverative_thinking,76,26,0.5108407382091593,0.8,0.9,0.8911704126033974
validation_prolific,positive_only,abs,Perseverative_Thinking_Questionnaire_perseverative_thinkingcore_characteristics_of_repetitive_negative_thinking,78,25,0.37771089669823843,1.0,0.8,0.8773961825361318
validation_prolific,positive_only,abs,Perseverative_Thinking_Questionnaire_perseverative_thinkingrepetitive_negative_thinking_capturing_mental_capacity,78,25,0.598502763059725,0.8,0.9,0.8946779496165502
validation_prolific,positive_only,abs,Perseverative_Thinking_Questionnaire_perseverative_thinkingunproductiveness_of_repetitive_negative_thinking,78,27,0.5884874619051834,1.0,0.9,0.9049519785410549
validation_prolific,positive_only,abs,Perth_Alexithymia_Questionnaire_alexithymia,74,13,0.31024065161051456,0.6,0.7,0.8499687444743372
validation_prolific,positive_only,abs,Perth_Alexithymia_Questionnaire_alexithymiageneral_externally_orientated_thinking,78,3,0.07826350864325549,0.0,0.0,0.3746747099035323
validation_prolific,positive_only,abs,Perth_Alexithymia_Questionnaire_alexithymianegative_difficulty_describing_feelings,78,11,0.5373487272221449,0.6,0.4,0.9203785022544869
validation_prolific,positive_only,abs,Perth_Alexithymia_Questionnaire_alexithymianegative_difficulty_identifying_feelings,78,12,0.5938491887858977,0.8,0.7,0.8895074862632014
validation_prolific,positive_only,abs,Perth_Alexithymia_Questionnaire_alexithymiapositive_difficulty_describing_feelings,78,11,-0.07411575766006144,0.4,0.3,0.6414420313461348
validation_prolific,positive_only,abs,Perth_Alexithymia_Questionnaire_alexithymiapositive_difficulty_identifying_feelings,78,10,0.3109169311700957,0.6,0.6,0.8050539973826293
validation_prolific,positive_only,abs,Positive_and_Negative_Affect_Schedule_negative_affect,79,24,0.5655306718597858,1.0,0.9,0.9460435794586607
validation_prolific,positive_only,abs,Positive_and_Negative_Affect_Schedule_positive_affect,79,21,0.613047711781889,1.0,0.9,0.9381981295702745
validation_prolific,positive_only,abs,Revised_Adult_Attachment_Scale_close,79,17,0.4503407984420643,0.8,0.5,0.7727784576491459
validation_prolific,positive_only,abs,Revised_Adult_Attachment_Scale_depend,79,14,0.12716650438169427,0.2,0.1,0.542225513884932
validation_prolific,positive_only,abs,Survey_Attitude_Scale_survey_burden,79,2,0.2471275559883155,0.4,0.2,0.7739979408070257
validation_prolific,positive_only,abs,Survey_Attitude_Scale_survey_enjoyment,79,2,0.571178188899708,0.4,0.2,0.9596598171035472
validation_prolific,positive_only,abs,Survey_Attitude_Scale_survey_value,79,2,0.26536027263875367,0.4,0.2,0.7973548946914534
validation_prolific,positive_only,abs,UCLA_Loneliness_Scale__Short_Form__loneliness,79,26,0.6374391431353458,1.0,0.9,0.9228841023411559
validation_prolific,positive_only,abs,Utrecht_Work_Engagement_Scale__Short_Version__engagement,76,14,0.6231852358168148,1.0,0.9,0.9683620400347024
validation_prolific,positive_only,abs,Utrecht_Work_Engagement_Scale__Short_Version__engagementabsorption,78,11,0.515598325724908,1.0,0.9,0.9099096333727175
validation_prolific,positive_only,abs,Utrecht_Work_Engagement_Scale__Short_Version__engagementdedication,78,15,0.7080893789754549,1.0,1.0,0.980181848553716
validation_prolific,positive_only,abs,Utrecht_Work_Engagement_Scale__Short_Version__engagementvigor,78,17,0.7207855435703536,1.0,1.0,0.9696585338692102
validation_prolific,positive_only,abs,Work_Gratitude_Scale_work_gratitude,76,9,0.4410116199589884,1.0,0.9,0.9763186279616191
validation_prolific,positive_only,abs,Work_Gratitude_Scale_work_gratitudegrateful_appraisals,78,12,0.6207589878475954,1.0,1.0,0.9810925648728424
validation_prolific,positive_only,abs,Work_Gratitude_Scale_work_gratitudegratitude_toward_others,78,8,0.45826325573161014,1.0,0.8,0.9813815382922253
validation_prolific,positive_only,abs,Work_Gratitude_Scale_work_gratitudeintentional_attitude_of_gratitude,78,9,0.3195412182753955,1.0,0.9,0.9448578652149139
validation_prolific,positive_only,abs_cross_instrument,Attitudes_Toward_AI_in_Defense_Scale_negative_attitude_toward_ai_in_defense,78,0,0.12950340798442062,0.0,0.0,0.5877735902254178
validation_prolific,positive_only,abs_cross_instrument,Attitudes_Toward_AI_in_Defense_Scale_positive_attitude_toward_ai_in_defense,78,0,0.2887112887112887,0.0,0.0,0.6688145044120627
validation_prolific,positive_only,abs_cross_instrument,Authoritarianism_Short_Scale_authoritarianism,76,4,0.3690225563909774,0.4,0.3,0.69555962291461
validation_prolific,positive_only,abs_cross_instrument,Authoritarianism_Short_Scale_authoritarianismauthoritarian_aggression,76,2,0.31630895420369104,0.4,0.2,0.6590014548035869
validation_prolific,positive_only,abs_cross_instrument,Authoritarianism_Short_Scale_authoritarianismauthoritarian_submissiveness,76,1,0.17634996582365,0.2,0.1,0.7605506048280408
validation_prolific,positive_only,abs_cross_instrument,Authoritarianism_Short_Scale_authoritarianismconventionalism,76,3,0.16174982911825017,0.2,0.2,0.5829584173116895
validation_prolific,positive_only,abs_cross_instrument,Center_for_Epidemiological_Studies_Depression_Scale_depression,75,25,0.5322617354196302,1.0,0.7,0.8619048162839283
validation_prolific,positive_only,abs_cross_instrument,Center_for_Epidemiological_Studies_Depression_Scale_depressiondepressive_affect,75,16,0.5485064011379801,1.0,0.7,0.8686332947078096
validation_prolific,positive_only,abs_cross_instrument,Center_for_Epidemiological_Studies_Depression_Scale_depressioninterpersonal,75,14,0.4031009957325747,0.8,0.6,0.8006443451841145
validation_prolific,positive_only,abs_cross_instrument,Center_for_Epidemiological_Studies_Depression_Scale_depressionsomatic,75,27,0.5513229018492176,1.0,0.8,0.8900399361446955
validation_prolific,positive_only,abs_cross_instrument,Center_for_Epidemiological_Studies_Depression_Scale_depressionwell_being,75,20,0.5688477951635846,1.0,0.9,0.8540480878005867
validation_prolific,positive_only,abs_cross_instrument,Chronotype_Questionnaire_distinctness,78,22,0.50790981170728,1.0,0.8,0.8854460913182949
validation_prolific,positive_only,abs_cross_instrument,Chronotype_Questionnaire_morningness_eveningness,78,0,0.04594140037178012,0.0,0.0,0.6254530922958904
validation_prolific,positive_only,abs_cross_instrument,Disgust_Avoidance_Questionnaire_behavioral_escape,76,0,-0.13279562542720438,0.0,0.0,0.23327909673952169
validation_prolific,positive_only,abs_cross_instrument,Disgust_Avoidance_Questionnaire_behavioral_prevention,76,0,0.25315105946684896,0.0,0.0,0.5364830968168928
validation_prolific,positive_only,abs_cross_instrument,Disgust_Avoidance_Questionnaire_cognitive_escape,76,0,0.17183868762816132,0.0,0.0,0.5977573380951773
validation_prolific,positive_only,abs_cross_instrument,Disgust_Avoidance_Questionnaire_cognitive_prevention,76,0,0.15844155844155844,0.0,0.0,0.6759862037037716
validation_prolific,positive_only,abs_cross_instrument,Fear_of_COVID_19_Scale_fear_of_covid_19,79,0,0.5538218111002922,0.0,0.0,0.6709868839918528
validation_prolific,positive_only,abs_cross_instrument,HEXACO_60_agreeableness,65,4,0.19217657342657343,0.0,0.0,0.6934465950970836
validation_prolific,positive_only,abs_cross_instrument,HEXACO_60_agreeablenessflexibility,65,0,0.25926573426573424,0.0,0.0,0.6168373193044968
validation_prolific,positive_only,abs_cross_instrument,HEXACO_60_agreeablenessforgiveness,65,0,0.09055944055944057,0.0,0.0,0.5907678114597479
validation_prolific,positive_only,abs_cross_instrument,HEXACO_60_agreeablenessgentleness,65,0,0.2994318181818182,0.0,0.0,0.5716837823972363
validation_prolific,positive_only,abs_cross_instrument,HEXACO_60_agreeablenesspatience,65,0,0.2861013986013986,0.0,0.0,0.7741319632504153
validation_prolific,positive_only,abs_cross_instrument,HEXACO_60_conscientiousness,65,13,-0.19908216783216784,0.2,0.2,0.6172077849332528
validation_prolific,positive_only,abs_cross_instrument,HEXACO_60_conscientiousnessdiligence,65,7,0.37473776223776223,1.0,0.7,0.9547651994444188
validation_prolific,positive_only,abs_cross_instrument,HEXACO_60_conscientiousnessorganization,65,9,-0.24969405594405594,0.0,0.0,0.32331322081615255
validation_prolific,positive_only,abs_cross_instrument,HEXACO_60_conscientiousnessperfectionism,65,0,0.19405594405594406,0.0,0.0,0.8130825712886345
validation_prolific,positive_only,abs_cross_instrument,HEXACO_60_conscientiousnessprudence,65,7,0.4600961538461538,0.8,0.6,0.9107505034103734
validation_prolific,positive_only,abs_cross_instrument,HEXACO_60_honesty_humility,65,0,-0.0025786713286713287,0.0,0.0,0.48907865548510576
validation_prolific,positive_only,abs_cross_instrument,HEXACO_60_honesty_humilityfairness__hexaco_,65,2,-0.056512237762237766,0.0,0.0,0.5239438409433039
validation_prolific,positive_only,abs_cross_instrument,HEXACO_60_honesty_humilitygreed_avoidance,65,0,0.10297202797202797,0.0,0.0,0.6568985545212938
validation_prolific,positive_only,abs_cross_instrument,HEXACO_60_honesty_humilitymodesty,65,0,-0.13033216783216783,0.0,0.0,0.5264737921770932
validation_prolific,positive_only,abs_cross_instrument,HEXACO_60_honesty_humilitysincerity,65,0,-0.09020979020979021,0.0,0.0,0.3699303863905463
validation_prolific,positive_only,abs_cross_instrument,Moral_Foundations_Questionnaire_authority,75,7,0.354452347083926,0.8,0.5,0.8333506002979801
validation_prolific,positive_only,abs_cross_instrument,Moral_Foundations_Questionnaire_fairness,75,0,0.4887624466571835,0.0,0.0,0.7519676637772033
validation_prolific,positive_only,abs_cross_instrument,Moral_Foundations_Questionnaire_harm,75,0,0.18489331436699855,0.0,0.0,0.7810407902668157
validation_prolific,positive_only,abs_cross_instrument,Moral_Foundations_Questionnaire_ingroup,75,4,0.464551920341394,0.2,0.2,0.6900076310563296
validation_prolific,positive_only,abs_cross_instrument,Moral_Foundations_Questionnaire_purity,75,3,0.1182361308677098,0.2,0.2,0.7921461617532355
validation_prolific,positive_only,abs_cross_instrument,New_Ecological_Paradigm_Scale_antiexemptionalism,75,0,0.164352773826458,0.0,0.0,0.8001997733763481
validation_prolific,positive_only,abs_cross_instrument,New_Ecological_Paradigm_Scale_balance_of_nature,75,1,0.32449502133712654,0.0,0.0,0.48207166984032945
validation_prolific,positive_only,abs_cross_instrument,New_Ecological_Paradigm_Scale_eco_crisis,75,2,0.2570128022759602,0.0,0.0,0.4356115960254728
validation_prolific,positive_only,abs_cross_instrument,New_Ecological_Paradigm_Scale_human_domination,75,3,0.28958748221906117,0.0,0.2,0.5802306883988898
validation_prolific,positive_only,abs_cross_instrument,New_Ecological_Paradigm_Scale_limits_to_growth,75,0,0.02167852062588905,0.0,0.0,0.32707393620336567
validation_prolific,positive_only,abs_cross_instrument,Obsessive_Compulsive_Inventory__Revised__obsessiveness_compulsiveness,73,15,0.44748858447488593,0.8,0.9,0.909364044225748
validation_prolific,positive_only,abs_cross_instrument,Obsessive_Compulsive_Inventory__Revised__obsessiveness_compulsivenesschecking,73,3,0.09416265580649144,0.4,0.2,0.5839346670889035
validation_prolific,positive_only,abs_cross_instrument,Obsessive_Compulsive_Inventory__Revised__obsessiveness_compulsivenesshoarding,73,3,0.34626064420584973,0.0,0.0,0.4726761090938146
validation_prolific,positive_only,abs_cross_instrument,Obsessive_Compulsive_Inventory__Revised__obsessiveness_compulsivenessneutralizing,73,0,0.10656546957916824,0.0,0.0,0.6038818157338247
validation_prolific,positive_only,abs_cross_instrument,Obsessive_Compulsive_Inventory__Revised__obsessiveness_compulsivenessobsessing,73,20,0.6906701221769715,1.0,0.9,0.9270020356589416
validation_prolific,positive_only,abs_cross_instrument,Obsessive_Compulsive_Inventory__Revised__obsessiveness_compulsivenessordering,73,0,0.013914599531037889,0.0,0.0,0.41712572276924337
validation_prolific,positive_only,abs_cross_instrument,Obsessive_Compulsive_Inventory__Revised__obsessiveness_compulsivenesswashing,73,0,0.3286437122053561,0.0,0.0,0.6792687955844191
validation_prolific,positive_only,abs_cross_instrument,Oldenburg_Burnout_Inventory__English_Translation__burnout,77,28,0.5711393869288606,1.0,1.0,0.94829059610281
validation_prolific,positive_only,abs_cross_instrument,Oldenburg_Burnout_Inventory__English_Translation__burnoutdisengagement,77,26,0.5434039644565959,1.0,1.0,0.9620954512759662
validation_prolific,positive_only,abs_cross_instrument,Oldenburg_Burnout_Inventory__English_Translation__burnoutexhaustion,77,26,0.5668016194331983,1.0,1.0,0.9390311870146973
validation_prolific,positive_only,abs_cross_instrument,Perceived_Stress_Scale_perceived_stress,79,27,0.39890457643622207,1.0,0.8,0.8573264732020656
validation_prolific,positive_only,abs_cross_instrument,Perseverative_Thinking_Questionnaire_perseverative_thinking,76,26,0.5108407382091593,0.8,0.9,0.8911704126033974
validation_prolific,positive_only,abs_cross_instrument,Perseverative_Thinking_Questionnaire_perseverative_thinkingcore_characteristics_of_repetitive_negative_thinking,76,23,0.32801093643198903,0.8,0.7,0.819313877279443
validation_prolific,positive_only,abs_cross_instrument,Perseverative_Thinking_Questionnaire_perseverative_thinkingrepetitive_negative_thinking_capturing_mental_capacity,76,23,0.5660697197539303,0.8,0.8,0.8114534297451185
validation_prolific,positive_only,abs_cross_instrument,Perseverative_Thinking_Questionnaire_perseverative_thinkingunproductiveness_of_repetitive_negative_thinking,76,25,0.5557074504442925,1.0,0.8,0.8398611063813395
validation_prolific,positive_only,abs_cross_instrument,Perth_Alexithymia_Questionnaire_alexithymia,74,13,0.31024065161051456,0.6,0.7,0.8499687444743372
validation_prolific,positive_only,abs_cross_instrument,Perth_Alexithymia_Questionnaire_alexithymiageneral_externally_orientated_thinking,74,0,0.0007256571640133283,0.0,0.0,0.5196092037183774
validation_prolific,positive_only,abs_cross_instrument,Perth_Alexithymia_Questionnaire_alexithymianegative_difficulty_describing_feelings,74,7,0.48528693076638274,0.2,0.2,0.8709016479144919
validation_prolific,positive_only,abs_cross_instrument,Perth_Alexithymia_Questionnaire_alexithymianegative_difficulty_identifying_feelings,74,8,0.5539429840799703,0.8,0.6,0.9543502340623041
validation_prolific,positive_only,abs_cross_instrument,Perth_Alexithymia_Questionnaire_alexithymiapositive_difficulty_describing_feelings,74,7,-0.2161125509070714,0.0,0.0,0.2780283772998921
validation_prolific,positive_only,abs_cross_instrument,Perth_Alexithymia_Questionnaire_alexithymiapositive_difficulty_identifying_feelings,74,7,0.21904479822288037,0.4,0.3,0.5212485130831672
validation_prolific,positive_only,abs_cross_instrument,Positive_and_Negative_Affect_Schedule_negative_affect,78,23,0.5681027832926567,1.0,0.9,0.9460435794586607
validation_prolific,positive_only,abs_cross_instrument,Positive_and_Negative_Affect_Schedule_positive_affect,78,20,0.612185283071359,1.0,0.9,0.9381981295702745
validation_prolific,positive_only,abs_cross_instrument,Revised_Adult_Attachment_Scale_close,78,16,0.43790386828361505,0.8,0.5,0.852113741973385
validation_prolific,positive_only,abs_cross_instrument,Revised_Adult_Attachment_Scale_depend,78,13,0.10054502459565749,0.2,0.1,0.5856643212432324
validation_prolific,positive_only,abs_cross_instrument,Survey_Attitude_Scale_survey_burden,77,0,0.18691834481308167,0.0,0.0,0.5877516512738056
validation_prolific,positive_only,abs_cross_instrument,Survey_Attitude_Scale_survey_enjoyment,77,0,0.5368841684631158,0.0,0.0,0.8439250296203006
validation_prolific,positive_only,abs_cross_instrument,Survey_Attitude_Scale_survey_value,77,0,0.2066091802933908,0.0,0.0,0.5219975330282535
validation_prolific,positive_only,abs_cross_instrument,UCLA_Loneliness_Scale__Short_Form__loneliness,79,26,0.6374391431353458,1.0,0.9,0.9228841023411559
validation_prolific,positive_only,abs_cross_instrument,Utrecht_Work_Engagement_Scale__Short_Version__engagement,76,14,0.6231852358168148,1.0,0.9,0.9683620400347024
validation_prolific,positive_only,abs_cross_instrument,Utrecht_Work_Engagement_Scale__Short_Version__engagementabsorption,76,9,0.47751196172248805,1.0,0.8,0.9452670019541154
validation_prolific,positive_only,abs_cross_instrument,Utrecht_Work_Engagement_Scale__Short_Version__engagementdedication,76,13,0.6849213943950787,1.0,0.9,0.9666337909088889
validation_prolific,positive_only,abs_cross_instrument,Utrecht_Work_Engagement_Scale__Short_Version__engagementvigor,76,15,0.6989747095010252,1.0,0.9,0.9508570301641665
validation_prolific,positive_only,abs_cross_instrument,Work_Gratitude_Scale_work_gratitude,76,9,0.4410116199589884,1.0,0.9,0.9763186279616191
validation_prolific,positive_only,abs_cross_instrument,Work_Gratitude_Scale_work_gratitudegrateful_appraisals,76,10,0.5910868079289131,1.0,0.9,0.9759760765729801
validation_prolific,positive_only,abs_cross_instrument,Work_Gratitude_Scale_work_gratitudegratitude_toward_others,76,6,0.41443609022556394,1.0,0.6,0.9633988039169691
validation_prolific,positive_only,abs_cross_instrument,Work_Gratitude_Scale_work_gratitudeintentional_attitude_of_gratitude,76,7,0.26441558441558444,1.0,0.7,0.8959141883329903
validation_prolific,F_composite,signed,Attitudes_Toward_AI_in_Defense_Scale_negative_attitude_toward_ai_in_defense,79,0,0.09961051606621227,0.0,0.0,0.5576796474661386
validation_prolific,F_composite,signed,Attitudes_Toward_AI_in_Defense_Scale_positive_attitude_toward_ai_in_defense,79,0,0.1345180136319377,0.0,0.0,0.5682768585075668
validation_prolific,F_composite,signed,Authoritarianism_Short_Scale_authoritarianism,76,4,0.17492822966507177,0.6,0.3,0.6893061567131396
validation_prolific,F_composite,signed,Authoritarianism_Short_Scale_authoritarianismauthoritarian_aggression,78,4,0.24945940135813552,0.6,0.4,0.7161228454680363
validation_prolific,F_composite,signed,Authoritarianism_Short_Scale_authoritarianismauthoritarian_submissiveness,78,3,0.11663020523780018,0.6,0.3,0.8252567889034393
validation_prolific,F_composite,signed,Authoritarianism_Short_Scale_authoritarianismconventionalism,78,5,0.15135497413978424,0.6,0.4,0.6596420778949493
validation_prolific,F_composite,signed,Center_for_Epidemiological_Studies_Depression_Scale_depression,75,25,-0.010128022759601708,1.0,0.7,0.8608850005843877
validation_prolific,F_composite,signed,Center_for_Epidemiological_Studies_Depression_Scale_depressiondepressive_affect,78,19,0.09063088809924251,1.0,0.8,0.8963462287536664
validation_prolific,F_composite,signed,Center_for_Epidemiological_Studies_Depression_Scale_depressioninterpersonal,78,17,0.11106614904083258,1.0,0.8,0.9081871528507631
validation_prolific,F_composite,signed,Center_for_Epidemiological_Studies_Depression_Scale_depressionsomatic,78,30,0.15770305643723365,1.0,1.0,0.9645385055492601
validation_prolific,F_composite,signed,Center_for_Epidemiological_Studies_Depression_Scale_depressionwell_being,78,23,-0.12626613892436675,0.8,0.7,0.7690403381111636
validation_prolific,F_composite,signed,Chronotype_Questionnaire_distinctness,79,22,0.04079844206426485,0.8,0.8,0.869179696269498
validation_prolific,F_composite,signed,Chronotype_Questionnaire_morningness_eveningness,79,0,-0.015238558909444987,0.0,0.0,0.87439890409522
validation_prolific,F_composite,signed,Disgust_Avoidance_Questionnaire_behavioral_escape,79,3,-0.0023125608568646543,0.4,0.2,0.7140175220053464
validation_prolific,F_composite,signed,Disgust_Avoidance_Questionnaire_behavioral_prevention,79,3,0.17721518987341772,0.6,0.3,0.9020749200341883
validation_prolific,F_composite,signed,Disgust_Avoidance_Questionnaire_cognitive_escape,79,3,0.1696689386562804,0.4,0.3,0.8678182554526295
validation_prolific,F_composite,signed,Disgust_Avoidance_Questionnaire_cognitive_prevention,79,3,0.37770204479065234,0.4,0.2,0.6452905554841939
validation_prolific,F_composite,signed,Fear_of_COVID_19_Scale_fear_of_covid_19,79,0,0.5360029211295034,0.0,0.0,0.7233364218334831
validation_prolific,F_composite,signed,HEXACO_60_agreeableness,75,4,-0.0056330014224751064,0.0,0.2,0.8007082273297859
validation_prolific,F_composite,signed,HEXACO_60_agreeablenessflexibility,78,2,0.02722593861834368,0.2,0.1,0.7067502095331344
validation_prolific,F_composite,signed,HEXACO_60_agreeablenessforgiveness,78,1,-0.01933509528446237,0.2,0.1,0.6445275912186365
validation_prolific,F_composite,signed,HEXACO_60_agreeablenessgentleness,78,3,0.13392936177746304,0.4,0.2,0.7946017886119291
validation_prolific,F_composite,signed,HEXACO_60_agreeablenesspatience,78,2,-0.274320616092768,0.0,0.0,0.37829831030010147
validation_prolific,F_composite,signed,HEXACO_60_conscientiousness,75,13,-0.25305832147937407,0.4,0.3,0.7791738523256342
validation_prolific,F_composite,signed,HEXACO_60_conscientiousnessdiligence,78,8,0.2072990300838402,1.0,0.7,0.9598420121741129
validation_prolific,F_composite,signed,HEXACO_60_conscientiousnessorganization,78,10,-0.28147801565523084,0.0,0.0,0.610434110014129
validation_prolific,F_composite,signed,HEXACO_60_conscientiousnessperfectionism,78,1,0.2562374334526233,0.2,0.1,0.8117489032310911
validation_prolific,F_composite,signed,HEXACO_60_conscientiousnessprudence,78,8,-0.24695557606950008,0.2,0.1,0.6607023854890554
validation_prolific,F_composite,signed,HEXACO_60_honesty_humility,75,0,0.05991465149359885,0.0,0.0,0.530059871447718
validation_prolific,F_composite,signed,HEXACO_60_honesty_humilityfairness__hexaco_,78,2,0.054742725628801565,0.0,0.0,0.4086462341854935
validation_prolific,F_composite,signed,HEXACO_60_honesty_humilitygreed_avoidance,78,0,0.1028971028971029,0.0,0.0,0.7350954302631083
validation_prolific,F_composite,signed,HEXACO_60_honesty_humilitymodesty,78,0,-0.05658898063961355,0.0,0.0,0.4332476413374363
validation_prolific,F_composite,signed,HEXACO_60_honesty_humilitysincerity,78,0,-0.09998861897596076,0.0,0.0,0.33808910539932935
validation_prolific,F_composite,signed,Moral_Foundations_Questionnaire_authority,79,9,0.206937682570594,0.8,0.6,0.7153610089672757
validation_prolific,F_composite,signed,Moral_Foundations_Questionnaire_fairness,79,1,0.5670399221032133,0.0,0.1,0.7427710361485956
validation_prolific,F_composite,signed,Moral_Foundations_Questionnaire_harm,79,1,0.24447419668938655,0.2,0.1,0.6673498759377973
validation_prolific,F_composite,signed,Moral_Foundations_Questionnaire_ingroup,79,6,0.12473222979552095,0.2,0.2,0.571484286156779
validation_prolific,F_composite,signed,Moral_Foundations_Questionnaire_purity,79,5,0.0510223953261928,0.4,0.2,0.5675695033575688
validation_prolific,F_composite,signed,New_Ecological_Paradigm_Scale_antiexemptionalism,79,4,0.1317429406037001,0.0,0.0,0.48005375748121504
validation_prolific,F_composite,signed,New_Ecological_Paradigm_Scale_balance_of_nature,79,5,0.1856377799415774,0.0,0.0,0.38169855567832056
validation_prolific,F_composite,signed,New_Ecological_Paradigm_Scale_eco_crisis,79,6,0.40129016553067187,0.0,0.0,0.3449685222152545
validation_prolific,F_composite,signed,New_Ecological_Paradigm_Scale_human_domination,79,7,-0.1474926971762415,0.0,0.0,0.1817784587297386
validation_prolific,F_composite,signed,New_Ecological_Paradigm_Scale_limits_to_growth,79,4,-0.08829113924050633,0.2,0.1,0.3062997033537885
validation_prolific,F_composite,signed,Obsessive_Compulsive_Inventory__Revised__obsessiveness_compulsiveness,73,15,0.2819326175490559,1.0,1.0,0.9837055905950346
validation_prolific,F_composite,signed,Obsessive_Compulsive_Inventory__Revised__obsessiveness_compulsivenesschecking,78,8,0.1592963998027289,0.6,0.4,0.7126492870657158
validation_prolific,F_composite,signed,Obsessive_Compulsive_Inventory__Revised__obsessiveness_compulsivenesshoarding,78,7,0.22525575690132651,0.0,0.1,0.6282568164319074
validation_prolific,F_composite,signed,Obsessive_Compulsive_Inventory__Revised__obsessiveness_compulsivenessneutralizing,78,5,0.15788009458895536,0.0,0.0,0.4131381829594852
validation_prolific,F_composite,signed,Obsessive_Compulsive_Inventory__Revised__obsessiveness_compulsivenessobsessing,78,25,0.36711389875946837,1.0,0.9,0.9411876720107649
validation_prolific,F_composite,signed,Obsessive_Compulsive_Inventory__Revised__obsessiveness_compulsivenessordering,78,4,0.22113329708266416,0.0,0.0,0.4906662398563744
validation_prolific,F_composite,signed,Obsessive_Compulsive_Inventory__Revised__obsessiveness_compulsivenesswashing,78,5,0.4396236674717687,0.2,0.2,0.6404343173984015
validation_prolific,F_composite,signed,Oldenburg_Burnout_Inventory__English_Translation__burnout,77,28,0.030180345969819652,0.8,0.8,0.886617052374285
validation_prolific,F_composite,signed,Oldenburg_Burnout_Inventory__English_Translation__burnoutdisengagement,78,27,0.14328709265418124,1.0,0.9,0.9390443732022826
validation_prolific,F_composite,signed,Oldenburg_Burnout_Inventory__English_Translation__burnoutexhaustion,78,27,0.0142768623781282,1.0,0.8,0.8896499605656311
validation_prolific,F_composite,signed,Perceived_Stress_Scale_perceived_stress,79,27,0.16183057448880234,1.0,0.8,0.8728800586790963
validation_prolific,F_composite,signed,Perseverative_Thinking_Questionnaire_perseverative_thinking,76,26,0.19171565276828434,0.8,0.9,0.8979600335949602
validation_prolific,F_composite,signed,Perseverative_Thinking_Questionnaire_perseverative_thinkingcore_characteristics_of_repetitive_negative_thinking,78,25,0.25669267441419336,1.0,0.8,0.8776853985861804
validation_prolific,F_composite,signed,Perseverative_Thinking_Questionnaire_perseverative_thinkingrepetitive_negative_thinking_capturing_mental_capacity,78,25,0.26835190126329367,0.8,0.9,0.8912790414096387
validation_prolific,F_composite,signed,Perseverative_Thinking_Questionnaire_perseverative_thinkingunproductiveness_of_repetitive_negative_thinking,78,27,0.21309070676159284,1.0,0.9,0.909523001869438
validation_prolific,F_composite,signed,Perth_Alexithymia_Questionnaire_alexithymia,74,13,0.17041095890410954,0.8,0.7,0.8133012794795814
validation_prolific,F_composite,signed,Perth_Alexithymia_Questionnaire_alexithymiageneral_externally_orientated_thinking,78,3,0.0796292315279657,0.0,0.0,0.35458179339190765
validation_prolific,F_composite,signed,Perth_Alexithymia_Questionnaire_alexithymianegative_difficulty_describing_feelings,78,11,0.27614157993904825,0.8,0.4,0.9213130352874725
validation_prolific,F_composite,signed,Perth_Alexithymia_Questionnaire_alexithymianegative_difficulty_identifying_feelings,78,12,0.4232855751843093,0.8,0.7,0.8880888592950019
validation_prolific,F_composite,signed,Perth_Alexithymia_Questionnaire_alexithymiapositive_difficulty_describing_feelings,78,11,-0.20355593773315292,0.4,0.3,0.6106848815138469
validation_prolific,F_composite,signed,Perth_Alexithymia_Questionnaire_alexithymiapositive_difficulty_identifying_feelings,78,10,0.1466255263723618,0.6,0.6,0.773243015569801
validation_prolific,F_composite,signed,Positive_and_Negative_Affect_Schedule_negative_affect,79,24,0.18639240506329113,1.0,0.8,0.9180723767176471
validation_prolific,F_composite,signed,Positive_and_Negative_Affect_Schedule_positive_affect,79,21,0.1129746835443038,1.0,0.9,0.8384747297306494
validation_prolific,F_composite,signed,Revised_Adult_Attachment_Scale_close,79,17,-0.08288704965920156,0.6,0.3,0.8004005736341919
validation_prolific,F_composite,signed,Revised_Adult_Attachment_Scale_depend,79,14,-0.14717624148003897,0.2,0.1,0.7123489760191221
validation_prolific,F_composite,signed,Survey_Attitude_Scale_survey_burden,79,2,0.06002921129503408,0.2,0.2,0.7424014167234513
validation_prolific,F_composite,signed,Survey_Attitude_Scale_survey_enjoyment,79,2,0.5177702044790652,0.4,0.2,0.963179594742313
validation_prolific,F_composite,signed,Survey_Attitude_Scale_survey_value,79,2,0.47777507302823763,0.2,0.2,0.8605699772144213
validation_prolific,F_composite,signed,UCLA_Loneliness_Scale__Short_Form__loneliness,79,26,0.11871957156767284,1.0,1.0,0.9632438531118928
validation_prolific,F_composite,signed,Utrecht_Work_Engagement_Scale__Short_Version__engagement,76,14,0.14922761449077238,1.0,0.9,0.952192651972621
validation_prolific,F_composite,signed,Utrecht_Work_Engagement_Scale__Short_Version__engagementabsorption,78,11,0.21291366860987113,1.0,0.8,0.9091556395378682
validation_prolific,F_composite,signed,Utrecht_Work_Engagement_Scale__Short_Version__engagementdedication,78,15,0.230212825149534,1.0,0.9,0.9439045092136022
validation_prolific,F_composite,signed,Utrecht_Work_Engagement_Scale__Short_Version__engagementvigor,78,17,0.17899821697290053,1.0,1.0,0.9645183671910803
validation_prolific,F_composite,signed,Work_Gratitude_Scale_work_gratitude,76,9,0.27485987696514014,1.0,0.7,0.9334680511911335
validation_prolific,F_composite,signed,Work_Gratitude_Scale_work_gratitudegrateful_appraisals,78,12,0.27695089720406174,1.0,0.8,0.9429998208646746
validation_prolific,F_composite,signed,Work_Gratitude_Scale_work_gratitudegratitude_toward_others,78,8,0.37280441077909426,1.0,0.7,0.9446217869616919
validation_prolific,F_composite,signed,Work_Gratitude_Scale_work_gratitudeintentional_attitude_of_gratitude,78,9,0.2171878754157235,1.0,0.7,0.8997439523388205
validation_prolific,F_composite,abs,Attitudes_Toward_AI_in_Defense_Scale_negative_attitude_toward_ai_in_defense,79,0,0.22478091528724445,0.0,0.0,0.5250638327277091
validation_prolific,F_composite,abs,Attitudes_Toward_AI_in_Defense_Scale_positive_attitude_toward_ai_in_defense,79,0,0.28777994157741,0.0,0.0,0.5311801426140697
validation_prolific,F_composite,abs,Authoritarianism_Short_Scale_authoritarianism,76,4,0.23948051948051946,0.6,0.3,0.7169839099366481
validation_prolific,F_composite,abs,Authoritarianism_Short_Scale_authoritarianismauthoritarian_aggression,78,4,0.2715132968297525,0.6,0.4,0.7596922228436002
validation_prolific,F_composite,abs,Authoritarianism_Short_Scale_authoritarianismauthoritarian_submissiveness,78,3,0.21711200192212848,0.6,0.3,0.8486572935646077
validation_prolific,F_composite,abs,Authoritarianism_Short_Scale_authoritarianismconventionalism,78,5,0.20879120879120877,0.6,0.4,0.6782775669828993
validation_prolific,F_composite,abs,Center_for_Epidemiological_Studies_Depression_Scale_depression,75,25,0.7347652916073969,1.0,1.0,0.8811448654816876
validation_prolific,F_composite,abs,Center_for_Epidemiological_Studies_Depression_Scale_depressiondepressive_affect,78,19,0.644305062026581,1.0,1.0,0.9047441293050275
validation_prolific,F_composite,abs,Center_for_Epidemiological_Studies_Depression_Scale_depressioninterpersonal,78,17,0.5356036368694596,0.8,0.9,0.9124137186270309
validation_prolific,F_composite,abs,Center_for_Epidemiological_Studies_Depression_Scale_depressionsomatic,78,30,0.6502737768560553,1.0,1.0,0.9483117789365078
validation_prolific,F_composite,abs,Center_for_Epidemiological_Studies_Depression_Scale_depressionwell_being,78,23,0.5536109460160092,1.0,0.9,0.8161393453387388
validation_prolific,F_composite,abs,Chronotype_Questionnaire_distinctness,79,22,0.6704722492697176,1.0,0.9,0.8258039536079085
validation_prolific,F_composite,abs,Chronotype_Questionnaire_morningness_eveningness,79,0,0.5706669912366116,0.0,0.0,0.9052653332598023
validation_prolific,F_composite,abs,Disgust_Avoidance_Questionnaire_behavioral_escape,79,3,0.07110516066212269,0.4,0.2,0.7255504226307621
validation_prolific,F_composite,abs,Disgust_Avoidance_Questionnaire_behavioral_prevention,79,3,0.3206669912366115,0.6,0.3,0.9164473839250111
validation_prolific,F_composite,abs,Disgust_Avoidance_Questionnaire_cognitive_escape,79,3,0.1614410905550146,0.4,0.3,0.8678182554526295
validation_prolific,F_composite,abs,Disgust_Avoidance_Questionnaire_cognitive_prevention,79,3,0.28057448880233693,0.4,0.2,0.6452905554841939
validation_prolific,F_composite,abs,Fear_of_COVID_19_Scale_fear_of_covid_19,79,0,0.5433300876338851,0.0,0.0,0.6485512875896184
validation_prolific,F_composite,abs,HEXACO_60_agreeableness,75,4,0.6286201991465149,0.0,0.1,0.8038804963896323
validation_prolific,F_composite,abs,HEXACO_60_agreeablenessflexibility,78,2,0.4962505848581798,0.2,0.1,0.7090731659849394
validation_prolific,F_composite,abs,HEXACO_60_agreeablenessforgiveness,78,1,0.28792726261080687,0.2,0.1,0.6867817455903683
validation_prolific,F_composite,abs,HEXACO_60_agreeablenessgentleness,78,3,0.4846166491736112,0.4,0.2,0.7635212937642106
validation_prolific,F_composite,abs,HEXACO_60_agreeablenesspatience,78,2,-0.2367885279277684,0.0,0.0,0.40070345143823977
validation_prolific,F_composite,abs,HEXACO_60_conscientiousness,75,13,0.49982930298719774,0.6,0.6,0.8788604725089342
validation_prolific,F_composite,abs,HEXACO_60_conscientiousnessdiligence,78,8,0.527662211206515,0.8,0.7,0.9496074792476201
validation_prolific,F_composite,abs,HEXACO_60_conscientiousnessorganization,78,10,0.5900049317770836,0.2,0.4,0.7521311300922807
validation_prolific,F_composite,abs,HEXACO_60_conscientiousnessperfectionism,78,1,0.3053022926440648,0.2,0.1,0.816775762534086
validation_prolific,F_composite,abs,HEXACO_60_conscientiousnessprudence,78,8,0.5159018196992881,0.8,0.6,0.8520188432263478
validation_prolific,F_composite,abs,HEXACO_60_honesty_humility,75,0,-0.17470839260312943,0.0,0.0,0.4541544104624186
validation_prolific,F_composite,abs,HEXACO_60_honesty_humilityfairness__hexaco_,78,2,-0.08863288610124054,0.0,0.0,0.42688904004526346
validation_prolific,F_composite,abs,HEXACO_60_honesty_humilitygreed_avoidance,78,0,0.1502674540649224,0.0,0.0,0.752921025908239
validation_prolific,F_composite,abs,HEXACO_60_honesty_humilitymodesty,78,0,-0.12495099836871987,0.0,0.0,0.5888261733349149
validation_prolific,F_composite,abs,HEXACO_60_honesty_humilitysincerity,78,0,-0.05583024570366343,0.0,0.0,0.3159161394746214
validation_prolific,F_composite,abs,Moral_Foundations_Questionnaire_authority,79,9,0.2063777994157741,0.6,0.5,0.6256568550745218
validation_prolific,F_composite,abs,Moral_Foundations_Questionnaire_fairness,79,1,0.5500486854917235,0.0,0.1,0.6888777277268956
validation_prolific,F_composite,abs,Moral_Foundations_Questionnaire_harm,79,1,0.23354430379746838,0.2,0.1,0.6323098457402214
validation_prolific,F_composite,abs,Moral_Foundations_Questionnaire_ingroup,79,6,0.37168938656280426,0.2,0.2,0.5769386797362402
validation_prolific,F_composite,abs,Moral_Foundations_Questionnaire_purity,79,5,-0.07207887049659202,0.4,0.2,0.562587876035786
validation_prolific,F_composite,abs,New_Ecological_Paradigm_Scale_antiexemptionalism,79,4,-0.05764362220058423,0.0,0.0,0.4115260860656168
validation_prolific,F_composite,abs,New_Ecological_Paradigm_Scale_balance_of_nature,79,5,0.1309883154819864,0.0,0.0,0.32952272482975636
validation_prolific,F_composite,abs,New_Ecological_Paradigm_Scale_eco_crisis,79,6,-0.29768743914313534,0.0,0.0,0.19189744129301436
validation_prolific,F_composite,abs,New_Ecological_Paradigm_Scale_human_domination,79,7,-0.04909931840311588,0.0,0.0,0.23854899216475184
validation_prolific,F_composite,abs,New_Ecological_Paradigm_Scale_limits_to_growth,79,4,0.0953018500486855,0.0,0.1,0.35051644174673463
validation_prolific,F_composite,abs,Obsessive_Compulsive_Inventory__Revised__obsessiveness_compulsiveness,73,15,0.6085091941256325,0.8,0.8,0.9392874617986138
validation_prolific,F_composite,abs,Obsessive_Compulsive_Inventory__Revised__obsessiveness_compulsivenesschecking,78,8,0.24123977288534248,0.6,0.4,0.7073331830446493
validation_prolific,F_composite,abs,Obsessive_Compulsive_Inventory__Revised__obsessiveness_compulsivenesshoarding,78,7,0.4778386170791234,0.0,0.1,0.6519389084834741
validation_prolific,F_composite,abs,Obsessive_Compulsive_Inventory__Revised__obsessiveness_compulsivenessneutralizing,78,5,0.17816360854335536,0.0,0.0,0.4131381829594852
validation_prolific,F_composite,abs,Obsessive_Compulsive_Inventory__Revised__obsessiveness_compulsivenessobsessing,78,25,0.7520201317669671,1.0,0.8,0.9218128310859127
validation_prolific,F_composite,abs,Obsessive_Compulsive_Inventory__Revised__obsessiveness_compulsivenessordering,78,4,0.3229049431581077,0.0,0.0,0.4957307441532475
validation_prolific,F_composite,abs,Obsessive_Compulsive_Inventory__Revised__obsessiveness_compulsivenesswashing,78,5,0.4288749225458086,0.0,0.2,0.6041869224387374
validation_prolific,F_composite,abs,Oldenburg_Burnout_Inventory__English_Translation__burnout,77,28,0.7394973447605026,1.0,1.0,0.9390385202252545
validation_prolific,F_composite,abs,Oldenburg_Burnout_Inventory__English_Translation__burnoutdisengagement,78,27,0.7289545897140834,1.0,0.9,0.9182730915401253
validation_prolific,F_composite,abs,Oldenburg_Burnout_Inventory__English_Translation__burnoutexhaustion,78,27,0.7041439573085142,1.0,1.0,0.916935921267306
validation_prolific,F_composite,abs,Perceived_Stress_Scale_perceived_stress,79,27,0.8060370009737098,1.0,0.9,0.8884394266810884
validation_prolific,F_composite,abs,Perseverative_Thinking_Questionnaire_perseverative_thinking,76,26,0.6792344497607655,0.8,0.9,0.892637560346139
validation_prolific,F_composite,abs,Perseverative_Thinking_Questionnaire_perseverative_thinkingcore_characteristics_of_repetitive_negative_thinking,78,25,0.5220475726804841,1.0,0.8,0.8776853985861804
validation_prolific,F_composite,abs,Perseverative_Thinking_Questionnaire_perseverative_thinkingrepetitive_negative_thinking_capturing_mental_capacity,78,25,0.7254644090087127,0.8,0.9,0.87785900506114
validation_prolific,F_composite,abs,Perseverative_Thinking_Questionnaire_perseverative_thinkingunproductiveness_of_repetitive_negative_thinking,78,27,0.717522983345768,1.0,0.9,0.9021885643245579
validation_prolific,F_composite,abs,Perth_Alexithymia_Questionnaire_alexithymia,74,13,0.48496112550907056,0.8,0.7,0.8322300130379148
validation_prolific,F_composite,abs,Perth_Alexithymia_Questionnaire_alexithymiageneral_externally_orientated_thinking,78,3,0.29462942121169966,0.0,0.0,0.4073969133662378
validation_prolific,F_composite,abs,Perth_Alexithymia_Questionnaire_alexithymianegative_difficulty_describing_feelings,78,11,0.5947090883799744,0.8,0.4,0.9213130352874725
validation_prolific,F_composite,abs,Perth_Alexithymia_Questionnaire_alexithymianegative_difficulty_identifying_feelings,78,12,0.712692370920219,0.8,0.7,0.8880888592950019
validation_prolific,F_composite,abs,Perth_Alexithymia_Questionnaire_alexithymiapositive_difficulty_describing_feelings,78,11,-0.09316000455240961,0.4,0.3,0.6414420313461348
validation_prolific,F_composite,abs,Perth_Alexithymia_Questionnaire_alexithymiapositive_difficulty_identifying_feelings,78,10,0.29194855777134254,0.6,0.6,0.773243015569801
validation_prolific,F_composite,abs,Positive_and_Negative_Affect_Schedule_negative_affect,79,24,0.7169668938656281,1.0,0.9,0.9237646857859574
validation_prolific,F_composite,abs,Positive_and_Negative_Affect_Schedule_positive_affect,79,21,0.6635345666991237,1.0,1.0,0.9668982934199404
validation_prolific,F_composite,abs,Revised_Adult_Attachment_Scale_close,79,17,0.528018500486855,0.6,0.7,0.885121331364176
validation_prolific,F_composite,abs,Revised_Adult_Attachment_Scale_depend,79,14,0.6034323271665044,1.0,0.5,0.8910818966785492
validation_prolific,F_composite,abs,Survey_Attitude_Scale_survey_burden,79,2,0.2672103213242454,0.2,0.2,0.7272455242292214
validation_prolific,F_composite,abs,Survey_Attitude_Scale_survey_enjoyment,79,2,0.5525073028237586,0.4,0.2,0.963179594742313
validation_prolific,F_composite,abs,Survey_Attitude_Scale_survey_value,79,2,0.49048198636806234,0.2,0.2,0.8605699772144213
validation_prolific,F_composite,abs,UCLA_Loneliness_Scale__Short_Form__loneliness,79,26,0.720350535540409,1.0,1.0,0.9028074446901848
validation_prolific,F_composite,abs,Utrecht_Work_Engagement_Scale__Short_Version__engagement,76,14,0.6713328776486672,1.0,0.9,0.9264188517146899
validation_prolific,F_composite,abs,Utrecht_Work_Engagement_Scale__Short_Version__engagementabsorption,78,11,0.5342379139847494,1.0,0.8,0.9091556395378682
validation_prolific,F_composite,abs,Utrecht_Work_Engagement_Scale__Short_Version__engagementdedication,78,15,0.7517419289571188,1.0,0.9,0.9316199393195924
validation_prolific,F_composite,abs,Utrecht_Work_Engagement_Scale__Short_Version__engagementvigor,78,17,0.7571542381668962,1.0,0.9,0.9408699084076625
validation_prolific,F_composite,abs,Work_Gratitude_Scale_work_gratitude,76,9,0.5492822966507177,1.0,0.8,0.9488527082092515
validation_prolific,F_composite,abs,Work_Gratitude_Scale_work_gratitudegrateful_appraisals,78,12,0.7062937062937061,1.0,0.9,0.9573956674253445
validation_prolific,F_composite,abs,Work_Gratitude_Scale_work_gratitudegratitude_toward_others,78,8,0.5238938276912959,1.0,0.7,0.9455342526232635
validation_prolific,F_composite,abs,Work_Gratitude_Scale_work_gratitudeintentional_attitude_of_gratitude,78,9,0.2984230958914503,1.0,0.7,0.8997439523388205
validation_prolific,F_composite,abs_cross_instrument,Attitudes_Toward_AI_in_Defense_Scale_negative_attitude_toward_ai_in_defense,78,0,0.2315279657051809,0.0,0.0,0.5238030201535249
validation_prolific,F_composite,abs_cross_instrument,Attitudes_Toward_AI_in_Defense_Scale_positive_attitude_toward_ai_in_defense,78,0,0.30042109788945226,0.0,0.0,0.5363042150778291
validation_prolific,F_composite,abs_cross_instrument,Authoritarianism_Short_Scale_authoritarianism,76,4,0.23948051948051946,0.6,0.3,0.7169839099366481
validation_prolific,F_composite,abs_cross_instrument,Authoritarianism_Short_Scale_authoritarianismauthoritarian_aggression,76,2,0.21356117566643884,0.4,0.2,0.60058548721479
validation_prolific,F_composite,abs_cross_instrument,Authoritarianism_Short_Scale_authoritarianismauthoritarian_submissiveness,76,1,0.15368421052631578,0.2,0.1,0.761563832217519
validation_prolific,F_composite,abs_cross_instrument,Authoritarianism_Short_Scale_authoritarianismconventionalism,76,3,0.14602870813397129,0.2,0.2,0.5836860663772953
validation_prolific,F_composite,abs_cross_instrument,Center_for_Epidemiological_Studies_Depression_Scale_depression,75,25,0.7347652916073969,1.0,1.0,0.8811448654816876
validation_prolific,F_composite,abs_cross_instrument,Center_for_Epidemiological_Studies_Depression_Scale_depressiondepressive_affect,75,16,0.6735419630156472,1.0,0.9,0.8899245201491499
validation_prolific,F_composite,abs_cross_instrument,Center_for_Epidemiological_Studies_Depression_Scale_depressioninterpersonal,75,14,0.5163584637268848,0.8,0.9,0.8911700098718326
validation_prolific,F_composite,abs_cross_instrument,Center_for_Epidemiological_Studies_Depression_Scale_depressionsomatic,75,27,0.6732859174964438,1.0,1.0,0.9399455583189419
validation_prolific,F_composite,abs_cross_instrument,Center_for_Epidemiological_Studies_Depression_Scale_depressionwell_being,75,20,0.6643812233285917,1.0,0.9,0.8469978925802735
validation_prolific,F_composite,abs_cross_instrument,Chronotype_Questionnaire_distinctness,78,22,0.6681546301799466,1.0,0.9,0.8258039536079085
validation_prolific,F_composite,abs_cross_instrument,Chronotype_Questionnaire_morningness_eveningness,78,0,0.5539903134839843,0.0,0.0,0.8880075974136549
validation_prolific,F_composite,abs_cross_instrument,Disgust_Avoidance_Questionnaire_behavioral_escape,76,0,-0.02758714969241285,0.0,0.0,0.3690304076948833
validation_prolific,F_composite,abs_cross_instrument,Disgust_Avoidance_Questionnaire_behavioral_prevention,76,0,0.2370745044429255,0.0,0.0,0.5492739611533377
validation_prolific,F_composite,abs_cross_instrument,Disgust_Avoidance_Questionnaire_cognitive_escape,76,0,0.05911141490088858,0.0,0.0,0.5992204445628977
validation_prolific,F_composite,abs_cross_instrument,Disgust_Avoidance_Questionnaire_cognitive_prevention,76,0,0.2194121667805878,0.0,0.0,0.6738669386874172
validation_prolific,F_composite,abs_cross_instrument,Fear_of_COVID_19_Scale_fear_of_covid_19,79,0,0.5433300876338851,0.0,0.0,0.6485512875896184
validation_prolific,F_composite,abs_cross_instrument,HEXACO_60_agreeableness,65,4,0.6805506993006993,0.2,0.1,0.8519682283488379
validation_prolific,F_composite,abs_cross_instrument,HEXACO_60_agreeablenessflexibility,65,0,0.5499125874125874,0.0,0.0,0.7408580883704949
validation_prolific,F_composite,abs_cross_instrument,HEXACO_60_agreeablenessforgiveness,65,0,0.28793706293706295,0.0,0.0,0.647953126751901
validation_prolific,F_composite,abs_cross_instrument,HEXACO_60_agreeablenessgentleness,65,0,0.5102709790209791,0.0,0.0,0.7508363438877041
validation_prolific,F_composite,abs_cross_instrument,HEXACO_60_agreeablenesspatience,65,0,-0.2593968531468531,0.0,0.0,0.44765468500428734
validation_prolific,F_composite,abs_cross_instrument,HEXACO_60_conscientiousness,65,13,0.5668706293706294,0.6,0.6,0.8788604725089342
validation_prolific,F_composite,abs_cross_instrument,HEXACO_60_conscientiousnessdiligence,65,7,0.5604895104895105,0.8,0.6,0.9392398500361493
validation_prolific,F_composite,abs_cross_instrument,HEXACO_60_conscientiousnessorganization,65,9,0.6235576923076923,0.2,0.5,0.8245458131343862
validation_prolific,F_composite,abs_cross_instrument,HEXACO_60_conscientiousnessperfectionism,65,0,0.3184003496503497,0.0,0.0,0.8320603040225796
validation_prolific,F_composite,abs_cross_instrument,HEXACO_60_conscientiousnessprudence,65,7,0.5392045454545454,0.8,0.6,0.9374242335318388
validation_prolific,F_composite,abs_cross_instrument,HEXACO_60_honesty_humility,65,0,-0.154763986013986,0.0,0.0,0.3391940347124987
validation_prolific,F_composite,abs_cross_instrument,HEXACO_60_honesty_humilityfairness__hexaco_,65,2,-0.06451048951048952,0.0,0.0,0.38982173317285695
validation_prolific,F_composite,abs_cross_instrument,HEXACO_60_honesty_humilitygreed_avoidance,65,0,0.08653846153846154,0.0,0.0,0.6486666559391883
validation_prolific,F_composite,abs_cross_instrument,HEXACO_60_honesty_humilitymodesty,65,0,-0.17172202797202799,0.0,0.0,0.539054032206019
validation_prolific,F_composite,abs_cross_instrument,HEXACO_60_honesty_humilitysincerity,65,0,-0.05091783216783217,0.0,0.0,0.3354642168301443
validation_prolific,F_composite,abs_cross_instrument,Moral_Foundations_Questionnaire_authority,75,7,0.147027027027027,0.8,0.4,0.7514690620438375
validation_prolific,F_composite,abs_cross_instrument,Moral_Foundations_Questionnaire_fairness,75,0,0.5207396870554765,0.0,0.0,0.8768865928576121
validation_prolific,F_composite,abs_cross_instrument,Moral_Foundations_Questionnaire_harm,75,0,0.20156472261735417,0.0,0.0,0.4597020975363281
validation_prolific,F_composite,abs_cross_instrument,Moral_Foundations_Questionnaire_ingroup,75,4,0.4056899004267425,0.2,0.2,0.6900076310563296
validation_prolific,F_composite,abs_cross_instrument,Moral_Foundations_Questionnaire_purity,75,3,-0.08264580369843527,0.4,0.2,0.6294165107872441
validation_prolific,F_composite,abs_cross_instrument,New_Ecological_Paradigm_Scale_antiexemptionalism,75,0,-0.04625889046941678,0.0,0.0,0.5331861354536264
validation_prolific,F_composite,abs_cross_instrument,New_Ecological_Paradigm_Scale_balance_of_nature,75,1,0.24335704125177807,0.0,0.0,0.5062540133495465
validation_prolific,F_composite,abs_cross_instrument,New_Ecological_Paradigm_Scale_eco_crisis,75,2,-0.26139402560455194,0.0,0.0,0.2854966203503222
validation_prolific,F_composite,abs_cross_instrument,New_Ecological_Paradigm_Scale_human_domination,75,3,-0.022532005689900426,0.0,0.0,0.299561369603525
validation_prolific,F_composite,abs_cross_instrument,New_Ecological_Paradigm_Scale_limits_to_growth,75,0,0.0764153627311522,0.0,0.0,0.4301745288069048
validation_prolific,F_composite,abs_cross_instrument,Obsessive_Compulsive_Inventory__Revised__obsessiveness_compulsiveness,73,15,0.6085091941256325,0.8,0.8,0.9392874617986138
validation_prolific,F_composite,abs_cross_instrument,Obsessive_Compulsive_Inventory__Revised__obsessiveness_compulsivenesschecking,73,3,0.1587375046279156,0.4,0.2,0.6513596010132467
validation_prolific,F_composite,abs_cross_instrument,Obsessive_Compulsive_Inventory__Revised__obsessiveness_compulsivenesshoarding,73,3,0.4858385783043318,0.0,0.1,0.6389183999978084
validation_prolific,F_composite,abs_cross_instrument,Obsessive_Compulsive_Inventory__Revised__obsessiveness_compulsivenessneutralizing,73,0,0.13602986548192028,0.0,0.0,0.5641200746129861
validation_prolific,F_composite,abs_cross_instrument,Obsessive_Compulsive_Inventory__Revised__obsessiveness_compulsivenessobsessing,73,20,0.7766876465506604,1.0,0.8,0.9218128310859127
validation_prolific,F_composite,abs_cross_instrument,Obsessive_Compulsive_Inventory__Revised__obsessiveness_compulsivenessordering,73,0,0.2433049487844009,0.0,0.0,0.5786814727955962
validation_prolific,F_composite,abs_cross_instrument,Obsessive_Compulsive_Inventory__Revised__obsessiveness_compulsivenesswashing,73,0,0.41065037640380114,0.0,0.0,0.7076129060828144
validation_prolific,F_composite,abs_cross_instrument,Oldenburg_Burnout_Inventory__English_Translation__burnout,77,28,0.7394973447605026,1.0,1.0,0.9390385202252545
validation_prolific,F_composite,abs_cross_instrument,Oldenburg_Burnout_Inventory__English_Translation__burnoutdisengagement,77,26,0.7183342972816656,1.0,0.9,0.9140736199135775
validation_prolific,F_composite,abs_cross_instrument,Oldenburg_Burnout_Inventory__English_Translation__burnoutexhaustion,77,26,0.6925968768074031,1.0,1.0,0.9055346485882301
validation_prolific,F_composite,abs_cross_instrument,Perceived_Stress_Scale_perceived_stress,79,27,0.8060370009737098,1.0,0.9,0.8884394266810884
validation_prolific,F_composite,abs_cross_instrument,Perseverative_Thinking_Questionnaire_perseverative_thinking,76,26,0.6792344497607655,0.8,0.9,0.892637560346139
validation_prolific,F_composite,abs_cross_instrument,Perseverative_Thinking_Questionnaire_perseverative_thinkingcore_characteristics_of_repetitive_negative_thinking,76,23,0.4840464798359535,0.8,0.6,0.7757934371824569
validation_prolific,F_composite,abs_cross_instrument,Perseverative_Thinking_Questionnaire_perseverative_thinkingrepetitive_negative_thinking_capturing_mental_capacity,76,23,0.703321941216678,0.8,0.9,0.8289367130429716
validation_prolific,F_composite,abs_cross_instrument,Perseverative_Thinking_Questionnaire_perseverative_thinkingunproductiveness_of_repetitive_negative_thinking,76,25,0.6952016404647984,1.0,0.9,0.8967254326357559
validation_prolific,F_composite,abs_cross_instrument,Perth_Alexithymia_Questionnaire_alexithymia,74,13,0.48496112550907056,0.8,0.7,0.8322300130379148
validation_prolific,F_composite,abs_cross_instrument,Perth_Alexithymia_Questionnaire_alexithymiageneral_externally_orientated_thinking,74,0,0.24570159200296182,0.0,0.0,0.5649892564300878
validation_prolific,F_composite,abs_cross_instrument,Perth_Alexithymia_Questionnaire_alexithymianegative_difficulty_describing_feelings,74,7,0.5535875601629026,0.2,0.1,0.8611131278211657
validation_prolific,F_composite,abs_cross_instrument,Perth_Alexithymia_Questionnaire_alexithymianegative_difficulty_identifying_feelings,74,8,0.6967641614216956,0.6,0.6,0.9631815699570637
validation_prolific,F_composite,abs_cross_instrument,Perth_Alexithymia_Questionnaire_alexithymiapositive_difficulty_describing_feelings,74,7,-0.243006293965198,0.0,0.0,0.263143316557015
validation_prolific,F_composite,abs_cross_instrument,Perth_Alexithymia_Questionnaire_alexithymiapositive_difficulty_identifying_feelings,74,7,0.19478711588300626,0.6,0.3,0.4030034508404919
validation_prolific,F_composite,abs_cross_instrument,Positive_and_Negative_Affect_Schedule_negative_affect,78,23,0.7235675716688375,1.0,0.9,0.9237646857859574
validation_prolific,F_composite,abs_cross_instrument,Positive_and_Negative_Affect_Schedule_positive_affect,78,20,0.664664449474576,1.0,1.0,0.9668982934199404
validation_prolific,F_composite,abs_cross_instrument,Revised_Adult_Attachment_Scale_close,78,16,0.5096549020599653,0.6,0.6,0.8790371461627825
validation_prolific,F_composite,abs_cross_instrument,Revised_Adult_Attachment_Scale_depend,78,13,0.5880069297790816,0.8,0.4,0.8701261522067811
validation_prolific,F_composite,abs_cross_instrument,Survey_Attitude_Scale_survey_burden,77,0,0.21331300278668697,0.0,0.0,0.6383862771144504
validation_prolific,F_composite,abs_cross_instrument,Survey_Attitude_Scale_survey_enjoyment,77,0,0.5167201219832799,0.0,0.0,0.8357381442896118
validation_prolific,F_composite,abs_cross_instrument,Survey_Attitude_Scale_survey_value,77,0,0.45162732004837264,0.0,0.0,0.804771452715442
validation_prolific,F_composite,abs_cross_instrument,UCLA_Loneliness_Scale__Short_Form__loneliness,79,26,0.720350535540409,1.0,1.0,0.9028074446901848
validation_prolific,F_composite,abs_cross_instrument,Utrecht_Work_Engagement_Scale__Short_Version__engagement,76,14,0.6713328776486672,1.0,0.9,0.9264188517146899
validation_prolific,F_composite,abs_cross_instrument,Utrecht_Work_Engagement_Scale__Short_Version__engagementabsorption,76,9,0.49667805878332194,1.0,0.7,0.8911202154044868
validation_prolific,F_composite,abs_cross_instrument,Utrecht_Work_Engagement_Scale__Short_Version__engagementdedication,76,13,0.7321120984278879,1.0,0.9,0.9335600240426402
validation_prolific,F_composite,abs_cross_instrument,Utrecht_Work_Engagement_Scale__Short_Version__engagementvigor,76,15,0.739166097060834,1.0,0.9,0.9426028687279991
validation_prolific,F_composite,abs_cross_instrument,Work_Gratitude_Scale_work_gratitude,76,9,0.5492822966507177,1.0,0.8,0.9488527082092515
validation_prolific,F_composite,abs_cross_instrument,Work_Gratitude_Scale_work_gratitudegrateful_appraisals,76,10,0.6832535885167464,1.0,0.7,0.9265655503470938
validation_prolific,F_composite,abs_cross_instrument,Work_Gratitude_Scale_work_gratitudegratitude_toward_others,76,6,0.48538619275461375,0.8,0.5,0.9220719577322599
validation_prolific,F_composite,abs_cross_instrument,Work_Gratitude_Scale_work_gratitudeintentional_attitude_of_gratitude,76,7,0.2415857826384142,0.8,0.5,0.8441222773556919
validation_prolific,F_paper,signed,Attitudes_Toward_AI_in_Defense_Scale_negative_attitude_toward_ai_in_defense,79,0,0.09961051606621227,0.0,0.0,0.5576796474661386
validation_prolific,F_paper,signed,Attitudes_Toward_AI_in_Defense_Scale_positive_attitude_toward_ai_in_defense,79,0,0.13439629990262902,0.0,0.0,0.5676806855054735
validation_prolific,F_paper,signed,Authoritarianism_Short_Scale_authoritarianism,76,4,0.17492822966507177,0.6,0.3,0.6893061567131396
validation_prolific,F_paper,signed,Authoritarianism_Short_Scale_authoritarianismauthoritarian_aggression,78,4,0.24945940135813552,0.6,0.4,0.7161228454680363
validation_prolific,F_paper,signed,Authoritarianism_Short_Scale_authoritarianismauthoritarian_submissiveness,78,3,0.11663020523780018,0.6,0.3,0.8252567889034393
validation_prolific,F_paper,signed,Authoritarianism_Short_Scale_authoritarianismconventionalism,78,5,0.15135497413978424,0.6,0.4,0.6596420778949493
validation_prolific,F_paper,signed,Center_for_Epidemiological_Studies_Depression_Scale_depression,75,25,-0.010128022759601708,1.0,0.7,0.8608850005843877
validation_prolific,F_paper,signed,Center_for_Epidemiological_Studies_Depression_Scale_depressiondepressive_affect,78,19,0.09063088809924251,1.0,0.8,0.8963462287536664
validation_prolific,F_paper,signed,Center_for_Epidemiological_Studies_Depression_Scale_depressioninterpersonal,78,17,0.11106614904083258,1.0,0.8,0.9081871528507631
validation_prolific,F_paper,signed,Center_for_Epidemiological_Studies_Depression_Scale_depressionsomatic,78,30,0.15770305643723365,1.0,1.0,0.9645385055492601
validation_prolific,F_paper,signed,Center_for_Epidemiological_Studies_Depression_Scale_depressionwell_being,78,23,-0.12626613892436675,0.8,0.7,0.7690403381111636
validation_prolific,F_paper,signed,Chronotype_Questionnaire_distinctness,79,22,0.04079844206426485,0.8,0.8,0.869179696269498
validation_prolific,F_paper,signed,Chronotype_Questionnaire_morningness_eveningness,79,0,-0.015238558909444987,0.0,0.0,0.87439890409522
validation_prolific,F_paper,signed,Disgust_Avoidance_Questionnaire_behavioral_escape,79,3,-0.0023125608568646543,0.4,0.2,0.7140175220053464
validation_prolific,F_paper,signed,Disgust_Avoidance_Questionnaire_behavioral_prevention,79,3,0.17721518987341772,0.6,0.3,0.9020749200341883
validation_prolific,F_paper,signed,Disgust_Avoidance_Questionnaire_cognitive_escape,79,3,0.1696689386562804,0.4,0.3,0.8678182554526295
validation_prolific,F_paper,signed,Disgust_Avoidance_Questionnaire_cognitive_prevention,79,3,0.37770204479065234,0.4,0.2,0.6452905554841939
validation_prolific,F_paper,signed,Fear_of_COVID_19_Scale_fear_of_covid_19,79,0,0.5360029211295034,0.0,0.0,0.7233364218334831
validation_prolific,F_paper,signed,HEXACO_60_agreeableness,75,4,-0.0056330014224751064,0.0,0.2,0.8007082273297859
validation_prolific,F_paper,signed,HEXACO_60_agreeablenessflexibility,78,2,0.02722593861834368,0.2,0.1,0.7067502095331344
validation_prolific,F_paper,signed,HEXACO_60_agreeablenessforgiveness,78,1,-0.01933509528446237,0.2,0.1,0.6445275912186365
validation_prolific,F_paper,signed,HEXACO_60_agreeablenessgentleness,78,3,0.13392936177746304,0.4,0.2,0.7946017886119291
validation_prolific,F_paper,signed,HEXACO_60_agreeablenesspatience,78,2,-0.274320616092768,0.0,0.0,0.37829831030010147
validation_prolific,F_paper,signed,HEXACO_60_conscientiousness,75,13,-0.25305832147937407,0.4,0.3,0.7791738523256342
validation_prolific,F_paper,signed,HEXACO_60_conscientiousnessdiligence,78,8,0.2072990300838402,1.0,0.7,0.9598420121741129
validation_prolific,F_paper,signed,HEXACO_60_conscientiousnessorganization,78,10,-0.28147801565523084,0.0,0.0,0.610434110014129
validation_prolific,F_paper,signed,HEXACO_60_conscientiousnessperfectionism,78,1,0.2562374334526233,0.2,0.1,0.8117489032310911
validation_prolific,F_paper,signed,HEXACO_60_conscientiousnessprudence,78,8,-0.24695557606950008,0.2,0.1,0.6607023854890554
validation_prolific,F_paper,signed,HEXACO_60_honesty_humility,75,0,0.05991465149359885,0.0,0.0,0.530059871447718
validation_prolific,F_paper,signed,HEXACO_60_honesty_humilityfairness__hexaco_,78,2,0.054742725628801565,0.0,0.0,0.4086462341854935
validation_prolific,F_paper,signed,HEXACO_60_honesty_humilitygreed_avoidance,78,0,0.1028971028971029,0.0,0.0,0.7350954302631083
validation_prolific,F_paper,signed,HEXACO_60_honesty_humilitymodesty,78,0,-0.05658898063961355,0.0,0.0,0.4332476413374363
validation_prolific,F_paper,signed,HEXACO_60_honesty_humilitysincerity,78,0,-0.09998861897596076,0.0,0.0,0.33808910539932935
validation_prolific,F_paper,signed,Moral_Foundations_Questionnaire_authority,79,9,0.206937682570594,0.8,0.6,0.7153610089672757
validation_prolific,F_paper,signed,Moral_Foundations_Questionnaire_fairness,79,1,0.5670399221032133,0.0,0.1,0.7427710361485956
validation_prolific,F_paper,signed,Moral_Foundations_Questionnaire_harm,79,1,0.24447419668938655,0.2,0.1,0.6673498759377973
validation_prolific,F_paper,signed,Moral_Foundations_Questionnaire_ingroup,79,6,0.12473222979552095,0.2,0.2,0.571484286156779
validation_prolific,F_paper,signed,Moral_Foundations_Questionnaire_purity,79,5,0.049780915287244404,0.4,0.2,0.5675695033575688
validation_prolific,F_paper,signed,New_Ecological_Paradigm_Scale_antiexemptionalism,79,4,0.13429892891918208,0.0,0.0,0.48005375748121504
validation_prolific,F_paper,signed,New_Ecological_Paradigm_Scale_balance_of_nature,79,5,0.18624634858812075,0.0,0.0,0.38169855567832056
validation_prolific,F_paper,signed,New_Ecological_Paradigm_Scale_eco_crisis,79,6,0.40129016553067187,0.0,0.0,0.3449685222152545
validation_prolific,F_paper,signed,New_Ecological_Paradigm_Scale_human_domination,79,7,-0.1474926971762415,0.0,0.0,0.1817784587297386
validation_prolific,F_paper,signed,New_Ecological_Paradigm_Scale_limits_to_growth,79,4,-0.08829113924050633,0.2,0.1,0.3062997033537885
validation_prolific,F_paper,signed,Obsessive_Compulsive_Inventory__Revised__obsessiveness_compulsiveness,73,15,0.2819326175490559,1.0,1.0,0.9837055905950346
validation_prolific,F_paper,signed,Obsessive_Compulsive_Inventory__Revised__obsessiveness_compulsivenesschecking,78,8,0.1592963998027289,0.6,0.4,0.7126492870657158
validation_prolific,F_paper,signed,Obsessive_Compulsive_Inventory__Revised__obsessiveness_compulsivenesshoarding,78,7,0.22525575690132651,0.0,0.1,0.6282568164319074
validation_prolific,F_paper,signed,Obsessive_Compulsive_Inventory__Revised__obsessiveness_compulsivenessneutralizing,78,5,0.15788009458895536,0.0,0.0,0.4131381829594852
validation_prolific,F_paper,signed,Obsessive_Compulsive_Inventory__Revised__obsessiveness_compulsivenessobsessing,78,25,0.36711389875946837,1.0,0.9,0.9411876720107649
validation_prolific,F_paper,signed,Obsessive_Compulsive_Inventory__Revised__obsessiveness_compulsivenessordering,78,4,0.22113329708266416,0.0,0.0,0.4906662398563744
validation_prolific,F_paper,signed,Obsessive_Compulsive_Inventory__Revised__obsessiveness_compulsivenesswashing,78,5,0.4396236674717687,0.2,0.2,0.6404343173984015
validation_prolific,F_paper,signed,Oldenburg_Burnout_Inventory__English_Translation__burnout,77,28,0.030180345969819652,0.8,0.8,0.886617052374285
validation_prolific,F_paper,signed,Oldenburg_Burnout_Inventory__English_Translation__burnoutdisengagement,78,27,0.14328709265418124,1.0,0.9,0.9390443732022826
validation_prolific,F_paper,signed,Oldenburg_Burnout_Inventory__English_Translation__burnoutexhaustion,78,27,0.0142768623781282,1.0,0.8,0.8896499605656311
validation_prolific,F_paper,signed,Perceived_Stress_Scale_perceived_stress,79,27,0.16183057448880234,1.0,0.8,0.8728800586790963
validation_prolific,F_paper,signed,Perseverative_Thinking_Questionnaire_perseverative_thinking,76,26,0.19092276144907722,0.8,0.9,0.8979600335949602
validation_prolific,F_paper,signed,Perseverative_Thinking_Questionnaire_perseverative_thinkingcore_characteristics_of_repetitive_negative_thinking,78,25,0.25669267441419336,1.0,0.8,0.8776853985861804
validation_prolific,F_paper,signed,Perseverative_Thinking_Questionnaire_perseverative_thinkingrepetitive_negative_thinking_capturing_mental_capacity,78,25,0.26835190126329367,0.8,0.9,0.8912790414096387
validation_prolific,F_paper,signed,Perseverative_Thinking_Questionnaire_perseverative_thinkingunproductiveness_of_repetitive_negative_thinking,78,27,0.21309070676159284,1.0,0.9,0.909523001869438
validation_prolific,F_paper,signed,Perth_Alexithymia_Questionnaire_alexithymia,74,13,0.17041095890410954,0.8,0.7,0.8133012794795814
validation_prolific,F_paper,signed,Perth_Alexithymia_Questionnaire_alexithymiageneral_externally_orientated_thinking,78,3,0.0796292315279657,0.0,0.0,0.35458179339190765
validation_prolific,F_paper,signed,Perth_Alexithymia_Questionnaire_alexithymianegative_difficulty_describing_feelings,78,11,0.27614157993904825,0.8,0.4,0.9213130352874725
validation_prolific,F_paper,signed,Perth_Alexithymia_Questionnaire_alexithymianegative_difficulty_identifying_feelings,78,12,0.42293149888086595,0.8,0.7,0.8880888592950019
validation_prolific,F_paper,signed,Perth_Alexithymia_Questionnaire_alexithymiapositive_difficulty_describing_feelings,78,11,-0.20355593773315292,0.4,0.3,0.6106848815138469
validation_prolific,F_paper,signed,Perth_Alexithymia_Questionnaire_alexithymiapositive_difficulty_identifying_feelings,78,10,0.1466255263723618,0.6,0.6,0.773243015569801
validation_prolific,F_paper,signed,Positive_and_Negative_Affect_Schedule_negative_affect,79,24,0.1867332035053554,1.0,0.8,0.9180723767176471
validation_prolific,F_paper,signed,Positive_and_Negative_Affect_Schedule_positive_affect,79,21,0.1129746835443038,1.0,0.9,0.8384747297306494
validation_prolific,F_paper,signed,Revised_Adult_Attachment_Scale_close,79,17,-0.08288704965920156,0.6,0.3,0.8004005736341919
validation_prolific,F_paper,signed,Revised_Adult_Attachment_Scale_depend,79,14,-0.14717624148003897,0.2,0.1,0.7123489760191221
validation_prolific,F_paper,signed,Survey_Attitude_Scale_survey_burden,79,2,0.06002921129503408,0.2,0.2,0.7424014167234513
validation_prolific,F_paper,signed,Survey_Attitude_Scale_survey_enjoyment,79,2,0.5177702044790652,0.4,0.2,0.963179594742313
validation_prolific,F_paper,signed,Survey_Attitude_Scale_survey_value,79,2,0.47777507302823763,0.2,0.2,0.8605699772144213
validation_prolific,F_paper,signed,UCLA_Loneliness_Scale__Short_Form__loneliness,79,26,0.11871957156767284,1.0,1.0,0.9632438531118928
validation_prolific,F_paper,signed,Utrecht_Work_Engagement_Scale__Short_Version__engagement,76,14,0.14922761449077238,1.0,0.9,0.952192651972621
validation_prolific,F_paper,signed,Utrecht_Work_Engagement_Scale__Short_Version__engagementabsorption,78,11,0.21291366860987113,1.0,0.8,0.9091556395378682
validation_prolific,F_paper,signed,Utrecht_Work_Engagement_Scale__Short_Version__engagementdedication,78,15,0.230212825149534,1.0,0.9,0.9439045092136022
validation_prolific,F_paper,signed,Utrecht_Work_Engagement_Scale__Short_Version__engagementvigor,78,17,0.17899821697290053,1.0,1.0,0.9645183671910803
validation_prolific,F_paper,signed,Work_Gratitude_Scale_work_gratitude,76,9,0.27485987696514014,1.0,0.7,0.9334680511911335
validation_prolific,F_paper,signed,Work_Gratitude_Scale_work_gratitudegrateful_appraisals,78,12,0.27695089720406174,1.0,0.8,0.9429998208646746
validation_prolific,F_paper,signed,Work_Gratitude_Scale_work_gratitudegratitude_toward_others,78,8,0.37280441077909426,1.0,0.7,0.9446217869616919
validation_prolific,F_paper,signed,Work_Gratitude_Scale_work_gratitudeintentional_attitude_of_gratitude,78,9,0.2171878754157235,1.0,0.7,0.8997439523388205
validation_prolific,F_paper,abs,Attitudes_Toward_AI_in_Defense_Scale_negative_attitude_toward_ai_in_defense,79,0,0.22478091528724445,0.0,0.0,0.5250638327277091
validation_prolific,F_paper,abs,Attitudes_Toward_AI_in_Defense_Scale_positive_attitude_toward_ai_in_defense,79,0,0.2866114897760468,0.0,0.0,0.5308039188916491
validation_prolific,F_paper,abs,Authoritarianism_Short_Scale_authoritarianism,76,4,0.23948051948051946,0.6,0.3,0.7169839099366481
validation_prolific,F_paper,abs,Authoritarianism_Short_Scale_authoritarianismauthoritarian_aggression,78,4,0.2715132968297525,0.6,0.4,0.7596922228436002
validation_prolific,F_paper,abs,Authoritarianism_Short_Scale_authoritarianismauthoritarian_submissiveness,78,3,0.21711200192212848,0.6,0.3,0.8486572935646077
validation_prolific,F_paper,abs,Authoritarianism_Short_Scale_authoritarianismconventionalism,78,5,0.20879120879120877,0.6,0.4,0.6782775669828993
validation_prolific,F_paper,abs,Center_for_Epidemiological_Studies_Depression_Scale_depression,75,25,0.7347652916073969,1.0,1.0,0.8811448654816876
validation_prolific,F_paper,abs,Center_for_Epidemiological_Studies_Depression_Scale_depressiondepressive_affect,78,19,0.644305062026581,1.0,1.0,0.9047441293050275
validation_prolific,F_paper,abs,Center_for_Epidemiological_Studies_Depression_Scale_depressioninterpersonal,78,17,0.5356036368694596,0.8,0.9,0.9124137186270309
validation_prolific,F_paper,abs,Center_for_Epidemiological_Studies_Depression_Scale_depressionsomatic,78,30,0.6502737768560553,1.0,1.0,0.9483117789365078
validation_prolific,F_paper,abs,Center_for_Epidemiological_Studies_Depression_Scale_depressionwell_being,78,23,0.5536109460160092,1.0,0.9,0.8161393453387388
validation_prolific,F_paper,abs,Chronotype_Questionnaire_distinctness,79,22,0.6704722492697176,1.0,0.9,0.8258039536079085
validation_prolific,F_paper,abs,Chronotype_Questionnaire_morningness_eveningness,79,0,0.5706669912366116,0.0,0.0,0.9052653332598023
validation_prolific,F_paper,abs,Disgust_Avoidance_Questionnaire_behavioral_escape,79,3,0.07110516066212269,0.4,0.2,0.7255504226307621
validation_prolific,F_paper,abs,Disgust_Avoidance_Questionnaire_behavioral_prevention,79,3,0.3206669912366115,0.6,0.3,0.9164473839250111
validation_prolific,F_paper,abs,Disgust_Avoidance_Questionnaire_cognitive_escape,79,3,0.16058909444985395,0.4,0.3,0.8678182554526295
validation_prolific,F_paper,abs,Disgust_Avoidance_Questionnaire_cognitive_prevention,79,3,0.28057448880233693,0.4,0.2,0.6452905554841939
validation_prolific,F_paper,abs,Fear_of_COVID_19_Scale_fear_of_covid_19,79,0,0.5433300876338851,0.0,0.0,0.6485512875896184
validation_prolific,F_paper,abs,HEXACO_60_agreeableness,75,4,0.6286201991465149,0.0,0.1,0.8038804963896323
validation_prolific,F_paper,abs,HEXACO_60_agreeablenessflexibility,78,2,0.4962505848581798,0.2,0.1,0.7090731659849394
validation_prolific,F_paper,abs,HEXACO_60_agreeablenessforgiveness,78,1,0.28792726261080687,0.2,0.1,0.6867817455903683
validation_prolific,F_paper,abs,HEXACO_60_agreeablenessgentleness,78,3,0.4846166491736112,0.4,0.2,0.7635212937642106
validation_prolific,F_paper,abs,HEXACO_60_agreeablenesspatience,78,2,-0.2367885279277684,0.0,0.0,0.40070345143823977
validation_prolific,F_paper,abs,HEXACO_60_conscientiousness,75,13,0.49982930298719774,0.6,0.6,0.8788604725089342
validation_prolific,F_paper,abs,HEXACO_60_conscientiousnessdiligence,78,8,0.527662211206515,0.8,0.7,0.9496074792476201
validation_prolific,F_paper,abs,HEXACO_60_conscientiousnessorganization,78,10,0.5900049317770836,0.2,0.4,0.7521311300922807
validation_prolific,F_paper,abs,HEXACO_60_conscientiousnessperfectionism,78,1,0.3053022926440648,0.2,0.1,0.816775762534086
validation_prolific,F_paper,abs,HEXACO_60_conscientiousnessprudence,78,8,0.5159018196992881,0.8,0.6,0.8520188432263478
validation_prolific,F_paper,abs,HEXACO_60_honesty_humility,75,0,-0.17470839260312943,0.0,0.0,0.4541544104624186
validation_prolific,F_paper,abs,HEXACO_60_honesty_humilityfairness__hexaco_,78,2,-0.08863288610124054,0.0,0.0,0.42688904004526346
validation_prolific,F_paper,abs,HEXACO_60_honesty_humilitygreed_avoidance,78,0,0.1502674540649224,0.0,0.0,0.752921025908239
validation_prolific,F_paper,abs,HEXACO_60_honesty_humilitymodesty,78,0,-0.12495099836871987,0.0,0.0,0.5888261733349149
validation_prolific,F_paper,abs,HEXACO_60_honesty_humilitysincerity,78,0,-0.05583024570366343,0.0,0.0,0.3159161394746214
validation_prolific,F_paper,abs,Moral_Foundations_Questionnaire_authority,79,9,0.2063777994157741,0.6,0.5,0.6256568550745218
validation_prolific,F_paper,abs,Moral_Foundations_Questionnaire_fairness,79,1,0.5500486854917235,0.0,0.1,0.6888777277268956
validation_prolific,F_paper,abs,Moral_Foundations_Questionnaire_harm,79,1,0.23354430379746838,0.2,0.1,0.6323098457402214
validation_prolific,F_paper,abs,Moral_Foundations_Questionnaire_ingroup,79,6,0.37168938656280426,0.2,0.2,0.5769386797362402
validation_prolific,F_paper,abs,Moral_Foundations_Questionnaire_purity,79,5,-0.07332035053554041,0.4,0.2,0.562587876035786
validation_prolific,F_paper,abs,New_Ecological_Paradigm_Scale_antiexemptionalism,79,4,-0.05796007789678676,0.0,0.0,0.4115260860656168
validation_prolific,F_paper,abs,New_Ecological_Paradigm_Scale_balance_of_nature,79,5,0.1315968841285297,0.0,0.0,0.32952272482975636
validation_prolific,F_paper,abs,New_Ecological_Paradigm_Scale_eco_crisis,79,6,-0.29703018500486855,0.0,0.0,0.19189744129301436
validation_prolific,F_paper,abs,New_Ecological_Paradigm_Scale_human_domination,79,7,-0.04909931840311588,0.0,0.0,0.23854899216475184
validation_prolific,F_paper,abs,New_Ecological_Paradigm_Scale_limits_to_growth,79,4,0.0953018500486855,0.0,0.1,0.35051644174673463
validation_prolific,F_paper,abs,Obsessive_Compulsive_Inventory__Revised__obsessiveness_compulsiveness,73,15,0.6085091941256325,0.8,0.8,0.9392874617986138
validation_prolific,F_paper,abs,Obsessive_Compulsive_Inventory__Revised__obsessiveness_compulsivenesschecking,78,8,0.24108802589815245,0.6,0.4,0.7073331830446493
validation_prolific,F_paper,abs,Obsessive_Compulsive_Inventory__Revised__obsessiveness_compulsivenesshoarding,78,7,0.47821798454709835,0.0,0.1,0.6519389084834741
validation_prolific,F_paper,abs,Obsessive_Compulsive_Inventory__Revised__obsessiveness_compulsivenessneutralizing,78,5,0.17816360854335536,0.0,0.0,0.4131381829594852
validation_prolific,F_paper,abs,Obsessive_Compulsive_Inventory__Revised__obsessiveness_compulsivenessobsessing,78,25,0.7528294490319807,1.0,0.8,0.9218128310859127
validation_prolific,F_paper,abs,Obsessive_Compulsive_Inventory__Revised__obsessiveness_compulsivenessordering,78,4,0.3229049431581077,0.0,0.0,0.4957307441532475
validation_prolific,F_paper,abs,Obsessive_Compulsive_Inventory__Revised__obsessiveness_compulsivenesswashing,78,5,0.4288749225458086,0.0,0.2,0.6041869224387374
validation_prolific,F_paper,abs,Oldenburg_Burnout_Inventory__English_Translation__burnout,77,28,0.7394973447605026,1.0,1.0,0.9390385202252545
validation_prolific,F_paper,abs,Oldenburg_Burnout_Inventory__English_Translation__burnoutdisengagement,78,27,0.7289545897140834,1.0,0.9,0.9182730915401253
validation_prolific,F_paper,abs,Oldenburg_Burnout_Inventory__English_Translation__burnoutexhaustion,78,27,0.7041439573085142,1.0,1.0,0.916935921267306
validation_prolific,F_paper,abs,Perceived_Stress_Scale_perceived_stress,79,27,0.8060126582278482,1.0,0.9,0.8884394266810884
validation_prolific,F_paper,abs,Perseverative_Thinking_Questionnaire_perseverative_thinking,76,26,0.6796719070403281,0.8,0.9,0.892637560346139
validation_prolific,F_paper,abs,Perseverative_Thinking_Questionnaire_perseverative_thinkingcore_characteristics_of_repetitive_negative_thinking,78,25,0.5220475726804841,1.0,0.8,0.8776853985861804
validation_prolific,F_paper,abs,Perseverative_Thinking_Questionnaire_perseverative_thinkingrepetitive_negative_thinking_capturing_mental_capacity,78,25,0.7254644090087127,0.8,0.9,0.87785900506114
validation_prolific,F_paper,abs,Perseverative_Thinking_Questionnaire_perseverative_thinkingunproductiveness_of_repetitive_negative_thinking,78,27,0.717522983345768,1.0,0.9,0.9021885643245579
validation_prolific,F_paper,abs,Perth_Alexithymia_Questionnaire_alexithymia,74,13,0.48496112550907056,0.8,0.7,0.8322300130379148
validation_prolific,F_paper,abs,Perth_Alexithymia_Questionnaire_alexithymiageneral_externally_orientated_thinking,78,3,0.29462942121169966,0.0,0.0,0.4073969133662378
validation_prolific,F_paper,abs,Perth_Alexithymia_Questionnaire_alexithymianegative_difficulty_describing_feelings,78,11,0.5947090883799744,0.8,0.4,0.9213130352874725
validation_prolific,F_paper,abs,Perth_Alexithymia_Questionnaire_alexithymianegative_difficulty_identifying_feelings,78,12,0.7130464472236623,0.8,0.7,0.8880888592950019
validation_prolific,F_paper,abs,Perth_Alexithymia_Questionnaire_alexithymiapositive_difficulty_describing_feelings,78,11,-0.09316000455240961,0.4,0.3,0.6414420313461348
validation_prolific,F_paper,abs,Perth_Alexithymia_Questionnaire_alexithymiapositive_difficulty_identifying_feelings,78,10,0.29194855777134254,0.6,0.6,0.773243015569801
validation_prolific,F_paper,abs,Positive_and_Negative_Affect_Schedule_negative_affect,79,24,0.7173076923076923,1.0,0.9,0.9237646857859574
validation_prolific,F_paper,abs,Positive_and_Negative_Affect_Schedule_positive_affect,79,21,0.6629016553067187,1.0,1.0,0.9668982934199404
validation_prolific,F_paper,abs,Revised_Adult_Attachment_Scale_close,79,17,0.528018500486855,0.6,0.7,0.885121331364176
validation_prolific,F_paper,abs,Revised_Adult_Attachment_Scale_depend,79,14,0.6034323271665044,1.0,0.5,0.8910818966785492
validation_prolific,F_paper,abs,Survey_Attitude_Scale_survey_burden,79,2,0.2672103213242454,0.2,0.2,0.7272455242292214
validation_prolific,F_paper,abs,Survey_Attitude_Scale_survey_enjoyment,79,2,0.5525073028237586,0.4,0.2,0.963179594742313
validation_prolific,F_paper,abs,Survey_Attitude_Scale_survey_value,79,2,0.49048198636806234,0.2,0.2,0.8605699772144213
validation_prolific,F_paper,abs,UCLA_Loneliness_Scale__Short_Form__loneliness,79,26,0.720350535540409,1.0,1.0,0.9028074446901848
validation_prolific,F_paper,abs,Utrecht_Work_Engagement_Scale__Short_Version__engagement,76,14,0.6713328776486672,1.0,0.9,0.9264188517146899
validation_prolific,F_paper,abs,Utrecht_Work_Engagement_Scale__Short_Version__engagementabsorption,78,11,0.5342379139847494,1.0,0.8,0.9091556395378682
validation_prolific,F_paper,abs,Utrecht_Work_Engagement_Scale__Short_Version__engagementdedication,78,15,0.7517419289571188,1.0,0.9,0.9316199393195924
validation_prolific,F_paper,abs,Utrecht_Work_Engagement_Scale__Short_Version__engagementvigor,78,17,0.7571542381668962,1.0,0.9,0.9408699084076625
validation_prolific,F_paper,abs,Work_Gratitude_Scale_work_gratitude,76,9,0.5492822966507177,1.0,0.8,0.9488527082092515
validation_prolific,F_paper,abs,Work_Gratitude_Scale_work_gratitudegrateful_appraisals,78,12,0.7062937062937061,1.0,0.9,0.9573956674253445
validation_prolific,F_paper,abs,Work_Gratitude_Scale_work_gratitudegratitude_toward_others,78,8,0.5238938276912959,1.0,0.7,0.9455342526232635
validation_prolific,F_paper,abs,Work_Gratitude_Scale_work_gratitudeintentional_attitude_of_gratitude,78,9,0.2984230958914503,1.0,0.7,0.8997439523388205
validation_prolific,F_paper,abs_cross_instrument,Attitudes_Toward_AI_in_Defense_Scale_negative_attitude_toward_ai_in_defense,78,0,0.2315279657051809,0.0,0.0,0.5238030201535249
validation_prolific,F_paper,abs_cross_instrument,Attitudes_Toward_AI_in_Defense_Scale_positive_attitude_toward_ai_in_defense,78,0,0.29923241315646376,0.0,0.0,0.535838500315127
validation_prolific,F_paper,abs_cross_instrument,Authoritarianism_Short_Scale_authoritarianism,76,4,0.23948051948051946,0.6,0.3,0.7169839099366481
validation_prolific,F_paper,abs_cross_instrument,Authoritarianism_Short_Scale_authoritarianismauthoritarian_aggression,76,2,0.21356117566643884,0.4,0.2,0.60058548721479
validation_prolific,F_paper,abs_cross_instrument,Authoritarianism_Short_Scale_authoritarianismauthoritarian_submissiveness,76,1,0.15368421052631578,0.2,0.1,0.761563832217519
validation_prolific,F_paper,abs_cross_instrument,Authoritarianism_Short_Scale_authoritarianismconventionalism,76,3,0.14602870813397129,0.2,0.2,0.5836860663772953
validation_prolific,F_paper,abs_cross_instrument,Center_for_Epidemiological_Studies_Depression_Scale_depression,75,25,0.7347652916073969,1.0,1.0,0.8811448654816876
validation_prolific,F_paper,abs_cross_instrument,Center_for_Epidemiological_Studies_Depression_Scale_depressiondepressive_affect,75,16,0.6735419630156472,1.0,0.9,0.8899245201491499
validation_prolific,F_paper,abs_cross_instrument,Center_for_Epidemiological_Studies_Depression_Scale_depressioninterpersonal,75,14,0.5163584637268848,0.8,0.9,0.8911700098718326
validation_prolific,F_paper,abs_cross_instrument,Center_for_Epidemiological_Studies_Depression_Scale_depressionsomatic,75,27,0.6732859174964438,1.0,1.0,0.9399455583189419
validation_prolific,F_paper,abs_cross_instrument,Center_for_Epidemiological_Studies_Depression_Scale_depressionwell_being,75,20,0.6643812233285917,1.0,0.9,0.8469978925802735
validation_prolific,F_paper,abs_cross_instrument,Chronotype_Questionnaire_distinctness,78,22,0.6681546301799466,1.0,0.9,0.8258039536079085
validation_prolific,F_paper,abs_cross_instrument,Chronotype_Questionnaire_morningness_eveningness,78,0,0.5539903134839843,0.0,0.0,0.8880075974136549
validation_prolific,F_paper,abs_cross_instrument,Disgust_Avoidance_Questionnaire_behavioral_escape,76,0,-0.02758714969241285,0.0,0.0,0.3690304076948833
validation_prolific,F_paper,abs_cross_instrument,Disgust_Avoidance_Questionnaire_behavioral_prevention,76,0,0.2370745044429255,0.0,0.0,0.5492739611533377
validation_prolific,F_paper,abs_cross_instrument,Disgust_Avoidance_Questionnaire_cognitive_escape,76,0,0.05815447710184553,0.0,0.0,0.5992204445628977
validation_prolific,F_paper,abs_cross_instrument,Disgust_Avoidance_Questionnaire_cognitive_prevention,76,0,0.2194121667805878,0.0,0.0,0.6738669386874172
validation_prolific,F_paper,abs_cross_instrument,Fear_of_COVID_19_Scale_fear_of_covid_19,79,0,0.5433300876338851,0.0,0.0,0.6485512875896184
validation_prolific,F_paper,abs_cross_instrument,HEXACO_60_agreeableness,65,4,0.6805506993006993,0.2,0.1,0.8519682283488379
validation_prolific,F_paper,abs_cross_instrument,HEXACO_60_agreeablenessflexibility,65,0,0.5499125874125874,0.0,0.0,0.7408580883704949
validation_prolific,F_paper,abs_cross_instrument,HEXACO_60_agreeablenessforgiveness,65,0,0.28793706293706295,0.0,0.0,0.647953126751901
validation_prolific,F_paper,abs_cross_instrument,HEXACO_60_agreeablenessgentleness,65,0,0.5102709790209791,0.0,0.0,0.7508363438877041
validation_prolific,F_paper,abs_cross_instrument,HEXACO_60_agreeablenesspatience,65,0,-0.2593968531468531,0.0,0.0,0.44765468500428734
validation_prolific,F_paper,abs_cross_instrument,HEXACO_60_conscientiousness,65,13,0.5668706293706294,0.6,0.6,0.8788604725089342
validation_prolific,F_paper,abs_cross_instrument,HEXACO_60_conscientiousnessdiligence,65,7,0.5604895104895105,0.8,0.6,0.9392398500361493
validation_prolific,F_paper,abs_cross_instrument,HEXACO_60_conscientiousnessorganization,65,9,0.6235576923076923,0.2,0.5,0.8245458131343862
validation_prolific,F_paper,abs_cross_instrument,HEXACO_60_conscientiousnessperfectionism,65,0,0.3184003496503497,0.0,0.0,0.8320603040225796
validation_prolific,F_paper,abs_cross_instrument,HEXACO_60_conscientiousnessprudence,65,7,0.5392045454545454,0.8,0.6,0.9374242335318388
validation_prolific,F_paper,abs_cross_instrument,HEXACO_60_honesty_humility,65,0,-0.154763986013986,0.0,0.0,0.3391940347124987
validation_prolific,F_paper,abs_cross_instrument,HEXACO_60_honesty_humilityfairness__hexaco_,65,2,-0.06451048951048952,0.0,0.0,0.38982173317285695
validation_prolific,F_paper,abs_cross_instrument,HEXACO_60_honesty_humilitygreed_avoidance,65,0,0.08653846153846154,0.0,0.0,0.6486666559391883
validation_prolific,F_paper,abs_cross_instrument,HEXACO_60_honesty_humilitymodesty,65,0,-0.17172202797202799,0.0,0.0,0.539054032206019
validation_prolific,F_paper,abs_cross_instrument,HEXACO_60_honesty_humilitysincerity,65,0,-0.05091783216783217,0.0,0.0,0.3354642168301443
validation_prolific,F_paper,abs_cross_instrument,Moral_Foundations_Questionnaire_authority,75,7,0.147027027027027,0.8,0.4,0.7514690620438375
validation_prolific,F_paper,abs_cross_instrument,Moral_Foundations_Questionnaire_fairness,75,0,0.5207396870554765,0.0,0.0,0.8768865928576121
validation_prolific,F_paper,abs_cross_instrument,Moral_Foundations_Questionnaire_harm,75,0,0.20156472261735417,0.0,0.0,0.4597020975363281
validation_prolific,F_paper,abs_cross_instrument,Moral_Foundations_Questionnaire_ingroup,75,4,0.4056899004267425,0.2,0.2,0.6900076310563296
validation_prolific,F_paper,abs_cross_instrument,Moral_Foundations_Questionnaire_purity,75,3,-0.08403982930298719,0.4,0.2,0.6294165107872441
validation_prolific,F_paper,abs_cross_instrument,New_Ecological_Paradigm_Scale_antiexemptionalism,75,0,-0.047937411095305825,0.0,0.0,0.5331861354536264
validation_prolific,F_paper,abs_cross_instrument,New_Ecological_Paradigm_Scale_balance_of_nature,75,1,0.2440682788051209,0.0,0.0,0.5062540133495465
validation_prolific,F_paper,abs_cross_instrument,New_Ecological_Paradigm_Scale_eco_crisis,75,2,-0.26139402560455194,0.0,0.0,0.2854966203503222
validation_prolific,F_paper,abs_cross_instrument,New_Ecological_Paradigm_Scale_human_domination,75,3,-0.022532005689900426,0.0,0.0,0.299561369603525
validation_prolific,F_paper,abs_cross_instrument,New_Ecological_Paradigm_Scale_limits_to_growth,75,0,0.0764153627311522,0.0,0.0,0.4301745288069048
validation_prolific,F_paper,abs_cross_instrument,Obsessive_Compulsive_Inventory__Revised__obsessiveness_compulsiveness,73,15,0.6085091941256325,0.8,0.8,0.9392874617986138
validation_prolific,F_paper,abs_cross_instrument,Obsessive_Compulsive_Inventory__Revised__obsessiveness_compulsivenesschecking,73,3,0.15855238800444282,0.4,0.2,0.6513596010132467
validation_prolific,F_paper,abs_cross_instrument,Obsessive_Compulsive_Inventory__Revised__obsessiveness_compulsivenesshoarding,73,3,0.4863013698630138,0.0,0.1,0.6389183999978084
validation_prolific,F_paper,abs_cross_instrument,Obsessive_Compulsive_Inventory__Revised__obsessiveness_compulsivenessneutralizing,73,0,0.13602986548192028,0.0,0.0,0.5641200746129861
validation_prolific,F_paper,abs_cross_instrument,Obsessive_Compulsive_Inventory__Revised__obsessiveness_compulsivenessobsessing,73,20,0.777674935209182,1.0,0.8,0.9218128310859127
validation_prolific,F_paper,abs_cross_instrument,Obsessive_Compulsive_Inventory__Revised__obsessiveness_compulsivenessordering,73,0,0.2433049487844009,0.0,0.0,0.5786814727955962
validation_prolific,F_paper,abs_cross_instrument,Obsessive_Compulsive_Inventory__Revised__obsessiveness_compulsivenesswashing,73,0,0.41065037640380114,0.0,0.0,0.7076129060828144
validation_prolific,F_paper,abs_cross_instrument,Oldenburg_Burnout_Inventory__English_Translation__burnout,77,28,0.7394973447605026,1.0,1.0,0.9390385202252545
validation_prolific,F_paper,abs_cross_instrument,Oldenburg_Burnout_Inventory__English_Translation__burnoutdisengagement,77,26,0.7183342972816656,1.0,0.9,0.9140736199135775
validation_prolific,F_paper,abs_cross_instrument,Oldenburg_Burnout_Inventory__English_Translation__burnoutexhaustion,77,26,0.6925968768074031,1.0,1.0,0.9055346485882301
validation_prolific,F_paper,abs_cross_instrument,Perceived_Stress_Scale_perceived_stress,79,27,0.8060126582278482,1.0,0.9,0.8884394266810884
validation_prolific,F_paper,abs_cross_instrument,Perseverative_Thinking_Questionnaire_perseverative_thinking,76,26,0.6796719070403281,0.8,0.9,0.892637560346139
validation_prolific,F_paper,abs_cross_instrument,Perseverative_Thinking_Questionnaire_perseverative_thinkingcore_characteristics_of_repetitive_negative_thinking,76,23,0.4840464798359535,0.8,0.6,0.7757934371824569
validation_prolific,F_paper,abs_cross_instrument,Perseverative_Thinking_Questionnaire_perseverative_thinkingrepetitive_negative_thinking_capturing_mental_capacity,76,23,0.703321941216678,0.8,0.9,0.8289367130429716
validation_prolific,F_paper,abs_cross_instrument,Perseverative_Thinking_Questionnaire_perseverative_thinkingunproductiveness_of_repetitive_negative_thinking,76,25,0.6952016404647984,1.0,0.9,0.8967254326357559
validation_prolific,F_paper,abs_cross_instrument,Perth_Alexithymia_Questionnaire_alexithymia,74,13,0.48496112550907056,0.8,0.7,0.8322300130379148
validation_prolific,F_paper,abs_cross_instrument,Perth_Alexithymia_Questionnaire_alexithymiageneral_externally_orientated_thinking,74,0,0.24570159200296182,0.0,0.0,0.5649892564300878
validation_prolific,F_paper,abs_cross_instrument,Perth_Alexithymia_Questionnaire_alexithymianegative_difficulty_describing_feelings,74,7,0.5535875601629026,0.2,0.1,0.8611131278211657
validation_prolific,F_paper,abs_cross_instrument,Perth_Alexithymia_Questionnaire_alexithymianegative_difficulty_identifying_feelings,74,8,0.6971788226582746,0.6,0.6,0.9631815699570637
validation_prolific,F_paper,abs_cross_instrument,Perth_Alexithymia_Questionnaire_alexithymiapositive_difficulty_describing_feelings,74,7,-0.243006293965198,0.0,0.0,0.263143316557015
validation_prolific,F_paper,abs_cross_instrument,Perth_Alexithymia_Questionnaire_alexithymiapositive_difficulty_identifying_feelings,74,7,0.19478711588300626,0.6,0.3,0.4030034508404919
validation_prolific,F_paper,abs_cross_instrument,Positive_and_Negative_Affect_Schedule_negative_affect,78,23,0.7239216479722808,1.0,0.9,0.9237646857859574
validation_prolific,F_paper,abs_cross_instrument,Positive_and_Negative_Affect_Schedule_positive_affect,78,20,0.6640068791967525,1.0,1.0,0.9668982934199404
validation_prolific,F_paper,abs_cross_instrument,Revised_Adult_Attachment_Scale_close,78,16,0.5096549020599653,0.6,0.6,0.8790371461627825
validation_prolific,F_paper,abs_cross_instrument,Revised_Adult_Attachment_Scale_depend,78,13,0.5880069297790816,0.8,0.4,0.8701261522067811
validation_prolific,F_paper,abs_cross_instrument,Survey_Attitude_Scale_survey_burden,77,0,0.21331300278668697,0.0,0.0,0.6383862771144504
validation_prolific,F_paper,abs_cross_instrument,Survey_Attitude_Scale_survey_enjoyment,77,0,0.5167201219832799,0.0,0.0,0.8357381442896118
validation_prolific,F_paper,abs_cross_instrument,Survey_Attitude_Scale_survey_value,77,0,0.45162732004837264,0.0,0.0,0.804771452715442
validation_prolific,F_paper,abs_cross_instrument,UCLA_Loneliness_Scale__Short_Form__loneliness,79,26,0.720350535540409,1.0,1.0,0.9028074446901848
validation_prolific,F_paper,abs_cross_instrument,Utrecht_Work_Engagement_Scale__Short_Version__engagement,76,14,0.6713328776486672,1.0,0.9,0.9264188517146899
validation_prolific,F_paper,abs_cross_instrument,Utrecht_Work_Engagement_Scale__Short_Version__engagementabsorption,76,9,0.49667805878332194,1.0,0.7,0.8911202154044868
validation_prolific,F_paper,abs_cross_instrument,Utrecht_Work_Engagement_Scale__Short_Version__engagementdedication,76,13,0.7321120984278879,1.0,0.9,0.9335600240426402
validation_prolific,F_paper,abs_cross_instrument,Utrecht_Work_Engagement_Scale__Short_Version__engagementvigor,76,15,0.739166097060834,1.0,0.9,0.9426028687279991
validation_prolific,F_paper,abs_cross_instrument,Work_Gratitude_Scale_work_gratitude,76,9,0.5492822966507177,1.0,0.8,0.9488527082092515
validation_prolific,F_paper,abs_cross_instrument,Work_Gratitude_Scale_work_gratitudegrateful_appraisals,76,10,0.6832535885167464,1.0,0.7,0.9265655503470938
validation_prolific,F_paper,abs_cross_instrument,Work_Gratitude_Scale_work_gratitudegratitude_toward_others,76,6,0.48538619275461375,0.8,0.5,0.9220719577322599
validation_prolific,F_paper,abs_cross_instrument,Work_Gratitude_Scale_work_gratitudeintentional_attitude_of_gratitude,76,7,0.2415857826384142,0.8,0.5,0.8441222773556919
