number,DOI
0,10.1037/t59773-000
1,10.1037/t81612-000
2,10.1037/t82939-000
3,10.1037/t65878-000
4,10.1037/t22825-000
5,10.1037/t10215-000
6,10.1037/t83006-000
7,10.1037/t16274-000
8,10.1037/t25553-000
9,10.1037/t26531-000
10,10.1037/t73619-000
11,10.1037/t13507-000
12,10.1037/t43088-000
13,10.1037/t59897-000
14,10.1037/t09362-000
15,10.1037/t67111-000
16,10.1037/t46283-000
17,10.1037/t49699-000
18,10.1037/t23027-000
19,10.1037/t71397-000
20,10.1037/t79450-000
21,10.1037/t41942-000
22,10.1037/t45318-000
23,10.1037/t20306-000
24,10.1037/t16062-000
25,10.1037/t03579-000
26,10.1037/t32469-000
27,10.1037/t12458-000
28,10.1037/t47567-000
29,10.1037/t65995-000
30,10.1037/t64808-000
31,10.1037/t61189-000
32,10.1037/t29347-000
33,10.1037/t39651-000
34,10.1037/t59927-000
35,10.1037/t24208-000
36,10.1037/t73637-000
37,10.1037/t64389-000
38,10.1037/t18015-000
39,10.1037/t19759-000
40,10.1037/t41593-000
41,10.1037/t00304-000
42,10.1037/t12520-000
43,10.1037/t83314-000
44,10.1037/t19720-000
45,10.1037/t09773-000
46,10.1037/t62492-000
47,10.1037/t79676-000
48,10.1037/t32864-000
49,10.1037/t49134-000
50,10.1037/t82196-000
51,10.1037/t65816-000
52,10.1037/t50896-000
53,10.1037/t03195-000
54,10.1037/t14499-000
55,10.1037/t30076-000
56,10.1037/t87428-000
57,10.1037/t20628-000
58,10.1037/t68036-000
59,10.1037/t02909-000
60,10.1037/t65538-000
61,10.1037/t38042-000
62,10.1037/t11151-000
63,10.1037/t33709-000
64,10.1037/t21691-000
65,10.1037/t17957-000
66,10.1037/t74092-000
67,10.1037/t18862-000
68,10.1037/t71939-000
69,10.1037/t02129-000
70,10.1037/t33426-000
71,10.1037/t82561-000
72,10.1037/t87857-000
73,10.1037/t38655-000
74,10.1037/t09731-000
75,10.1037/t70528-000
76,10.1037/t79496-000
77,10.1037/t81148-000
78,10.1037/t35844-000
79,10.1037/t32030-000
80,10.1037/t42047-000
81,10.1037/t65278-000
82,10.1037/t70799-000
83,10.1037/t39573-000
84,10.1037/t21205-000
85,10.1037/t58246-000
86,10.1037/t82708-000
87,10.1037/t34021-000
88,10.1037/t81893-000
89,10.1037/t39455-000
90,10.1037/t45812-000
91,10.1037/t22167-000
92,10.1037/t20932-000
93,10.1037/t81615-000
94,10.1037/t78500-000
95,10.1037/t34559-000
96,10.1037/t71161-000
97,10.1037/t50416-000
98,10.1037/t08502-000
99,10.1037/t65875-000
100,10.1037/t68246-000
101,10.1037/t26349-000
102,10.1037/t79319-000
103,10.1037/t68342-000
104,10.1037/t08044-000
105,10.1037/t25825-000
106,10.1037/t69887-000
107,10.1037/t21444-000
108,10.1037/t09209-000
109,10.1037/t16098-000
110,10.1037/t72827-000
111,10.1037/t00463-000
112,10.1037/t50014-000
113,10.1037/t24700-000
114,10.1037/t78148-000
115,10.1037/t87231-000
116,10.1037/t07723-000
117,10.1037/t41402-000
118,10.1037/t52166-000
119,10.1037/t61195-000
120,10.1037/t20560-000
121,10.1037/t27504-000
122,10.1037/t24153-000
123,10.1037/t10198-000
124,10.1037/t11559-000
125,10.1037/t13392-000
126,10.1037/t81381-000
127,10.1037/t76071-000
128,10.1037/t05358-000
129,10.1037/t10424-000
130,10.1037/t16378-000
131,10.1037/t85560-000
132,10.1037/t06888-000
133,10.1037/t19956-000
134,10.1037/t41243-000
135,10.1037/t36713-000
136,10.1037/t65439-000
137,10.1037/t15326-000
138,10.1037/t51154-000
139,10.1037/t08980-000
140,10.1037/t78490-000
141,10.1037/t74212-000
142,10.1037/t23500-000
143,10.1037/t20404-000
144,10.1037/t21225-000
145,10.1037/t41230-000
146,10.1037/t13229-000
147,10.1037/t24858-000
148,10.1037/t50335-000
149,10.1037/t43095-000
150,10.1037/t79466-000
151,10.1037/t37920-000
152,10.1037/t83398-000
153,10.1037/t00873-000
154,10.1037/t66074-000
155,10.1037/t10852-000
156,10.1037/t72315-000
157,10.1037/t68356-000
158,10.1037/t34097-000
159,10.1037/t87674-000
160,10.1037/t17367-000
161,10.1037/t37263-000
162,10.1037/t20695-000
163,10.1037/t13579-000
164,10.1037/t83637-000
165,10.1037/t24409-000
166,10.1037/t70788-000
167,10.1037/t04315-000
168,10.1037/t33897-000
169,10.1037/t81407-000
170,10.1037/t03915-000
171,10.1037/t81388-000
172,10.1037/t26120-000
173,10.1037/t23711-000
174,10.1037/t24114-000
175,10.1037/t86792-000
176,10.1037/t51743-000
177,10.1037/t20857-000
178,10.1037/t62244-000
179,10.1037/t74882-000
180,10.1037/t14453-000
181,10.1037/t69963-000
182,10.1037/t20358-000
183,10.1037/t00259-000
184,10.1037/t46395-000
185,10.1037/t21652-000
186,10.1037/t42930-000
187,10.1037/t73811-000
188,10.1037/t31976-000
189,10.1037/t44504-000
190,10.1037/t02967-000
191,10.1037/t63251-000
192,10.1037/t53459-000
193,10.1037/t55272-000
194,10.1037/t12469-000
195,10.1037/t08068-000
196,10.1037/t86457-000
197,10.1037/t81916-000
198,10.1037/t15696-000
199,10.1037/t87796-000
200,10.1037/t25857-000
201,10.1037/t12657-000
202,10.1037/t77469-000
203,10.1037/t82883-000
204,10.1037/t11536-000
205,10.1037/t15399-000
206,10.1037/t10830-000
207,10.1037/t83140-000
208,10.1037/t19138-000
209,10.1037/t49913-000
210,10.1037/t73882-000
211,10.1037/t76285-000
212,10.1037/t47726-000
213,10.1037/t83814-000
214,10.1037/t59019-000
215,10.1037/t84311-000
216,10.1037/t44615-000
217,10.1037/t09006-000
218,10.1037/t81279-000
219,10.1037/t12393-000
220,10.1037/t34084-000
221,10.1037/t22390-000
222,10.1037/t46542-000
223,10.1037/t82560-000
224,10.1037/t83325-000
225,10.1037/t76769-000
226,10.1037/t33769-000
227,10.1037/t70728-000
228,10.1037/t18239-000
229,10.1037/t63483-000
230,10.1037/t65218-000
231,10.1037/t81460-000
232,10.1037/t37007-000
233,10.1037/t07883-000
234,10.1037/t39066-000
235,10.1037/t23741-000
236,10.1037/t28377-000
237,10.1037/t46416-000
238,10.1037/t87324-000
239,10.1037/t84086-000
240,10.1037/t11747-000
241,10.1037/t86870-000
242,10.1037/t15678-000
243,10.1037/t34200-000
244,10.1037/t25488-000
245,10.1037/t62553-000
246,10.1037/t41561-000
247,10.1037/t22349-000
248,10.1037/t84537-000
249,10.1037/t77563-000
250,10.1037/t23986-000
251,10.1037/t29340-000
252,10.1037/t20659-000
253,10.1037/t29711-000
254,10.1037/t04345-000
255,10.1037/t01099-000
256,10.1037/t14128-000
257,10.1037/t60310-000
258,10.1037/t64164-000
259,10.1037/t48171-000
260,10.1037/t81486-000
261,10.1037/t01320-000
262,10.1037/t33045-000
263,10.1037/t56822-000
264,10.1037/t33386-000
265,10.1037/t21314-000
266,10.1037/t83548-000
267,10.1037/t61877-000
268,10.1037/t63493-000
269,10.1037/t78839-000
270,10.1037/t78401-000
271,10.1037/t13304-000
272,10.1037/t16628-000
273,10.1037/t76414-000
274,10.1037/t64515-000
275,10.1037/t36472-000
276,10.1037/t20657-000
277,10.1037/t01333-000
278,10.1037/t43584-000
279,10.1037/t69327-000
280,10.1037/t59602-000
281,10.1037/t11821-000
282,10.1037/t12514-000
283,10.1037/t06229-000
284,10.1037/t47076-000
285,10.1037/t37654-000
286,10.1037/t06314-000
287,10.1037/t77926-000
288,10.1037/t39862-000
289,10.1037/t62301-000
290,10.1037/t01116-000
291,10.1037/t38263-000
292,10.1037/t82303-000
293,10.1037/t85516-000
294,10.1037/t20638-000
295,10.1037/t58755-000
296,10.1037/t10320-000
297,10.1037/t25921-000
298,10.1037/t73750-000
299,10.1037/t63178-000
300,10.1037/t43998-000
301,10.1037/t13883-000
302,10.1037/t41204-000
303,10.1037/t20994-000
304,10.1037/t68161-000
305,10.1037/t85073-000
306,10.1037/t59232-000
307,10.1037/t33299-000
308,10.1037/t15630-000
309,10.1037/t29529-000
310,10.1037/t43291-000
311,10.1037/t39746-000
312,10.1037/t69824-000
313,10.1037/t43946-000
314,10.1037/t81599-000
315,10.1037/t52136-000
316,10.1037/t42522-000
317,10.1037/t11429-000
318,10.1037/t19492-000
319,10.1037/t22363-000
320,10.1037/t47585-000
321,10.1037/t79611-000
322,10.1037/t64865-000
323,10.1037/t17273-000
324,10.1037/t20271-000
325,10.1037/t28254-000
326,10.1037/t83212-000
327,10.1037/t09924-000
328,10.1037/t20248-000
329,10.1037/t33990-000
330,10.1037/t87128-000
331,10.1037/t51321-000
332,10.1037/t86688-000
333,10.1037/t73585-000
334,10.1037/t81089-000
335,10.1037/t84640-000
336,10.1037/t80404-000
337,10.1037/t45208-000
338,10.1037/t44262-000
339,10.1037/t61727-000
340,10.1037/t25273-000
341,10.1037/t09883-000
342,10.1037/t14086-000
343,10.1037/t25747-000
344,10.1037/t14186-000
345,10.1037/t72047-000
346,10.1037/t38152-000
347,10.1037/t63007-000
348,10.1037/t28088-000
349,10.1037/t17077-000
350,10.1037/t20367-000
351,10.1037/t40783-000
352,10.1037/t25935-000
353,10.1037/t58822-000
354,10.1037/t30971-000
355,10.1037/t17996-000
356,10.1037/t49894-000
357,10.1037/t15215-000
358,10.1037/t19067-000
359,10.1037/t27692-000
360,10.1037/t55732-000
361,10.1037/t65737-000
362,10.1037/t26767-000
363,10.1037/t77050-000
364,10.1037/t36419-000
365,10.1037/t11561-000
366,10.1037/t38409-000
367,10.1037/t25324-000
368,10.1037/t43579-000
369,10.1037/t24462-000
370,10.1037/t14578-000
371,10.1037/t85110-000
372,10.1037/t48724-000
373,10.1037/t08900-000
374,10.1037/t10202-000
375,10.1037/t41095-000
376,10.1037/t85685-000
377,10.1037/t27818-000
378,10.1037/t36710-000
379,10.1037/t37790-000
380,10.1037/t68381-000
381,10.1037/t32473-000
382,10.1037/t42125-000
383,10.1037/t07156-000
384,10.1037/t57856-000
385,10.1037/t42725-000
386,10.1037/t36465-000
387,10.1037/t69023-000
388,10.1037/t79014-000
389,10.1037/t32415-000
390,10.1037/t35297-000
391,10.1037/t74518-000
392,10.1037/t37264-000
393,10.1037/t20161-000
394,10.1037/t30292-000
395,10.1037/t01142-000
396,10.1037/t20443-000
397,10.1037/t45473-000
398,10.1037/t22063-000
399,10.1037/t47206-000
400,10.1037/t34326-000
401,10.1037/t38858-000
402,10.1037/t20675-000
403,10.1037/t80843-000
404,10.1037/t13621-000
405,10.1037/t39942-000
406,10.1037/t41672-000
407,10.1037/t40420-000
408,10.1037/t13398-000
409,10.1037/t76992-000
410,10.1037/t00095-000
411,10.1037/t78339-000
412,10.1037/t81997-000
413,10.1037/t67043-000
414,10.1037/t64745-000
415,10.1037/t68369-000
416,10.1037/t39603-000
417,10.1037/t01776-000
418,10.1037/t08807-000
419,10.1037/t66749-000
420,10.1037/t83950-000
421,10.1037/t73797-000
422,10.1037/t85366-000
423,10.1037/t27601-000
424,10.1037/t19893-000
425,10.1037/t20258-000
426,10.1037/t61832-000
427,10.1037/t24808-000
428,10.1037/t46239-000
429,10.1037/t17345-000
430,10.1037/t09462-000
431,10.1037/t51042-000
432,10.1037/t50283-000
433,10.1037/t22654-000
434,10.1037/t83447-000
435,10.1037/t00345-000
436,10.1037/t20199-000
437,10.1037/t04546-000
438,10.1037/t12925-000
439,10.1037/t61386-000
440,10.1037/t10177-000
441,10.1037/t40870-000
442,10.1037/t08012-000
443,10.1037/t08556-000
444,10.1037/t72493-000
445,10.1037/t16534-000
446,10.1037/t32281-000
447,10.1037/t07334-000
448,10.1037/t22915-000
449,10.1037/t32031-000
450,10.1037/t40482-000
451,10.1037/t54940-000
452,10.1037/t82392-000
453,10.1037/t09376-000
454,10.1037/t21210-000
455,10.1037/t41231-000
456,10.1037/t71807-000
457,10.1037/t05905-000
458,10.1037/t78273-000
459,10.1037/t26462-000
460,10.1037/t00483-000
461,10.1037/t40430-000
462,10.1037/t52799-000
463,10.1037/t13862-000
464,10.1037/t24555-000
465,10.1037/t25985-000
466,10.1037/t43073-000
467,10.1037/t48167-000
468,10.1037/t37992-000
469,10.1037/t19482-000
470,10.1037/t40143-000
471,10.1037/t22039-000
472,10.1037/t31743-000
473,10.1037/t67500-000
474,10.1037/t22014-000
475,10.1037/t48350-000
476,10.1037/t14386-000
477,10.1037/t28473-000
478,10.1037/t03156-000
479,10.1037/t04755-000
480,10.1037/t17003-000
481,10.1037/t13667-000
482,10.1037/t20372-000
483,10.1037/t82008-000
484,10.1037/t14747-000
485,10.1037/t19940-000
486,10.1037/t38791-000
487,10.1037/t59405-000
488,10.1037/t11664-000
489,10.1037/t71229-000
490,10.1037/t25835-000
491,10.1037/t76603-000
492,10.1037/t78287-000
493,10.1037/t14267-000
494,10.1037/t50137-000
495,10.1037/t38435-000
496,10.1037/t11202-000
497,10.1037/t42932-000
498,10.1037/t25571-000
499,10.1037/t34085-000
500,10.1037/t08071-000
501,10.1037/t74860-000
502,10.1037/t26433-000
503,10.1037/t36908-000
504,10.1037/t25288-000
505,10.1037/t71056-000
506,10.1037/t64627-000
507,10.1037/t03545-000
508,10.1037/t81811-000
509,10.1037/t42799-000
510,10.1037/t26283-000
511,10.1037/t78972-000
512,10.1037/t86091-000
513,10.1037/t59511-000
514,10.1037/t38026-000
515,10.1037/t24796-000
516,10.1037/t77488-000
517,10.1037/t62627-000
518,10.1037/t15681-000
519,10.1037/t02751-000
520,10.1037/t87220-000
521,10.1037/t72988-000
522,10.1037/t72131-000
523,10.1037/t18063-000
524,10.1037/t36836-000
525,10.1037/t08895-000
526,10.1037/t34470-000
527,10.1037/t24666-000
528,10.1037/t22552-000
529,10.1037/t39507-000
530,10.1037/t20405-000
531,10.1037/t67796-000
532,10.1037/t84721-000
533,10.1037/t80170-000
534,10.1037/t35680-000
535,10.1037/t00556-000
536,10.1037/t22242-000
537,10.1037/t24819-000
538,10.1037/t20134-000
539,10.1037/t74258-000
540,10.1037/t49760-000
541,10.1037/t44672-000
542,10.1037/t19559-000
543,10.1037/t62850-000
544,10.1037/t23087-000
545,10.1037/t85250-000
546,10.1037/t22840-000
547,10.1037/t12140-000
548,10.1037/t31531-000
549,10.1037/t17724-000
550,10.1037/t21894-000
551,10.1037/t44304-000
552,10.1037/t38397-000
553,10.1037/t22988-000
554,10.1037/t33982-000
555,10.1037/t41619-000
556,10.1037/t85380-000
557,10.1037/t51595-000
558,10.1037/t30425-000
559,10.1037/t49393-000
560,10.1037/t01422-000
561,10.1037/t08715-000
562,10.1037/t17308-000
563,10.1037/t67829-000
564,10.1037/t80816-000
565,10.1037/t04056-000
566,10.1037/t62489-000
567,10.1037/t70324-000
568,10.1037/t10855-000
569,10.1037/t19320-000
570,10.1037/t24345-000
571,10.1037/t69852-000
572,10.1037/t26760-000
573,10.1037/t32235-000
574,10.1037/t19479-000
575,10.1037/t64297-000
576,10.1037/t76048-000
577,10.1037/t09206-000
578,10.1037/t16228-000
579,10.1037/t63041-000
580,10.1037/t70622-000
581,10.1037/t70391-000
582,10.1037/t58793-000
583,10.1037/t14362-000
584,10.1037/t11680-000
585,10.1037/t78166-000
586,10.1037/t83067-000
587,10.1037/t14579-000
588,10.1037/t41910-000
589,10.1037/t21458-000
590,10.1037/t39836-000
591,10.1037/t22749-000
592,10.1037/t05284-000
593,10.1037/t28681-000
594,10.1037/t46380-000
595,10.1037/t00511-000
596,10.1037/t03345-000
597,10.1037/t47349-000
598,10.1037/t09771-000
599,10.1037/t20776-000
600,10.1037/t48624-000
601,10.1037/t85783-000
602,10.1037/t09749-000
603,10.1037/t65980-000
604,10.1037/t16853-000
605,10.1037/t34907-000
606,10.1037/t11873-000
607,10.1037/t27893-000
608,10.1037/t63257-000
609,10.1037/t42448-000
610,10.1037/t77887-000
611,10.1037/t03684-000
612,10.1037/t80470-000
613,10.1037/t46084-000
614,10.1037/t27825-000
615,10.1037/t11238-000
616,10.1037/t80776-000
617,10.1037/t28229-000
618,10.1037/t23400-000
619,10.1037/t19671-000
620,10.1037/t80628-000
621,10.1037/t21726-000
622,10.1037/t15335-000
623,10.1037/t79607-000
624,10.1037/t72051-000
625,10.1037/t81678-000
626,10.1037/t25063-000
627,10.1037/t82873-000
628,10.1037/t81395-000
629,10.1037/t72645-000
630,10.1037/t02271-000
631,10.1037/t09735-000
632,10.1037/t29473-000
633,10.1037/t29975-000
634,10.1037/t87005-000
635,10.1037/t58466-000
636,10.1037/t22431-000
637,10.1037/t29853-000
638,10.1037/t48159-000
639,10.1037/t39702-000
640,10.1037/t51511-000
641,10.1037/t27971-000
642,10.1037/t12269-000
643,10.1037/t20223-000
644,10.1037/t24430-000
645,10.1037/t42268-000
646,10.1037/t70871-000
647,10.1037/t81088-000
648,10.1037/t84206-000
649,10.1037/t56455-000
650,10.1037/t79281-000
651,10.1037/t31089-000
652,10.1037/t08682-000
653,10.1037/t24888-000
654,10.1037/t85702-000
655,10.1037/t84969-000
656,10.1037/t10021-000
657,10.1037/t47271-000
658,10.1037/t10120-000
659,10.1037/t61287-000
660,10.1037/t13891-000
661,10.1037/t06901-000
662,10.1037/t81837-000
663,10.1037/t83524-000
664,10.1037/t73283-000
665,10.1037/t02865-000
666,10.1037/t18808-000
667,10.1037/t14694-000
668,10.1037/t42082-000
669,10.1037/t22348-000
670,10.1037/t11628-000
671,10.1037/t00032-000
672,10.1037/t45092-000
673,10.1037/t69063-000
674,10.1037/t67768-000
675,10.1037/t12542-000
676,10.1037/t62164-000
677,10.1037/t05153-000
678,10.1037/t49419-000
679,10.1037/t48425-000
680,10.1037/t24157-000
681,10.1037/t65648-000
682,10.1037/t87482-000
683,10.1037/t42110-000
684,10.1037/t21919-000
685,10.1037/t23167-000
686,10.1037/t23214-000
687,10.1037/t68877-000
688,10.1037/t07268-000
689,10.1037/t84370-000
690,10.1037/t58664-000
691,10.1037/t77284-000
692,10.1037/t25976-000
693,10.1037/t58561-000
694,10.1037/t13518-000
695,10.1037/t32060-000
696,10.1037/t60317-000
697,10.1037/t17991-000
698,10.1037/t64513-000
699,10.1037/t24455-000
700,10.1037/t31115-000
701,10.1037/t27803-000
702,10.1037/t24618-000
703,10.1037/t27053-000
704,10.1037/t67617-000
705,10.1037/t22756-000
706,10.1037/t44288-000
707,10.1037/t80321-000
708,10.1037/t31384-000
709,10.1037/t22544-000
710,10.1037/t48980-000
711,10.1037/t21575-000
712,10.1037/t26200-000
713,10.1037/t22165-000
714,10.1037/t65017-000
715,10.1037/t08508-000
716,10.1037/t28530-000
717,10.1037/t82613-000
718,10.1037/t22453-000
719,10.1037/t71650-000
720,10.1037/t11314-000
721,10.1037/t00252-000
722,10.1037/t55578-000
723,10.1037/t28373-000
724,10.1037/t17859-000
725,10.1037/t85855-000
726,10.1037/t23624-000
727,10.1037/t12333-000
728,10.1037/t36023-000
729,10.1037/t27890-000
730,10.1037/t00018-000
731,10.1037/t14101-000
732,10.1037/t52615-000
733,10.1037/t26620-000
734,10.1037/t63249-000
735,10.1037/t42222-000
736,10.1037/t14698-000
737,10.1037/t24090-000
738,10.1037/t73260-000
739,10.1037/t14153-000
740,10.1037/t15932-000
741,10.1037/t23434-000
742,10.1037/t26562-000
743,10.1037/t43695-000
744,10.1037/t10835-000
745,10.1037/t57758-000
746,10.1037/t18437-000
747,10.1037/t01055-000
748,10.1037/t69145-000
749,10.1037/t14484-000
750,10.1037/t15690-000
751,10.1037/t09872-000
752,10.1037/t42992-000
753,10.1037/t16789-000
754,10.1037/t46676-000
755,10.1037/t15843-000
756,10.1037/t18952-000
757,10.1037/t17323-000
758,10.1037/t48559-000
759,10.1037/t16750-000
760,10.1037/t85181-000
761,10.1037/t21128-000
762,10.1037/t13631-000
763,10.1037/t82809-000
764,10.1037/t53530-000
765,10.1037/t09951-000
766,10.1037/t11132-000
767,10.1037/t23640-000
768,10.1037/t77994-000
769,10.1037/t04106-000
770,10.1037/t08417-000
771,10.1037/t42357-000
772,10.1037/t59309-000
773,10.1037/t41528-000
774,10.1037/t61082-000
775,10.1037/t63266-000
776,10.1037/t76648-000
777,10.1037/t20612-000
778,10.1037/t22058-000
779,10.1037/t37951-000
780,10.1037/t36209-000
781,10.1037/t37039-000
782,10.1037/t43954-000
783,10.1037/t18304-000
784,10.1037/t50552-000
785,10.1037/t22724-000
786,10.1037/t58371-000
787,10.1037/t61623-000
788,10.1037/t36234-000
789,10.1037/t69649-000
790,10.1037/t47133-000
791,10.1037/t80637-000
792,10.1037/t31971-000
793,10.1037/t35942-000
794,10.1037/t42450-000
795,10.1037/t70448-000
796,10.1037/t47472-000
797,10.1037/t15878-000
798,10.1037/t87661-000
799,10.1037/t16206-000
800,10.1037/t59406-000
801,10.1037/t06418-000
802,10.1037/t44472-000
803,10.1037/t38922-000
804,10.1037/t38570-000
805,10.1037/t32092-000
806,10.1037/t17958-000
807,10.1037/t42812-000
808,10.1037/t13873-000
809,10.1037/t62349-000
810,10.1037/t19806-000
811,10.1037/t69324-000
812,10.1037/t53813-000
813,10.1037/t09666-000
814,10.1037/t11306-000
815,10.1037/t12272-000
816,10.1037/t20651-000
817,10.1037/t16787-000
818,10.1037/t33106-000
819,10.1037/t10776-000
820,10.1037/t28943-000
821,10.1037/t80721-000
822,10.1037/t13983-000
823,10.1037/t83252-000
824,10.1037/t37892-000
825,10.1037/t48112-000
826,10.1037/t05991-000
827,10.1037/t03332-000
828,10.1037/t54446-000
829,10.1037/t46987-000
830,10.1037/t68406-000
831,10.1037/t07735-000
832,10.1037/t13221-000
833,10.1037/t27665-000
834,10.1037/t19132-000
835,10.1037/t13979-000
836,10.1037/t86384-000
837,10.1037/t02319-000
838,10.1037/t11763-000
839,10.1037/t42707-000
840,10.1037/t09760-000
841,10.1037/t35968-000
842,10.1037/t22602-000
843,10.1037/t18487-000
844,10.1037/t74928-000
845,10.1037/t17879-000
846,10.1037/t31840-000
847,10.1037/t13717-000
848,10.1037/t01821-000
849,10.1037/t31873-000
850,10.1037/t49946-000
851,10.1037/t64179-000
852,10.1037/t23439-000
853,10.1037/t04863-000
854,10.1037/t70318-000
855,10.1037/t81313-000
856,10.1037/t15468-000
857,10.1037/t83980-000
858,10.1037/t31826-000
859,10.1037/t60014-000
860,10.1037/t48979-000
861,10.1037/t69457-000
862,10.1037/t81398-000
863,10.1037/t18871-000
864,10.1037/t45808-000
865,10.1037/t53874-000
866,10.1037/t52420-000
867,10.1037/t64285-000
868,10.1037/t21538-000
869,10.1037/t33446-000
870,10.1037/t28365-000
871,10.1037/t00216-000
872,10.1037/t33738-000
873,10.1037/t22569-000
874,10.1037/t41958-000
875,10.1037/t08966-000
876,10.1037/t44114-000
877,10.1037/t60644-000
878,10.1037/t40199-000
879,10.1037/t33625-000
880,10.1037/t38194-000
881,10.1037/t65577-000
882,10.1037/t06313-000
883,10.1037/t17888-000
884,10.1037/t82010-000
885,10.1037/t07065-000
886,10.1037/t45531-000
887,10.1037/t32449-000
888,10.1037/t78028-000
889,10.1037/t34069-000
890,10.1037/t32260-000
891,10.1037/t22045-000
892,10.1037/t11562-000
893,10.1037/t11784-000
894,10.1037/t26714-000
895,10.1037/t69671-000
896,10.1037/t66578-000
897,10.1037/t21469-000
898,10.1037/t19221-000
899,10.1037/t10973-000
900,10.1037/t72327-000
901,10.1037/t45529-000
902,10.1037/t25500-000
903,10.1037/t42488-000
904,10.1037/t84530-000
905,10.1037/t77667-000
906,10.1037/t15661-000
907,10.1037/t67150-000
908,10.1037/t25482-000
909,10.1037/t85536-000
910,10.1037/t16782-000
911,10.1037/t08987-000
912,10.1037/t16583-000
913,10.1037/t71793-000
914,10.1037/t25877-000
915,10.1037/t03452-000
916,10.1037/t49485-000
917,10.1037/t01578-000
918,10.1037/t08626-000
919,10.1037/t47437-000
920,10.1037/t01069-000
921,10.1037/t00091-000
922,10.1037/t52722-000
923,10.1037/t15012-000
924,10.1037/t27473-000
925,10.1037/t24506-000
926,10.1037/t76692-000
927,10.1037/t01245-000
928,10.1037/t09134-000
929,10.1037/t77289-000
930,10.1037/t10708-000
931,10.1037/t15945-000
932,10.1037/t00865-000
933,10.1037/t44639-000
934,10.1037/t26745-000
935,10.1037/t07438-000
936,10.1037/t57035-000
937,10.1037/t84491-000
938,10.1037/t16239-000
939,10.1037/t16527-000
940,10.1037/t78829-000
941,10.1037/t69436-000
942,10.1037/t84356-000
943,10.1037/t27287-000
944,10.1037/t14373-000
945,10.1037/t63773-000
946,10.1037/t71064-000
947,10.1037/t43583-000
948,10.1037/t13448-000
949,10.1037/t20488-000
950,10.1037/t82580-000
951,10.1037/t74327-000
952,10.1037/t05672-000
953,10.1037/t12225-000
954,10.1037/t48789-000
955,10.1037/t13289-000
956,10.1037/t26032-000
957,10.1037/t85120-000
958,10.1037/t20950-000
959,10.1037/t59240-000
960,10.1037/t32976-000
961,10.1037/t81920-000
962,10.1037/t47400-000
963,10.1037/t15286-000
964,10.1037/t26470-000
965,10.1037/t20393-000
966,10.1037/t01484-000
967,10.1037/t25189-000
968,10.1037/t46712-000
969,10.1037/t36999-000
970,10.1037/t21787-000
971,10.1037/t10822-000
972,10.1037/t16490-000
973,10.1037/t42381-000
974,10.1037/t06975-000
975,10.1037/t02921-000
976,10.1037/t49060-000
977,10.1037/t14036-000
978,10.1037/t79301-000
979,10.1037/t16039-000
980,10.1037/t65363-000
981,10.1037/t13007-000
982,10.1037/t87486-000
983,10.1037/t62100-000
984,10.1037/t27757-000
985,10.1037/t00735-000
986,10.1037/t45443-000
987,10.1037/t39016-000
988,10.1037/t25550-000
989,10.1037/t20926-000
990,10.1037/t06699-000
991,10.1037/t49487-000
992,10.1037/t84967-000
993,10.1037/t72479-000
994,10.1037/t30594-000
995,10.1037/t33450-000
996,10.1037/t72326-000
997,10.1037/t28410-000
998,10.1037/t75955-000
999,10.1037/t61967-000
1000,10.1037/t83896-000
1001,10.1037/t32811-000
1002,10.1037/t47266-000
1003,10.1037/t00003-000
1004,10.1037/t23784-000
1005,10.1037/t28464-000
1006,10.1037/t80248-000
1007,10.1037/t77570-000
1008,10.1037/t37852-000
1009,10.1037/t20338-000
1010,10.1037/t31214-000
1011,10.1037/t86662-000
1012,10.1037/t22807-000
1013,10.1037/t37027-000
1014,10.1037/t28592-000
1015,10.1037/t31668-000
1016,10.1037/t16457-000
1017,10.1037/t27453-000
1018,10.1037/t42759-000
1019,10.1037/t34274-000
1020,10.1037/t67744-000
1021,10.1037/t52858-000
1022,10.1037/t50947-000
1023,10.1037/t79959-000
1024,10.1037/t35096-000
1025,10.1037/t12712-000
1026,10.1037/t09390-000
1027,10.1037/t23100-000
1028,10.1037/t84459-000
1029,10.1037/t13434-000
1030,10.1037/t31728-000
1031,10.1037/t24936-000
1032,10.1037/t38140-000
1033,10.1037/t50389-000
1034,10.1037/t38146-000
1035,10.1037/t81854-000
1036,10.1037/t27598-000
1037,10.1037/t12132-000
1038,10.1037/t32654-000
1039,10.1037/t24248-000
1040,10.1037/t16127-000
1041,10.1037/t60695-000
1042,10.1037/t01113-000
1043,10.1037/t39090-000
1044,10.1037/t71330-000
1045,10.1037/t17922-000
1046,10.1037/t18153-000
1047,10.1037/t01307-000
1048,10.1037/t79244-000
1049,10.1037/t80861-000
1050,10.1037/t33550-000
1051,10.1037/t03346-000
1052,10.1037/t48155-000
1053,10.1037/t45748-000
1054,10.1037/t09786-000
1055,10.1037/t76929-000
1056,10.1037/t26249-000
1057,10.1037/t20733-000
1058,10.1037/t45642-000
1059,10.1037/t39087-000
1060,10.1037/t24127-000
1061,10.1037/t40770-000
1062,10.1037/t14379-000
1063,10.1037/t18013-000
1064,10.1037/t11578-000
1065,10.1037/t34551-000
1066,10.1037/t79275-000
1067,10.1037/t28416-000
1068,10.1037/t17676-000
1069,10.1037/t20822-000
1070,10.1037/t00546-000
1071,10.1037/t30251-000
1072,10.1037/t08547-000
1073,10.1037/t34312-000
1074,10.1037/t23286-000
1075,10.1037/t76261-000
1076,10.1037/t18770-000
1077,10.1037/t27934-000
1078,10.1037/t31635-000
1079,10.1037/t49296-000
1080,10.1037/t30475-000
1081,10.1037/t15047-000
1082,10.1037/t44675-000
1083,10.1037/t00058-000
1084,10.1037/t18911-000
1085,10.1037/t42472-000
1086,10.1037/t37024-000
1087,10.1037/t79486-000
1088,10.1037/t09639-000
1089,10.1037/t02773-000
1090,10.1037/t37183-000
1091,10.1037/t53550-000
1092,10.1037/t09996-000
1093,10.1037/t22311-000
1094,10.1037/t47716-000
1095,10.1037/t59841-000
1096,10.1037/t30778-000
1097,10.1037/t43014-000
1098,10.1037/t32692-000
1099,10.1037/t80381-000
1100,10.1037/t79490-000
1101,10.1037/t75610-000
1102,10.1037/t17161-000
1103,10.1037/t16224-000
1104,10.1037/t01075-000
1105,10.1037/t09461-000
1106,10.1037/t23170-000
1107,10.1037/t42156-000
1108,10.1037/t00061-000
1109,10.1037/t44403-000
1110,10.1037/t46480-000
1111,10.1037/t28125-000
1112,10.1037/t16810-000
1113,10.1037/t46697-000
1114,10.1037/t48558-000
1115,10.1037/t63609-000
1116,10.1037/t11473-000
1117,10.1037/t02477-000
1118,10.1037/t53137-000
1119,10.1037/t36901-000
1120,10.1037/t36986-000
1121,10.1037/t09384-000
1122,10.1037/t08919-000
1123,10.1037/t79707-000
1124,10.1037/t58622-000
1125,10.1037/t48797-000
1126,10.1037/t37071-000
1127,10.1037/t65075-000
1128,10.1037/t00637-000
1129,10.1037/t53683-000
1130,10.1037/t46046-000
1131,10.1037/t63292-000
1132,10.1037/t24134-000
1133,10.1037/t85665-000
1134,10.1037/t18210-000
1135,10.1037/t79390-000
1136,10.1037/t01582-000
1137,10.1037/t45211-000
1138,10.1037/t00827-000
1139,10.1037/t84275-000
1140,10.1037/t87616-000
1141,10.1037/t41592-000
1142,10.1037/t45177-000
1143,10.1037/t59321-000
1144,10.1037/t55156-000
1145,10.1037/t12374-000
1146,10.1037/t18211-000
1147,10.1037/t35328-000
1148,10.1037/t71477-000
1149,10.1037/t78168-000
1150,10.1037/t20766-000
1151,10.1037/t36756-000
1152,10.1037/t65732-000
1153,10.1037/t13965-000
1154,10.1037/t09004-000
1155,10.1037/t81968-000
1156,10.1037/t19677-000
1157,10.1037/t73808-000
1158,10.1037/t03080-000
1159,10.1037/t04531-000
1160,10.1037/t79817-000
1161,10.1037/t75060-000
1162,10.1037/t10558-000
1163,10.1037/t15773-000
1164,10.1037/t71007-000
1165,10.1037/t13435-000
1166,10.1037/t17103-000
1167,10.1037/t79532-000
1168,10.1037/t87531-000
1169,10.1037/t20987-000
1170,10.1037/t19576-000
1171,10.1037/t52807-000
1172,10.1037/t40181-000
1173,10.1037/t63028-000
1174,10.1037/t33170-000
1175,10.1037/t06011-000
1176,10.1037/t11741-000
1177,10.1037/t37965-000
1178,10.1037/t29706-000
1179,10.1037/t29019-000
1180,10.1037/t26338-000
1181,10.1037/t31853-000
1182,10.1037/t06603-000
1183,10.1037/t34051-000
1184,10.1037/t36172-000
1185,10.1037/t22082-000
1186,10.1037/t29664-000
1187,10.1037/t12447-000
1188,10.1037/t28024-000
1189,10.1037/t58559-000
1190,10.1037/t37968-000
1191,10.1037/t75914-000
1192,10.1037/t20940-000
1193,10.1037/t11510-000
1194,10.1037/t03557-000
1195,10.1037/t69412-000
1196,10.1037/t79128-000
1197,10.1037/t24067-000
1198,10.1037/t35138-000
1199,10.1037/t28243-000
1200,10.1037/t84980-000
1201,10.1037/t27275-000
1202,10.1037/t22869-000
1203,10.1037/t27141-000
1204,10.1037/t12767-000
1205,10.1037/t11969-000
1206,10.1037/t10994-000
1207,10.1037/t67860-000
1208,10.1037/t86627-000
1209,10.1037/t16879-000
1210,10.1037/t01435-000
1211,10.1037/t17318-000
1212,10.1037/t41073-000
1213,10.1037/t15615-000
1214,10.1037/t24891-000
1215,10.1037/t29393-000
1216,10.1037/t49867-000
1217,10.1037/t81551-000
1218,10.1037/t06017-000
1219,10.1037/t84052-000
1220,10.1037/t41076-000
1221,10.1037/t17722-000
1222,10.1037/t38546-000
1223,10.1037/t77187-000
1224,10.1037/t11670-000
1225,10.1037/t14935-000
1226,10.1037/t06077-000
1227,10.1037/t69426-000
1228,10.1037/t42529-000
1229,10.1037/t55351-000
1230,10.1037/t07842-000
1231,10.1037/t70347-000
1232,10.1037/t21266-000
1233,10.1037/t64081-000
1234,10.1037/t19155-000
1235,10.1037/t03140-000
1236,10.1037/t34273-000
1237,10.1037/t79337-000
1238,10.1037/t39294-000
1239,10.1037/t44907-000
1240,10.1037/t19582-000
1241,10.1037/t21627-000
1242,10.1037/t22692-000
1243,10.1037/t18720-000
1244,10.1037/t00362-000
1245,10.1037/t63410-000
1246,10.1037/t20260-000
1247,10.1037/t63486-000
1248,10.1037/t33760-000
1249,10.1037/t52102-000
1250,10.1037/t22821-000
1251,10.1037/t20184-000
1252,10.1037/t39709-000
1253,10.1037/t76595-000
1254,10.1037/t69547-000
1255,10.1037/t42800-000
1256,10.1037/t84237-000
1257,10.1037/t08915-000
1258,10.1037/t14078-000
1259,10.1037/t74784-000
1260,10.1037/t09969-000
1261,10.1037/t61707-000
1262,10.1037/t16718-000
1263,10.1037/t13720-000
1264,10.1037/t06361-000
1265,10.1037/t74837-000
1266,10.1037/t30375-000
1267,10.1037/t79116-000
1268,10.1037/t03482-000
1269,10.1037/t86049-000
1270,10.1037/t38775-000
1271,10.1037/t19051-000
1272,10.1037/t25843-000
1273,10.1037/t08858-000
1274,10.1037/t72942-000
1275,10.1037/t66748-000
1276,10.1037/t03811-000
1277,10.1037/t18178-000
1278,10.1037/t18053-000
1279,10.1037/t36818-000
1280,10.1037/t58403-000
1281,10.1037/t79296-000
1282,10.1037/t78038-000
1283,10.1037/t60578-000
1284,10.1037/t69072-000
1285,10.1037/t66141-000
1286,10.1037/t22818-000
1287,10.1037/t13484-000
1288,10.1037/t39383-000
1289,10.1037/t77009-000
1290,10.1037/t12413-000
1291,10.1037/t26224-000
1292,10.1037/t68348-000
1293,10.1037/t66337-000
1294,10.1037/t00602-000
1295,10.1037/t18473-000
1296,10.1037/t41129-000
1297,10.1037/t23174-000
1298,10.1037/t37977-000
1299,10.1037/t21923-000
1300,10.1037/t03017-000
1301,10.1037/t01010-000
1302,10.1037/t53569-000
1303,10.1037/t72709-000
1304,10.1037/t63755-000
1305,10.1037/t60688-000
1306,10.1037/t24801-000
1307,10.1037/t80402-000
1308,10.1037/t00233-000
1309,10.1037/t03029-000
1310,10.1037/t29880-000
1311,10.1037/t37671-000
1312,10.1037/t15847-000
1313,10.1037/t17893-000
1314,10.1037/t14592-000
1315,10.1037/t42322-000
1316,10.1037/t11456-000
1317,10.1037/t29114-000
1318,10.1037/t50542-000
1319,10.1037/t26643-000
1320,10.1037/t60111-000
1321,10.1037/t51964-000
1322,10.1037/t30107-000
1323,10.1037/t40963-000
1324,10.1037/t26263-000
1325,10.1037/t62278-000
1326,10.1037/t15822-000
1327,10.1037/t76591-000
1328,10.1037/t28342-000
1329,10.1037/t04516-000
1330,10.1037/t62886-000
1331,10.1037/t67366-000
1332,10.1037/t81245-000
1333,10.1037/t51082-000
1334,10.1037/t13338-000
1335,10.1037/t73768-000
1336,10.1037/t28314-000
1337,10.1037/t14066-000
1338,10.1037/t09280-000
1339,10.1037/t02664-000
1340,10.1037/t59746-000
1341,10.1037/t81835-000
1342,10.1037/t26206-000
1343,10.1037/t32071-000
1344,10.1037/t39647-000
1345,10.1037/t61780-000
1346,10.1037/t03158-000
1347,10.1037/t20667-000
1348,10.1037/t12651-000
1349,10.1037/t39645-000
1350,10.1037/t80921-000
1351,10.1037/t21508-000
1352,10.1037/t07063-000
1353,10.1037/t19246-000
1354,10.1037/t54179-000
1355,10.1037/t04524-000
1356,10.1037/t46098-000
1357,10.1037/t72504-000
1358,10.1037/t65703-000
1359,10.1037/t58556-000
1360,10.1037/t07457-000
1361,10.1037/t45610-000
1362,10.1037/t34058-000
1363,10.1037/t10321-000
1364,10.1037/t78012-000
1365,10.1037/t84749-000
1366,10.1037/t09454-000
1367,10.1037/t23723-000
1368,10.1037/t30859-000
1369,10.1037/t16778-000
1370,10.1037/t29969-000
1371,10.1037/t82299-000
1372,10.1037/t56704-000
1373,10.1037/t83139-000
1374,10.1037/t23888-000
1375,10.1037/t19819-000
1376,10.1037/t20084-000
1377,10.1037/t01287-000
1378,10.1037/t21010-000
1379,10.1037/t44181-000
1380,10.1037/t00959-000
1381,10.1037/t32454-000
1382,10.1037/t64970-000
1383,10.1037/t17734-000
1384,10.1037/t86237-000
1385,10.1037/t01270-000
1386,10.1037/t31485-000
1387,10.1037/t18727-000
1388,10.1037/t26844-000
1389,10.1037/t19712-000
1390,10.1037/t84334-000
1391,10.1037/t82361-000
1392,10.1037/t29815-000
1393,10.1037/t31371-000
1394,10.1037/t59857-000
1395,10.1037/t19129-000
1396,10.1037/t65244-000
1397,10.1037/t07949-000
1398,10.1037/t22187-000
1399,10.1037/t09832-000
1400,10.1037/t72446-000
1401,10.1037/t00056-000
1402,10.1037/t23717-000
1403,10.1037/t43022-000
1404,10.1037/t49434-000
1405,10.1037/t27065-000
1406,10.1037/t71170-000
1407,10.1037/t17158-000
1408,10.1037/t18438-000
1409,10.1037/t12053-000
1410,10.1037/t70032-000
1411,10.1037/t67724-000
1412,10.1037/t18119-000
1413,10.1037/t12748-000
1414,10.1037/t02747-000
1415,10.1037/t34382-000
1416,10.1037/t52496-000
1417,10.1037/t77809-000
1418,10.1037/t81010-000
1419,10.1037/t59812-000
1420,10.1037/t86989-000
1421,10.1037/t23090-000
1422,10.1037/t11661-000
1423,10.1037/t01343-000
1424,10.1037/t47497-000
1425,10.1037/t48077-000
1426,10.1037/t34143-000
1427,10.1037/t43964-000
1428,10.1037/t66414-000
1429,10.1037/t11922-000
1430,10.1037/t43730-000
1431,10.1037/t65790-000
1432,10.1037/t52820-000
1433,10.1037/t01201-000
1434,10.1037/t60413-000
1435,10.1037/t59333-000
1436,10.1037/t65934-000
1437,10.1037/t33033-000
1438,10.1037/t44528-000
1439,10.1037/t03860-000
1440,10.1037/t19666-000
1441,10.1037/t19210-000
1442,10.1037/t16699-000
1443,10.1037/t15255-000
1444,10.1037/t30566-000
1445,10.1037/t23925-000
1446,10.1037/t23467-000
1447,10.1037/t68368-000
1448,10.1037/t37348-000
1449,10.1037/t83985-000
1450,10.1037/t79081-000
1451,10.1037/t67523-000
1452,10.1037/t16967-000
1453,10.1037/t63085-000
1454,10.1037/t22574-000
1455,10.1037/t27996-000
1456,10.1037/t07719-000
1457,10.1037/t22004-000
1458,10.1037/t40529-000
1459,10.1037/t54882-000
1460,10.1037/t67794-000
1461,10.1037/t27981-000
1462,10.1037/t87105-000
1463,10.1037/t84973-000
1464,10.1037/t32606-000
1465,10.1037/t31960-000
1466,10.1037/t26674-000
1467,10.1037/t61393-000
1468,10.1037/t74256-000
1469,10.1037/t75540-000
1470,10.1037/t53871-000
1471,10.1037/t09865-000
1472,10.1037/t67643-000
1473,10.1037/t41823-000
1474,10.1037/t62821-000
1475,10.1037/t02772-000
1476,10.1037/t79368-000
1477,10.1037/t61272-000
1478,10.1037/t00846-000
1479,10.1037/t37918-000
1480,10.1037/t53957-000
1481,10.1037/t36899-000
1482,10.1037/t21907-000
1483,10.1037/t76374-000
1484,10.1037/t67290-000
1485,10.1037/t75115-000
1486,10.1037/t30285-000
1487,10.1037/t00158-000
1488,10.1037/t72410-000
1489,10.1037/t26754-000
1490,10.1037/t31884-000
1491,10.1037/t24611-000
1492,10.1037/t32125-000
1493,10.1037/t70828-000
1494,10.1037/t11652-000
1495,10.1037/t30789-000
1496,10.1037/t19137-000
1497,10.1037/t29782-000
1498,10.1037/t20190-000
1499,10.1037/t32408-000
1500,10.1037/t80061-000
1501,10.1037/t09314-000
1502,10.1037/t74773-000
1503,10.1037/t47251-000
1504,10.1037/t06169-000
1505,10.1037/t79274-000
1506,10.1037/t42057-000
1507,10.1037/t24724-000
1508,10.1037/t48953-000
1509,10.1037/t68762-000
1510,10.1037/t02974-000
1511,10.1037/t09185-000
1512,10.1037/t27935-000
1513,10.1037/t42077-000
1514,10.1037/t81727-000
1515,10.1037/t58974-000
1516,10.1037/t71429-000
1517,10.1037/t35067-000
1518,10.1037/t67368-000
1519,10.1037/t87461-000
1520,10.1037/t65591-000
1521,10.1037/t04994-000
1522,10.1037/t76592-000
1523,10.1037/t35094-000
1524,10.1037/t15883-000
1525,10.1037/t46890-000
1526,10.1037/t47806-000
1527,10.1037/t64796-000
1528,10.1037/t10335-000
1529,10.1037/t14952-000
1530,10.1037/t20610-000
1531,10.1037/t43008-000
1532,10.1037/t47769-000
1533,10.1037/t39362-000
1534,10.1037/t37081-000
1535,10.1037/t52700-000
1536,10.1037/t66438-000
1537,10.1037/t67834-000
1538,10.1037/t85202-000
1539,10.1037/t86351-000
1540,10.1037/t48081-000
1541,10.1037/t53078-000
1542,10.1037/t33195-000
1543,10.1037/t46097-000
1544,10.1037/t31032-000
1545,10.1037/t51085-000
1546,10.1037/t78153-000
1547,10.1037/t20654-000
1548,10.1037/t81800-000
1549,10.1037/t32602-000
1550,10.1037/t67763-000
1551,10.1037/t63317-000
1552,10.1037/t85383-000
1553,10.1037/t26564-000
1554,10.1037/t44165-000
1555,10.1037/t24897-000
1556,10.1037/t85256-000
1557,10.1037/t32117-000
1558,10.1037/t18974-000
1559,10.1037/t45340-000
1560,10.1037/t86588-000
1561,10.1037/t30863-000
1562,10.1037/t60862-000
1563,10.1037/t19181-000
1564,10.1037/t13730-000
1565,10.1037/t78521-000
1566,10.1037/t73964-000
1567,10.1037/t43444-000
1568,10.1037/t37958-000
1569,10.1037/t35169-000
1570,10.1037/t24125-000
1571,10.1037/t30940-000
1572,10.1037/t19609-000
1573,10.1037/t31554-000
1574,10.1037/t05357-000
1575,10.1037/t82985-000
1576,10.1037/t42832-000
1577,10.1037/t36850-000
1578,10.1037/t02202-000
1579,10.1037/t84891-000
1580,10.1037/t39601-000
1581,10.1037/t33778-000
1582,10.1037/t69808-000
1583,10.1037/t68180-000
1584,10.1037/t50837-000
1585,10.1037/t08293-000
1586,10.1037/t46140-000
1587,10.1037/t82297-000
1588,10.1037/t01849-000
1589,10.1037/t70077-000
1590,10.1037/t12523-000
1591,10.1037/t53127-000
1592,10.1037/t25617-000
1593,10.1037/t09392-000
1594,10.1037/t63271-000
1595,10.1037/t32893-000
1596,10.1037/t21039-000
1597,10.1037/t83221-000
1598,10.1037/t20304-000
1599,10.1037/t79531-000
1600,10.1037/t30318-000
1601,10.1037/t57970-000
1602,10.1037/t08935-000
1603,10.1037/t70687-000
1604,10.1037/t29697-000
1605,10.1037/t17792-000
1606,10.1037/t24361-000
1607,10.1037/t36631-000
1608,10.1037/t46131-000
1609,10.1037/t28998-000
1610,10.1037/t49744-000
1611,10.1037/t40549-000
1612,10.1037/t53183-000
1613,10.1037/t15497-000
1614,10.1037/t13074-000
1615,10.1037/t50704-000
1616,10.1037/t28394-000
1617,10.1037/t74178-000
1618,10.1037/t67141-000
1619,10.1037/t36177-000
1620,10.1037/t32810-000
1621,10.1037/t14759-000
1622,10.1037/t09301-000
1623,10.1037/t66184-000
1624,10.1037/t39913-000
1625,10.1037/t20531-000
1626,10.1037/t26068-000
1627,10.1037/t22067-000
1628,10.1037/t84886-000
1629,10.1037/t69693-000
1630,10.1037/t03702-000
1631,10.1037/t12293-000
1632,10.1037/t79032-000
1633,10.1037/t18266-000
1634,10.1037/t18213-000
1635,10.1037/t86978-000
1636,10.1037/t43741-000
1637,10.1037/t81190-000
1638,10.1037/t79031-000
1639,10.1037/t75867-000
1640,10.1037/t29816-000
1641,10.1037/t74563-000
1642,10.1037/t45202-000
1643,10.1037/t65132-000
1644,10.1037/t83545-000
1645,10.1037/t74986-000
1646,10.1037/t33855-000
1647,10.1037/t21446-000
1648,10.1037/t21895-000
1649,10.1037/t67186-000
1650,10.1037/t37981-000
1651,10.1037/t50151-000
1652,10.1037/t27896-000
1653,10.1037/t23348-000
1654,10.1037/t20528-000
1655,10.1037/t15766-000
1656,10.1037/t13758-000
1657,10.1037/t54075-000
1658,10.1037/t62976-000
1659,10.1037/t32983-000
1660,10.1037/t09729-000
1661,10.1037/t40561-000
1662,10.1037/t36233-000
1663,10.1037/t61185-000
1664,10.1037/t35826-000
1665,10.1037/t18195-000
1666,10.1037/t24145-000
1667,10.1037/t36612-000
1668,10.1037/t22403-000
1669,10.1037/t19955-000
1670,10.1037/t11432-000
1671,10.1037/t39850-000
1672,10.1037/t32374-000
1673,10.1037/t26179-000
1674,10.1037/t42512-000
1675,10.1037/t61358-000
1676,10.1037/t38777-000
1677,10.1037/t17574-000
1678,10.1037/t25361-000
1679,10.1037/t32625-000
1680,10.1037/t13446-000
1681,10.1037/t35505-000
1682,10.1037/t25495-000
1683,10.1037/t20300-000
1684,10.1037/t23052-000
1685,10.1037/t23362-000
1686,10.1037/t60525-000
1687,10.1037/t75444-000
1688,10.1037/t20341-000
1689,10.1037/t48408-000
1690,10.1037/t25763-000
1691,10.1037/t70670-000
1692,10.1037/t85782-000
1693,10.1037/t33610-000
1694,10.1037/t70453-000
1695,10.1037/t27807-000
1696,10.1037/t23840-000
1697,10.1037/t38746-000
1698,10.1037/t67826-000
1699,10.1037/t85136-000
1700,10.1037/t32094-000
1701,10.1037/t23778-000
1702,10.1037/t59968-000
1703,10.1037/t81004-000
1704,10.1037/t18556-000
1705,10.1037/t78559-000
1706,10.1037/t36566-000
1707,10.1037/t18698-000
1708,10.1037/t42191-000
1709,10.1037/t20251-000
1710,10.1037/t18129-000
1711,10.1037/t32846-000
1712,10.1037/t41891-000
1713,10.1037/t60242-000
1714,10.1037/t87093-000
1715,10.1037/t26839-000
1716,10.1037/t28634-000
1717,10.1037/t00712-000
1718,10.1037/t52531-000
1719,10.1037/t17716-000
1720,10.1037/t30432-000
1721,10.1037/t13178-000
1722,10.1037/t81795-000
1723,10.1037/t77423-000
1724,10.1037/t42911-000
1725,10.1037/t05660-000
1726,10.1037/t00046-000
1727,10.1037/t41316-000
1728,10.1037/t84989-000
1729,10.1037/t06114-000
1730,10.1037/t16772-000
1731,10.1037/t75616-000
1732,10.1037/t86310-000
1733,10.1037/t59175-000
1734,10.1037/t10600-000
1735,10.1037/t79191-000
1736,10.1037/t09733-000
1737,10.1037/t41438-000
1738,10.1037/t38853-000
1739,10.1037/t81732-000
1740,10.1037/t02983-000
1741,10.1037/t09055-000
1742,10.1037/t11454-000
1743,10.1037/t27146-000
1744,10.1037/t44136-000
1745,10.1037/t30112-000
1746,10.1037/t01670-000
1747,10.1037/t68353-000
1748,10.1037/t25335-000
1749,10.1037/t84671-000
1750,10.1037/t20399-000
1751,10.1037/t27407-000
1752,10.1037/t79154-000
1753,10.1037/t14794-000
1754,10.1037/t20889-000
1755,10.1037/t31875-000
1756,10.1037/t40014-000
1757,10.1037/t22980-000
1758,10.1037/t34502-000
1759,10.1037/t77388-000
1760,10.1037/t06923-000
1761,10.1037/t39390-000
1762,10.1037/t75903-000
1763,10.1037/t79460-000
1764,10.1037/t86390-000
1765,10.1037/t58354-000
1766,10.1037/t81937-000
1767,10.1037/t17238-000
1768,10.1037/t33383-000
1769,10.1037/t73735-000
1770,10.1037/t31601-000
1771,10.1037/t68217-000
1772,10.1037/t25462-000
1773,10.1037/t52355-000
1774,10.1037/t59743-000
1775,10.1037/t12545-000
1776,10.1037/t69859-000
1777,10.1037/t60867-000
1778,10.1037/t23403-000
1779,10.1037/t31656-000
1780,10.1037/t01694-000
1781,10.1037/t61783-000
1782,10.1037/t50573-000
1783,10.1037/t38730-000
1784,10.1037/t71107-000
1785,10.1037/t21993-000
1786,10.1037/t62466-000
1787,10.1037/t20828-000
1788,10.1037/t43121-000
1789,10.1037/t31336-000
1790,10.1037/t10682-000
1791,10.1037/t06570-000
1792,10.1037/t07916-000
1793,10.1037/t64710-000
1794,10.1037/t41570-000
1795,10.1037/t24152-000
1796,10.1037/t64883-000
1797,10.1037/t15998-000
1798,10.1037/t27708-000
1799,10.1037/t78473-000
1800,10.1037/t16863-000
1801,10.1037/t13127-000
1802,10.1037/t40257-000
1803,10.1037/t61958-000
1804,10.1037/t76212-000
1805,10.1037/t81523-000
1806,10.1037/t15431-000
1807,10.1037/t06971-000
1808,10.1037/t09121-000
1809,10.1037/t39098-000
1810,10.1037/t64782-000
1811,10.1037/t51359-000
1812,10.1037/t21461-000
1813,10.1037/t83741-000
1814,10.1037/t71458-000
1815,10.1037/t34445-000
1816,10.1037/t03116-000
1817,10.1037/t11321-000
1818,10.1037/t53368-000
1819,10.1037/t75646-000
1820,10.1037/t27951-000
1821,10.1037/t66557-000
1822,10.1037/t40114-000
1823,10.1037/t15738-000
1824,10.1037/t22086-000
1825,10.1037/t46235-000
1826,10.1037/t85538-000
1827,10.1037/t55729-000
1828,10.1037/t54850-000
1829,10.1037/t65672-000
1830,10.1037/t09842-000
1831,10.1037/t22799-000
1832,10.1037/t33751-000
1833,10.1037/t13264-000
1834,10.1037/t75907-000
1835,10.1037/t43734-000
1836,10.1037/t26566-000
1837,10.1037/t45145-000
1838,10.1037/t10304-000
1839,10.1037/t56493-000
1840,10.1037/t78682-000
1841,10.1037/t11070-000
1842,10.1037/t26717-000
1843,10.1037/t81852-000
1844,10.1037/t78804-000
1845,10.1037/t34100-000
1846,10.1037/t47161-000
1847,10.1037/t27418-000
1848,10.1037/t08577-000
1849,10.1037/t15251-000
1850,10.1037/t70340-000
1851,10.1037/t16705-000
1852,10.1037/t32843-000
1853,10.1037/t84425-000
1854,10.1037/t04719-000
1855,10.1037/t79420-000
1856,10.1037/t53370-000
1857,10.1037/t68900-000
1858,10.1037/t16105-000
1859,10.1037/t46824-000
1860,10.1037/t70341-000
1861,10.1037/t14137-000
1862,10.1037/t18288-000
1863,10.1037/t00861-000
1864,10.1037/t19996-000
1865,10.1037/t27324-000
1866,10.1037/t85391-000
1867,10.1037/t10341-000
1868,10.1037/t83899-000
1869,10.1037/t00499-000
1870,10.1037/t37102-000
1871,10.1037/t55344-000
1872,10.1037/t16123-000
1873,10.1037/t68102-000
1874,10.1037/t75423-000
1875,10.1037/t10651-000
1876,10.1037/t32222-000
1877,10.1037/t87312-000
1878,10.1037/t86089-000
1879,10.1037/t46669-000
1880,10.1037/t66761-000
1881,10.1037/t12555-000
1882,10.1037/t22389-000
1883,10.1037/t21018-000
1884,10.1037/t14309-000
1885,10.1037/t20728-000
1886,10.1037/t45756-000
1887,10.1037/t01145-000
1888,10.1037/t25712-000
1889,10.1037/t41555-000
1890,10.1037/t59150-000
1891,10.1037/t52468-000
1892,10.1037/t64657-000
1893,10.1037/t85881-000
1894,10.1037/t83645-000
1895,10.1037/t35587-000
1896,10.1037/t29686-000
1897,10.1037/t23082-000
1898,10.1037/t60126-000
1899,10.1037/t12762-000
1900,10.1037/t71359-000
1901,10.1037/t02328-000
1902,10.1037/t16813-000
1903,10.1037/t87727-000
1904,10.1037/t87476-000
1905,10.1037/t29968-000
1906,10.1037/t35858-000
1907,10.1037/t61728-000
1908,10.1037/t30467-000
1909,10.1037/t61107-000
1910,10.1037/t48801-000
1911,10.1037/t32596-000
1912,10.1037/t86454-000
1913,10.1037/t22126-000
1914,10.1037/t81161-000
1915,10.1037/t13293-000
1916,10.1037/t26070-000
1917,10.1037/t74686-000
1918,10.1037/t23049-000
1919,10.1037/t70472-000
1920,10.1037/t72952-000
1921,10.1037/t43288-000
1922,10.1037/t05035-000
1923,10.1037/t20237-000
1924,10.1037/t11004-000
1925,10.1037/t18160-000
1926,10.1037/t12104-000
1927,10.1037/t77356-000
1928,10.1037/t03578-000
1929,10.1037/t58338-000
1930,10.1037/t21215-000
1931,10.1037/t04754-000
1932,10.1037/t06700-000
1933,10.1037/t18813-000
1934,10.1037/t85949-000
1935,10.1037/t34661-000
1936,10.1037/t66575-000
1937,10.1037/t71657-000
1938,10.1037/t80195-000
1939,10.1037/t69835-000
1940,10.1037/t67331-000
1941,10.1037/t10928-000
1942,10.1037/t46711-000
1943,10.1037/t25746-000
1944,10.1037/t10402-000
1945,10.1037/t84527-000
1946,10.1037/t32480-000
1947,10.1037/t17432-000
1948,10.1037/t28556-000
1949,10.1037/t08260-000
1950,10.1037/t49622-000
1951,10.1037/t16958-000
1952,10.1037/t75117-000
1953,10.1037/t82354-000
1954,10.1037/t19335-000
1955,10.1037/t36702-000
1956,10.1037/t00821-000
1957,10.1037/t21828-000
1958,10.1037/t69947-000
1959,10.1037/t17396-000
1960,10.1037/t29997-000
1961,10.1037/t54525-000
1962,10.1037/t06100-000
1963,10.1037/t70256-000
1964,10.1037/t76656-000
1965,10.1037/t12372-000
1966,10.1037/t61024-000
1967,10.1037/t09503-000
1968,10.1037/t44862-000
1969,10.1037/t16353-000
1970,10.1037/t00327-000
1971,10.1037/t00902-000
1972,10.1037/t40938-000
1973,10.1037/t24661-000
1974,10.1037/t34587-000
1975,10.1037/t61596-000
1976,10.1037/t71222-000
1977,10.1037/t22998-000
1978,10.1037/t18027-000
1979,10.1037/t22538-000
1980,10.1037/t79678-000
1981,10.1037/t17359-000
1982,10.1037/t25141-000
1983,10.1037/t23498-000
1984,10.1037/t36827-000
1985,10.1037/t16048-000
1986,10.1037/t13689-000
1987,10.1037/t20347-000
1988,10.1037/t31349-000
1989,10.1037/t82704-000
1990,10.1037/t24979-000
1991,10.1037/t40128-000
1992,10.1037/t02788-000
1993,10.1037/t73044-000
1994,10.1037/t59843-000
1995,10.1037/t26096-000
1996,10.1037/t82160-000
1997,10.1037/t77371-000
1998,10.1037/t83044-000
1999,10.1037/t22928-000
2000,10.1037/t31295-000
2001,10.1037/t78323-000
2002,10.1037/t23614-000
2003,10.1037/t25913-000
2004,10.1037/t07094-000
2005,10.1037/t85875-000
2006,10.1037/t24499-000
2007,10.1037/t14371-000
2008,10.1037/t76774-000
2009,10.1037/t46748-000
2010,10.1037/t42841-000
2011,10.1037/t08583-000
2012,10.1037/t20797-000
2013,10.1037/t71651-000
2014,10.1037/t21351-000
2015,10.1037/t37689-000
2016,10.1037/t58226-000
2017,10.1037/t32747-000
2018,10.1037/t87280-000
2019,10.1037/t36764-000
2020,10.1037/t23996-000
2021,10.1037/t37660-000
2022,10.1037/t10982-000
2023,10.1037/t10336-000
2024,10.1037/t48781-000
2025,10.1037/t15394-000
2026,10.1037/t27521-000
2027,10.1037/t51113-000
2028,10.1037/t11876-000
2029,10.1037/t45362-000
2030,10.1037/t14996-000
2031,10.1037/t16962-000
2032,10.1037/t39268-000
2033,10.1037/t49643-000
2034,10.1037/t67776-000
2035,10.1037/t10348-000
2036,10.1037/t72670-000
2037,10.1037/t24116-000
2038,10.1037/t48916-000
2039,10.1037/t22448-000
2040,10.1037/t45643-000
2041,10.1037/t09095-000
2042,10.1037/t27686-000
2043,10.1037/t03183-000
2044,10.1037/t15328-000
2045,10.1037/t33214-000
2046,10.1037/t04356-000
2047,10.1037/t52544-000
2048,10.1037/t37195-000
2049,10.1037/t75788-000
2050,10.1037/t61532-000
2051,10.1037/t00092-000
2052,10.1037/t13770-000
2053,10.1037/t22254-000
2054,10.1037/t35474-000
2055,10.1037/t85974-000
2056,10.1037/t10157-000
2057,10.1037/t00649-000
2058,10.1037/t47130-000
2059,10.1037/t30430-000
2060,10.1037/t65280-000
2061,10.1037/t18428-000
2062,10.1037/t62653-000
2063,10.1037/t63071-000
2064,10.1037/t24650-000
2065,10.1037/t80585-000
2066,10.1037/t25713-000
2067,10.1037/t33472-000
2068,10.1037/t27011-000
2069,10.1037/t60473-000
2070,10.1037/t07049-000
2071,10.1037/t08538-000
2072,10.1037/t62264-000
2073,10.1037/t37657-000
2074,10.1037/t60228-000
2075,10.1037/t01364-000
2076,10.1037/t74218-000
2077,10.1037/t26441-000
2078,10.1037/t64582-000
2079,10.1037/t04065-000
2080,10.1037/t81152-000
2081,10.1037/t62037-000
2082,10.1037/t00338-000
2083,10.1037/t61954-000
2084,10.1037/t12483-000
2085,10.1037/t37948-000
2086,10.1037/t07913-000
2087,10.1037/t70861-000
2088,10.1037/t09575-000
2089,10.1037/t06864-000
2090,10.1037/t74778-000
2091,10.1037/t21771-000
2092,10.1037/t75613-000
2093,10.1037/t13197-000
2094,10.1037/t50276-000
2095,10.1037/t44261-000
2096,10.1037/t07110-000
2097,10.1037/t80803-000
2098,10.1037/t20587-000
2099,10.1037/t12507-000
2100,10.1037/t38461-000
2101,10.1037/t54281-000
2102,10.1037/t68659-000
2103,10.1037/t20185-000
2104,10.1037/t78115-000
2105,10.1037/t21979-000
2106,10.1037/t78261-000
2107,10.1037/t23350-000
2108,10.1037/t63209-000
2109,10.1037/t84152-000
2110,10.1037/t47662-000
2111,10.1037/t23566-000
2112,10.1037/t22512-000
2113,10.1037/t86881-000
2114,10.1037/t64849-000
2115,10.1037/t10411-000
2116,10.1037/t36822-000
2117,10.1037/t42178-000
2118,10.1037/t67353-000
2119,10.1037/t62640-000
2120,10.1037/t74075-000
2121,10.1037/t44253-000
2122,10.1037/t48887-000
2123,10.1037/t27061-000
2124,10.1037/t38432-000
2125,10.1037/t29781-000
2126,10.1037/t40367-000
2127,10.1037/t69925-000
2128,10.1037/t65173-000
2129,10.1037/t08387-000
2130,10.1037/t68247-000
2131,10.1037/t55135-000
2132,10.1037/t38842-000
2133,10.1037/t65279-000
2134,10.1037/t16297-000
2135,10.1037/t81949-000
2136,10.1037/t70152-000
2137,10.1037/t45456-000
2138,10.1037/t32924-000
2139,10.1037/t16296-000
2140,10.1037/t49500-000
2141,10.1037/t20734-000
2142,10.1037/t79149-000
2143,10.1037/t28176-000
2144,10.1037/t65088-000
2145,10.1037/t00453-000
2146,10.1037/t66192-000
2147,10.1037/t00949-000
2148,10.1037/t20650-000
2149,10.1037/t80799-000
2150,10.1037/t61500-000
2151,10.1037/t74699-000
2152,10.1037/t66384-000
2153,10.1037/t18539-000
2154,10.1037/t54838-000
2155,10.1037/t29437-000
2156,10.1037/t22909-000
2157,10.1037/t72906-000
2158,10.1037/t19760-000
2159,10.1037/t35139-000
2160,10.1037/t01771-000
2161,10.1037/t84345-000
2162,10.1037/t09943-000
2163,10.1037/t60113-000
2164,10.1037/t38055-000
2165,10.1037/t09355-000
2166,10.1037/t03273-000
2167,10.1037/t11399-000
2168,10.1037/t50360-000
2169,10.1037/t78398-000
2170,10.1037/t00717-000
2171,10.1037/t83468-000
2172,10.1037/t42499-000
2173,10.1037/t09807-000
2174,10.1037/t12920-000
2175,10.1037/t59332-000
2176,10.1037/t17992-000
2177,10.1037/t11041-000
2178,10.1037/t68744-000
2179,10.1037/t49563-000
2180,10.1037/t11728-000
2181,10.1037/t40624-000
2182,10.1037/t53609-000
2183,10.1037/t81102-000
2184,10.1037/t25563-000
2185,10.1037/t44562-000
2186,10.1037/t22133-000
2187,10.1037/t01262-000
2188,10.1037/t17354-000
2189,10.1037/t24446-000
2190,10.1037/t16989-000
2191,10.1037/t12287-000
2192,10.1037/t78793-000
2193,10.1037/t85964-000
2194,10.1037/t14011-000
2195,10.1037/t22955-000
2196,10.1037/t01572-000
2197,10.1037/t74873-000
2198,10.1037/t22354-000
2199,10.1037/t58555-000
2200,10.1037/t83526-000
2201,10.1037/t82252-000
2202,10.1037/t12443-000
2203,10.1037/t14672-000
2204,10.1037/t80786-000
2205,10.1037/t05992-000
2206,10.1037/t14629-000
2207,10.1037/t83631-000
2208,10.1037/t70494-000
2209,10.1037/t59775-000
2210,10.1037/t12335-000
2211,10.1037/t41725-000
2212,10.1037/t26540-000
2213,10.1037/t50966-000
2214,10.1037/t29703-000
2215,10.1037/t80938-000
2216,10.1037/t66875-000
2217,10.1037/t49411-000
2218,10.1037/t21135-000
2219,10.1037/t75901-000
2220,10.1037/t65567-000
2221,10.1037/t48917-000
2222,10.1037/t78950-000
2223,10.1037/t11703-000
2224,10.1037/t04694-000
2225,10.1037/t25026-000
2226,10.1037/t79704-000
2227,10.1037/t15528-000
2228,10.1037/t79860-000
2229,10.1037/t68989-000
2230,10.1037/t86807-000
2231,10.1037/t22432-000
2232,10.1037/t08174-000
2233,10.1037/t65495-000
2234,10.1037/t42071-000
2235,10.1037/t08327-000
2236,10.1037/t20688-000
2237,10.1037/t73951-000
2238,10.1037/t24625-000
2239,10.1037/t19790-000
2240,10.1037/t32240-000
2241,10.1037/t13172-000
2242,10.1037/t20772-000
2243,10.1037/t14062-000
2244,10.1037/t38162-000
2245,10.1037/t42919-000
2246,10.1037/t00737-000
2247,10.1037/t79654-000
2248,10.1037/t68951-000
2249,10.1037/t26356-000
2250,10.1037/t75217-000
2251,10.1037/t59259-000
2252,10.1037/t70288-000
2253,10.1037/t20470-000
2254,10.1037/t10640-000
2255,10.1037/t20585-000
2256,10.1037/t65124-000
2257,10.1037/t07028-000
2258,10.1037/t11037-000
2259,10.1037/t79935-000
2260,10.1037/t16833-000
2261,10.1037/t21992-000
2262,10.1037/t48378-000
2263,10.1037/t09799-000
2264,10.1037/t53681-000
2265,10.1037/t67504-000
2266,10.1037/t27801-000
2267,10.1037/t00001-000
2268,10.1037/t36632-000
2269,10.1037/t25528-000
2270,10.1037/t87052-000
2271,10.1037/t35999-000
2272,10.1037/t30955-000
2273,10.1037/t10222-000
2274,10.1037/t47937-000
2275,10.1037/t21971-000
2276,10.1037/t73752-000
2277,10.1037/t13363-000
2278,10.1037/t77363-000
2279,10.1037/t38048-000
2280,10.1037/t75372-000
2281,10.1037/t62698-000
2282,10.1037/t45475-000
2283,10.1037/t80171-000
2284,10.1037/t02354-000
2285,10.1037/t81761-000
2286,10.1037/t16110-000
2287,10.1037/t11025-000
2288,10.1037/t11791-000
2289,10.1037/t12958-000
2290,10.1037/t74567-000
2291,10.1037/t61777-000
2292,10.1037/t74659-000
2293,10.1037/t27869-000
2294,10.1037/t28850-000
2295,10.1037/t19699-000
2296,10.1037/t70267-000
2297,10.1037/t10950-000
2298,10.1037/t14149-000
2299,10.1037/t68145-000
2300,10.1037/t16082-000
2301,10.1037/t72027-000
2302,10.1037/t09949-000
2303,10.1037/t46090-000
2304,10.1037/t71938-000
2305,10.1037/t26211-000
2306,10.1037/t66187-000
2307,10.1037/t46437-000
2308,10.1037/t00459-000
2309,10.1037/t30134-000
2310,10.1037/t80836-000
2311,10.1037/t61013-000
2312,10.1037/t09299-000
2313,10.1037/t38009-000
2314,10.1037/t77261-000
2315,10.1037/t08836-000
2316,10.1037/t87726-000
2317,10.1037/t26779-000
2318,10.1037/t81149-000
2319,10.1037/t71652-000
2320,10.1037/t30481-000
2321,10.1037/t28397-000
2322,10.1037/t23313-000
2323,10.1037/t58563-000
2324,10.1037/t83324-000
2325,10.1037/t77749-000
2326,10.1037/t60704-000
2327,10.1037/t79145-000
2328,10.1037/t73784-000
2329,10.1037/t84198-000
2330,10.1037/t32083-000
2331,10.1037/t11620-000
2332,10.1037/t00586-000
2333,10.1037/t80369-000
2334,10.1037/t24584-000
2335,10.1037/t16150-000
2336,10.1037/t80012-000
2337,10.1037/t62247-000
2338,10.1037/t18170-000
2339,10.1037/t45573-000
2340,10.1037/t70273-000
2341,10.1037/t25194-000
2342,10.1037/t20171-000
2343,10.1037/t14400-000
2344,10.1037/t76859-000
2345,10.1037/t25991-000
2346,10.1037/t15917-000
2347,10.1037/t48598-000
2348,10.1037/t40317-000
2349,10.1037/t13407-000
2350,10.1037/t08267-000
2351,10.1037/t68372-000
2352,10.1037/t00971-000
2353,10.1037/t42124-000
2354,10.1037/t16661-000
2355,10.1037/t47103-000
2356,10.1037/t85790-000
2357,10.1037/t83497-000
2358,10.1037/t39259-000
2359,10.1037/t26759-000
2360,10.1037/t37078-000
2361,10.1037/t59483-000
2362,10.1037/t21579-000
2363,10.1037/t16553-000
2364,10.1037/t12945-000
2365,10.1037/t60109-000
2366,10.1037/t66616-000
2367,10.1037/t48983-000
2368,10.1037/t49995-000
2369,10.1037/t24453-000
2370,10.1037/t23895-000
2371,10.1037/t01711-000
2372,10.1037/t22062-000
2373,10.1037/t80300-000
2374,10.1037/t36099-000
2375,10.1037/t16177-000
2376,10.1037/t70832-000
2377,10.1037/t75445-000
2378,10.1037/t18555-000
2379,10.1037/t13500-000
2380,10.1037/t38511-000
2381,10.1037/t08379-000
2382,10.1037/t08313-000
2383,10.1037/t32677-000
2384,10.1037/t15385-000
2385,10.1037/t34352-000
2386,10.1037/t00391-000
2387,10.1037/t25214-000
2388,10.1037/t17865-000
2389,10.1037/t26046-000
2390,10.1037/t13089-000
2391,10.1037/t45144-000
2392,10.1037/t77172-000
2393,10.1037/t52484-000
2394,10.1037/t75084-000
2395,10.1037/t59298-000
2396,10.1037/t81526-000
2397,10.1037/t03724-000
2398,10.1037/t53792-000
2399,10.1037/t25790-000
2400,10.1037/t37276-000
2401,10.1037/t17553-000
2402,10.1037/t18524-000
2403,10.1037/t64924-000
2404,10.1037/t24355-000
2405,10.1037/t85397-000
2406,10.1037/t09364-000
2407,10.1037/t86645-000
2408,10.1037/t34256-000
2409,10.1037/t25341-000
2410,10.1037/t45343-000
2411,10.1037/t03369-000
2412,10.1037/t26797-000
2413,10.1037/t14459-000
2414,10.1037/t33765-000
2415,10.1037/t23748-000
2416,10.1037/t86012-000
2417,10.1037/t24264-000
2418,10.1037/t86728-000
2419,10.1037/t25193-000
2420,10.1037/t53527-000
2421,10.1037/t49464-000
2422,10.1037/t85284-000
2423,10.1037/t83616-000
2424,10.1037/t42995-000
2425,10.1037/t12537-000
2426,10.1037/t51026-000
2427,10.1037/t59584-000
2428,10.1037/t69838-000
2429,10.1037/t81491-000
2430,10.1037/t24000-000
2431,10.1037/t09982-000
2432,10.1037/t06779-000
2433,10.1037/t10356-000
2434,10.1037/t04390-000
2435,10.1037/t85228-000
2436,10.1037/t11294-000
2437,10.1037/t45979-000
2438,10.1037/t65022-000
2439,10.1037/t82713-000
2440,10.1037/t74791-000
2441,10.1037/t30456-000
2442,10.1037/t76499-000
2443,10.1037/t73919-000
2444,10.1037/t09857-000
2445,10.1037/t17878-000
2446,10.1037/t79418-000
2447,10.1037/t00109-000
2448,10.1037/t77442-000
2449,10.1037/t79780-000
2450,10.1037/t87546-000
2451,10.1037/t38740-000
2452,10.1037/t41049-000
2453,10.1037/t57912-000
2454,10.1037/t75977-000
2455,10.1037/t25243-000
2456,10.1037/t68487-000
2457,10.1037/t34123-000
2458,10.1037/t34156-000
2459,10.1037/t83103-000
2460,10.1037/t66453-000
2461,10.1037/t81839-000
2462,10.1037/t44519-000
2463,10.1037/t12277-000
2464,10.1037/t37017-000
2465,10.1037/t36452-000
2466,10.1037/t49149-000
2467,10.1037/t58537-000
2468,10.1037/t73373-000
2469,10.1037/t44468-000
2470,10.1037/t32161-000
2471,10.1037/t41374-000
2472,10.1037/t41736-000
2473,10.1037/t19587-000
2474,10.1037/t31121-000
2475,10.1037/t23311-000
2476,10.1037/t76695-000
2477,10.1037/t13333-000
2478,10.1037/t03077-000
2479,10.1037/t66482-000
2480,10.1037/t07506-000
2481,10.1037/t71236-000
2482,10.1037/t59421-000
2483,10.1037/t83859-000
2484,10.1037/t26063-000
2485,10.1037/t01811-000
2486,10.1037/t27603-000
2487,10.1037/t24367-000
2488,10.1037/t41086-000
2489,10.1037/t80488-000
2490,10.1037/t70495-000
2491,10.1037/t49064-000
2492,10.1037/t23718-000
2493,10.1037/t22317-000
2494,10.1037/t40514-000
2495,10.1037/t20471-000
2496,10.1037/t13165-000
2497,10.1037/t53277-000
2498,10.1037/t75379-000
2499,10.1037/t05652-000
2500,10.1037/t05297-000
2501,10.1037/t42998-000
2502,10.1037/t69211-000
2503,10.1037/t28949-000
2504,10.1037/t16730-000
2505,10.1037/t80869-000
2506,10.1037/t38566-000
2507,10.1037/t86907-000
2508,10.1037/t30312-000
2509,10.1037/t55754-000
2510,10.1037/t72844-000
2511,10.1037/t42155-000
2512,10.1037/t00568-000
2513,10.1037/t23370-000
2514,10.1037/t16923-000
2515,10.1037/t44585-000
2516,10.1037/t36463-000
2517,10.1037/t76739-000
2518,10.1037/t19403-000
2519,10.1037/t56969-000
2520,10.1037/t09522-000
2521,10.1037/t67989-000
2522,10.1037/t30317-000
2523,10.1037/t03839-000
2524,10.1037/t69067-000
2525,10.1037/t22860-000
2526,10.1037/t66640-000
2527,10.1037/t07090-000
2528,10.1037/t16256-000
2529,10.1037/t66229-000
2530,10.1037/t76315-000
2531,10.1037/t12580-000
2532,10.1037/t15949-000
2533,10.1037/t37642-000
2534,10.1037/t02940-000
2535,10.1037/t00164-000
2536,10.1037/t26455-000
2537,10.1037/t68891-000
2538,10.1037/t75172-000
2539,10.1037/t05755-000
2540,10.1037/t14052-000
2541,10.1037/t33944-000
2542,10.1037/t76373-000
2543,10.1037/t77927-000
2544,10.1037/t71674-000
2545,10.1037/t30777-000
2546,10.1037/t09653-000
2547,10.1037/t41618-000
2548,10.1037/t67300-000
2549,10.1037/t17721-000
2550,10.1037/t18097-000
2551,10.1037/t53812-000
2552,10.1037/t84316-000
2553,10.1037/t47758-000
2554,10.1037/t10391-000
2555,10.1037/t86477-000
2556,10.1037/t50900-000
2557,10.1037/t68983-000
2558,10.1037/t11467-000
2559,10.1037/t24528-000
2560,10.1037/t22581-000
2561,10.1037/t17382-000
2562,10.1037/t28293-000
2563,10.1037/t23607-000
2564,10.1037/t17707-000
2565,10.1037/t02261-000
2566,10.1037/t84978-000
2567,10.1037/t00240-000
2568,10.1037/t18498-000
2569,10.1037/t01837-000
2570,10.1037/t44506-000
2571,10.1037/t08501-000
2572,10.1037/t52538-000
2573,10.1037/t00928-000
2574,10.1037/t16100-000
2575,10.1037/t18307-000
2576,10.1037/t19192-000
2577,10.1037/t84229-000
2578,10.1037/t35282-000
2579,10.1037/t58903-000
2580,10.1037/t71381-000
2581,10.1037/t01850-000
2582,10.1037/t16770-000
2583,10.1037/t18225-000
2584,10.1037/t16212-000
2585,10.1037/t03575-000
2586,10.1037/t32823-000
2587,10.1037/t13454-000
2588,10.1037/t18264-000
2589,10.1037/t45002-000
2590,10.1037/t67117-000
2591,10.1037/t27861-000
2592,10.1037/t24938-000
2593,10.1037/t36718-000
2594,10.1037/t14553-000
2595,10.1037/t75503-000
2596,10.1037/t31793-000
2597,10.1037/t68533-000
2598,10.1037/t28601-000
2599,10.1037/t39941-000
2600,10.1037/t10546-000
2601,10.1037/t68899-000
2602,10.1037/t02103-000
2603,10.1037/t81473-000
2604,10.1037/t27448-000
2605,10.1037/t55759-000
2606,10.1037/t11508-000
2607,10.1037/t31982-000
2608,10.1037/t16690-000
2609,10.1037/t61202-000
2610,10.1037/t43015-000
2611,10.1037/t62807-000
2612,10.1037/t38742-000
2613,10.1037/t83342-000
2614,10.1037/t55147-000
2615,10.1037/t32205-000
2616,10.1037/t18713-000
2617,10.1037/t09613-000
2618,10.1037/t77175-000
2619,10.1037/t25244-000
2620,10.1037/t38107-000
2621,10.1037/t87318-000
2622,10.1037/t59732-000
2623,10.1037/t00292-000
2624,10.1037/t17128-000
2625,10.1037/t02548-000
2626,10.1037/t01829-000
2627,10.1037/t86378-000
2628,10.1037/t47645-000
2629,10.1037/t11418-000
2630,10.1037/t22658-000
2631,10.1037/t26386-000
2632,10.1037/t21624-000
2633,10.1037/t50251-000
2634,10.1037/t61732-000
2635,10.1037/t30275-000
2636,10.1037/t39081-000
2637,10.1037/t48153-000
2638,10.1037/t45336-000
2639,10.1037/t86800-000
2640,10.1037/t02446-000
2641,10.1037/t08893-000
2642,10.1037/t21631-000
2643,10.1037/t86363-000
2644,10.1037/t28389-000
2645,10.1037/t16156-000
2646,10.1037/t38429-000
2647,10.1037/t52421-000
2648,10.1037/t61791-000
2649,10.1037/t58499-000
2650,10.1037/t43569-000
2651,10.1037/t78301-000
2652,10.1037/t10071-000
2653,10.1037/t80059-000
2654,10.1037/t63312-000
2655,10.1037/t53510-000
2656,10.1037/t26530-000
2657,10.1037/t41888-000
2658,10.1037/t46707-000
2659,10.1037/t68371-000
2660,10.1037/t82298-000
2661,10.1037/t67940-000
2662,10.1037/t03560-000
2663,10.1037/t31475-000
2664,10.1037/t22657-000
2665,10.1037/t57781-000
2666,10.1037/t42778-000
2667,10.1037/t23424-000
2668,10.1037/t28830-000
2669,10.1037/t84234-000
2670,10.1037/t02022-000
2671,10.1037/t59914-000
2672,10.1037/t00379-000
2673,10.1037/t05821-000
2674,10.1037/t47193-000
2675,10.1037/t04571-000
2676,10.1037/t31993-000
2677,10.1037/t21507-000
2678,10.1037/t41596-000
2679,10.1037/t86318-000
2680,10.1037/t14507-000
2681,10.1037/t29382-000
2682,10.1037/t29861-000
2683,10.1037/t64950-000
2684,10.1037/t32691-000
2685,10.1037/t18910-000
2686,10.1037/t11444-000
2687,10.1037/t20958-000
2688,10.1037/t86176-000
2689,10.1037/t22164-000
2690,10.1037/t46427-000
2691,10.1037/t24445-000
2692,10.1037/t43605-000
2693,10.1037/t83567-000
2694,10.1037/t41686-000
2695,10.1037/t29769-000
2696,10.1037/t36752-000
2697,10.1037/t35490-000
2698,10.1037/t32423-000
2699,10.1037/t72205-000
2700,10.1037/t54993-000
2701,10.1037/t48301-000
2702,10.1037/t74038-000
2703,10.1037/t17291-000
2704,10.1037/t27045-000
2705,10.1037/t73936-000
2706,10.1037/t10467-000
2707,10.1037/t45698-000
2708,10.1037/t49567-000
2709,10.1037/t24694-000
2710,10.1037/t28275-000
2711,10.1037/t58639-000
2712,10.1037/t41232-000
2713,10.1037/t00383-000
2714,10.1037/t64806-000
2715,10.1037/t53357-000
2716,10.1037/t32381-000
2717,10.1037/t18528-000
2718,10.1037/t01403-000
2719,10.1037/t43561-000
2720,10.1037/t44280-000
2721,10.1037/t25787-000
2722,10.1037/t50150-000
2723,10.1037/t47857-000
2724,10.1037/t71666-000
2725,10.1037/t53816-000
2726,10.1037/t63105-000
2727,10.1037/t07878-000
2728,10.1037/t14685-000
2729,10.1037/t37066-000
2730,10.1037/t68294-000
2731,10.1037/t44054-000
2732,10.1037/t32372-000
2733,10.1037/t84769-000
2734,10.1037/t78044-000
2735,10.1037/t32663-000
2736,10.1037/t06055-000
2737,10.1037/t77719-000
2738,10.1037/t11197-000
2739,10.1037/t17243-000
2740,10.1037/t46205-000
2741,10.1037/t62666-000
2742,10.1037/t76520-000
2743,10.1037/t43796-000
2744,10.1037/t80044-000
2745,10.1037/t26669-000
2746,10.1037/t52641-000
2747,10.1037/t01542-000
2748,10.1037/t29645-000
2749,10.1037/t22340-000
2750,10.1037/t60049-000
2751,10.1037/t14883-000
2752,10.1037/t62992-000
2753,10.1037/t13625-000
2754,10.1037/t00347-000
2755,10.1037/t05088-000
2756,10.1037/t15039-000
2757,10.1037/t25994-000
2758,10.1037/t23590-000
2759,10.1037/t50970-000
2760,10.1037/t10902-000
2761,10.1037/t13957-000
2762,10.1037/t16172-000
2763,10.1037/t36757-000
2764,10.1037/t42010-000
2765,10.1037/t16729-000
2766,10.1037/t24319-000
2767,10.1037/t65915-000
2768,10.1037/t25506-000
2769,10.1037/t10881-000
2770,10.1037/t37338-000
2771,10.1037/t09022-000
2772,10.1037/t70048-000
2773,10.1037/t37666-000
2774,10.1037/t38364-000
2775,10.1037/t38247-000
2776,10.1037/t70579-000
2777,10.1037/t36124-000
2778,10.1037/t42277-000
2779,10.1037/t25832-000
2780,10.1037/t81601-000
2781,10.1037/t41033-000
2782,10.1037/t04028-000
2783,10.1037/t86416-000
2784,10.1037/t13741-000
2785,10.1037/t69438-000
2786,10.1037/t13825-000
2787,10.1037/t13650-000
2788,10.1037/t27084-000
2789,10.1037/t54139-000
2790,10.1037/t03439-000
2791,10.1037/t23419-000
2792,10.1037/t24241-000
2793,10.1037/t75801-000
2794,10.1037/t08565-000
2795,10.1037/t18593-000
2796,10.1037/t82865-000
2797,10.1037/t09950-000
2798,10.1037/t35200-000
2799,10.1037/t73774-000
2800,10.1037/t81850-000
2801,10.1037/t38330-000
2802,10.1037/t82514-000
2803,10.1037/t06446-000
2804,10.1037/t40751-000
2805,10.1037/t03508-000
2806,10.1037/t73576-000
2807,10.1037/t09956-000
2808,10.1037/t41306-000
2809,10.1037/t23864-000
2810,10.1037/t13161-000
2811,10.1037/t33581-000
2812,10.1037/t67875-000
2813,10.1037/t50603-000
2814,10.1037/t41126-000
2815,10.1037/t05852-000
2816,10.1037/t27627-000
2817,10.1037/t68829-000
2818,10.1037/t03401-000
2819,10.1037/t38916-000
2820,10.1037/t26447-000
2821,10.1037/t71465-000
2822,10.1037/t43684-000
2823,10.1037/t34260-000
2824,10.1037/t16711-000
2825,10.1037/t75678-000
2826,10.1037/t16650-000
2827,10.1037/t36421-000
2828,10.1037/t17130-000
2829,10.1037/t07155-000
2830,10.1037/t10427-000
2831,10.1037/t11890-000
2832,10.1037/t33428-000
2833,10.1037/t79308-000
2834,10.1037/t39957-000
2835,10.1037/t25353-000
2836,10.1037/t27362-000
2837,10.1037/t24546-000
2838,10.1037/t33278-000
2839,10.1037/t43698-000
2840,10.1037/t79936-000
2841,10.1037/t32394-000
2842,10.1037/t27891-000
2843,10.1037/t13199-000
2844,10.1037/t01007-000
2845,10.1037/t00242-000
2846,10.1037/t67522-000
2847,10.1037/t06137-000
2848,10.1037/t59064-000
2849,10.1037/t18432-000
2850,10.1037/t23460-000
2851,10.1037/t80168-000
2852,10.1037/t76334-000
2853,10.1037/t34137-000
2854,10.1037/t87085-000
2855,10.1037/t44434-000
2856,10.1037/t19922-000
2857,10.1037/t77492-000
2858,10.1037/t53554-000
2859,10.1037/t17426-000
2860,10.1037/t77961-000
2861,10.1037/t47817-000
2862,10.1037/t12554-000
2863,10.1037/t73112-000
2864,10.1037/t11315-000
2865,10.1037/t06872-000
2866,10.1037/t25355-000
2867,10.1037/t26277-000
2868,10.1037/t19217-000
2869,10.1037/t58075-000
2870,10.1037/t07529-000
2871,10.1037/t47541-000
2872,10.1037/t28534-000
2873,10.1037/t76426-000
2874,10.1037/t05634-000
2875,10.1037/t23946-000
2876,10.1037/t81832-000
2877,10.1037/t58858-000
2878,10.1037/t29973-000
2879,10.1037/t00417-000
2880,10.1037/t75520-000
2881,10.1037/t87215-000
2882,10.1037/t43837-000
2883,10.1037/t85979-000
2884,10.1037/t72692-000
2885,10.1037/t40563-000
2886,10.1037/t79742-000
2887,10.1037/t06755-000
2888,10.1037/t71898-000
2889,10.1037/t06811-000
2890,10.1037/t16301-000
2891,10.1037/t81213-000
2892,10.1037/t37847-000
2893,10.1037/t15407-000
2894,10.1037/t61492-000
2895,10.1037/t02390-000
2896,10.1037/t12612-000
2897,10.1037/t28961-000
2898,10.1037/t18490-000
2899,10.1037/t46233-000
2900,10.1037/t29522-000
2901,10.1037/t16505-000
2902,10.1037/t80231-000
2903,10.1037/t57352-000
2904,10.1037/t81756-000
2905,10.1037/t16237-000
2906,10.1037/t52568-000
2907,10.1037/t50231-000
2908,10.1037/t18976-000
2909,10.1037/t39755-000
2910,10.1037/t45213-000
2911,10.1037/t51866-000
2912,10.1037/t67780-000
2913,10.1037/t80493-000
2914,10.1037/t33343-000
2915,10.1037/t69336-000
2916,10.1037/t84060-000
2917,10.1037/t03507-000
2918,10.1037/t20330-000
2919,10.1037/t27631-000
2920,10.1037/t36006-000
2921,10.1037/t43841-000
2922,10.1037/t33913-000
2923,10.1037/t77830-000
2924,10.1037/t01556-000
2925,10.1037/t24860-000
2926,10.1037/t83501-000
2927,10.1037/t30163-000
2928,10.1037/t21572-000
2929,10.1037/t74247-000
2930,10.1037/t24363-000
2931,10.1037/t73656-000
2932,10.1037/t23073-000
2933,10.1037/t13494-000
2934,10.1037/t17075-000
2935,10.1037/t50586-000
2936,10.1037/t11092-000
2937,10.1037/t71880-000
2938,10.1037/t22350-000
2939,10.1037/t82568-000
2940,10.1037/t33624-000
2941,10.1037/t37758-000
2942,10.1037/t15440-000
2943,10.1037/t74231-000
2944,10.1037/t68250-000
2945,10.1037/t00771-000
2946,10.1037/t72048-000
2947,10.1037/t64190-000
2948,10.1037/t26112-000
2949,10.1037/t38388-000
2950,10.1037/t43681-000
2951,10.1037/t44107-000
2952,10.1037/t08890-000
2953,10.1037/t40500-000
2954,10.1037/t26652-000
2955,10.1037/t20412-000
2956,10.1037/t26661-000
2957,10.1037/t09941-000
2958,10.1037/t62630-000
2959,10.1037/t87618-000
2960,10.1037/t68285-000
2961,10.1037/t38874-000
2962,10.1037/t60529-000
2963,10.1037/t14837-000
2964,10.1037/t23031-000
2965,10.1037/t33385-000
2966,10.1037/t11627-000
2967,10.1037/t68835-000
2968,10.1037/t02925-000
2969,10.1037/t70401-000
2970,10.1037/t11672-000
2971,10.1037/t14170-000
2972,10.1037/t01176-000
2973,10.1037/t23626-000
2974,10.1037/t85521-000
2975,10.1037/t15264-000
2976,10.1037/t30479-000
2977,10.1037/t11216-000
2978,10.1037/t58244-000
2979,10.1037/t38550-000
2980,10.1037/t23113-000
2981,10.1037/t09882-000
2982,10.1037/t02486-000
2983,10.1037/t84451-000
2984,10.1037/t15645-000
2985,10.1037/t10574-000
2986,10.1037/t09342-000
2987,10.1037/t11450-000
2988,10.1037/t00336-000
2989,10.1037/t13100-000
2990,10.1037/t81836-000
2991,10.1037/t48696-000
2992,10.1037/t33138-000
2993,10.1037/t14292-000
2994,10.1037/t40315-000
2995,10.1037/t08356-000
2996,10.1037/t26119-000
2997,10.1037/t27405-000
2998,10.1037/t24839-000
2999,10.1037/t12645-000
3000,10.1037/t03110-000
3001,10.1037/t52178-000
3002,10.1037/t16422-000
3003,10.1037/t01726-000
3004,10.1037/t21138-000
3005,10.1037/t32442-000
3006,10.1037/t30762-000
3007,10.1037/t36497-000
3008,10.1037/t02600-000
3009,10.1037/t13765-000
3010,10.1037/t82680-000
3011,10.1037/t29628-000
3012,10.1037/t82674-000
3013,10.1037/t62829-000
3014,10.1037/t13761-000
3015,10.1037/t20001-000
3016,10.1037/t73546-000
3017,10.1037/t79695-000
3018,10.1037/t35503-000
3019,10.1037/t42855-000
3020,10.1037/t29103-000
3021,10.1037/t24448-000
3022,10.1037/t11408-000
3023,10.1037/t61550-000
3024,10.1037/t57600-000
3025,10.1037/t14722-000
3026,10.1037/t01460-000
3027,10.1037/t86055-000
3028,10.1037/t40676-000
3029,10.1037/t20948-000
3030,10.1037/t10806-000
3031,10.1037/t15863-000
3032,10.1037/t17727-000
3033,10.1037/t39644-000
3034,10.1037/t87222-000
3035,10.1037/t83288-000
3036,10.1037/t67859-000
3037,10.1037/t65214-000
3038,10.1037/t48068-000
3039,10.1037/t40947-000
3040,10.1037/t76248-000
3041,10.1037/t27798-000
3042,10.1037/t17166-000
3043,10.1037/t71916-000
3044,10.1037/t20165-000
3045,10.1037/t12686-000
3046,10.1037/t22743-000
3047,10.1037/t76967-000
3048,10.1037/t65157-000
3049,10.1037/t70127-000
3050,10.1037/t43174-000
3051,10.1037/t17505-000
3052,10.1037/t54985-000
3053,10.1037/t45169-000
3054,10.1037/t13656-000
3055,10.1037/t26156-000
3056,10.1037/t76324-000
3057,10.1037/t33041-000
3058,10.1037/t42015-000
3059,10.1037/t24574-000
3060,10.1037/t11033-000
3061,10.1037/t42235-000
3062,10.1037/t75317-000
3063,10.1037/t34612-000
3064,10.1037/t09054-000
3065,10.1037/t62766-000
3066,10.1037/t62813-000
3067,10.1037/t22027-000
3068,10.1037/t64523-000
3069,10.1037/t33436-000
3070,10.1037/t02112-000
3071,10.1037/t06355-000
3072,10.1037/t44224-000
3073,10.1037/t73442-000
3074,10.1037/t25980-000
3075,10.1037/t47649-000
3076,10.1037/t61878-000
3077,10.1037/t23827-000
3078,10.1037/t60140-000
3079,10.1037/t64416-000
3080,10.1037/t40931-000
3081,10.1037/t05947-000
3082,10.1037/t30261-000
3083,10.1037/t11865-000
3084,10.1037/t20416-000
3085,10.1037/t21198-000
3086,10.1037/t68517-000
3087,10.1037/t81995-000
3088,10.1037/t64537-000
3089,10.1037/t63232-000
3090,10.1037/t03079-000
3091,10.1037/t33418-000
3092,10.1037/t58053-000
3093,10.1037/t79294-000
3094,10.1037/t83583-000
3095,10.1037/t59824-000
3096,10.1037/t24852-000
3097,10.1037/t09181-000
3098,10.1037/t50328-000
3099,10.1037/t47231-000
3100,10.1037/t23315-000
3101,10.1037/t58574-000
3102,10.1037/t19497-000
3103,10.1037/t29893-000
3104,10.1037/t38771-000
3105,10.1037/t15890-000
3106,10.1037/t34236-000
3107,10.1037/t20047-000
3108,10.1037/t62700-000
3109,10.1037/t86835-000
3110,10.1037/t29900-000
3111,10.1037/t09360-000
3112,10.1037/t13380-000
3113,10.1037/t24631-000
3114,10.1037/t59007-000
3115,10.1037/t22163-000
3116,10.1037/t18750-000
3117,10.1037/t12484-000
3118,10.1037/t00491-000
3119,10.1037/t58314-000
3120,10.1037/t57741-000
3121,10.1037/t55542-000
3122,10.1037/t14414-000
3123,10.1037/t65723-000
3124,10.1037/t58619-000
3125,10.1037/t46963-000
3126,10.1037/t01048-000
3127,10.1037/t13129-000
3128,10.1037/t25016-000
3129,10.1037/t33861-000
3130,10.1037/t76163-000
3131,10.1037/t43865-000
3132,10.1037/t58527-000
3133,10.1037/t63316-000
3134,10.1037/t71105-000
3135,10.1037/t13963-000
3136,10.1037/t77484-000
3137,10.1037/t26915-000
3138,10.1037/t86837-000
3139,10.1037/t56882-000
3140,10.1037/t39045-000
3141,10.1037/t65225-000
3142,10.1037/t03119-000
3143,10.1037/t24514-000
3144,10.1037/t69843-000
3145,10.1037/t27602-000
3146,10.1037/t30283-000
3147,10.1037/t63805-000
3148,10.1037/t42801-000
3149,10.1037/t81164-000
3150,10.1037/t78652-000
3151,10.1037/t41941-000
3152,10.1037/t87182-000
3153,10.1037/t40637-000
3154,10.1037/t16112-000
3155,10.1037/t17642-000
3156,10.1037/t27980-000
3157,10.1037/t32004-000
3158,10.1037/t36226-000
3159,10.1037/t31487-000
3160,10.1037/t23734-000
3161,10.1037/t39213-000
3162,10.1037/t05881-000
3163,10.1037/t48420-000
3164,10.1037/t45106-000
3165,10.1037/t45194-000
3166,10.1037/t23798-000
3167,10.1037/t17719-000
3168,10.1037/t83065-000
3169,10.1037/t42641-000
3170,10.1037/t08822-000
3171,10.1037/t20972-000
3172,10.1037/t10477-000
3173,10.1037/t42711-000
3174,10.1037/t83751-000
3175,10.1037/t41455-000
3176,10.1037/t33777-000
3177,10.1037/t02944-000
3178,10.1037/t63363-000
3179,10.1037/t45542-000
3180,10.1037/t20869-000
3181,10.1037/t70899-000
3182,10.1037/t10414-000
3183,10.1037/t36579-000
3184,10.1037/t39353-000
3185,10.1037/t13582-000
3186,10.1037/t74304-000
3187,10.1037/t61909-000
3188,10.1037/t79050-000
3189,10.1037/t36625-000
3190,10.1037/t33301-000
3191,10.1037/t09802-000
3192,10.1037/t23009-000
3193,10.1037/t10472-000
3194,10.1037/t34365-000
3195,10.1037/t70891-000
3196,10.1037/t85376-000
3197,10.1037/t40891-000
3198,10.1037/t44383-000
3199,10.1037/t63806-000
3200,10.1037/t74353-000
3201,10.1037/t05779-000
3202,10.1037/t20178-000
3203,10.1037/t81287-000
3204,10.1037/t23959-000
3205,10.1037/t65541-000
3206,10.1037/t20742-000
3207,10.1037/t81544-000
3208,10.1037/t08891-000
3209,10.1037/t75932-000
3210,10.1037/t18955-000
3211,10.1037/t43496-000
3212,10.1037/t42165-000
3213,10.1037/t15245-000
3214,10.1037/t11986-000
3215,10.1037/t24069-000
3216,10.1037/t41288-000
3217,10.1037/t18098-000
3218,10.1037/t03806-000
3219,10.1037/t84638-000
3220,10.1037/t79278-000
3221,10.1037/t41385-000
3222,10.1037/t01018-000
3223,10.1037/t83394-000
3224,10.1037/t03599-000
3225,10.1037/t61525-000
3226,10.1037/t11093-000
3227,10.1037/t21421-000
3228,10.1037/t70031-000
3229,10.1037/t24229-000
3230,10.1037/t64707-000
3231,10.1037/t00277-000
3232,10.1037/t76726-000
3233,10.1037/t64587-000
3234,10.1037/t86669-000
3235,10.1037/t79332-000
3236,10.1037/t12297-000
3237,10.1037/t77807-000
3238,10.1037/t83200-000
3239,10.1037/t12938-000
3240,10.1037/t27014-000
3241,10.1037/t14564-000
3242,10.1037/t04386-000
3243,10.1037/t77643-000
3244,10.1037/t38434-000
3245,10.1037/t61946-000
3246,10.1037/t07569-000
3247,10.1037/t07754-000
3248,10.1037/t83072-000
3249,10.1037/t17241-000
3250,10.1037/t20611-000
3251,10.1037/t73278-000
3252,10.1037/t60783-000
3253,10.1037/t54533-000
3254,10.1037/t63154-000
3255,10.1037/t85686-000
3256,10.1037/t18536-000
3257,10.1037/t01350-000
3258,10.1037/t00814-000
3259,10.1037/t17156-000
3260,10.1037/t27210-000
3261,10.1037/t78664-000
3262,10.1037/t46411-000
3263,10.1037/t15804-000
3264,10.1037/t17018-000
3265,10.1037/t16023-000
3266,10.1037/t36301-000
3267,10.1037/t20706-000
3268,10.1037/t22468-000
3269,10.1037/t53196-000
3270,10.1037/t28703-000
3271,10.1037/t81063-000
3272,10.1037/t14686-000
3273,10.1037/t03862-000
3274,10.1037/t40669-000
3275,10.1037/t48512-000
3276,10.1037/t41421-000
3277,10.1037/t24919-000
3278,10.1037/t46449-000
3279,10.1037/t14647-000
3280,10.1037/t65148-000
3281,10.1037/t49228-000
3282,10.1037/t12214-000
3283,10.1037/t21402-000
3284,10.1037/t18700-000
3285,10.1037/t20229-000
3286,10.1037/t48541-000
3287,10.1037/t59811-000
3288,10.1037/t79680-000
3289,10.1037/t87079-000
3290,10.1037/t60230-000
3291,10.1037/t69813-000
3292,10.1037/t60169-000
3293,10.1037/t59233-000
3294,10.1037/t12836-000
3295,10.1037/t26236-000
3296,10.1037/t10277-000
3297,10.1037/t78546-000
3298,10.1037/t76316-000
3299,10.1037/t46185-000
3300,10.1037/t28339-000
3301,10.1037/t25685-000
3302,10.1037/t28997-000
3303,10.1037/t09856-000
3304,10.1037/t26522-000
3305,10.1037/t77282-000
3306,10.1037/t85352-000
3307,10.1037/t12226-000
3308,10.1037/t10793-000
3309,10.1037/t65158-000
3310,10.1037/t80681-000
3311,10.1037/t38339-000
3312,10.1037/t67161-000
3313,10.1037/t34242-000
3314,10.1037/t30552-000
3315,10.1037/t39952-000
3316,10.1037/t04429-000
3317,10.1037/t25661-000
3318,10.1037/t40287-000
3319,10.1037/t33998-000
3320,10.1037/t66174-000
3321,10.1037/t37705-000
3322,10.1037/t16786-000
3323,10.1037/t31515-000
3324,10.1037/t52472-000
3325,10.1037/t27779-000
3326,10.1037/t50507-000
3327,10.1037/t46462-000
3328,10.1037/t81630-000
3329,10.1037/t64674-000
3330,10.1037/t78588-000
3331,10.1037/t76758-000
3332,10.1037/t63425-000
3333,10.1037/t62934-000
3334,10.1037/t47566-000
3335,10.1037/t31776-000
3336,10.1037/t16800-000
3337,10.1037/t38158-000
3338,10.1037/t20308-000
3339,10.1037/t15705-000
3340,10.1037/t75429-000
3341,10.1037/t32141-000
3342,10.1037/t32089-000
3343,10.1037/t20133-000
3344,10.1037/t32238-000
3345,10.1037/t76704-000
3346,10.1037/t80393-000
3347,10.1037/t64372-000
3348,10.1037/t13305-000
3349,10.1037/t35336-000
3350,10.1037/t13011-000
3351,10.1037/t31528-000
3352,10.1037/t75677-000
3353,10.1037/t20901-000
3354,10.1037/t72204-000
3355,10.1037/t49404-000
3356,10.1037/t20478-000
3357,10.1037/t81042-000
3358,10.1037/t26776-000
3359,10.1037/t48851-000
3360,10.1037/t09166-000
3361,10.1037/t21095-000
3362,10.1037/t74930-000
3363,10.1037/t13269-000
3364,10.1037/t00774-000
3365,10.1037/t18494-000
3366,10.1037/t59297-000
3367,10.1037/t48636-000
3368,10.1037/t00050-000
3369,10.1037/t44734-000
3370,10.1037/t10357-000
3371,10.1037/t84907-000
3372,10.1037/t58953-000
3373,10.1037/t62472-000
3374,10.1037/t36110-000
3375,10.1037/t43909-000
3376,10.1037/t27920-000
3377,10.1037/t27288-000
3378,10.1037/t23575-000
3379,10.1037/t84202-000
3380,10.1037/t77843-000
3381,10.1037/t60100-000
3382,10.1037/t49430-000
3383,10.1037/t74372-000
3384,10.1037/t40198-000
3385,10.1037/t54988-000
3386,10.1037/t78492-000
3387,10.1037/t26002-000
3388,10.1037/t03074-000
3389,10.1037/t47316-000
3390,10.1037/t16919-000
3391,10.1037/t66241-000
3392,10.1037/t28271-000
3393,10.1037/t82578-000
3394,10.1037/t82349-000
3395,10.1037/t62941-000
3396,10.1037/t30202-000
3397,10.1037/t73920-000
3398,10.1037/t06302-000
3399,10.1037/t37878-000
3400,10.1037/t82836-000
3401,10.1037/t27221-000
3402,10.1037/t79388-000
3403,10.1037/t68596-000
3404,10.1037/t57884-000
3405,10.1037/t60819-000
3406,10.1037/t10462-000
3407,10.1037/t48933-000
3408,10.1037/t50859-000
3409,10.1037/t28134-000
3410,10.1037/t42791-000
3411,10.1037/t28388-000
3412,10.1037/t19189-000
3413,10.1037/t73608-000
3414,10.1037/t37191-000
3415,10.1037/t79904-000
3416,10.1037/t15689-000
3417,10.1037/t87149-000
3418,10.1037/t87364-000
3419,10.1037/t00789-000
3420,10.1037/t22810-000
3421,10.1037/t24037-000
3422,10.1037/t17653-000
3423,10.1037/t42594-000
3424,10.1037/t00466-000
3425,10.1037/t22576-000
3426,10.1037/t47705-000
3427,10.1037/t42269-000
3428,10.1037/t16042-000
3429,10.1037/t29602-000
3430,10.1037/t34573-000
3431,10.1037/t68171-000
3432,10.1037/t70956-000
3433,10.1037/t72957-000
3434,10.1037/t81014-000
3435,10.1037/t76100-000
3436,10.1037/t67124-000
3437,10.1037/t76615-000
3438,10.1037/t14344-000
3439,10.1037/t31118-000
3440,10.1037/t66446-000
3441,10.1037/t67622-000
3442,10.1037/t08737-000
3443,10.1037/t07369-000
3444,10.1037/t26909-000
3445,10.1037/t08197-000
3446,10.1037/t82273-000
3447,10.1037/t09455-000
3448,10.1037/t71353-000
3449,10.1037/t12181-000
3450,10.1037/t70309-000
3451,10.1037/t15349-000
3452,10.1037/t03821-000
3453,10.1037/t78553-000
3454,10.1037/t23916-000
3455,10.1037/t09730-000
3456,10.1037/t45190-000
3457,10.1037/t73477-000
3458,10.1037/t20144-000
3459,10.1037/t43619-000
3460,10.1037/t07788-000
3461,10.1037/t86686-000
3462,10.1037/t32195-000
3463,10.1037/t38383-000
3464,10.1037/t43890-000
3465,10.1037/t86236-000
3466,10.1037/t87490-000
3467,10.1037/t62884-000
3468,10.1037/t69066-000
3469,10.1037/t31164-000
3470,10.1037/t41994-000
3471,10.1037/t03771-000
3472,10.1037/t78383-000
3473,10.1037/t27300-000
3474,10.1037/t14287-000
3475,10.1037/t51108-000
3476,10.1037/t10049-000
3477,10.1037/t03413-000
3478,10.1037/t21975-000
3479,10.1037/t19664-000
3480,10.1037/t79327-000
3481,10.1037/t37811-000
3482,10.1037/t06893-000
3483,10.1037/t76526-000
3484,10.1037/t17885-000
3485,10.1037/t41476-000
3486,10.1037/t33786-000
3487,10.1037/t86693-000
3488,10.1037/t86850-000
3489,10.1037/t13698-000
3490,10.1037/t85293-000
3491,10.1037/t76077-000
3492,10.1037/t68162-000
3493,10.1037/t64783-000
3494,10.1037/t01185-000
3495,10.1037/t23677-000
3496,10.1037/t38184-000
3497,10.1037/t85695-000
3498,10.1037/t41713-000
3499,10.1037/t87442-000
3500,10.1037/t70900-000
3501,10.1037/t21987-000
3502,10.1037/t67438-000
3503,10.1037/t39052-000
3504,10.1037/t42980-000
3505,10.1037/t03889-000
3506,10.1037/t28070-000
3507,10.1037/t20736-000
3508,10.1037/t26491-000
3509,10.1037/t45591-000
3510,10.1037/t02228-000
3511,10.1037/t45646-000
3512,10.1037/t42182-000
3513,10.1037/t74037-000
3514,10.1037/t37885-000
3515,10.1037/t19889-000
3516,10.1037/t41898-000
3517,10.1037/t69508-000
3518,10.1037/t69755-000
3519,10.1037/t24126-000
3520,10.1037/t42885-000
3521,10.1037/t47942-000
3522,10.1037/t73357-000
3523,10.1037/t09496-000
3524,10.1037/t01335-000
3525,10.1037/t16798-000
3526,10.1037/t24102-000
3527,10.1037/t65981-000
3528,10.1037/t17135-000
3529,10.1037/t20686-000
3530,10.1037/t23175-000
3531,10.1037/t45412-000
3532,10.1037/t22032-000
3533,10.1037/t17838-000
3534,10.1037/t44624-000
3535,10.1037/t52955-000
3536,10.1037/t81093-000
3537,10.1037/t73168-000
3538,10.1037/t04299-000
3539,10.1037/t38900-000
3540,10.1037/t22158-000
3541,10.1037/t45135-000
3542,10.1037/t20177-000
3543,10.1037/t60280-000
3544,10.1037/t68177-000
3545,10.1037/t06736-000
3546,10.1037/t63395-000
3547,10.1037/t21268-000
3548,10.1037/t31137-000
3549,10.1037/t35537-000
3550,10.1037/t29325-000
3551,10.1037/t37212-000
3552,10.1037/t75725-000
3553,10.1037/t02616-000
3554,10.1037/t50556-000
3555,10.1037/t60872-000
3556,10.1037/t25869-000
3557,10.1037/t37678-000
3558,10.1037/t30252-000
3559,10.1037/t23673-000
3560,10.1037/t72741-000
3561,10.1037/t32878-000
3562,10.1037/t50843-000
3563,10.1037/t80007-000
3564,10.1037/t26638-000
3565,10.1037/t16576-000
3566,10.1037/t10287-000
3567,10.1037/t01078-000
3568,10.1037/t03407-000
3569,10.1037/t23181-000
3570,10.1037/t00748-000
3571,10.1037/t06506-000
3572,10.1037/t55120-000
3573,10.1037/t80475-000
3574,10.1037/t14346-000
3575,10.1037/t80348-000
3576,10.1037/t18388-000
3577,10.1037/t31280-000
3578,10.1037/t66852-000
3579,10.1037/t35610-000
3580,10.1037/t60122-000
3581,10.1037/t85975-000
3582,10.1037/t28085-000
3583,10.1037/t14064-000
3584,10.1037/t05250-000
3585,10.1037/t80276-000
3586,10.1037/t75321-000
3587,10.1037/t68414-000
3588,10.1037/t41212-000
3589,10.1037/t13659-000
3590,10.1037/t62965-000
3591,10.1037/t22592-000
3592,10.1037/t03592-000
3593,10.1037/t41904-000
3594,10.1037/t03181-000
3595,10.1037/t13014-000
3596,10.1037/t40385-000
3597,10.1037/t05997-000
3598,10.1037/t18334-000
3599,10.1037/t81588-000
3600,10.1037/t09060-000
3601,10.1037/t12821-000
3602,10.1037/t01728-000
3603,10.1037/t32176-000
3604,10.1037/t19588-000
3605,10.1037/t10466-000
3606,10.1037/t62754-000
3607,10.1037/t02929-000
3608,10.1037/t27017-000
3609,10.1037/t15563-000
3610,10.1037/t13681-000
3611,10.1037/t10966-000
3612,10.1037/t39468-000
3613,10.1037/t14193-000
3614,10.1037/t48634-000
3615,10.1037/t41168-000
3616,10.1037/t15501-000
3617,10.1037/t07826-000
3618,10.1037/t01231-000
3619,10.1037/t74520-000
3620,10.1037/t13308-000
3621,10.1037/t11760-000
3622,10.1037/t86405-000
3623,10.1037/t81227-000
3624,10.1037/t60283-000
3625,10.1037/t12784-000
3626,10.1037/t01331-000
3627,10.1037/t20476-000
3628,10.1037/t06359-000
3629,10.1037/t27318-000
3630,10.1037/t76197-000
3631,10.1037/t49854-000
3632,10.1037/t85753-000
3633,10.1037/t45898-000
3634,10.1037/t15850-000
3635,10.1037/t34440-000
3636,10.1037/t21002-000
3637,10.1037/t52482-000
3638,10.1037/t26201-000
3639,10.1037/t14649-000
3640,10.1037/t31964-000
3641,10.1037/t51129-000
3642,10.1037/t60197-000
3643,10.1037/t17902-000
3644,10.1037/t41507-000
3645,10.1037/t29632-000
3646,10.1037/t81999-000
3647,10.1037/t32110-000
3648,10.1037/t01595-000
3649,10.1037/t37919-000
3650,10.1037/t40059-000
3651,10.1037/t43606-000
3652,10.1037/t34218-000
3653,10.1037/t77713-000
3654,10.1037/t66877-000
3655,10.1037/t18079-000
3656,10.1037/t49346-000
3657,10.1037/t21638-000
3658,10.1037/t63748-000
3659,10.1037/t23020-000
3660,10.1037/t14111-000
3661,10.1037/t11624-000
3662,10.1037/t10031-000
3663,10.1037/t22047-000
3664,10.1037/t00909-000
3665,10.1037/t77601-000
3666,10.1037/t75809-000
3667,10.1037/t32084-000
3668,10.1037/t64421-000
3669,10.1037/t14288-000
3670,10.1037/t80142-000
3671,10.1037/t10997-000
3672,10.1037/t69376-000
3673,10.1037/t46500-000
3674,10.1037/t73025-000
3675,10.1037/t08953-000
3676,10.1037/t28403-000
3677,10.1037/t19242-000
3678,10.1037/t16159-000
3679,10.1037/t81627-000
3680,10.1037/t27059-000
3681,10.1037/t10975-000
3682,10.1037/t64284-000
3683,10.1037/t35676-000
3684,10.1037/t59157-000
3685,10.1037/t34320-000
3686,10.1037/t25091-000
3687,10.1037/t77757-000
3688,10.1037/t18885-000
3689,10.1037/t12894-000
3690,10.1037/t49775-000
3691,10.1037/t39267-000
3692,10.1037/t31340-000
3693,10.1037/t12292-000
3694,10.1037/t19828-000
3695,10.1037/t85115-000
3696,10.1037/t22230-000
3697,10.1037/t37206-000
3698,10.1037/t58952-000
3699,10.1037/t67651-000
3700,10.1037/t78706-000
3701,10.1037/t36017-000
3702,10.1037/t80531-000
3703,10.1037/t78658-000
3704,10.1037/t09635-000
3705,10.1037/t69970-000
3706,10.1037/t32078-000
3707,10.1037/t00932-000
3708,10.1037/t76652-000
3709,10.1037/t53479-000
3710,10.1037/t22593-000
3711,10.1037/t13590-000
3712,10.1037/t17387-000
3713,10.1037/t40048-000
3714,10.1037/t20575-000
3715,10.1037/t76891-000
3716,10.1037/t54544-000
3717,10.1037/t14172-000
3718,10.1037/t16432-000
3719,10.1037/t09259-000
3720,10.1037/t25325-000
3721,10.1037/t36858-000
3722,10.1037/t67918-000
3723,10.1037/t39707-000
3724,10.1037/t36057-000
3725,10.1037/t84240-000
3726,10.1037/t30585-000
3727,10.1037/t38341-000
3728,10.1037/t23508-000
3729,10.1037/t23114-000
3730,10.1037/t33148-000
3731,10.1037/t79539-000
3732,10.1037/t00781-000
3733,10.1037/t50825-000
3734,10.1037/t35314-000
3735,10.1037/t64947-000
3736,10.1037/t47192-000
3737,10.1037/t38940-000
3738,10.1037/t26920-000
3739,10.1037/t13303-000
3740,10.1037/t52331-000
3741,10.1037/t28645-000
3742,10.1037/t26082-000
3743,10.1037/t29134-000
3744,10.1037/t09505-000
3745,10.1037/t26074-000
3746,10.1037/t86530-000
3747,10.1037/t30264-000
3748,10.1037/t73142-000
3749,10.1037/t05324-000
3750,10.1037/t70492-000
3751,10.1037/t22305-000
3752,10.1037/t43462-000
3753,10.1037/t63069-000
3754,10.1037/t04950-000
3755,10.1037/t00740-000
3756,10.1037/t84211-000
3757,10.1037/t85605-000
3758,10.1037/t42971-000
3759,10.1037/t70867-000
3760,10.1037/t69331-000
3761,10.1037/t12136-000
3762,10.1037/t77365-000
3763,10.1037/t45564-000
3764,10.1037/t14532-000
3765,10.1037/t13861-000
3766,10.1037/t20119-000
3767,10.1037/t16018-000
3768,10.1037/t09700-000
3769,10.1037/t10178-000
3770,10.1037/t84003-000
3771,10.1037/t15406-000
3772,10.1037/t13343-000
3773,10.1037/t48864-000
3774,10.1037/t71193-000
3775,10.1037/t23193-000
3776,10.1037/t18020-000
3777,10.1037/t61949-000
3778,10.1037/t68504-000
3779,10.1037/t23725-000
3780,10.1037/t13073-000
3781,10.1037/t66650-000
3782,10.1037/t40862-000
3783,10.1037/t09808-000
3784,10.1037/t30352-000
3785,10.1037/t87564-000
3786,10.1037/t83097-000
3787,10.1037/t27354-000
3788,10.1037/t63128-000
3789,10.1037/t38997-000
3790,10.1037/t20362-000
3791,10.1037/t44705-000
3792,10.1037/t00353-000
3793,10.1037/t13373-000
3794,10.1037/t17356-000
3795,10.1037/t40946-000
3796,10.1037/t28755-000
3797,10.1037/t86918-000
3798,10.1037/t65627-000
3799,10.1037/t79815-000
3800,10.1037/t26420-000
3801,10.1037/t74768-000
3802,10.1037/t04627-000
3803,10.1037/t84177-000
3804,10.1037/t34841-000
3805,10.1037/t62579-000
3806,10.1037/t80860-000
3807,10.1037/t20541-000
3808,10.1037/t38288-000
3809,10.1037/t53244-000
3810,10.1037/t41062-000
3811,10.1037/t20474-000
3812,10.1037/t78252-000
3813,10.1037/t28941-000
3814,10.1037/t09851-000
3815,10.1037/t19420-000
3816,10.1037/t12128-000
3817,10.1037/t33732-000
3818,10.1037/t85260-000
3819,10.1037/t44156-000
3820,10.1037/t15419-000
3821,10.1037/t14028-000
3822,10.1037/t67801-000
3823,10.1037/t66767-000
3824,10.1037/t81502-000
3825,10.1037/t58339-000
3826,10.1037/t32127-000
3827,10.1037/t24080-000
3828,10.1037/t32355-000
3829,10.1037/t68469-000
3830,10.1037/t37661-000
3831,10.1037/t66501-000
3832,10.1037/t59839-000
3833,10.1037/t50696-000
3834,10.1037/t81859-000
3835,10.1037/t00094-000
3836,10.1037/t33175-000
3837,10.1037/t60299-000
3838,10.1037/t82817-000
3839,10.1037/t79857-000
3840,10.1037/t84219-000
3841,10.1037/t40902-000
3842,10.1037/t82377-000
3843,10.1037/t10753-000
3844,10.1037/t25568-000
3845,10.1037/t31037-000
3846,10.1037/t31190-000
3847,10.1037/t42824-000
3848,10.1037/t32256-000
3849,10.1037/t39134-000
3850,10.1037/t73930-000
3851,10.1037/t22195-000
3852,10.1037/t14057-000
3853,10.1037/t42714-000
3854,10.1037/t70611-000
3855,10.1037/t14903-000
3856,10.1037/t01583-000
3857,10.1037/t60088-000
3858,10.1037/t37376-000
3859,10.1037/t39065-000
3860,10.1037/t81862-000
3861,10.1037/t46274-000
3862,10.1037/t47756-000
3863,10.1037/t18510-000
3864,10.1037/t09719-000
3865,10.1037/t75027-000
3866,10.1037/t00700-000
3867,10.1037/t08274-000
3868,10.1037/t03878-000
3869,10.1037/t09602-000
3870,10.1037/t36361-000
3871,10.1037/t53580-000
3872,10.1037/t34357-000
3873,10.1037/t49204-000
3874,10.1037/t47047-000
3875,10.1037/t27171-000
3876,10.1037/t85453-000
3877,10.1037/t34289-000
3878,10.1037/t65598-000
3879,10.1037/t71559-000
3880,10.1037/t66769-000
3881,10.1037/t72085-000
3882,10.1037/t17000-000
3883,10.1037/t26506-000
3884,10.1037/t67688-000
3885,10.1037/t39240-000
3886,10.1037/t19540-000
3887,10.1037/t00358-000
3888,10.1037/t21505-000
3889,10.1037/t26371-000
3890,10.1037/t08268-000
3891,10.1037/t79478-000
3892,10.1037/t22002-000
3893,10.1037/t21874-000
3894,10.1037/t76357-000
3895,10.1037/t87000-000
3896,10.1037/t42136-000
3897,10.1037/t34489-000
3898,10.1037/t50812-000
3899,10.1037/t28711-000
3900,10.1037/t22597-000
3901,10.1037/t25514-000
3902,10.1037/t76200-000
3903,10.1037/t22236-000
3904,10.1037/t78141-000
3905,10.1037/t76259-000
3906,10.1037/t10439-000
3907,10.1037/t21346-000
3908,10.1037/t24360-000
3909,10.1037/t76639-000
3910,10.1037/t71457-000
3911,10.1037/t12755-000
3912,10.1037/t58013-000
3913,10.1037/t26358-000
3914,10.1037/t13657-000
3915,10.1037/t30586-000
3916,10.1037/t12138-000
3917,10.1037/t68183-000
3918,10.1037/t22050-000
3919,10.1037/t64325-000
3920,10.1037/t22958-000
3921,10.1037/t40633-000
3922,10.1037/t12034-000
3923,10.1037/t63311-000
3924,10.1037/t03317-000
3925,10.1037/t01020-000
3926,10.1037/t38039-000
3927,10.1037/t34504-000
3928,10.1037/t24958-000
3929,10.1037/t05993-000
3930,10.1037/t10378-000
3931,10.1037/t27406-000
3932,10.1037/t35411-000
3933,10.1037/t12281-000
3934,10.1037/t02070-000
3935,10.1037/t10470-000
3936,10.1037/t08592-000
3937,10.1037/t82910-000
3938,10.1037/t16664-000
3939,10.1037/t65700-000
3940,10.1037/t78758-000
3941,10.1037/t54110-000
3942,10.1037/t64715-000
3943,10.1037/t47775-000
3944,10.1037/t17804-000
3945,10.1037/t38276-000
3946,10.1037/t49312-000
3947,10.1037/t37247-000
3948,10.1037/t15755-000
3949,10.1037/t28096-000
3950,10.1037/t81913-000
3951,10.1037/t74587-000
3952,10.1037/t72843-000
3953,10.1037/t25426-000
3954,10.1037/t63006-000
3955,10.1037/t30049-000
3956,10.1037/t51128-000
3957,10.1037/t00410-000
3958,10.1037/t55464-000
3959,10.1037/t13721-000
3960,10.1037/t79335-000
3961,10.1037/t24340-000
3962,10.1037/t18973-000
3963,10.1037/t06642-000
3964,10.1037/t14497-000
3965,10.1037/t23837-000
3966,10.1037/t41447-000
3967,10.1037/t00842-000
3968,10.1037/t87292-000
3969,10.1037/t03885-000
3970,10.1037/t11570-000
3971,10.1037/t84888-000
3972,10.1037/t09187-000
3973,10.1037/t63402-000
3974,10.1037/t20826-000
3975,10.1037/t51259-000
3976,10.1037/t14846-000
3977,10.1037/t40151-000
3978,10.1037/t47155-000
3979,10.1037/t74688-000
3980,10.1037/t46023-000
3981,10.1037/t82744-000
3982,10.1037/t67623-000
3983,10.1037/t87299-000
3984,10.1037/t63335-000
3985,10.1037/t47476-000
3986,10.1037/t03050-000
3987,10.1037/t14350-000
3988,10.1037/t28762-000
3989,10.1037/t40603-000
3990,10.1037/t44478-000
3991,10.1037/t23330-000
3992,10.1037/t64848-000
3993,10.1037/t31513-000
3994,10.1037/t40475-000
3995,10.1037/t41183-000
3996,10.1037/t09853-000
3997,10.1037/t19392-000
3998,10.1037/t20235-000
3999,10.1037/t26828-000
4000,10.1037/t77738-000
4001,10.1037/t08939-000
4002,10.1037/t71918-000
4003,10.1037/t78020-000
4004,10.1037/t80085-000
4005,10.1037/t32634-000
4006,10.1037/t45335-000
4007,10.1037/t00662-000
4008,10.1037/t34044-000
4009,10.1037/t01261-000
4010,10.1037/t12046-000
4011,10.1037/t46647-000
4012,10.1037/t24918-000
4013,10.1037/t64340-000
4014,10.1037/t25741-000
4015,10.1037/t86622-000
4016,10.1037/t84644-000
4017,10.1037/t32198-000
4018,10.1037/t11778-000
4019,10.1037/t40311-000
4020,10.1037/t62849-000
4021,10.1037/t45901-000
4022,10.1037/t21764-000
4023,10.1037/t01184-000
4024,10.1037/t19616-000
4025,10.1037/t74658-000
4026,10.1037/t08148-000
4027,10.1037/t05214-000
4028,10.1037/t62450-000
4029,10.1037/t07789-000
4030,10.1037/t62094-000
4031,10.1037/t49198-000
4032,10.1037/t54699-000
4033,10.1037/t16857-000
4034,10.1037/t48156-000
4035,10.1037/t36477-000
4036,10.1037/t13879-000
4037,10.1037/t33873-000
4038,10.1037/t00832-000
4039,10.1037/t63056-000
4040,10.1037/t22844-000
4041,10.1037/t63474-000
4042,10.1037/t13233-000
4043,10.1037/t76875-000
4044,10.1037/t82838-000
4045,10.1037/t19674-000
4046,10.1037/t81283-000
4047,10.1037/t68654-000
4048,10.1037/t19915-000
4049,10.1037/t04441-000
4050,10.1037/t02761-000
4051,10.1037/t25182-000
4052,10.1037/t01098-000
4053,10.1037/t27641-000
4054,10.1037/t12144-000
4055,10.1037/t48240-000
4056,10.1037/t01622-000
4057,10.1037/t16292-000
4058,10.1037/t13171-000
4059,10.1037/t79757-000
4060,10.1037/t26503-000
4061,10.1037/t09151-000
4062,10.1037/t37407-000
4063,10.1037/t60761-000
4064,10.1037/t34146-000
4065,10.1037/t21981-000
4066,10.1037/t46823-000
4067,10.1037/t18795-000
4068,10.1037/t13081-000
4069,10.1037/t00695-000
4070,10.1037/t67380-000
4071,10.1037/t46750-000
4072,10.1037/t72455-000
4073,10.1037/t32173-000
4074,10.1037/t11081-000
4075,10.1037/t00686-000
4076,10.1037/t78472-000
4077,10.1037/t25373-000
4078,10.1037/t75287-000
4079,10.1037/t29859-000
4080,10.1037/t86050-000
4081,10.1037/t43638-000
4082,10.1037/t50503-000
4083,10.1037/t74782-000
4084,10.1037/t27302-000
4085,10.1037/t24059-000
4086,10.1037/t63439-000
4087,10.1037/t36964-000
4088,10.1037/t63952-000
4089,10.1037/t14726-000
4090,10.1037/t18440-000
4091,10.1037/t01136-000
4092,10.1037/t03881-000
4093,10.1037/t87321-000
4094,10.1037/t07563-000
4095,10.1037/t73359-000
4096,10.1037/t79040-000
4097,10.1037/t53364-000
4098,10.1037/t57827-000
4099,10.1037/t29843-000
4100,10.1037/t81479-000
4101,10.1037/t47715-000
4102,10.1037/t87800-000
4103,10.1037/t52358-000
4104,10.1037/t77801-000
4105,10.1037/t34552-000
4106,10.1037/t14154-000
4107,10.1037/t15570-000
4108,10.1037/t11334-000
4109,10.1037/t61989-000
4110,10.1037/t09983-000
4111,10.1037/t21498-000
4112,10.1037/t28770-000
4113,10.1037/t30786-000
4114,10.1037/t84900-000
4115,10.1037/t11879-000
4116,10.1037/t02309-000
4117,10.1037/t84841-000
4118,10.1037/t19387-000
4119,10.1037/t11077-000
4120,10.1037/t83207-000
4121,10.1037/t43596-000
4122,10.1037/t15646-000
4123,10.1037/t33316-000
4124,10.1037/t74487-000
4125,10.1037/t10169-000
4126,10.1037/t59827-000
4127,10.1037/t16542-000
4128,10.1037/t13356-000
4129,10.1037/t63535-000
4130,10.1037/t59581-000
4131,10.1037/t63454-000
4132,10.1037/t22732-000
4133,10.1037/t80534-000
4134,10.1037/t34343-000
4135,10.1037/t18960-000
4136,10.1037/t82702-000
4137,10.1037/t37105-000
4138,10.1037/t37580-000
4139,10.1037/t31223-000
4140,10.1037/t01140-000
4141,10.1037/t24381-000
4142,10.1037/t25793-000
4143,10.1037/t15316-000
4144,10.1037/t25963-000
4145,10.1037/t23075-000
4146,10.1037/t34709-000
4147,10.1037/t78422-000
4148,10.1037/t65286-000
4149,10.1037/t71067-000
4150,10.1037/t84022-000
4151,10.1037/t73957-000
4152,10.1037/t37971-000
4153,10.1037/t10780-000
4154,10.1037/t21561-000
4155,10.1037/t30577-000
4156,10.1037/t65690-000
4157,10.1037/t08475-000
4158,10.1037/t09745-000
4159,10.1037/t21890-000
4160,10.1037/t03696-000
4161,10.1037/t41583-000
4162,10.1037/t82975-000
4163,10.1037/t23462-000
4164,10.1037/t12421-000
4165,10.1037/t23853-000
4166,10.1037/t00612-000
4167,10.1037/t80894-000
4168,10.1037/t22498-000
4169,10.1037/t78573-000
4170,10.1037/t87053-000
4171,10.1037/t20050-000
4172,10.1037/t13120-000
4173,10.1037/t12706-000
4174,10.1037/t45780-000
4175,10.1037/t35763-000
4176,10.1037/t38993-000
4177,10.1037/t21032-000
4178,10.1037/t38155-000
4179,10.1037/t73814-000
4180,10.1037/t71460-000
4181,10.1037/t00916-000
4182,10.1037/t03364-000
4183,10.1037/t79755-000
4184,10.1037/t74091-000
4185,10.1037/t62202-000
4186,10.1037/t52604-000
4187,10.1037/t63258-000
4188,10.1037/t32674-000
4189,10.1037/t67335-000
4190,10.1037/t70312-000
4191,10.1037/t23647-000
4192,10.1037/t34076-000
4193,10.1037/t69926-000
4194,10.1037/t65599-000
4195,10.1037/t23857-000
4196,10.1037/t20472-000
4197,10.1037/t26334-000
4198,10.1037/t33499-000
4199,10.1037/t22559-000
4200,10.1037/t70486-000
4201,10.1037/t80906-000
4202,10.1037/t60099-000
4203,10.1037/t62329-000
4204,10.1037/t26399-000
4205,10.1037/t43215-000
4206,10.1037/t30260-000
4207,10.1037/t29575-000
4208,10.1037/t27850-000
4209,10.1037/t19768-000
4210,10.1037/t07447-000
4211,10.1037/t13114-000
4212,10.1037/t42590-000
4213,10.1037/t01488-000
4214,10.1037/t14385-000
4215,10.1037/t24124-000
4216,10.1037/t12623-000
4217,10.1037/t66078-000
4218,10.1037/t57792-000
4219,10.1037/t18753-000
4220,10.1037/t17064-000
4221,10.1037/t11567-000
4222,10.1037/t19967-000
4223,10.1037/t05348-000
4224,10.1037/t36129-000
4225,10.1037/t74902-000
4226,10.1037/t34112-000
4227,10.1037/t37021-000
4228,10.1037/t87189-000
4229,10.1037/t30124-000
4230,10.1037/t73502-000
4231,10.1037/t38926-000
4232,10.1037/t72779-000
4233,10.1037/t78595-000
4234,10.1037/t67448-000
4235,10.1037/t34191-000
4236,10.1037/t67458-000
4237,10.1037/t08382-000
4238,10.1037/t20231-000
4239,10.1037/t69041-000
4240,10.1037/t26307-000
4241,10.1037/t81842-000
4242,10.1037/t18516-000
4243,10.1037/t71060-000
4244,10.1037/t11889-000
4245,10.1037/t20865-000
4246,10.1037/t12211-000
4247,10.1037/t23291-000
4248,10.1037/t09686-000
4249,10.1037/t75723-000
4250,10.1037/t70655-000
4251,10.1037/t86434-000
4252,10.1037/t26444-000
4253,10.1037/t84898-000
4254,10.1037/t02383-000
4255,10.1037/t41238-000
4256,10.1037/t44929-000
4257,10.1037/t73310-000
4258,10.1037/t81701-000
4259,10.1037/t24158-000
4260,10.1037/t82407-000
4261,10.1037/t11695-000
4262,10.1037/t32627-000
4263,10.1037/t58526-000
4264,10.1037/t17277-000
4265,10.1037/t79385-000
4266,10.1037/t21185-000
4267,10.1037/t23309-000
4268,10.1037/t14774-000
4269,10.1037/t41668-000
4270,10.1037/t13658-000
4271,10.1037/t17895-000
4272,10.1037/t78254-000
4273,10.1037/t28051-000
4274,10.1037/t10777-000
4275,10.1037/t16341-000
4276,10.1037/t27535-000
4277,10.1037/t43340-000
4278,10.1037/t26748-000
4279,10.1037/t77096-000
4280,10.1037/t23499-000
4281,10.1037/t31847-000
4282,10.1037/t20595-000
4283,10.1037/t35165-000
4284,10.1037/t34530-000
4285,10.1037/t80538-000
4286,10.1037/t13082-000
4287,10.1037/t40640-000
4288,10.1037/t45480-000
4289,10.1037/t02918-000
4290,10.1037/t23072-000
4291,10.1037/t21829-000
4292,10.1037/t17619-000
4293,10.1037/t00481-000
4294,10.1037/t79501-000
4295,10.1037/t75292-000
4296,10.1037/t68742-000
4297,10.1037/t80709-000
4298,10.1037/t04914-000
4299,10.1037/t16545-000
4300,10.1037/t21003-000
4301,10.1037/t25969-000
4302,10.1037/t42480-000
4303,10.1037/t66356-000
4304,10.1037/t20631-000
4305,10.1037/t12312-000
4306,10.1037/t41474-000
4307,10.1037/t18056-000
4308,10.1037/t52618-000
4309,10.1037/t17059-000
4310,10.1037/t16948-000
4311,10.1037/t22814-000
4312,10.1037/t62358-000
4313,10.1037/t29824-000
4314,10.1037/t19575-000
4315,10.1037/t52295-000
4316,10.1037/t75913-000
4317,10.1037/t34074-000
4318,10.1037/t62153-000
4319,10.1037/t08763-000
4320,10.1037/t11229-000
4321,10.1037/t32190-000
4322,10.1037/t07941-000
4323,10.1037/t27605-000
4324,10.1037/t09254-000
4325,10.1037/t18746-000
4326,10.1037/t51203-000
4327,10.1037/t31661-000
4328,10.1037/t26603-000
4329,10.1037/t70493-000
4330,10.1037/t70328-000
4331,10.1037/t12607-000
4332,10.1037/t22702-000
4333,10.1037/t60238-000
4334,10.1037/t22217-000
4335,10.1037/t44133-000
4336,10.1037/t77473-000
4337,10.1037/t13079-000
4338,10.1037/t79760-000
4339,10.1037/t33876-000
4340,10.1037/t34436-000
4341,10.1037/t80220-000
4342,10.1037/t75216-000
4343,10.1037/t32597-000
4344,10.1037/t05295-000
4345,10.1037/t16995-000
4346,10.1037/t16911-000
4347,10.1037/t66597-000
4348,10.1037/t24339-000
4349,10.1037/t68749-000
4350,10.1037/t48027-000
4351,10.1037/t38674-000
4352,10.1037/t04354-000
4353,10.1037/t17576-000
4354,10.1037/t16433-000
4355,10.1037/t07216-000
4356,10.1037/t72669-000
4357,10.1037/t75631-000
4358,10.1037/t23485-000
4359,10.1037/t23766-000
4360,10.1037/t24333-000
4361,10.1037/t19898-000
4362,10.1037/t26147-000
4363,10.1037/t39129-000
4364,10.1037/t12202-000
4365,10.1037/t67152-000
4366,10.1037/t33984-000
4367,10.1037/t15564-000
4368,10.1037/t62476-000
4369,10.1037/t40904-000
4370,10.1037/t34501-000
4371,10.1037/t77502-000
4372,10.1037/t42147-000
4373,10.1037/t00042-000
4374,10.1037/t85984-000
4375,10.1037/t06867-000
4376,10.1037/t63788-000
4377,10.1037/t78778-000
4378,10.1037/t05025-000
4379,10.1037/t14496-000
4380,10.1037/t66944-000
4381,10.1037/t83196-000
4382,10.1037/t71063-000
4383,10.1037/t84875-000
4384,10.1037/t22722-000
4385,10.1037/t32973-000
4386,10.1037/t31499-000
4387,10.1037/t18302-000
4388,10.1037/t12757-000
4389,10.1037/t40851-000
4390,10.1037/t32620-000
4391,10.1037/t00238-000
4392,10.1037/t46546-000
4393,10.1037/t13495-000
4394,10.1037/t28269-000
4395,10.1037/t04050-000
4396,10.1037/t63398-000
4397,10.1037/t63078-000
4398,10.1037/t77935-000
4399,10.1037/t84672-000
4400,10.1037/t22622-000
4401,10.1037/t25815-000
4402,10.1037/t46110-000
4403,10.1037/t38133-000
4404,10.1037/t26150-000
4405,10.1037/t36608-000
4406,10.1037/t25549-000
4407,10.1037/t22315-000
4408,10.1037/t32267-000
4409,10.1037/t76824-000
4410,10.1037/t34121-000
4411,10.1037/t67521-000
4412,10.1037/t32631-000
4413,10.1037/t00495-000
4414,10.1037/t55747-000
4415,10.1037/t31063-000
4416,10.1037/t23672-000
4417,10.1037/t66060-000
4418,10.1037/t23304-000
4419,10.1037/t04987-000
4420,10.1037/t16251-000
4421,10.1037/t12087-000
4422,10.1037/t68176-000
4423,10.1037/t77868-000
4424,10.1037/t54944-000
4425,10.1037/t42996-000
4426,10.1037/t78312-000
4427,10.1037/t26464-000
4428,10.1037/t36251-000
4429,10.1037/t22761-000
4430,10.1037/t15779-000
4431,10.1037/t25821-000
4432,10.1037/t66835-000
4433,10.1037/t69160-000
4434,10.1037/t67104-000
4435,10.1037/t14120-000
4436,10.1037/t85857-000
4437,10.1037/t70246-000
4438,10.1037/t62425-000
4439,10.1037/t25407-000
4440,10.1037/t26672-000
4441,10.1037/t53149-000
4442,10.1037/t65774-000
4443,10.1037/t26340-000
4444,10.1037/t45572-000
4445,10.1037/t40647-000
4446,10.1037/t27247-000
4447,10.1037/t08192-000
4448,10.1037/t38647-000
4449,10.1037/t12209-000
4450,10.1037/t26388-000
4451,10.1037/t58981-000
4452,10.1037/t19035-000
4453,10.1037/t18112-000
4454,10.1037/t62636-000
4455,10.1037/t83659-000
4456,10.1037/t21530-000
4457,10.1037/t58316-000
4458,10.1037/t70384-000
4459,10.1037/t24447-000
4460,10.1037/t36552-000
4461,10.1037/t07368-000
4462,10.1037/t27486-000
4463,10.1037/t65592-000
4464,10.1037/t77382-000
4465,10.1037/t52803-000
4466,10.1037/t33889-000
4467,10.1037/t40759-000
4468,10.1037/t42988-000
4469,10.1037/t17678-000
4470,10.1037/t25734-000
4471,10.1037/t31673-000
4472,10.1037/t14214-000
4473,10.1037/t45938-000
4474,10.1037/t16892-000
4475,10.1037/t72635-000
4476,10.1037/t46549-000
4477,10.1037/t36357-000
4478,10.1037/t40056-000
4479,10.1037/t55731-000
4480,10.1037/t40672-000
4481,10.1037/t02495-000
4482,10.1037/t14255-000
4483,10.1037/t75661-000
4484,10.1037/t41333-000
4485,10.1037/t07804-000
4486,10.1037/t31913-000
4487,10.1037/t17797-000
4488,10.1037/t78730-000
4489,10.1037/t29421-000
4490,10.1037/t32282-000
4491,10.1037/t19493-000
4492,10.1037/t75242-000
4493,10.1037/t12480-000
4494,10.1037/t43883-000
4495,10.1037/t85048-000
4496,10.1037/t10309-000
4497,10.1037/t31457-000
4498,10.1037/t07034-000
4499,10.1037/t21859-000
4500,10.1037/t16797-000
4501,10.1037/t12991-000
4502,10.1037/t27894-000
4503,10.1037/t63533-000
4504,10.1037/t26475-000
4505,10.1037/t86088-000
4506,10.1037/t86005-000
4507,10.1037/t75849-000
4508,10.1037/t13019-000
4509,10.1037/t04003-000
4510,10.1037/t08975-000
4511,10.1037/t65294-000
4512,10.1037/t18729-000
4513,10.1037/t68055-000
4514,10.1037/t81435-000
4515,10.1037/t82419-000
4516,10.1037/t15879-000
4517,10.1037/t12295-000
4518,10.1037/t07082-000
4519,10.1037/t06222-000
4520,10.1037/t18089-000
4521,10.1037/t01551-000
4522,10.1037/t27384-000
4523,10.1037/t14440-000
4524,10.1037/t42774-000
4525,10.1037/t11692-000
4526,10.1037/t24577-000
4527,10.1037/t62422-000
4528,10.1037/t26688-000
4529,10.1037/t61184-000
4530,10.1037/t65492-000
4531,10.1037/t25598-000
4532,10.1037/t64435-000
4533,10.1037/t60959-000
4534,10.1037/t67502-000
4535,10.1037/t52415-000
4536,10.1037/t74216-000
4537,10.1037/t86736-000
4538,10.1037/t17956-000
4539,10.1037/t50852-000
4540,10.1037/t66486-000
4541,10.1037/t09568-000
4542,10.1037/t12039-000
4543,10.1037/t84210-000
4544,10.1037/t63211-000
4545,10.1037/t76795-000
4546,10.1037/t84366-000
4547,10.1037/t33806-000
4548,10.1037/t75470-000
4549,10.1037/t23293-000
4550,10.1037/t65720-000
4551,10.1037/t37978-000
4552,10.1037/t22279-000
4553,10.1037/t82946-000
4554,10.1037/t31713-000
4555,10.1037/t14034-000
4556,10.1037/t20169-000
4557,10.1037/t87160-000
4558,10.1037/t27062-000
4559,10.1037/t83846-000
4560,10.1037/t06756-000
4561,10.1037/t53974-000
4562,10.1037/t31290-000
4563,10.1037/t23802-000
4564,10.1037/t77619-000
4565,10.1037/t39337-000
4566,10.1037/t40653-000
4567,10.1037/t41323-000
4568,10.1037/t75068-000
4569,10.1037/t14742-000
4570,10.1037/t39092-000
4571,10.1037/t63212-000
4572,10.1037/t69861-000
4573,10.1037/t36187-000
4574,10.1037/t38467-000
4575,10.1037/t38556-000
4576,10.1037/t34398-000
4577,10.1037/t63503-000
4578,10.1037/t60562-000
4579,10.1037/t27345-000
4580,10.1037/t09946-000
4581,10.1037/t78533-000
4582,10.1037/t81560-000
4583,10.1037/t51093-000
4584,10.1037/t85489-000
4585,10.1037/t17799-000
4586,10.1037/t25725-000
4587,10.1037/t10993-000
4588,10.1037/t74127-000
4589,10.1037/t11514-000
4590,10.1037/t17448-000
4591,10.1037/t14878-000
4592,10.1037/t04019-000
4593,10.1037/t35148-000
4594,10.1037/t35566-000
4595,10.1037/t45649-000
4596,10.1037/t26602-000
4597,10.1037/t77107-000
4598,10.1037/t11221-000
4599,10.1037/t63082-000
4600,10.1037/t74732-000
4601,10.1037/t27966-000
4602,10.1037/t37155-000
4603,10.1037/t76901-000
4604,10.1037/t77893-000
4605,10.1037/t67485-000
4606,10.1037/t17445-000
4607,10.1037/t16868-000
4608,10.1037/t31386-000
4609,10.1037/t72774-000
4610,10.1037/t45639-000
4611,10.1037/t25905-000
4612,10.1037/t07266-000
4613,10.1037/t61542-000
4614,10.1037/t64522-000
4615,10.1037/t83727-000
4616,10.1037/t86216-000
4617,10.1037/t42753-000
4618,10.1037/t44460-000
4619,10.1037/t22640-000
4620,10.1037/t18281-000
4621,10.1037/t46167-000
4622,10.1037/t14072-000
4623,10.1037/t03694-000
4624,10.1037/t38427-000
4625,10.1037/t00878-000
4626,10.1037/t22408-000
4627,10.1037/t83284-000
4628,10.1037/t82415-000
4629,10.1037/t41469-000
4630,10.1037/t79877-000
4631,10.1037/t77012-000
4632,10.1037/t10792-000
4633,10.1037/t21813-000
4634,10.1037/t01806-000
4635,10.1037/t50726-000
4636,10.1037/t82746-000
4637,10.1037/t76535-000
4638,10.1037/t31723-000
4639,10.1037/t68690-000
4640,10.1037/t13767-000
4641,10.1037/t27958-000
4642,10.1037/t26305-000
4643,10.1037/t10322-000
4644,10.1037/t43871-000
4645,10.1037/t34291-000
4646,10.1037/t39990-000
4647,10.1037/t29168-000
4648,10.1037/t81780-000
4649,10.1037/t85200-000
4650,10.1037/t07131-000
4651,10.1037/t41161-000
4652,10.1037/t26423-000
4653,10.1037/t30450-000
4654,10.1037/t15258-000
4655,10.1037/t28763-000
4656,10.1037/t15714-000
4657,10.1037/t00552-000
4658,10.1037/t61498-000
4659,10.1037/t63906-000
4660,10.1037/t46366-000
4661,10.1037/t69612-000
4662,10.1037/t33943-000
4663,10.1037/t77142-000
4664,10.1037/t08635-000
4665,10.1037/t77732-000
4666,10.1037/t20390-000
4667,10.1037/t84862-000
4668,10.1037/t60475-000
4669,10.1037/t06880-000
4670,10.1037/t79184-000
4671,10.1037/t57235-000
4672,10.1037/t08902-000
4673,10.1037/t33047-000
4674,10.1037/t42663-000
4675,10.1037/t45687-000
4676,10.1037/t78432-000
4677,10.1037/t10035-000
4678,10.1037/t11884-000
4679,10.1037/t69675-000
4680,10.1037/t84067-000
4681,10.1037/t02976-000
4682,10.1037/t10681-000
4683,10.1037/t62108-000
4684,10.1037/t11820-000
4685,10.1037/t04518-000
4686,10.1037/t16832-000
4687,10.1037/t43418-000
4688,10.1037/t54577-000
4689,10.1037/t07740-000
4690,10.1037/t19399-000
4691,10.1037/t12575-000
4692,10.1037/t13519-000
4693,10.1037/t13296-000
4694,10.1037/t82435-000
4695,10.1037/t65704-000
4696,10.1037/t53847-000
4697,10.1037/t75781-000
4698,10.1037/t42173-000
4699,10.1037/t20314-000
4700,10.1037/t85053-000
4701,10.1037/t25483-000
4702,10.1037/t12204-000
4703,10.1037/t22127-000
4704,10.1037/t16943-000
4705,10.1037/t43716-000
4706,10.1037/t27250-000
4707,10.1037/t12359-000
4708,10.1037/t30071-000
4709,10.1037/t16326-000
4710,10.1037/t42033-000
4711,10.1037/t28326-000
4712,10.1037/t15250-000
4713,10.1037/t85389-000
4714,10.1037/t00497-000
4715,10.1037/t82316-000
4716,10.1037/t41130-000
4717,10.1037/t10141-000
4718,10.1037/t79623-000
4719,10.1037/t63432-000
4720,10.1037/t38629-000
4721,10.1037/t14765-000
4722,10.1037/t15540-000
4723,10.1037/t77657-000
4724,10.1037/t26668-000
4725,10.1037/t21920-000
4726,10.1037/t39656-000
4727,10.1037/t36137-000
4728,10.1037/t10279-000
4729,10.1037/t22221-000
4730,10.1037/t27678-000
4731,10.1037/t14683-000
4732,10.1037/t03583-000
4733,10.1037/t64752-000
4734,10.1037/t77562-000
4735,10.1037/t31246-000
4736,10.1037/t23663-000
4737,10.1037/t77351-000
4738,10.1037/t20716-000
4739,10.1037/t31571-000
4740,10.1037/t12220-000
4741,10.1037/t82862-000
4742,10.1037/t45003-000
4743,10.1037/t09689-000
4744,10.1037/t25475-000
4745,10.1037/t81310-000
4746,10.1037/t84709-000
4747,10.1037/t20761-000
4748,10.1037/t23038-000
4749,10.1037/t26568-000
4750,10.1037/t59428-000
4751,10.1037/t48530-000
4752,10.1037/t22945-000
4753,10.1037/t26140-000
4754,10.1037/t29629-000
4755,10.1037/t04179-000
4756,10.1037/t34634-000
4757,10.1037/t16381-000
4758,10.1037/t11311-000
4759,10.1037/t78437-000
4760,10.1037/t09888-000
4761,10.1037/t32180-000
4762,10.1037/t66137-000
4763,10.1037/t09470-000
4764,10.1037/t24607-000
4765,10.1037/t25154-000
4766,10.1037/t15291-000
4767,10.1037/t18505-000
4768,10.1037/t10841-000
4769,10.1037/t47483-000
4770,10.1037/t63142-000
4771,10.1037/t06748-000
4772,10.1037/t80478-000
4773,10.1037/t75493-000
4774,10.1037/t81368-000
4775,10.1037/t85255-000
4776,10.1037/t73195-000
4777,10.1037/t23618-000
4778,10.1037/t53525-000
4779,10.1037/t13366-000
4780,10.1037/t69858-000
4781,10.1037/t22982-000
4782,10.1037/t08756-000
4783,10.1037/t63000-000
4784,10.1037/t01181-000
4785,10.1037/t14559-000
4786,10.1037/t46244-000
4787,10.1037/t18788-000
4788,10.1037/t34043-000
4789,10.1037/t01300-000
4790,10.1037/t13560-000
4791,10.1037/t36046-000
4792,10.1037/t14175-000
4793,10.1037/t62229-000
4794,10.1037/t27396-000
4795,10.1037/t29709-000
4796,10.1037/t85583-000
4797,10.1037/t62897-000
4798,10.1037/t41123-000
4799,10.1037/t21353-000
4800,10.1037/t64363-000
4801,10.1037/t08972-000
4802,10.1037/t07970-000
4803,10.1037/t17968-000
4804,10.1037/t48033-000
4805,10.1037/t10025-000
4806,10.1037/t78096-000
4807,10.1037/t02771-000
4808,10.1037/t20855-000
4809,10.1037/t67166-000
4810,10.1037/t10240-000
4811,10.1037/t28395-000
4812,10.1037/t10783-000
4813,10.1037/t80333-000
4814,10.1037/t26703-000
4815,10.1037/t64548-000
4816,10.1037/t42798-000
4817,10.1037/t21290-000
4818,10.1037/t10377-000
4819,10.1037/t25705-000
4820,10.1037/t38733-000
4821,10.1037/t12262-000
4822,10.1037/t22233-000
4823,10.1037/t68473-000
4824,10.1037/t85015-000
4825,10.1037/t14607-000
4826,10.1037/t85957-000
4827,10.1037/t12794-000
4828,10.1037/t02128-000
4829,10.1037/t58576-000
4830,10.1037/t24458-000
4831,10.1037/t09886-000
4832,10.1037/t34626-000
4833,10.1037/t85205-000
4834,10.1037/t42807-000
4835,10.1037/t11438-000
4836,10.1037/t78185-000
4837,10.1037/t69615-000
4838,10.1037/t75619-000
4839,10.1037/t27048-000
4840,10.1037/t26214-000
4841,10.1037/t23007-000
4842,10.1037/t84110-000
4843,10.1037/t16766-000
4844,10.1037/t09218-000
4845,10.1037/t82416-000
4846,10.1037/t33710-000
4847,10.1037/t50965-000
4848,10.1037/t80954-000
4849,10.1037/t59204-000
4850,10.1037/t16302-000
4851,10.1037/t41608-000
4852,10.1037/t17045-000
4853,10.1037/t21599-000
4854,10.1037/t27987-000
4855,10.1037/t16653-000
4856,10.1037/t24470-000
4857,10.1037/t78257-000
4858,10.1037/t32212-000
4859,10.1037/t08699-000
4860,10.1037/t00034-000
4861,10.1037/t80582-000
4862,10.1037/t04590-000
4863,10.1037/t62025-000
4864,10.1037/t20911-000
4865,10.1037/t14572-000
4866,10.1037/t38782-000
4867,10.1037/t25011-000
4868,10.1037/t25521-000
4869,10.1037/t30497-000
4870,10.1037/t47002-000
4871,10.1037/t21613-000
4872,10.1037/t20468-000
4873,10.1037/t63008-000
4874,10.1037/t10856-000
4875,10.1037/t49617-000
4876,10.1037/t65298-000
4877,10.1037/t58413-000
4878,10.1037/t35298-000
4879,10.1037/t29755-000
4880,10.1037/t13777-000
4881,10.1037/t58663-000
4882,10.1037/t37987-000
4883,10.1037/t62675-000
4884,10.1037/t28760-000
4885,10.1037/t38138-000
4886,10.1037/t11917-000
4887,10.1037/t20634-000
4888,10.1037/t06666-000
4889,10.1037/t14192-000
4890,10.1037/t63135-000
4891,10.1037/t62253-000
4892,10.1037/t31836-000
4893,10.1037/t31541-000
4894,10.1037/t04061-000
4895,10.1037/t23602-000
4896,10.1037/t46206-000
4897,10.1037/t24418-000
4898,10.1037/t19547-000
4899,10.1037/t17463-000
4900,10.1037/t74316-000
4901,10.1037/t18920-000
4902,10.1037/t25478-000
4903,10.1037/t41453-000
4904,10.1037/t68456-000
4905,10.1037/t20521-000
4906,10.1037/t63883-000
4907,10.1037/t82009-000
4908,10.1037/t78503-000
4909,10.1037/t78738-000
4910,10.1037/t24896-000
4911,10.1037/t28460-000
4912,10.1037/t55273-000
4913,10.1037/t18265-000
4914,10.1037/t79402-000
4915,10.1037/t10817-000
4916,10.1037/t04795-000
4917,10.1037/t76125-000
4918,10.1037/t85873-000
4919,10.1037/t73627-000
4920,10.1037/t65304-000
4921,10.1037/t62059-000
4922,10.1037/t76030-000
4923,10.1037/t45691-000
4924,10.1037/t65416-000
4925,10.1037/t45075-000
4926,10.1037/t64230-000
4927,10.1037/t25460-000
4928,10.1037/t13944-000
4929,10.1037/t11577-000
4930,10.1037/t05601-000
4931,10.1037/t00587-000
4932,10.1037/t35565-000
4933,10.1037/t32155-000
4934,10.1037/t10636-000
4935,10.1037/t60129-000
4936,10.1037/t14546-000
4937,10.1037/t57811-000
4938,10.1037/t43320-000
4939,10.1037/t21739-000
4940,10.1037/t22125-000
4941,10.1037/t20310-000
4942,10.1037/t23484-000
4943,10.1037/t78649-000
4944,10.1037/t36051-000
4945,10.1037/t86687-000
4946,10.1037/t87217-000
4947,10.1037/t26435-000
4948,10.1037/t77120-000
4949,10.1037/t66457-000
4950,10.1037/t45310-000
4951,10.1037/t05174-000
4952,10.1037/t06075-000
4953,10.1037/t82333-000
4954,10.1037/t75446-000
4955,10.1037/t25241-000
4956,10.1037/t51744-000
4957,10.1037/t13655-000
4958,10.1037/t21288-000
4959,10.1037/t12569-000
4960,10.1037/t24380-000
4961,10.1037/t03385-000
4962,10.1037/t33021-000
4963,10.1037/t68556-000
4964,10.1037/t18387-000
4965,10.1037/t24791-000
4966,10.1037/t35847-000
4967,10.1037/t21250-000
4968,10.1037/t09795-000
4969,10.1037/t14383-000
4970,10.1037/t87454-000
4971,10.1037/t31177-000
4972,10.1037/t10045-000
4973,10.1037/t15489-000
4974,10.1037/t85740-000
4975,10.1037/t01606-000
4976,10.1037/t27021-000
4977,10.1037/t34464-000
4978,10.1037/t80191-000
4979,10.1037/t19744-000
4980,10.1037/t24396-000
4981,10.1037/t41549-000
4982,10.1037/t78410-000
4983,10.1037/t85368-000
4984,10.1037/t58794-000
4985,10.1037/t47001-000
4986,10.1037/t83173-000
4987,10.1037/t11071-000
4988,10.1037/t25764-000
4989,10.1037/t86056-000
4990,10.1037/t85270-000
4991,10.1037/t18968-000
4992,10.1037/t73673-000
4993,10.1037/t33425-000
4994,10.1037/t01234-000
4995,10.1037/t69283-000
4996,10.1037/t22447-000
4997,10.1037/t71647-000
4998,10.1037/t33501-000
4999,10.1037/t64122-000
5000,10.1037/t74751-000
5001,10.1037/t15906-000
5002,10.1037/t60911-000
5003,10.1037/t25134-000
5004,10.1037/t19154-000
5005,10.1037/t77668-000
5006,10.1037/t28581-000
5007,10.1037/t17497-000
5008,10.1037/t66785-000
5009,10.1037/t66512-000
5010,10.1037/t45205-000
5011,10.1037/t23326-000
5012,10.1037/t22877-000
5013,10.1037/t74491-000
5014,10.1037/t16459-000
5015,10.1037/t67158-000
5016,10.1037/t40523-000
5017,10.1037/t25626-000
5018,10.1037/t00467-000
5019,10.1037/t16479-000
5020,10.1037/t60717-000
5021,10.1037/t85778-000
5022,10.1037/t17916-000
5023,10.1037/t70481-000
5024,10.1037/t42401-000
5025,10.1037/t72196-000
5026,10.1037/t19621-000
5027,10.1037/t85738-000
5028,10.1037/t33582-000
5029,10.1037/t13200-000
5030,10.1037/t35236-000
5031,10.1037/t45416-000
5032,10.1037/t12770-000
5033,10.1037/t64974-000
5034,10.1037/t55736-000
5035,10.1037/t60255-000
5036,10.1037/t34550-000
5037,10.1037/t26639-000
5038,10.1037/t67045-000
5039,10.1037/t71365-000
5040,10.1037/t18654-000
5041,10.1037/t03082-000
5042,10.1037/t14262-000
5043,10.1037/t64346-000
5044,10.1037/t24727-000
5045,10.1037/t41051-000
5046,10.1037/t43866-000
5047,10.1037/t53367-000
5048,10.1037/t01180-000
5049,10.1037/t14535-000
5050,10.1037/t81169-000
5051,10.1037/t59078-000
5052,10.1037/t38786-000
5053,10.1037/t13925-000
5054,10.1037/t23966-000
5055,10.1037/t08870-000
5056,10.1037/t00363-000
5057,10.1037/t46463-000
5058,10.1037/t10731-000
5059,10.1037/t04793-000
5060,10.1037/t81562-000
5061,10.1037/t67305-000
5062,10.1037/t00809-000
5063,10.1037/t42431-000
5064,10.1037/t75249-000
5065,10.1037/t80449-000
5066,10.1037/t49214-000
5067,10.1037/t64415-000
5068,10.1037/t50894-000
5069,10.1037/t38416-000
5070,10.1037/t30867-000
5071,10.1037/t21287-000
5072,10.1037/t18902-000
5073,10.1037/t39976-000
5074,10.1037/t25523-000
5075,10.1037/t79204-000
5076,10.1037/t37424-000
5077,10.1037/t18276-000
5078,10.1037/t23164-000
5079,10.1037/t73389-000
5080,10.1037/t11707-000
5081,10.1037/t57274-000
5082,10.1037/t27749-000
5083,10.1037/t24302-000
5084,10.1037/t21075-000
5085,10.1037/t81349-000
5086,10.1037/t24954-000
5087,10.1037/t64328-000
5088,10.1037/t75253-000
5089,10.1037/t45501-000
5090,10.1037/t86575-000
5091,10.1037/t19601-000
5092,10.1037/t22213-000
5093,10.1037/t12397-000
5094,10.1037/t78070-000
5095,10.1037/t59294-000
5096,10.1037/t50865-000
5097,10.1037/t77734-000
5098,10.1037/t20480-000
5099,10.1037/t32840-000
5100,10.1037/t46017-000
5101,10.1037/t15649-000
5102,10.1037/t78435-000
5103,10.1037/t14983-000
5104,10.1037/t71106-000
5105,10.1037/t25490-000
5106,10.1037/t24960-000
5107,10.1037/t03504-000
5108,10.1037/t77216-000
5109,10.1037/t76957-000
5110,10.1037/t49920-000
5111,10.1037/t06892-000
5112,10.1037/t21555-000
5113,10.1037/t61306-000
5114,10.1037/t61716-000
5115,10.1037/t52664-000
5116,10.1037/t09942-000
5117,10.1037/t42116-000
5118,10.1037/t24562-000
5119,10.1037/t78465-000
5120,10.1037/t23520-000
5121,10.1037/t64216-000
5122,10.1037/t75877-000
5123,10.1037/t66783-000
5124,10.1037/t36852-000
5125,10.1037/t13139-000
5126,10.1037/t27864-000
5127,10.1037/t03417-000
5128,10.1037/t58312-000
5129,10.1037/t14643-000
5130,10.1037/t74951-000
5131,10.1037/t83772-000
5132,10.1037/t39107-000
5133,10.1037/t01810-000
5134,10.1037/t50592-000
5135,10.1037/t14094-000
5136,10.1037/t86836-000
5137,10.1037/t64187-000
5138,10.1037/t24366-000
5139,10.1037/t71756-000
5140,10.1037/t32231-000
5141,10.1037/t39674-000
5142,10.1037/t20096-000
5143,10.1037/t33874-000
5144,10.1037/t40940-000
5145,10.1037/t79991-000
5146,10.1037/t26168-000
5147,10.1037/t33580-000
5148,10.1037/t77485-000
5149,10.1037/t01148-000
5150,10.1037/t81649-000
5151,10.1037/t82813-000
5152,10.1037/t33771-000
5153,10.1037/t23657-000
5154,10.1037/t20624-000
5155,10.1037/t08399-000
5156,10.1037/t15207-000
5157,10.1037/t25422-000
5158,10.1037/t09829-000
5159,10.1037/t83663-000
5160,10.1037/t27341-000
5161,10.1037/t68188-000
5162,10.1037/t29405-000
5163,10.1037/t79126-000
5164,10.1037/t30140-000
5165,10.1037/t81931-000
5166,10.1037/t13149-000
5167,10.1037/t43385-000
5168,10.1037/t33830-000
5169,10.1037/t70745-000
5170,10.1037/t15402-000
5171,10.1037/t34059-000
5172,10.1037/t17433-000
5173,10.1037/t60017-000
5174,10.1037/t50026-000
5175,10.1037/t68373-000
5176,10.1037/t48788-000
5177,10.1037/t52113-000
5178,10.1037/t46407-000
5179,10.1037/t39594-000
5180,10.1037/t22196-000
5181,10.1037/t77952-000
5182,10.1037/t49787-000
5183,10.1037/t08255-000
5184,10.1037/t86249-000
5185,10.1037/t70830-000
5186,10.1037/t30360-000
5187,10.1037/t31753-000
5188,10.1037/t00810-000
5189,10.1037/t32259-000
5190,10.1037/t25663-000
5191,10.1037/t40516-000
5192,10.1037/t23608-000
5193,10.1037/t41597-000
5194,10.1037/t13096-000
5195,10.1037/t27449-000
5196,10.1037/t37748-000
5197,10.1037/t60209-000
5198,10.1037/t23924-000
5199,10.1037/t34072-000
5200,10.1037/t27845-000
5201,10.1037/t46479-000
5202,10.1037/t74056-000
5203,10.1037/t77045-000
5204,10.1037/t27693-000
5205,10.1037/t02963-000
5206,10.1037/t66407-000
5207,10.1037/t11597-000
5208,10.1037/t82743-000
5209,10.1037/t41919-000
5210,10.1037/t21142-000
5211,10.1037/t00596-000
5212,10.1037/t48304-000
5213,10.1037/t80896-000
5214,10.1037/t61980-000
5215,10.1037/t66941-000
5216,10.1037/t62354-000
5217,10.1037/t01876-000
5218,10.1037/t78944-000
5219,10.1037/t25208-000
5220,10.1037/t04485-000
5221,10.1037/t26239-000
5222,10.1037/t11328-000
5223,10.1037/t61493-000
5224,10.1037/t20627-000
5225,10.1037/t79812-000
5226,10.1037/t17599-000
5227,10.1037/t11297-000
5228,10.1037/t65417-000
5229,10.1037/t32929-000
5230,10.1037/t52481-000
5231,10.1037/t27751-000
5232,10.1037/t50126-000
5233,10.1037/t58545-000
5234,10.1037/t25650-000
5235,10.1037/t20281-000
5236,10.1037/t82863-000
5237,10.1037/t33151-000
5238,10.1037/t24662-000
5239,10.1037/t37003-000
5240,10.1037/t09540-000
5241,10.1037/t20015-000
5242,10.1037/t09818-000
5243,10.1037/t39195-000
5244,10.1037/t51740-000
5245,10.1037/t19091-000
5246,10.1037/t09627-000
5247,10.1037/t65311-000
5248,10.1037/t60723-000
5249,10.1037/t29348-000
5250,10.1037/t80110-000
5251,10.1037/t87140-000
5252,10.1037/t60774-000
5253,10.1037/t70074-000
5254,10.1037/t10807-000
5255,10.1037/t45037-000
5256,10.1037/t75863-000
5257,10.1037/t21256-000
5258,10.1037/t66173-000
5259,10.1037/t09671-000
5260,10.1037/t42409-000
5261,10.1037/t14911-000
5262,10.1037/t08519-000
5263,10.1037/t33716-000
5264,10.1037/t62898-000
5265,10.1037/t62556-000
5266,10.1037/t83201-000
5267,10.1037/t01241-000
5268,10.1037/t71753-000
5269,10.1037/t44087-000
5270,10.1037/t05033-000
5271,10.1037/t45254-000
5272,10.1037/t33250-000
5273,10.1037/t39382-000
5274,10.1037/t12595-000
5275,10.1037/t01747-000
5276,10.1037/t64430-000
5277,10.1037/t15888-000
5278,10.1037/t42961-000
5279,10.1037/t18631-000
5280,10.1037/t29868-000
5281,10.1037/t83971-000
5282,10.1037/t08214-000
5283,10.1037/t18835-000
5284,10.1037/t65761-000
5285,10.1037/t06401-000
5286,10.1037/t21781-000
5287,10.1037/t23190-000
5288,10.1037/t27027-000
5289,10.1037/t43461-000
5290,10.1037/t69752-000
5291,10.1037/t66604-000
5292,10.1037/t03585-000
5293,10.1037/t05294-000
5294,10.1037/t59133-000
5295,10.1037/t69640-000
5296,10.1037/t71058-000
5297,10.1037/t43738-000
5298,10.1037/t85332-000
5299,10.1037/t13116-000
5300,10.1037/t11650-000
5301,10.1037/t59618-000
5302,10.1037/t14869-000
5303,10.1037/t58420-000
5304,10.1037/t71374-000
5305,10.1037/t05594-000
5306,10.1037/t08745-000
5307,10.1037/t84691-000
5308,10.1037/t28697-000
5309,10.1037/t64972-000
5310,10.1037/t13934-000
5311,10.1037/t85779-000
5312,10.1037/t31213-000
5313,10.1037/t35020-000
5314,10.1037/t85607-000
5315,10.1037/t69146-000
5316,10.1037/t36754-000
5317,10.1037/t79273-000
5318,10.1037/t11517-000
5319,10.1037/t75095-000
5320,10.1037/t35496-000
5321,10.1037/t35556-000
5322,10.1037/t34177-000
5323,10.1037/t01045-000
5324,10.1037/t21048-000
5325,10.1037/t43373-000
5326,10.1037/t83988-000
5327,10.1037/t09647-000
5328,10.1037/t83519-000
5329,10.1037/t22026-000
5330,10.1037/t00141-000
5331,10.1037/t38302-000
5332,10.1037/t62280-000
5333,10.1037/t14159-000
5334,10.1037/t19695-000
5335,10.1037/t79814-000
5336,10.1037/t55210-000
5337,10.1037/t26026-000
5338,10.1037/t60659-000
5339,10.1037/t27769-000
5340,10.1037/t53734-000
5341,10.1037/t30874-000
5342,10.1037/t23250-000
5343,10.1037/t40765-000
5344,10.1037/t16992-000
5345,10.1037/t38787-000
5346,10.1037/t32616-000
5347,10.1037/t36038-000
5348,10.1037/t63303-000
5349,10.1037/t41387-000
5350,10.1037/t64506-000
5351,10.1037/t10858-000
5352,10.1037/t11368-000
5353,10.1037/t18458-000
5354,10.1037/t06938-000
5355,10.1037/t21950-000
5356,10.1037/t40719-000
5357,10.1037/t26133-000
5358,10.1037/t21383-000
5359,10.1037/t11904-000
5360,10.1037/t64455-000
5361,10.1037/t09198-000
5362,10.1037/t01858-000
5363,10.1037/t80590-000
5364,10.1037/t09658-000
5365,10.1037/t49795-000
5366,10.1037/t32177-000
5367,10.1037/t32615-000
5368,10.1037/t05481-000
5369,10.1037/t82874-000
5370,10.1037/t79076-000
5371,10.1037/t05942-000
5372,10.1037/t87006-000
5373,10.1037/t24087-000
5374,10.1037/t69466-000
5375,10.1037/t49389-000
5376,10.1037/t72760-000
5377,10.1037/t30374-000
5378,10.1037/t79080-000
5379,10.1037/t62826-000
5380,10.1037/t34608-000
5381,10.1037/t26631-000
5382,10.1037/t31679-000
5383,10.1037/t80082-000
5384,10.1037/t38914-000
5385,10.1037/t17475-000
5386,10.1037/t78582-000
5387,10.1037/t78462-000
5388,10.1037/t48436-000
5389,10.1037/t74331-000
5390,10.1037/t17281-000
5391,10.1037/t25443-000
5392,10.1037/t47844-000
5393,10.1037/t32553-000
5394,10.1037/t84988-000
5395,10.1037/t13942-000
5396,10.1037/t07093-000
5397,10.1037/t06012-000
5398,10.1037/t16788-000
5399,10.1037/t66325-000
5400,10.1037/t23013-000
5401,10.1037/t05926-000
5402,10.1037/t54879-000
5403,10.1037/t24364-000
5404,10.1037/t76081-000
5405,10.1037/t71168-000
5406,10.1037/t64091-000
5407,10.1037/t00589-000
5408,10.1037/t17971-000
5409,10.1037/t79425-000
5410,10.1037/t59506-000
5411,10.1037/t48154-000
5412,10.1037/t29314-000
5413,10.1037/t32598-000
5414,10.1037/t24678-000
5415,10.1037/t42083-000
5416,10.1037/t63237-000
5417,10.1037/t32858-000
5418,10.1037/t22046-000
5419,10.1037/t34029-000
5420,10.1037/t63044-000
5421,10.1037/t36121-000
5422,10.1037/t44732-000
5423,10.1037/t15760-000
5424,10.1037/t06710-000
5425,10.1037/t78400-000
5426,10.1037/t09938-000
5427,10.1037/t41691-000
5428,10.1037/t01054-000
5429,10.1037/t01462-000
5430,10.1037/t25744-000
5431,10.1037/t11359-000
5432,10.1037/t12162-000
5433,10.1037/t75014-000
5434,10.1037/t09543-000
5435,10.1037/t34406-000
5436,10.1037/t81792-000
5437,10.1037/t20956-000
5438,10.1037/t14374-000
5439,10.1037/t25702-000
5440,10.1037/t14655-000
5441,10.1037/t50193-000
5442,10.1037/t03608-000
5443,10.1037/t69225-000
5444,10.1037/t17449-000
5445,10.1037/t08719-000
5446,10.1037/t17573-000
5447,10.1037/t09271-000
5448,10.1037/t00197-000
5449,10.1037/t31400-000
5450,10.1037/t07338-000
5451,10.1037/t10425-000
5452,10.1037/t11278-000
5453,10.1037/t34252-000
5454,10.1037/t84054-000
5455,10.1037/t15439-000
5456,10.1037/t83082-000
5457,10.1037/t58375-000
5458,10.1037/t22156-000
5459,10.1037/t72542-000
5460,10.1037/t68031-000
5461,10.1037/t37084-000
5462,10.1037/t32095-000
5463,10.1037/t61014-000
5464,10.1037/t24398-000
5465,10.1037/t17570-000
5466,10.1037/t21796-000
5467,10.1037/t84603-000
5468,10.1037/t10181-000
5469,10.1037/t82075-000
5470,10.1037/t40924-000
5471,10.1037/t80730-000
5472,10.1037/t69224-000
5473,10.1037/t36248-000
5474,10.1037/t60038-000
5475,10.1037/t77889-000
5476,10.1037/t64580-000
5477,10.1037/t63064-000
5478,10.1037/t54437-000
5479,10.1037/t17290-000
5480,10.1037/t70979-000
5481,10.1037/t46586-000
5482,10.1037/t81234-000
5483,10.1037/t63458-000
5484,10.1037/t70512-000
5485,10.1037/t39806-000
5486,10.1037/t82158-000
5487,10.1037/t08676-000
5488,10.1037/t48839-000
5489,10.1037/t78467-000
5490,10.1037/t73023-000
5491,10.1037/t26143-000
5492,10.1037/t20967-000
5493,10.1037/t86991-000
5494,10.1037/t09747-000
5495,10.1037/t80283-000
5496,10.1037/t36191-000
5497,10.1037/t60777-000
5498,10.1037/t27726-000
5499,10.1037/t21556-000
5500,10.1037/t09402-000
5501,10.1037/t85768-000
5502,10.1037/t38513-000
5503,10.1037/t38186-000
5504,10.1037/t47685-000
5505,10.1037/t26192-000
5506,10.1037/t26601-000
5507,10.1037/t78760-000
5508,10.1037/t70475-000
5509,10.1037/t31067-000
5510,10.1037/t54284-000
5511,10.1037/t24927-000
5512,10.1037/t34052-000
5513,10.1037/t32358-000
5514,10.1037/t41317-000
5515,10.1037/t70817-000
5516,10.1037/t83646-000
5517,10.1037/t87748-000
5518,10.1037/t12679-000
5519,10.1037/t84389-000
5520,10.1037/t21966-000
5521,10.1037/t47511-000
5522,10.1037/t21143-000
5523,10.1037/t77155-000
5524,10.1037/t28069-000
5525,10.1037/t42143-000
5526,10.1037/t03196-000
5527,10.1037/t83516-000
5528,10.1037/t05656-000
5529,10.1037/t67781-000
5530,10.1037/t25544-000
5531,10.1037/t77145-000
5532,10.1037/t20489-000
5533,10.1037/t36138-000
5534,10.1037/t53522-000
5535,10.1037/t09260-000
5536,10.1037/t26507-000
5537,10.1037/t06069-000
5538,10.1037/t04541-000
5539,10.1037/t21939-000
5540,10.1037/t44249-000
5541,10.1037/t53566-000
5542,10.1037/t13464-000
5543,10.1037/t19153-000
5544,10.1037/t52880-000
5545,10.1037/t67139-000
5546,10.1037/t00437-000
5547,10.1037/t73827-000
5548,10.1037/t10403-000
5549,10.1037/t24588-000
5550,10.1037/t08946-000
5551,10.1037/t82819-000
5552,10.1037/t12474-000
5553,10.1037/t08521-000
5554,10.1037/t40711-000
5555,10.1037/t17331-000
5556,10.1037/t21846-000
5557,10.1037/t33005-000
5558,10.1037/t45199-000
5559,10.1037/t24121-000
5560,10.1037/t18575-000
5561,10.1037/t37806-000
5562,10.1037/t75469-000
5563,10.1037/t05422-000
5564,10.1037/t00886-000
5565,10.1037/t83983-000
5566,10.1037/t39993-000
5567,10.1037/t13179-000
5568,10.1037/t26446-000
5569,10.1037/t44345-000
5570,10.1037/t01585-000
5571,10.1037/t31597-000
5572,10.1037/t75532-000
5573,10.1037/t61174-000
5574,10.1037/t10358-000
5575,10.1037/t79696-000
5576,10.1037/t53147-000
5577,10.1037/t05877-000
5578,10.1037/t18662-000
5579,10.1037/t02871-000
5580,10.1037/t41021-000
5581,10.1037/t21495-000
5582,10.1037/t83016-000
5583,10.1037/t40469-000
5584,10.1037/t21585-000
5585,10.1037/t71434-000
5586,10.1037/t42374-000
5587,10.1037/t48440-000
5588,10.1037/t70560-000
5589,10.1037/t14548-000
5590,10.1037/t12161-000
5591,10.1037/t15347-000
5592,10.1037/t18051-000
5593,10.1037/t55155-000
5594,10.1037/t06140-000
5595,10.1037/t15810-000
5596,10.1037/t46363-000
5597,10.1037/t22501-000
5598,10.1037/t41108-000
5599,10.1037/t00594-000
5600,10.1037/t26346-000
5601,10.1037/t16361-000
5602,10.1037/t79447-000
5603,10.1037/t70581-000
5604,10.1037/t21700-000
5605,10.1037/t17478-000
5606,10.1037/t24684-000
5607,10.1037/t34138-000
5608,10.1037/t81011-000
5609,10.1037/t45227-000
5610,10.1037/t19292-000
5611,10.1037/t00183-000
5612,10.1037/t44693-000
5613,10.1037/t47731-000
5614,10.1037/t50748-000
5615,10.1037/t48605-000
5616,10.1037/t74168-000
5617,10.1037/t38543-000
5618,10.1037/t01553-000
5619,10.1037/t09726-000
5620,10.1037/t40988-000
5621,10.1037/t42449-000
5622,10.1037/t65698-000
5623,10.1037/t58445-000
5624,10.1037/t42485-000
5625,10.1037/t20917-000
5626,10.1037/t58982-000
5627,10.1037/t23892-000
5628,10.1037/t65994-000
5629,10.1037/t31789-000
5630,10.1037/t21510-000
5631,10.1037/t85577-000
5632,10.1037/t59521-000
5633,10.1037/t79912-000
5634,10.1037/t17450-000
5635,10.1037/t83986-000
5636,10.1037/t12131-000
5637,10.1037/t78675-000
5638,10.1037/t34789-000
5639,10.1037/t03593-000
5640,10.1037/t86923-000
5641,10.1037/t15887-000
5642,10.1037/t83419-000
5643,10.1037/t22728-000
5644,10.1037/t55738-000
5645,10.1037/t45334-000
5646,10.1037/t58064-000
5647,10.1037/t19551-000
5648,10.1037/t12396-000
5649,10.1037/t18254-000
5650,10.1037/t00727-000
5651,10.1037/t31778-000
5652,10.1037/t18227-000
5653,10.1037/t26270-000
5654,10.1037/t10688-000
5655,10.1037/t32501-000
5656,10.1037/t01744-000
5657,10.1037/t25080-000
5658,10.1037/t11256-000
5659,10.1037/t63419-000
5660,10.1037/t45377-000
5661,10.1037/t43001-000
5662,10.1037/t19527-000
5663,10.1037/t33397-000
5664,10.1037/t33597-000
5665,10.1037/t51600-000
5666,10.1037/t22758-000
5667,10.1037/t41842-000
5668,10.1037/t69525-000
5669,10.1037/t81246-000
5670,10.1037/t78022-000
5671,10.1037/t23504-000
5672,10.1037/t23154-000
5673,10.1037/t16218-000
5674,10.1037/t43791-000
5675,10.1037/t34000-000
5676,10.1037/t17412-000
5677,10.1037/t16611-000
5678,10.1037/t14896-000
5679,10.1037/t04321-000
5680,10.1037/t09256-000
5681,10.1037/t79325-000
5682,10.1037/t54991-000
5683,10.1037/t64756-000
5684,10.1037/t10547-000
5685,10.1037/t10308-000
5686,10.1037/t58513-000
5687,10.1037/t18659-000
5688,10.1037/t18080-000
5689,10.1037/t08823-000
5690,10.1037/t82092-000
5691,10.1037/t26268-000
5692,10.1037/t22015-000
5693,10.1037/t50819-000
5694,10.1037/t62628-000
5695,10.1037/t13465-000
5696,10.1037/t01154-000
5697,10.1037/t13259-000
5698,10.1037/t22079-000
5699,10.1037/t51643-000
5700,10.1037/t39176-000
5701,10.1037/t61609-000
5702,10.1037/t02233-000
5703,10.1037/t15546-000
5704,10.1037/t43872-000
5705,10.1037/t35129-000
5706,10.1037/t46509-000
5707,10.1037/t23514-000
5708,10.1037/t11729-000
5709,10.1037/t38718-000
5710,10.1037/t18216-000
5711,10.1037/t22864-000
5712,10.1037/t36853-000
5713,10.1037/t41416-000
5714,10.1037/t75455-000
5715,10.1037/t27019-000
5716,10.1037/t35391-000
5717,10.1037/t81884-000
5718,10.1037/t29294-000
5719,10.1037/t16249-000
5720,10.1037/t69489-000
5721,10.1037/t11201-000
5722,10.1037/t09894-000
5723,10.1037/t04522-000
5724,10.1037/t13314-000
5725,10.1037/t07699-000
5726,10.1037/t15281-000
5727,10.1037/t67820-000
5728,10.1037/t40968-000
5729,10.1037/t21373-000
5730,10.1037/t16694-000
5731,10.1037/t83454-000
5732,10.1037/t00730-000
5733,10.1037/t21750-000
5734,10.1037/t29207-000
5735,10.1037/t46903-000
5736,10.1037/t18204-000
5737,10.1037/t12866-000
5738,10.1037/t85417-000
5739,10.1037/t09889-000
5740,10.1037/t23071-000
5741,10.1037/t18352-000
5742,10.1037/t81665-000
5743,10.1037/t64252-000
5744,10.1037/t08868-000
5745,10.1037/t69968-000
5746,10.1037/t29282-000
5747,10.1037/t07834-000
5748,10.1037/t43572-000
5749,10.1037/t14905-000
5750,10.1037/t50511-000
5751,10.1037/t80273-000
5752,10.1037/t15059-000
5753,10.1037/t58790-000
5754,10.1037/t08964-000
5755,10.1037/t17415-000
5756,10.1037/t24350-000
5757,10.1037/t39575-000
5758,10.1037/t25860-000
5759,10.1037/t17887-000
5760,10.1037/t65010-000
5761,10.1037/t27895-000
5762,10.1037/t28210-000
5763,10.1037/t51771-000
5764,10.1037/t60174-000
5765,10.1037/t10899-000
5766,10.1037/t03836-000
5767,10.1037/t21666-000
5768,10.1037/t04849-000
5769,10.1037/t21688-000
5770,10.1037/t48278-000
5771,10.1037/t21115-000
5772,10.1037/t10006-000
5773,10.1037/t06850-000
5774,10.1037/t66228-000
5775,10.1037/t21834-000
5776,10.1037/t60494-000
5777,10.1037/t01466-000
5778,10.1037/t39091-000
5779,10.1037/t71607-000
5780,10.1037/t02107-000
5781,10.1037/t12618-000
5782,10.1037/t18115-000
5783,10.1037/t62403-000
5784,10.1037/t85684-000
5785,10.1037/t66507-000
5786,10.1037/t76078-000
5787,10.1037/t28859-000
5788,10.1037/t82119-000
5789,10.1037/t09876-000
5790,10.1037/t31232-000
5791,10.1037/t40756-000
5792,10.1037/t24147-000
5793,10.1037/t31959-000
5794,10.1037/t82789-000
5795,10.1037/t40857-000
5796,10.1037/t48795-000
5797,10.1037/t31244-000
5798,10.1037/t17715-000
5799,10.1037/t44583-000
5800,10.1037/t00439-000
5801,10.1037/t21384-000
5802,10.1037/t39881-000
5803,10.1037/t39894-000
5804,10.1037/t55860-000
5805,10.1037/t50813-000
5806,10.1037/t74245-000
5807,10.1037/t28568-000
5808,10.1037/t27618-000
5809,10.1037/t03197-000
5810,10.1037/t10823-000
5811,10.1037/t36824-000
5812,10.1037/t14035-000
5813,10.1037/t53508-000
5814,10.1037/t48553-000
5815,10.1037/t08040-000
5816,10.1037/t80204-000
5817,10.1037/t79320-000
5818,10.1037/t07627-000
5819,10.1037/t17868-000
5820,10.1037/t68417-000
5821,10.1037/t82980-000
5822,10.1037/t12336-000
5823,10.1037/t04417-000
5824,10.1037/t24057-000
5825,10.1037/t17056-000
5826,10.1037/t34774-000
5827,10.1037/t06757-000
5828,10.1037/t83845-000
5829,10.1037/t12589-000
5830,10.1037/t13109-000
5831,10.1037/t22189-000
5832,10.1037/t17794-000
5833,10.1037/t09325-000
5834,10.1037/t30019-000
5835,10.1037/t61990-000
5836,10.1037/t73505-000
5837,10.1037/t19117-000
5838,10.1037/t11659-000
5839,10.1037/t78743-000
5840,10.1037/t80806-000
5841,10.1037/t12096-000
5842,10.1037/t72045-000
5843,10.1037/t20567-000
5844,10.1037/t00944-000
5845,10.1037/t18419-000
5846,10.1037/t05158-000
5847,10.1037/t34042-000
5848,10.1037/t85306-000
5849,10.1037/t54694-000
5850,10.1037/t14515-000
5851,10.1037/t03531-000
5852,10.1037/t63782-000
5853,10.1037/t14466-000
5854,10.1037/t14196-000
5855,10.1037/t29653-000
5856,10.1037/t00237-000
5857,10.1037/t33360-000
5858,10.1037/t15470-000
5859,10.1037/t62990-000
5860,10.1037/t05031-000
5861,10.1037/t05996-000
5862,10.1037/t43394-000
5863,10.1037/t21411-000
5864,10.1037/t22539-000
5865,10.1037/t70180-000
5866,10.1037/t40300-000
5867,10.1037/t36994-000
5868,10.1037/t26793-000
5869,10.1037/t41687-000
5870,10.1037/t71609-000
5871,10.1037/t26824-000
5872,10.1037/t87570-000
5873,10.1037/t76439-000
5874,10.1037/t55702-000
5875,10.1037/t16022-000
5876,10.1037/t87772-000
5877,10.1037/t67093-000
5878,10.1037/t58386-000
5879,10.1037/t12083-000
5880,10.1037/t59647-000
5881,10.1037/t20879-000
5882,10.1037/t13846-000
5883,10.1037/t84565-000
5884,10.1037/t14054-000
5885,10.1037/t14651-000
5886,10.1037/t06325-000
5887,10.1037/t20873-000
5888,10.1037/t11916-000
5889,10.1037/t63405-000
5890,10.1037/t02306-000
5891,10.1037/t09324-000
5892,10.1037/t34745-000
5893,10.1037/t42644-000
5894,10.1037/t30153-000
5895,10.1037/t68335-000
5896,10.1037/t40124-000
5897,10.1037/t33260-000
5898,10.1037/t48246-000
5899,10.1037/t43829-000
5900,10.1037/t10155-000
5901,10.1037/t84740-000
5902,10.1037/t24478-000
5903,10.1037/t75109-000
5904,10.1037/t10367-000
5905,10.1037/t35103-000
5906,10.1037/t00836-000
5907,10.1037/t46842-000
5908,10.1037/t21911-000
5909,10.1037/t26951-000
5910,10.1037/t41037-000
5911,10.1037/t17630-000
5912,10.1037/t81669-000
5913,10.1037/t47553-000
5914,10.1037/t16678-000
5915,10.1037/t40764-000
5916,10.1037/t15380-000
5917,10.1037/t61725-000
5918,10.1037/t29519-000
5919,10.1037/t76459-000
5920,10.1037/t46331-000
5921,10.1037/t29448-000
5922,10.1037/t55392-000
5923,10.1037/t01967-000
5924,10.1037/t14060-000
5925,10.1037/t24045-000
5926,10.1037/t53387-000
5927,10.1037/t03067-000
5928,10.1037/t60273-000
5929,10.1037/t64689-000
5930,10.1037/t09987-000
5931,10.1037/t37873-000
5932,10.1037/t48441-000
5933,10.1037/t21216-000
5934,10.1037/t16226-000
5935,10.1037/t11344-000
5936,10.1037/t31887-000
5937,10.1037/t37788-000
5938,10.1037/t27942-000
5939,10.1037/t09930-000
5940,10.1037/t06384-000
5941,10.1037/t61156-000
5942,10.1037/t50771-000
5943,10.1037/t46525-000
5944,10.1037/t41241-000
5945,10.1037/t30876-000
5946,10.1037/t16429-000
5947,10.1037/t66550-000
5948,10.1037/t42154-000
5949,10.1037/t25093-000
5950,10.1037/t80386-000
5951,10.1037/t69414-000
5952,10.1037/t09914-000
5953,10.1037/t27901-000
5954,10.1037/t26600-000
5955,10.1037/t10689-000
5956,10.1037/t11881-000
5957,10.1037/t41360-000
5958,10.1037/t57901-000
5959,10.1037/t48538-000
5960,10.1037/t28215-000
5961,10.1037/t71313-000
5962,10.1037/t74117-000
5963,10.1037/t01833-000
5964,10.1037/t33641-000
5965,10.1037/t80952-000
5966,10.1037/t03113-000
5967,10.1037/t63619-000
5968,10.1037/t59659-000
5969,10.1037/t82711-000
5970,10.1037/t84302-000
5971,10.1037/t22532-000
5972,10.1037/t15044-000
5973,10.1037/t62061-000
5974,10.1037/t16779-000
5975,10.1037/t64747-000
5976,10.1037/t12782-000
5977,10.1037/t71292-000
5978,10.1037/t25156-000
5979,10.1037/t25670-000
5980,10.1037/t80499-000
5981,10.1037/t10463-000
5982,10.1037/t67396-000
5983,10.1037/t46200-000
5984,10.1037/t48622-000
5985,10.1037/t21309-000
5986,10.1037/t06776-000
5987,10.1037/t49278-000
5988,10.1037/t30466-000
5989,10.1037/t81121-000
5990,10.1037/t14043-000
5991,10.1037/t59524-000
5992,10.1037/t66539-000
5993,10.1037/t44409-000
5994,10.1037/t79248-000
5995,10.1037/t63820-000
5996,10.1037/t12431-000
5997,10.1037/t45498-000
5998,10.1037/t80046-000
5999,10.1037/t44094-000
6000,10.1037/t13254-000
6001,10.1037/t07840-000
6002,10.1037/t32090-000
6003,10.1037/t77486-000
6004,10.1037/t53845-000
6005,10.1037/t27936-000
6006,10.1037/t87268-000
6007,10.1037/t83380-000
6008,10.1037/t22968-000
6009,10.1037/t59558-000
6010,10.1037/t60136-000
6011,10.1037/t75984-000
6012,10.1037/t36828-000
6013,10.1037/t64764-000
6014,10.1037/t48051-000
6015,10.1037/t78501-000
6016,10.1037/t78873-000
6017,10.1037/t62142-000
6018,10.1037/t60863-000
6019,10.1037/t12787-000
6020,10.1037/t09524-000
6021,10.1037/t01897-000
6022,10.1037/t20437-000
6023,10.1037/t23454-000
6024,10.1037/t40533-000
6025,10.1037/t13778-000
6026,10.1037/t77681-000
6027,10.1037/t29614-000
6028,10.1037/t32444-000
6029,10.1037/t33381-000
6030,10.1037/t22826-000
6031,10.1037/t86668-000
6032,10.1037/t81467-000
6033,10.1037/t68739-000
6034,10.1037/t01428-000
6035,10.1037/t11128-000
6036,10.1037/t14222-000
6037,10.1037/t76400-000
6038,10.1037/t03572-000
6039,10.1037/t26126-000
6040,10.1037/t62960-000
6041,10.1037/t07705-000
6042,10.1037/t40643-000
6043,10.1037/t66558-000
6044,10.1037/t05394-000
6045,10.1037/t00132-000
6046,10.1037/t79497-000
6047,10.1037/t05871-000
6048,10.1037/t20335-000
6049,10.1037/t00322-000
6050,10.1037/t08095-000
6051,10.1037/t23131-000
6052,10.1037/t18834-000
6053,10.1037/t18492-000
6054,10.1037/t01463-000
6055,10.1037/t77640-000
6056,10.1037/t22291-000
6057,10.1037/t05861-000
6058,10.1037/t04920-000
6059,10.1037/t46355-000
6060,10.1037/t16839-000
6061,10.1037/t72884-000
6062,10.1037/t40320-000
6063,10.1037/t37633-000
6064,10.1037/t61502-000
6065,10.1037/t10236-000
6066,10.1037/t21025-000
6067,10.1037/t74050-000
6068,10.1037/t66298-000
6069,10.1037/t67719-000
6070,10.1037/t24288-000
6071,10.1037/t76085-000
6072,10.1037/t77225-000
6073,10.1037/t36916-000
6074,10.1037/t75712-000
6075,10.1037/t17455-000
6076,10.1037/t38063-000
6077,10.1037/t22394-000
6078,10.1037/t13016-000
6079,10.1037/t45378-000
6080,10.1037/t58358-000
6081,10.1037/t29842-000
6082,10.1037/t79881-000
6083,10.1037/t81393-000
6084,10.1037/t00876-000
6085,10.1037/t37809-000
6086,10.1037/t23806-000
6087,10.1037/t34154-000
6088,10.1037/t67830-000
6089,10.1037/t61062-000
6090,10.1037/t15919-000
6091,10.1037/t13090-000
6092,10.1037/t07418-000
6093,10.1037/t53649-000
6094,10.1037/t65468-000
6095,10.1037/t76419-000
6096,10.1037/t08985-000
6097,10.1037/t09917-000
6098,10.1037/t24395-000
6099,10.1037/t60080-000
6100,10.1037/t04057-000
6101,10.1037/t24533-000
6102,10.1037/t48540-000
6103,10.1037/t17393-000
6104,10.1037/t80415-000
6105,10.1037/t48630-000
6106,10.1037/t74394-000
6107,10.1037/t77909-000
6108,10.1037/t07801-000
6109,10.1037/t45197-000
6110,10.1037/t06180-000
6111,10.1037/t30131-000
6112,10.1037/t81397-000
6113,10.1037/t21494-000
6114,10.1037/t74927-000
6115,10.1037/t40476-000
6116,10.1037/t80941-000
6117,10.1037/t48309-000
6118,10.1037/t81417-000
6119,10.1037/t00156-000
6120,10.1037/t23389-000
6121,10.1037/t86255-000
6122,10.1037/t40666-000
6123,10.1037/t62216-000
6124,10.1037/t02675-000
6125,10.1037/t25934-000
6126,10.1037/t32376-000
6127,10.1037/t10103-000
6128,10.1037/t38866-000
6129,10.1037/t63659-000
6130,10.1037/t16210-000
6131,10.1037/t23001-000
6132,10.1037/t87410-000
6133,10.1037/t16947-000
6134,10.1037/t19139-000
6135,10.1037/t28321-000
6136,10.1037/t78483-000
6137,10.1037/t21809-000
6138,10.1037/t16384-000
6139,10.1037/t60706-000
6140,10.1037/t39071-000
6141,10.1037/t17910-000
6142,10.1037/t09651-000
6143,10.1037/t64517-000
6144,10.1037/t54861-000
6145,10.1037/t18776-000
6146,10.1037/t26857-000
6147,10.1037/t52371-000
6148,10.1037/t42461-000
6149,10.1037/t49552-000
6150,10.1037/t75079-000
6151,10.1037/t84092-000
6152,10.1037/t00644-000
6153,10.1037/t43350-000
6154,10.1037/t39366-000
6155,10.1037/t30280-000
6156,10.1037/t83801-000
6157,10.1037/t05632-000
6158,10.1037/t86309-000
6159,10.1037/t41757-000
6160,10.1037/t49565-000
6161,10.1037/t80871-000
6162,10.1037/t86321-000
6163,10.1037/t85435-000
6164,10.1037/t40748-000
6165,10.1037/t42784-000
6166,10.1037/t48673-000
6167,10.1037/t67281-000
6168,10.1037/t09587-000
6169,10.1037/t77323-000
6170,10.1037/t77718-000
6171,10.1037/t34350-000
6172,10.1037/t52062-000
6173,10.1037/t10133-000
6174,10.1037/t54286-000
6175,10.1037/t29964-000
6176,10.1037/t81458-000
6177,10.1037/t65773-000
6178,10.1037/t65464-000
6179,10.1037/t42043-000
6180,10.1037/t27531-000
6181,10.1037/t21795-000
6182,10.1037/t83495-000
6183,10.1037/t34933-000
6184,10.1037/t11034-000
6185,10.1037/t26019-000
6186,10.1037/t61999-000
6187,10.1037/t41401-000
6188,10.1037/t21042-000
6189,10.1037/t28896-000
6190,10.1037/t34298-000
6191,10.1037/t46635-000
6192,10.1037/t41195-000
6193,10.1037/t19281-000
6194,10.1037/t26015-000
6195,10.1037/t12840-000
6196,10.1037/t77144-000
6197,10.1037/t10631-000
6198,10.1037/t58242-000
6199,10.1037/t68594-000
6200,10.1037/t04253-000
6201,10.1037/t21020-000
6202,10.1037/t13881-000
6203,10.1037/t68295-000
6204,10.1037/t01033-000
6205,10.1037/t84815-000
6206,10.1037/t49705-000
6207,10.1037/t80624-000
6208,10.1037/t64286-000
6209,10.1037/t12414-000
6210,10.1037/t74857-000
6211,10.1037/t17170-000
6212,10.1037/t66926-000
6213,10.1037/t27988-000
6214,10.1037/t18624-000
6215,10.1037/t42262-000
6216,10.1037/t85163-000
6217,10.1037/t36911-000
6218,10.1037/t76034-000
6219,10.1037/t22636-000
6220,10.1037/t37265-000
6221,10.1037/t86233-000
6222,10.1037/t22677-000
6223,10.1037/t10772-000
6224,10.1037/t14258-000
6225,10.1037/t39917-000
6226,10.1037/t09750-000
6227,10.1037/t37221-000
6228,10.1037/t72577-000
6229,10.1037/t22888-000
6230,10.1037/t14308-000
6231,10.1037/t37142-000
6232,10.1037/t51908-000
6233,10.1037/t71919-000
6234,10.1037/t45483-000
6235,10.1037/t10829-000
6236,10.1037/t69396-000
6237,10.1037/t68241-000
6238,10.1037/t53650-000
6239,10.1037/t85633-000
6240,10.1037/t46806-000
6241,10.1037/t26536-000
6242,10.1037/t27600-000
6243,10.1037/t33239-000
6244,10.1037/t66221-000
6245,10.1037/t60635-000
6246,10.1037/t21875-000
6247,10.1037/t66186-000
6248,10.1037/t50103-000
6249,10.1037/t04148-000
6250,10.1037/t11634-000
6251,10.1037/t30759-000
6252,10.1037/t49497-000
6253,10.1037/t62509-000
6254,10.1037/t49579-000
6255,10.1037/t85466-000
6256,10.1037/t63540-000
6257,10.1037/t00332-000
6258,10.1037/t82814-000
6259,10.1037/t21418-000
6260,10.1037/t37887-000
6261,10.1037/t85232-000
6262,10.1037/t01720-000
6263,10.1037/t24104-000
6264,10.1037/t36118-000
6265,10.1037/t27312-000
6266,10.1037/t70624-000
6267,10.1037/t13152-000
6268,10.1037/t49420-000
6269,10.1037/t22409-000
6270,10.1037/t08688-000
6271,10.1037/t82162-000
6272,10.1037/t27426-000
6273,10.1037/t05561-000
6274,10.1037/t41078-000
6275,10.1037/t16122-000
6276,10.1037/t05987-000
6277,10.1037/t37069-000
6278,10.1037/t29918-000
6279,10.1037/t71238-000
6280,10.1037/t11011-000
6281,10.1037/t10452-000
6282,10.1037/t80363-000
6283,10.1037/t16273-000
6284,10.1037/t00143-000
6285,10.1037/t47111-000
6286,10.1037/t45532-000
6287,10.1037/t72050-000
6288,10.1037/t11660-000
6289,10.1037/t25993-000
6290,10.1037/t21509-000
6291,10.1037/t74796-000
6292,10.1037/t24596-000
6293,10.1037/t83436-000
6294,10.1037/t17639-000
6295,10.1037/t81401-000
6296,10.1037/t79331-000
6297,10.1037/t48644-000
6298,10.1037/t78481-000
6299,10.1037/t85371-000
6300,10.1037/t81273-000
6301,10.1037/t37262-000
6302,10.1037/t02618-000
6303,10.1037/t20357-000
6304,10.1037/t67070-000
6305,10.1037/t38943-000
6306,10.1037/t33310-000
6307,10.1037/t48053-000
6308,10.1037/t13424-000
6309,10.1037/t03344-000
6310,10.1037/t24203-000
6311,10.1037/t25216-000
6312,10.1037/t17483-000
6313,10.1037/t86479-000
6314,10.1037/t54167-000
6315,10.1037/t00551-000
6316,10.1037/t12071-000
6317,10.1037/t78552-000
6318,10.1037/t34833-000
6319,10.1037/t59748-000
6320,10.1037/t10207-000
6321,10.1037/t32836-000
6322,10.1037/t32021-000
6323,10.1037/t36259-000
6324,10.1037/t11564-000
6325,10.1037/t08809-000
6326,10.1037/t80174-000
6327,10.1037/t07556-000
6328,10.1037/t81022-000
6329,10.1037/t34232-000
6330,10.1037/t60093-000
6331,10.1037/t06016-000
6332,10.1037/t75205-000
6333,10.1037/t18561-000
6334,10.1037/t28900-000
6335,10.1037/t48843-000
6336,10.1037/t00059-000
6337,10.1037/t71164-000
6338,10.1037/t26586-000
6339,10.1037/t87562-000
6340,10.1037/t18580-000
6341,10.1037/t01030-000
6342,10.1037/t21896-000
6343,10.1037/t27626-000
6344,10.1037/t26802-000
6345,10.1037/t73165-000
6346,10.1037/t79824-000
6347,10.1037/t04158-000
6348,10.1037/t79987-000
6349,10.1037/t04823-000
6350,10.1037/t18001-000
6351,10.1037/t62162-000
6352,10.1037/t36521-000
6353,10.1037/t83793-000
6354,10.1037/t13517-000
6355,10.1037/t20482-000
6356,10.1037/t82215-000
6357,10.1037/t17486-000
6358,10.1037/t75531-000
6359,10.1037/t44310-000
6360,10.1037/t76321-000
6361,10.1037/t45476-000
6362,10.1037/t49203-000
6363,10.1037/t31535-000
6364,10.1037/t22485-000
6365,10.1037/t67159-000
6366,10.1037/t69676-000
6367,10.1037/t09902-000
6368,10.1037/t43426-000
6369,10.1037/t08698-000
6370,10.1037/t10397-000
6371,10.1037/t39199-000
6372,10.1037/t11091-000
6373,10.1037/t76933-000
6374,10.1037/t11134-000
6375,10.1037/t30210-000
6376,10.1037/t61034-000
6377,10.1037/t16769-000
6378,10.1037/t08332-000
6379,10.1037/t51360-000
6380,10.1037/t37979-000
6381,10.1037/t70562-000
6382,10.1037/t44795-000
6383,10.1037/t04871-000
6384,10.1037/t30282-000
6385,10.1037/t86476-000
6386,10.1037/t50994-000
6387,10.1037/t43588-000
6388,10.1037/t84802-000
6389,10.1037/t81090-000
6390,10.1037/t68836-000
6391,10.1037/t73495-000
6392,10.1037/t24826-000
6393,10.1037/t51109-000
6394,10.1037/t17353-000
6395,10.1037/t03886-000
6396,10.1037/t81389-000
6397,10.1037/t32981-000
6398,10.1037/t15453-000
6399,10.1037/t76788-000
6400,10.1037/t17670-000
6401,10.1037/t25046-000
6402,10.1037/t07858-000
6403,10.1037/t78451-000
6404,10.1037/t12670-000
6405,10.1037/t16446-000
6406,10.1037/t36246-000
6407,10.1037/t38412-000
6408,10.1037/t22523-000
6409,10.1037/t11883-000
6410,10.1037/t76757-000
6411,10.1037/t32000-000
6412,10.1037/t86097-000
6413,10.1037/t23336-000
6414,10.1037/t04715-000
6415,10.1037/t26757-000
6416,10.1037/t29971-000
6417,10.1037/t16045-000
6418,10.1037/t54963-000
6419,10.1037/t23185-000
6420,10.1037/t16634-000
6421,10.1037/t26548-000
6422,10.1037/t04930-000
6423,10.1037/t16809-000
6424,10.1037/t11749-000
6425,10.1037/t16293-000
6426,10.1037/t26180-000
6427,10.1037/t34151-000
6428,10.1037/t72458-000
6429,10.1037/t12652-000
6430,10.1037/t84173-000
6431,10.1037/t14409-000
6432,10.1037/t19384-000
6433,10.1037/t22375-000
6434,10.1037/t82106-000
6435,10.1037/t12832-000
6436,10.1037/t37829-000
6437,10.1037/t12586-000
6438,10.1037/t63949-000
6439,10.1037/t15201-000
6440,10.1037/t69442-000
6441,10.1037/t59508-000
6442,10.1037/t63642-000
6443,10.1037/t35482-000
6444,10.1037/t18057-000
6445,10.1037/t41482-000
6446,10.1037/t85398-000
6447,10.1037/t21237-000
6448,10.1037/t75930-000
6449,10.1037/t69761-000
6450,10.1037/t83759-000
6451,10.1037/t41475-000
6452,10.1037/t40493-000
6453,10.1037/t00911-000
6454,10.1037/t03448-000
6455,10.1037/t86672-000
6456,10.1037/t44447-000
6457,10.1037/t67333-000
6458,10.1037/t03170-000
6459,10.1037/t39219-000
6460,10.1037/t47496-000
6461,10.1037/t24738-000
6462,10.1037/t83541-000
6463,10.1037/t22834-000
6464,10.1037/t17227-000
6465,10.1037/t59906-000
6466,10.1037/t30421-000
6467,10.1037/t72638-000
6468,10.1037/t18836-000
6469,10.1037/t77964-000
6470,10.1037/t15837-000
6471,10.1037/t01131-000
6472,10.1037/t43864-000
6473,10.1037/t19364-000
6474,10.1037/t75363-000
6475,10.1037/t43976-000
6476,10.1037/t75859-000
6477,10.1037/t18434-000
6478,10.1037/t12175-000
6479,10.1037/t24166-000
6480,10.1037/t16804-000
6481,10.1037/t20866-000
6482,10.1037/t38901-000
6483,10.1037/t25652-000
6484,10.1037/t13245-000
6485,10.1037/t30506-000
6486,10.1037/t46374-000
6487,10.1037/t37936-000
6488,10.1037/t32902-000
6489,10.1037/t09767-000
6490,10.1037/t48889-000
6491,10.1037/t85449-000
6492,10.1037/t51741-000
6493,10.1037/t60790-000
6494,10.1037/t17602-000
6495,10.1037/t43407-000
6496,10.1037/t43898-000
6497,10.1037/t27791-000
6498,10.1037/t18241-000
6499,10.1037/t42064-000
6500,10.1037/t32098-000
6501,10.1037/t73089-000
6502,10.1037/t14047-000
6503,10.1037/t26545-000
6504,10.1037/t20379-000
6505,10.1037/t45066-000
6506,10.1037/t26405-000
6507,10.1037/t83700-000
6508,10.1037/t69073-000
6509,10.1037/t16792-000
6510,10.1037/t47831-000
6511,10.1037/t14577-000
6512,10.1037/t84193-000
6513,10.1037/t17329-000
6514,10.1037/t15799-000
6515,10.1037/t43430-000
6516,10.1037/t33864-000
6517,10.1037/t62911-000
6518,10.1037/t85051-000
6519,10.1037/t42489-000
6520,10.1037/t16643-000
6521,10.1037/t03148-000
6522,10.1037/t03347-000
6523,10.1037/t42384-000
6524,10.1037/t11112-000
6525,10.1037/t14359-000
6526,10.1037/t80679-000
6527,10.1037/t14008-000
6528,10.1037/t11194-000
6529,10.1037/t24707-000
6530,10.1037/t66808-000
6531,10.1037/t77292-000
6532,10.1037/t20129-000
6533,10.1037/t45470-000
6534,10.1037/t10226-000
6535,10.1037/t83202-000
6536,10.1037/t68288-000
6537,10.1037/t86577-000
6538,10.1037/t21251-000
6539,10.1037/t13614-000
6540,10.1037/t11060-000
6541,10.1037/t18212-000
6542,10.1037/t10422-000
6543,10.1037/t12044-000
6544,10.1037/t26658-000
6545,10.1037/t03125-000
6546,10.1037/t19992-000
6547,10.1037/t62893-000
6548,10.1037/t17472-000
6549,10.1037/t43641-000
6550,10.1037/t43431-000
6551,10.1037/t82345-000
6552,10.1037/t66707-000
6553,10.1037/t65176-000
6554,10.1037/t86137-000
6555,10.1037/t45472-000
6556,10.1037/t21012-000
6557,10.1037/t09890-000
6558,10.1037/t32276-000
6559,10.1037/t43103-000
6560,10.1037/t22364-000
6561,10.1037/t87441-000
6562,10.1037/t65993-000
6563,10.1037/t74656-000
6564,10.1037/t06036-000
6565,10.1037/t81180-000
6566,10.1037/t85784-000
6567,10.1037/t25542-000
6568,10.1037/t68731-000
6569,10.1037/t64941-000
6570,10.1037/t85595-000
6571,10.1037/t52286-000
6572,10.1037/t00020-000
6573,10.1037/t44550-000
6574,10.1037/t79494-000
6575,10.1037/t18579-000
6576,10.1037/t74012-000
6577,10.1037/t32220-000
6578,10.1037/t34332-000
6579,10.1037/t59971-000
6580,10.1037/t21740-000
6581,10.1037/t81550-000
6582,10.1037/t00415-000
6583,10.1037/t26881-000
6584,10.1037/t68629-000
6585,10.1037/t27565-000
6586,10.1037/t70343-000
6587,10.1037/t54932-000
6588,10.1037/t01187-000
6589,10.1037/t15119-000
6590,10.1037/t21514-000
6591,10.1037/t41607-000
6592,10.1037/t18299-000
6593,10.1037/t81328-000
6594,10.1037/t33591-000
6595,10.1037/t02263-000
6596,10.1037/t17314-000
6597,10.1037/t70334-000
6598,10.1037/t83799-000
6599,10.1037/t20141-000
6600,10.1037/t17636-000
6601,10.1037/t20579-000
6602,10.1037/t08486-000
6603,10.1037/t66538-000
6604,10.1037/t63280-000
6605,10.1037/t63524-000
6606,10.1037/t82851-000
6607,10.1037/t72082-000
6608,10.1037/t01698-000
6609,10.1037/t41885-000
6610,10.1037/t31994-000
6611,10.1037/t72693-000
6612,10.1037/t00933-000
6613,10.1037/t00334-000
6614,10.1037/t47746-000
6615,10.1037/t67783-000
6616,10.1037/t73070-000
6617,10.1037/t40132-000
6618,10.1037/t00868-000
6619,10.1037/t84474-000
6620,10.1037/t77254-000
6621,10.1037/t85204-000
6622,10.1037/t83385-000
6623,10.1037/t39285-000
6624,10.1037/t72694-000
6625,10.1037/t81265-000
6626,10.1037/t45440-000
6627,10.1037/t48957-000
6628,10.1037/t24079-000
6629,10.1037/t14531-000
6630,10.1037/t83254-000
6631,10.1037/t83657-000
6632,10.1037/t09839-000
6633,10.1037/t68336-000
6634,10.1037/t10722-000
6635,10.1037/t16417-000
6636,10.1037/t25128-000
6637,10.1037/t70413-000
6638,10.1037/t80920-000
6639,10.1037/t18766-000
6640,10.1037/t12634-000
6641,10.1037/t81416-000
6642,10.1037/t20240-000
6643,10.1037/t00970-000
6644,10.1037/t18613-000
6645,10.1037/t29133-000
6646,10.1037/t47709-000
6647,10.1037/t03660-000
6648,10.1037/t84882-000
6649,10.1037/t82018-000
6650,10.1037/t68832-000
6651,10.1037/t45393-000
6652,10.1037/t24868-000
6653,10.1037/t48752-000
6654,10.1037/t42704-000
6655,10.1037/t39835-000
6656,10.1037/t21393-000
6657,10.1037/t00892-000
6658,10.1037/t00696-000
6659,10.1037/t33431-000
6660,10.1037/t76336-000
6661,10.1037/t49304-000
6662,10.1037/t59538-000
6663,10.1037/t64324-000
6664,10.1037/t85751-000
6665,10.1037/t00291-000
6666,10.1037/t76596-000
6667,10.1037/t13675-000
6668,10.1037/t27610-000
6669,10.1037/t15494-000
6670,10.1037/t48427-000
6671,10.1037/t60576-000
6672,10.1037/t79751-000
6673,10.1037/t33361-000
6674,10.1037/t15143-000
6675,10.1037/t48531-000
6676,10.1037/t76854-000
6677,10.1037/t09052-000
6678,10.1037/t18052-000
6679,10.1037/t15784-000
6680,10.1037/t44574-000
6681,10.1037/t25240-000
6682,10.1037/t82738-000
6683,10.1037/t70959-000
6684,10.1037/t13531-000
6685,10.1037/t22995-000
6686,10.1037/t49317-000
6687,10.1037/t37723-000
6688,10.1037/t26109-000
6689,10.1037/t09875-000
6690,10.1037/t40670-000
6691,10.1037/t09787-000
6692,10.1037/t01845-000
6693,10.1037/t01236-000
6694,10.1037/t23015-000
6695,10.1037/t82531-000
6696,10.1037/t20850-000
6697,10.1037/t50943-000
6698,10.1037/t14716-000
6699,10.1037/t01346-000
6700,10.1037/t46631-000
6701,10.1037/t82185-000
6702,10.1037/t32435-000
6703,10.1037/t27575-000
6704,10.1037/t48641-000
6705,10.1037/t08194-000
6706,10.1037/t20354-000
6707,10.1037/t04888-000
6708,10.1037/t41022-000
6709,10.1037/t16845-000
6710,10.1037/t65566-000
6711,10.1037/t22304-000
6712,10.1037/t23935-000
6713,10.1037/t71278-000
6714,10.1037/t26747-000
6715,10.1037/t28152-000
6716,10.1037/t24484-000
6717,10.1037/t10380-000
6718,10.1037/t85796-000
6719,10.1037/t10447-000
6720,10.1037/t50807-000
6721,10.1037/t13273-000
6722,10.1037/t21241-000
6723,10.1037/t79381-000
6724,10.1037/t24196-000
6725,10.1037/t48623-000
6726,10.1037/t31612-000
6727,10.1037/t27507-000
6728,10.1037/t63712-000
6729,10.1037/t14561-000
6730,10.1037/t75881-000
6731,10.1037/t66970-000
6732,10.1037/t19549-000
6733,10.1037/t11498-000
6734,10.1037/t76525-000
6735,10.1037/t60864-000
6736,10.1037/t10076-000
6737,10.1037/t64601-000
6738,10.1037/t79054-000
6739,10.1037/t03695-000
6740,10.1037/t27586-000
6741,10.1037/t43705-000
6742,10.1037/t12996-000
6743,10.1037/t24837-000
6744,10.1037/t11355-000
6745,10.1037/t60070-000
6746,10.1037/t65593-000
6747,10.1037/t72044-000
6748,10.1037/t27047-000
6749,10.1037/t03843-000
6750,10.1037/t08406-000
6751,10.1037/t21049-000
6752,10.1037/t14232-000
6753,10.1037/t38561-000
6754,10.1037/t45474-000
6755,10.1037/t00539-000
6756,10.1037/t44185-000
6757,10.1037/t63240-000
6758,10.1037/t68132-000
6759,10.1037/t42760-000
6760,10.1037/t10721-000
6761,10.1037/t34028-000
6762,10.1037/t13130-000
6763,10.1037/t47191-000
6764,10.1037/t05171-000
6765,10.1037/t38122-000
6766,10.1037/t53175-000
6767,10.1037/t29811-000
6768,10.1037/t84473-000
6769,10.1037/t15498-000
6770,10.1037/t25374-000
6771,10.1037/t13722-000
6772,10.1037/t75463-000
6773,10.1037/t39902-000
6774,10.1037/t77457-000
6775,10.1037/t19277-000
6776,10.1037/t65866-000
6777,10.1037/t08973-000
6778,10.1037/t25276-000
6779,10.1037/t25274-000
6780,10.1037/t04533-000
6781,10.1037/t25150-000
6782,10.1037/t12360-000
6783,10.1037/t00213-000
6784,10.1037/t28305-000
6785,10.1037/t79999-000
6786,10.1037/t24324-000
6787,10.1037/t28481-000
6788,10.1037/t63831-000
6789,10.1037/t30322-000
6790,10.1037/t38353-000
6791,10.1037/t43389-000
6792,10.1037/t21914-000
6793,10.1037/t13995-000
6794,10.1037/t15280-000
6795,10.1037/t02318-000
6796,10.1037/t44163-000
6797,10.1037/t23089-000
6798,10.1037/t62105-000
6799,10.1037/t46677-000
6800,10.1037/t46364-000
6801,10.1037/t70501-000
6802,10.1037/t25098-000
6803,10.1037/t33317-000
6804,10.1037/t62504-000
6805,10.1037/t71595-000
6806,10.1037/t31702-000
6807,10.1037/t73719-000
6808,10.1037/t62330-000
6809,10.1037/t07994-000
6810,10.1037/t60714-000
6811,10.1037/t79726-000
6812,10.1037/t09059-000
6813,10.1037/t32714-000
6814,10.1037/t55748-000
6815,10.1037/t00884-000
6816,10.1037/t54743-000
6817,10.1037/t42843-000
6818,10.1037/t25631-000
6819,10.1037/t04684-000
6820,10.1037/t18470-000
6821,10.1037/t23263-000
6822,10.1037/t44979-000
6823,10.1037/t67836-000
6824,10.1037/t09188-000
6825,10.1037/t80690-000
6826,10.1037/t23230-000
6827,10.1037/t48498-000
6828,10.1037/t82796-000
6829,10.1037/t15569-000
6830,10.1037/t29760-000
6831,10.1037/t12127-000
6832,10.1037/t24113-000
6833,10.1037/t30377-000
6834,10.1037/t17933-000
6835,10.1037/t27352-000
6836,10.1037/t34056-000
6837,10.1037/t57167-000
6838,10.1037/t12851-000
6839,10.1037/t61651-000
6840,10.1037/t12852-000
6841,10.1037/t48402-000
6842,10.1037/t73950-000
6843,10.1037/t85314-000
6844,10.1037/t54143-000
6845,10.1037/t45094-000
6846,10.1037/t39072-000
6847,10.1037/t23976-000
6848,10.1037/t79628-000
6849,10.1037/t83492-000
6850,10.1037/t28558-000
6851,10.1037/t13404-000
6852,10.1037/t29695-000
6853,10.1037/t07492-000
6854,10.1037/t45575-000
6855,10.1037/t39977-000
6856,10.1037/t49745-000
6857,10.1037/t73700-000
6858,10.1037/t63531-000
6859,10.1037/t79382-000
6860,10.1037/t51152-000
6861,10.1037/t78728-000
6862,10.1037/t29392-000
6863,10.1037/t01249-000
6864,10.1037/t00073-000
6865,10.1037/t67491-000
6866,10.1037/t59122-000
6867,10.1037/t22563-000
6868,10.1037/t59278-000
6869,10.1037/t85443-000
6870,10.1037/t34275-000
6871,10.1037/t63527-000
6872,10.1037/t13992-000
6873,10.1037/t21553-000
6874,10.1037/t28672-000
6875,10.1037/t63348-000
6876,10.1037/t81545-000
6877,10.1037/t17048-000
6878,10.1037/t14205-000
6879,10.1037/t44435-000
6880,10.1037/t73232-000
6881,10.1037/t09620-000
6882,10.1037/t42933-000
6883,10.1037/t00461-000
6884,10.1037/t42164-000
6885,10.1037/t82557-000
6886,10.1037/t39157-000
6887,10.1037/t68994-000
6888,10.1037/t29455-000
6889,10.1037/t38176-000
6890,10.1037/t38331-000
6891,10.1037/t45214-000
6892,10.1037/t02873-000
6893,10.1037/t14163-000
6894,10.1037/t01825-000
6895,10.1037/t75065-000
6896,10.1037/t86557-000
6897,10.1037/t03126-000
6898,10.1037/t36264-000
6899,10.1037/t67733-000
6900,10.1037/t21400-000
6901,10.1037/t70873-000
6902,10.1037/t82129-000
6903,10.1037/t58356-000
6904,10.1037/t24295-000
6905,10.1037/t22051-000
6906,10.1037/t51584-000
6907,10.1037/t06924-000
6908,10.1037/t40147-000
6909,10.1037/t03315-000
6910,10.1037/t28948-000
6911,10.1037/t06533-000
6912,10.1037/t40302-000
6913,10.1037/t16250-000
6914,10.1037/t16480-000
6915,10.1037/t75959-000
6916,10.1037/t07741-000
6917,10.1037/t37924-000
6918,10.1037/t14190-000
6919,10.1037/t35634-000
6920,10.1037/t78112-000
6921,10.1037/t74877-000
6922,10.1037/t21114-000
6923,10.1037/t77678-000
6924,10.1037/t14049-000
6925,10.1037/t11131-000
6926,10.1037/t44320-000
6927,10.1037/t50383-000
6928,10.1037/t33811-000
6929,10.1037/t64641-000
6930,10.1037/t37644-000
6931,10.1037/t68626-000
6932,10.1037/t43643-000
6933,10.1037/t03451-000
6934,10.1037/t43640-000
6935,10.1037/t16458-000
6936,10.1037/t28660-000
6937,10.1037/t62230-000
6938,10.1037/t28906-000
6939,10.1037/t53212-000
6940,10.1037/t82546-000
6941,10.1037/t08887-000
6942,10.1037/t54871-000
6943,10.1037/t77191-000
6944,10.1037/t37698-000
6945,10.1037/t34495-000
6946,10.1037/t84762-000
6947,10.1037/t01357-000
6948,10.1037/t09520-000
6949,10.1037/t38523-000
6950,10.1037/t25636-000
6951,10.1037/t00044-000
6952,10.1037/t70029-000
6953,10.1037/t34354-000
6954,10.1037/t23781-000
6955,10.1037/t34103-000
6956,10.1037/t13743-000
6957,10.1037/t06079-000
6958,10.1037/t39158-000
6959,10.1037/t83704-000
6960,10.1037/t79223-000
6961,10.1037/t67797-000
6962,10.1037/t41199-000
6963,10.1037/t28009-000
6964,10.1037/t43578-000
6965,10.1037/t25458-000
6966,10.1037/t54428-000
6967,10.1037/t62524-000
6968,10.1037/t75719-000
6969,10.1037/t11657-000
6970,10.1037/t01687-000
6971,10.1037/t11898-000
6972,10.1037/t53626-000
6973,10.1037/t13769-000
6974,10.1037/t73647-000
6975,10.1037/t18161-000
6976,10.1037/t23367-000
6977,10.1037/t08553-000
6978,10.1037/t21668-000
6979,10.1037/t00699-000
6980,10.1037/t25823-000
6981,10.1037/t14144-000
6982,10.1037/t80274-000
6983,10.1037/t17078-000
6984,10.1037/t00800-000
6985,10.1037/t21000-000
6986,10.1037/t41210-000
6987,10.1037/t11975-000
6988,10.1037/t13613-000
6989,10.1037/t85539-000
6990,10.1037/t29547-000
6991,10.1037/t68684-000
6992,10.1037/t11087-000
6993,10.1037/t29123-000
6994,10.1037/t22671-000
6995,10.1037/t22216-000
6996,10.1037/t40202-000
6997,10.1037/t48061-000
6998,10.1037/t12095-000
6999,10.1037/t41158-000
7000,10.1037/t54557-000
7001,10.1037/t32197-000
7002,10.1037/t62423-000
7003,10.1037/t59302-000
7004,10.1037/t70913-000
7005,10.1037/t72869-000
7006,10.1037/t65782-000
7007,10.1037/t62583-000
7008,10.1037/t37900-000
7009,10.1037/t16368-000
7010,10.1037/t63137-000
7011,10.1037/t41137-000
7012,10.1037/t64777-000
7013,10.1037/t51202-000
7014,10.1037/t12444-000
7015,10.1037/t63302-000
7016,10.1037/t65477-000
7017,10.1037/t12057-000
7018,10.1037/t45259-000
7019,10.1037/t11484-000
7020,10.1037/t46871-000
7021,10.1037/t74099-000
7022,10.1037/t16556-000
7023,10.1037/t82565-000
7024,10.1037/t33999-000
7025,10.1037/t50221-000
7026,10.1037/t06601-000
7027,10.1037/t28658-000
7028,10.1037/t25634-000
7029,10.1037/t41248-000
7030,10.1037/t71046-000
7031,10.1037/t64772-000
7032,10.1037/t09287-000
7033,10.1037/t10799-000
7034,10.1037/t34479-000
7035,10.1037/t76355-000
7036,10.1037/t73342-000
7037,10.1037/t10533-000
7038,10.1037/t13169-000
7039,10.1037/t82068-000
7040,10.1037/t12481-000
7041,10.1037/t15397-000
7042,10.1037/t52817-000
7043,10.1037/t31294-000
7044,10.1037/t44832-000
7045,10.1037/t29636-000
7046,10.1037/t62121-000
7047,10.1037/t60600-000
7048,10.1037/t69884-000
7049,10.1037/t11593-000
7050,10.1037/t22492-000
7051,10.1037/t53844-000
7052,10.1037/t78705-000
7053,10.1037/t87308-000
7054,10.1037/t28284-000
7055,10.1037/t22346-000
7056,10.1037/t02280-000
7057,10.1037/t64163-000
7058,10.1037/t60516-000
7059,10.1037/t82513-000
7060,10.1037/t30640-000
7061,10.1037/t37207-000
7062,10.1037/t75804-000
7063,10.1037/t15885-000
7064,10.1037/t42786-000
7065,10.1037/t37913-000
7066,10.1037/t32470-000
7067,10.1037/t23104-000
7068,10.1037/t27760-000
7069,10.1037/t02627-000
7070,10.1037/t52439-000
7071,10.1037/t18607-000
7072,10.1037/t55714-000
7073,10.1037/t79324-000
7074,10.1037/t40668-000
7075,10.1037/t03712-000
7076,10.1037/t40389-000
7077,10.1037/t37735-000
7078,10.1037/t00211-000
7079,10.1037/t14408-000
7080,10.1037/t24246-000
7081,10.1037/t22302-000
7082,10.1037/t82607-000
7083,10.1037/t28466-000
7084,10.1037/t30636-000
7085,10.1037/t22290-000
7086,10.1037/t12534-000
7087,10.1037/t23816-000
7088,10.1037/t08802-000
7089,10.1037/t40646-000
7090,10.1037/t59668-000
7091,10.1037/t64889-000
7092,10.1037/t73530-000
7093,10.1037/t05536-000
7094,10.1037/t25356-000
7095,10.1037/t73224-000
7096,10.1037/t25427-000
7097,10.1037/t16600-000
7098,10.1037/t26458-000
7099,10.1037/t09394-000
7100,10.1037/t46473-000
7101,10.1037/t14378-000
7102,10.1037/t19042-000
7103,10.1037/t86355-000
7104,10.1037/t79164-000
7105,10.1037/t19451-000
7106,10.1037/t09561-000
7107,10.1037/t09803-000
7108,10.1037/t34584-000
7109,10.1037/t78256-000
7110,10.1037/t74364-000
7111,10.1037/t69223-000
7112,10.1037/t37034-000
7113,10.1037/t45895-000
7114,10.1037/t12097-000
7115,10.1037/t00510-000
7116,10.1037/t38035-000
7117,10.1037/t16529-000
7118,10.1037/t36650-000
7119,10.1037/t24815-000
7120,10.1037/t33393-000
7121,10.1037/t32611-000
7122,10.1037/t65628-000
7123,10.1037/t04984-000
7124,10.1037/t09148-000
7125,10.1037/t23418-000
7126,10.1037/t00070-000
7127,10.1037/t85168-000
7128,10.1037/t52408-000
7129,10.1037/t66956-000
7130,10.1037/t40467-000
7131,10.1037/t01443-000
7132,10.1037/t16312-000
7133,10.1037/t13816-000
7134,10.1037/t12466-000
7135,10.1037/t06944-000
7136,10.1037/t62548-000
7137,10.1037/t53250-000
7138,10.1037/t14826-000
7139,10.1037/t58523-000
7140,10.1037/t62069-000
7141,10.1037/t16554-000
7142,10.1037/t23833-000
7143,10.1037/t47459-000
7144,10.1037/t00116-000
7145,10.1037/t32593-000
7146,10.1037/t26191-000
7147,10.1037/t17439-000
7148,10.1037/t11684-000
7149,10.1037/t25879-000
7150,10.1037/t17062-000
7151,10.1037/t53697-000
7152,10.1037/t05038-000
7153,10.1037/t62143-000
7154,10.1037/t50792-000
7155,10.1037/t77901-000
7156,10.1037/t35910-000
7157,10.1037/t20006-000
7158,10.1037/t78660-000
7159,10.1037/t00447-000
7160,10.1037/t13989-000
7161,10.1037/t62633-000
7162,10.1037/t40629-000
7163,10.1037/t80943-000
7164,10.1037/t01746-000
7165,10.1037/t04044-000
7166,10.1037/t09347-000
7167,10.1037/t43294-000
7168,10.1037/t07959-000
7169,10.1037/t12073-000
7170,10.1037/t60188-000
7171,10.1037/t21131-000
7172,10.1037/t50810-000
7173,10.1037/t50308-000
7174,10.1037/t00948-000
7175,10.1037/t24639-000
7176,10.1037/t41498-000
7177,10.1037/t00007-000
7178,10.1037/t72596-000
7179,10.1037/t82720-000
7180,10.1037/t40782-000
7181,10.1037/t10954-000
7182,10.1037/t52098-000
7183,10.1037/t08585-000
7184,10.1037/t27325-000
7185,10.1037/t38936-000
7186,10.1037/t86227-000
7187,10.1037/t12187-000
7188,10.1037/t64957-000
7189,10.1037/t11276-000
7190,10.1037/t11369-000
7191,10.1037/t20570-000
7192,10.1037/t85827-000
7193,10.1037/t33038-000
7194,10.1037/t17824-000
7195,10.1037/t15238-000
7196,10.1037/t24601-000
7197,10.1037/t67420-000
7198,10.1037/t11125-000
7199,10.1037/t84158-000
7200,10.1037/t01786-000
7201,10.1037/t67203-000
7202,10.1037/t09438-000
7203,10.1037/t68312-000
7204,10.1037/t51769-000
7205,10.1037/t22890-000
7206,10.1037/t83656-000
7207,10.1037/t27248-000
7208,10.1037/t46327-000
7209,10.1037/t38319-000
7210,10.1037/t31180-000
7211,10.1037/t85081-000
7212,10.1037/t84612-000
7213,10.1037/t42433-000
7214,10.1037/t83031-000
7215,10.1037/t69909-000
7216,10.1037/t82807-000
7217,10.1037/t09125-000
7218,10.1037/t28143-000
7219,10.1037/t75334-000
7220,10.1037/t10239-000
7221,10.1037/t39141-000
7222,10.1037/t22035-000
7223,10.1037/t05702-000
7224,10.1037/t11928-000
7225,10.1037/t75352-000
7226,10.1037/t75233-000
7227,10.1037/t59566-000
7228,10.1037/t36778-000
7229,10.1037/t52134-000
7230,10.1037/t00636-000
7231,10.1037/t86663-000
7232,10.1037/t28323-000
7233,10.1037/t27213-000
7234,10.1037/t12157-000
7235,10.1037/t45206-000
7236,10.1037/t42963-000
7237,10.1037/t85295-000
7238,10.1037/t41410-000
7239,10.1037/t73431-000
7240,10.1037/t67517-000
7241,10.1037/t23216-000
7242,10.1037/t32025-000
7243,10.1037/t26771-000
7244,10.1037/t38492-000
7245,10.1037/t39386-000
7246,10.1037/t37184-000
7247,10.1037/t34171-000
7248,10.1037/t86036-000
7249,10.1037/t79567-000
7250,10.1037/t60227-000
7251,10.1037/t79078-000
7252,10.1037/t83302-000
7253,10.1037/t62116-000
7254,10.1037/t31224-000
7255,10.1037/t03411-000
7256,10.1037/t09036-000
7257,10.1037/t64404-000
7258,10.1037/t42240-000
7259,10.1037/t54212-000
7260,10.1037/t31158-000
7261,10.1037/t52303-000
7262,10.1037/t25395-000
7263,10.1037/t28829-000
7264,10.1037/t08145-000
7265,10.1037/t06769-000
7266,10.1037/t05247-000
7267,10.1037/t01832-000
7268,10.1037/t68548-000
7269,10.1037/t25242-000
7270,10.1037/t14401-000
7271,10.1037/t41684-000
7272,10.1037/t87596-000
7273,10.1037/t77176-000
7274,10.1037/t17892-000
7275,10.1037/t85133-000
7276,10.1037/t38750-000
7277,10.1037/t25726-000
7278,10.1037/t50239-000
7279,10.1037/t82402-000
7280,10.1037/t05165-000
7281,10.1037/t37679-000
7282,10.1037/t21370-000
7283,10.1037/t61267-000
7284,10.1037/t09102-000
7285,10.1037/t37708-000
7286,10.1037/t40869-000
7287,10.1037/t17609-000
7288,10.1037/t11016-000
7289,10.1037/t39029-000
7290,10.1037/t19982-000
7291,10.1037/t75906-000
7292,10.1037/t10813-000
7293,10.1037/t87613-000
7294,10.1037/t16771-000
7295,10.1037/t79938-000
7296,10.1037/t01681-000
7297,10.1037/t22556-000
7298,10.1037/t87094-000
7299,10.1037/t07285-000
7300,10.1037/t03536-000
7301,10.1037/t48582-000
7302,10.1037/t30862-000
7303,10.1037/t02384-000
7304,10.1037/t39210-000
7305,10.1037/t12279-000
7306,10.1037/t20059-000
7307,10.1037/t11118-000
7308,10.1037/t75911-000
7309,10.1037/t14441-000
7310,10.1037/t31054-000
7311,10.1037/t13915-000
7312,10.1037/t27847-000
7313,10.1037/t38909-000
7314,10.1037/t03597-000
7315,10.1037/t59781-000
7316,10.1037/t30490-000
7317,10.1037/t70452-000
7318,10.1037/t36719-000
7319,10.1037/t67005-000
7320,10.1037/t34099-000
7321,10.1037/t73475-000
7322,10.1037/t63437-000
7323,10.1037/t23477-000
7324,10.1037/t15412-000
7325,10.1037/t36860-000
7326,10.1037/t86954-000
7327,10.1037/t52585-000
7328,10.1037/t25812-000
7329,10.1037/t02109-000
7330,10.1037/t17057-000
7331,10.1037/t66117-000
7332,10.1037/t42232-000
7333,10.1037/t00598-000
7334,10.1037/t76339-000
7335,10.1037/t39002-000
7336,10.1037/t14863-000
7337,10.1037/t08774-000
7338,10.1037/t04326-000
7339,10.1037/t18496-000
7340,10.1037/t30780-000
7341,10.1037/t32980-000
7342,10.1037/t21092-000
7343,10.1037/t42546-000
7344,10.1037/t23481-000
7345,10.1037/t14949-000
7346,10.1037/t23909-000
7347,10.1037/t07099-000
7348,10.1037/t67745-000
7349,10.1037/t85727-000
7350,10.1037/t28557-000
7351,10.1037/t48951-000
7352,10.1037/t53805-000
7353,10.1037/t26410-000
7354,10.1037/t70035-000
7355,10.1037/t61833-000
7356,10.1037/t70862-000
7357,10.1037/t25873-000
7358,10.1037/t00468-000
7359,10.1037/t03648-000
7360,10.1037/t10963-000
7361,10.1037/t28056-000
7362,10.1037/t43470-000
7363,10.1037/t81175-000
7364,10.1037/t11740-000
7365,10.1037/t21252-000
7366,10.1037/t20043-000
7367,10.1037/t19600-000
7368,10.1037/t69375-000
7369,10.1037/t09791-000
7370,10.1037/t02609-000
7371,10.1037/t19946-000
7372,10.1037/t33664-000
7373,10.1037/t59018-000
7374,10.1037/t25937-000
7375,10.1037/t20140-000
7376,10.1037/t45360-000
7377,10.1037/t72328-000
7378,10.1037/t81110-000
7379,10.1037/t52542-000
7380,10.1037/t17558-000
7381,10.1037/t50816-000
7382,10.1037/t03035-000
7383,10.1037/t24503-000
7384,10.1037/t05547-000
7385,10.1037/t20323-000
7386,10.1037/t12117-000
7387,10.1037/t40604-000
7388,10.1037/t24594-000
7389,10.1037/t29272-000
7390,10.1037/t26595-000
7391,10.1037/t35341-000
7392,10.1037/t17447-000
7393,10.1037/t17182-000
7394,10.1037/t21326-000
7395,10.1037/t58384-000
7396,10.1037/t80011-000
7397,10.1037/t82231-000
7398,10.1037/t03559-000
7399,10.1037/t10176-000
7400,10.1037/t73290-000
7401,10.1037/t05684-000
7402,10.1037/t12062-000
7403,10.1037/t23787-000
7404,10.1037/t35424-000
7405,10.1037/t61659-000
7406,10.1037/t20360-000
7407,10.1037/t36090-000
7408,10.1037/t81119-000
7409,10.1037/t32038-000
7410,10.1037/t29924-000
7411,10.1037/t13641-000
7412,10.1037/t34507-000
7413,10.1037/t17024-000
7414,10.1037/t11326-000
7415,10.1037/t38185-000
7416,10.1037/t18467-000
7417,10.1037/t06802-000
7418,10.1037/t64351-000
7419,10.1037/t72623-000
7420,10.1037/t63835-000
7421,10.1037/t23941-000
7422,10.1037/t56534-000
7423,10.1037/t46392-000
7424,10.1037/t15060-000
7425,10.1037/t01844-000
7426,10.1037/t58631-000
7427,10.1037/t59491-000
7428,10.1037/t02166-000
7429,10.1037/t09079-000
7430,10.1037/t86806-000
7431,10.1037/t28289-000
7432,10.1037/t11919-000
7433,10.1037/t77727-000
7434,10.1037/t63225-000
7435,10.1037/t14363-000
7436,10.1037/t15315-000
7437,10.1037/t43168-000
7438,10.1037/t38322-000
7439,10.1037/t40658-000
7440,10.1037/t19901-000
7441,10.1037/t16109-000
7442,10.1037/t30423-000
7443,10.1037/t63362-000
7444,10.1037/t68467-000
7445,10.1037/t62166-000
7446,10.1037/t16335-000
7447,10.1037/t42237-000
7448,10.1037/t01659-000
7449,10.1037/t42733-000
7450,10.1037/t19994-000
7451,10.1037/t22530-000
7452,10.1037/t64358-000
7453,10.1037/t44480-000
7454,10.1037/t43710-000
7455,10.1037/t05743-000
7456,10.1037/t44840-000
7457,10.1037/t21511-000
7458,10.1037/t70218-000
7459,10.1037/t14843-000
7460,10.1037/t06974-000
7461,10.1037/t66924-000
7462,10.1037/t67626-000
7463,10.1037/t31643-000
7464,10.1037/t83503-000
7465,10.1037/t82107-000
7466,10.1037/t13410-000
7467,10.1037/t35921-000
7468,10.1037/t08600-000
7469,10.1037/t86027-000
7470,10.1037/t33061-000
7471,10.1037/t31350-000
7472,10.1037/t36831-000
7473,10.1037/t26212-000
7474,10.1037/t00851-000
7475,10.1037/t29676-000
7476,10.1037/t16460-000
7477,10.1037/t37810-000
7478,10.1037/t10050-000
7479,10.1037/t09317-000
7480,10.1037/t20679-000
7481,10.1037/t07651-000
7482,10.1037/t27865-000
7483,10.1037/t23490-000
7484,10.1037/t20380-000
7485,10.1037/t39032-000
7486,10.1037/t45332-000
7487,10.1037/t14945-000
7488,10.1037/t14783-000
7489,10.1037/t60107-000
7490,10.1037/t41565-000
7491,10.1037/t29364-000
7492,10.1037/t42898-000
7493,10.1037/t01312-000
7494,10.1037/t16668-000
7495,10.1037/t60865-000
7496,10.1037/t70006-000
7497,10.1037/t31943-000
7498,10.1037/t12638-000
7499,10.1037/t27786-000
7500,10.1037/t70326-000
7501,10.1037/t00371-000
7502,10.1037/t58367-000
7503,10.1037/t07145-000
7504,10.1037/t13113-000
7505,10.1037/t33279-000
7506,10.1037/t73117-000
7507,10.1037/t66592-000
7508,10.1037/t78772-000
7509,10.1037/t73229-000
7510,10.1037/t77589-000
7511,10.1037/t34063-000
7512,10.1037/t84564-000
7513,10.1037/t03513-000
7514,10.1037/t45816-000
7515,10.1037/t14934-000
7516,10.1037/t20593-000
7517,10.1037/t68202-000
7518,10.1037/t00512-000
7519,10.1037/t14576-000
7520,10.1037/t19983-000
7521,10.1037/t33671-000
7522,10.1037/t15777-000
7523,10.1037/t79807-000
7524,10.1037/t23118-000
7525,10.1037/t40486-000
7526,10.1037/t71248-000
7527,10.1037/t21057-000
7528,10.1037/t06076-000
7529,10.1037/t67892-000
7530,10.1037/t48249-000
7531,10.1037/t11333-000
7532,10.1037/t52074-000
7533,10.1037/t29549-000
7534,10.1037/t69886-000
7535,10.1037/t47152-000
7536,10.1037/t79619-000
7537,10.1037/t38241-000
7538,10.1037/t18482-000
7539,10.1037/t26166-000
7540,10.1037/t52998-000
7541,10.1037/t39144-000
7542,10.1037/t31111-000
7543,10.1037/t02667-000
7544,10.1037/t45313-000
7545,10.1037/t40628-000
7546,10.1037/t16423-000
7547,10.1037/t72230-000
7548,10.1037/t37356-000
7549,10.1037/t03058-000
7550,10.1037/t52410-000
7551,10.1037/t50061-000
7552,10.1037/t78197-000
7553,10.1037/t21445-000
7554,10.1037/t12223-000
7555,10.1037/t34992-000
7556,10.1037/t47264-000
7557,10.1037/t29374-000
7558,10.1037/t04517-000
7559,10.1037/t81805-000
7560,10.1037/t46949-000
7561,10.1037/t84289-000
7562,10.1037/t14839-000
7563,10.1037/t76284-000
7564,10.1037/t16929-000
7565,10.1037/t11045-000
7566,10.1037/t27402-000
7567,10.1037/t32041-000
7568,10.1037/t01685-000
7569,10.1037/t45434-000
7570,10.1037/t12505-000
7571,10.1037/t17770-000
7572,10.1037/t09286-000
7573,10.1037/t02235-000
7574,10.1037/t07662-000
7575,10.1037/t14460-000
7576,10.1037/t20438-000
7577,10.1037/t05567-000
7578,10.1037/t16536-000
7579,10.1037/t74557-000
7580,10.1037/t01419-000
7581,10.1037/t61673-000
7582,10.1037/t13661-000
7583,10.1037/t38266-000
7584,10.1037/t79672-000
7585,10.1037/t13281-000
7586,10.1037/t25467-000
7587,10.1037/t55355-000
7588,10.1037/t09554-000
7589,10.1037/t27066-000
7590,10.1037/t45240-000
7591,10.1037/t41491-000
7592,10.1037/t27412-000
7593,10.1037/t24705-000
7594,10.1037/t74481-000
7595,10.1037/t82593-000
7596,10.1037/t14512-000
7597,10.1037/t15273-000
7598,10.1037/t09995-000
7599,10.1037/t03277-000
7600,10.1037/t38769-000
7601,10.1037/t75087-000
7602,10.1037/t48493-000
7603,10.1037/t09722-000
7604,10.1037/t29387-000
7605,10.1037/t41233-000
7606,10.1037/t00962-000
7607,10.1037/t16612-000
7608,10.1037/t23773-000
7609,10.1037/t26289-000
7610,10.1037/t18623-000
7611,10.1037/t41148-000
7612,10.1037/t10986-000
7613,10.1037/t18638-000
7614,10.1037/t46827-000
7615,10.1037/t06210-000
7616,10.1037/t34368-000
7617,10.1037/t24873-000
7618,10.1037/t10331-000
7619,10.1037/t07074-000
7620,10.1037/t20112-000
7621,10.1037/t20331-000
7622,10.1037/t77360-000
7623,10.1037/t28378-000
7624,10.1037/t79295-000
7625,10.1037/t38286-000
7626,10.1037/t67000-000
7627,10.1037/t77878-000
7628,10.1037/t08060-000
7629,10.1037/t77740-000
7630,10.1037/t35190-000
7631,10.1037/t73913-000
7632,10.1037/t09076-000
7633,10.1037/t34416-000
7634,10.1037/t03370-000
7635,10.1037/t55267-000
7636,10.1037/t52743-000
7637,10.1037/t75838-000
7638,10.1037/t34078-000
7639,10.1037/t11651-000
7640,10.1037/t39304-000
7641,10.1037/t25409-000
7642,10.1037/t43465-000
7643,10.1037/t17421-000
7644,10.1037/t45281-000
7645,10.1037/t10413-000
7646,10.1037/t22430-000
7647,10.1037/t36455-000
7648,10.1037/t45535-000
7649,10.1037/t01237-000
7650,10.1037/t77512-000
7651,10.1037/t51955-000
7652,10.1037/t22690-000
7653,10.1037/t14297-000
7654,10.1037/t39453-000
7655,10.1037/t78717-000
7656,10.1037/t00311-000
7657,10.1037/t33387-000
7658,10.1037/t85080-000
7659,10.1037/t46637-000
7660,10.1037/t37252-000
7661,10.1037/t83505-000
7662,10.1037/t34062-000
7663,10.1037/t55343-000
7664,10.1037/t23992-000
7665,10.1037/t80418-000
7666,10.1037/t84966-000
7667,10.1037/t42505-000
7668,10.1037/t43763-000
7669,10.1037/t26861-000
7670,10.1037/t85559-000
7671,10.1037/t08264-000
7672,10.1037/t78386-000
7673,10.1037/t21588-000
7674,10.1037/t38760-000
7675,10.1037/t18361-000
7676,10.1037/t67297-000
7677,10.1037/t10235-000
7678,10.1037/t65965-000
7679,10.1037/t34458-000
7680,10.1037/t34775-000
7681,10.1037/t38198-000
7682,10.1037/t50788-000
7683,10.1037/t79017-000
7684,10.1037/t78881-000
7685,10.1037/t21745-000
7686,10.1037/t09335-000
7687,10.1037/t28374-000
7688,10.1037/t46378-000
7689,10.1037/t25597-000
7690,10.1037/t01777-000
7691,10.1037/t80421-000
7692,10.1037/t18218-000
7693,10.1037/t21804-000
7694,10.1037/t08687-000
7695,10.1037/t87676-000
7696,10.1037/t17669-000
7697,10.1037/t12974-000
7698,10.1037/t26363-000
7699,10.1037/t26801-000
7700,10.1037/t23815-000
7701,10.1037/t41612-000
7702,10.1037/t33197-000
7703,10.1037/t66800-000
7704,10.1037/t09778-000
7705,10.1037/t19516-000
7706,10.1037/t26555-000
7707,10.1037/t05093-000
7708,10.1037/t12988-000
7709,10.1037/t82082-000
7710,10.1037/t12560-000
7711,10.1037/t37082-000
7712,10.1037/t72543-000
7713,10.1037/t13525-000
7714,10.1037/t66406-000
7715,10.1037/t20394-000
7716,10.1037/t13539-000
7717,10.1037/t06721-000
7718,10.1037/t06723-000
7719,10.1037/t37685-000
7720,10.1037/t16061-000
7721,10.1037/t58488-000
7722,10.1037/t48276-000
7723,10.1037/t43779-000
7724,10.1037/t69490-000
7725,10.1037/t62651-000
7726,10.1037/t37544-000
7727,10.1037/t39975-000
7728,10.1037/t19363-000
7729,10.1037/t45212-000
7730,10.1037/t68166-000
7731,10.1037/t10826-000
7732,10.1037/t65040-000
7733,10.1037/t37883-000
7734,10.1037/t52099-000
7735,10.1037/t57264-000
7736,10.1037/t26666-000
7737,10.1037/t13581-000
7738,10.1037/t46359-000
7739,10.1037/t32422-000
7740,10.1037/t60105-000
7741,10.1037/t87778-000
7742,10.1037/t08717-000
7743,10.1037/t72879-000
7744,10.1037/t47197-000
7745,10.1037/t76814-000
7746,10.1037/t58212-000
7747,10.1037/t06895-000
7748,10.1037/t82539-000
7749,10.1037/t25983-000
7750,10.1037/t61186-000
7751,10.1037/t77825-000
7752,10.1037/t62860-000
7753,10.1037/t62467-000
7754,10.1037/t85067-000
7755,10.1037/t26246-000
7756,10.1037/t02765-000
7757,10.1037/t29644-000
7758,10.1037/t85411-000
7759,10.1037/t27130-000
7760,10.1037/t18687-000
7761,10.1037/t49120-000
7762,10.1037/t00479-000
7763,10.1037/t40763-000
7764,10.1037/t54981-000
7765,10.1037/t43412-000
7766,10.1037/t47818-000
7767,10.1037/t74328-000
7768,10.1037/t17328-000
7769,10.1037/t15535-000
7770,10.1037/t34196-000
7771,10.1037/t75461-000
7772,10.1037/t76119-000
7773,10.1037/t86008-000
7774,10.1037/t34960-000
7775,10.1037/t16945-000
7776,10.1037/t38470-000
7777,10.1037/t31536-000
7778,10.1037/t81849-000
7779,10.1037/t16558-000
7780,10.1037/t03952-000
7781,10.1037/t18798-000
7782,10.1037/t26875-000
7783,10.1037/t50101-000
7784,10.1037/t17355-000
7785,10.1037/t70093-000
7786,10.1037/t05747-000
7787,10.1037/t44106-000
7788,10.1037/t10241-000
7789,10.1037/t74775-000
7790,10.1037/t05748-000
7791,10.1037/t37720-000
7792,10.1037/t19126-000
7793,10.1037/t55704-000
7794,10.1037/t14112-000
7795,10.1037/t18639-000
7796,10.1037/t23359-000
7797,10.1037/t28325-000
7798,10.1037/t04569-000
7799,10.1037/t48905-000
7800,10.1037/t45723-000
7801,10.1037/t48015-000
7802,10.1037/t20270-000
7803,10.1037/t17470-000
7804,10.1037/t12628-000
7805,10.1037/t54836-000
7806,10.1037/t26784-000
7807,10.1037/t58068-000
7808,10.1037/t86613-000
7809,10.1037/t85775-000
7810,10.1037/t69295-000
7811,10.1037/t70409-000
7812,10.1037/t80162-000
7813,10.1037/t74291-000
7814,10.1037/t23795-000
7815,10.1037/t18007-000
7816,10.1037/t07271-000
7817,10.1037/t46237-000
7818,10.1037/t48682-000
7819,10.1037/t31660-000
7820,10.1037/t33698-000
7821,10.1037/t03431-000
7822,10.1037/t10058-000
7823,10.1037/t75568-000
7824,10.1037/t10243-000
7825,10.1037/t24950-000
7826,10.1037/t02054-000
7827,10.1037/t76338-000
7828,10.1037/t41817-000
7829,10.1037/t28270-000
7830,10.1037/t08619-000
7831,10.1037/t81081-000
7832,10.1037/t40736-000
7833,10.1037/t10444-000
7834,10.1037/t71824-000
7835,10.1037/t09152-000
7836,10.1037/t13292-000
7837,10.1037/t38282-000
7838,10.1037/t82707-000
7839,10.1037/t49302-000
7840,10.1037/t32464-000
7841,10.1037/t15842-000
7842,10.1037/t59023-000
7843,10.1037/t21037-000
7844,10.1037/t26749-000
7845,10.1037/t60625-000
7846,10.1037/t28236-000
7847,10.1037/t22451-000
7848,10.1037/t44758-000
7849,10.1037/t22527-000
7850,10.1037/t71219-000
7851,10.1037/t81747-000
7852,10.1037/t53455-000
7853,10.1037/t40964-000
7854,10.1037/t77409-000
7855,10.1037/t83231-000
7856,10.1037/t16531-000
7857,10.1037/t83113-000
7858,10.1037/t19733-000
7859,10.1037/t85502-000
7860,10.1037/t29878-000
7861,10.1037/t23282-000
7862,10.1037/t71471-000
7863,10.1037/t86661-000
7864,10.1037/t40366-000
7865,10.1037/t01539-000
7866,10.1037/t65946-000
7867,10.1037/t48381-000
7868,10.1037/t30389-000
7869,10.1037/t39844-000
7870,10.1037/t54528-000
7871,10.1037/t40972-000
7872,10.1037/t84523-000
7873,10.1037/t17392-000
7874,10.1037/t34524-000
7875,10.1037/t09115-000
7876,10.1037/t28890-000
7877,10.1037/t19288-000
7878,10.1037/t33088-000
7879,10.1037/t18550-000
7880,10.1037/t86235-000
7881,10.1037/t45892-000
7882,10.1037/t57683-000
7883,10.1037/t09458-000
7884,10.1037/t22863-000
7885,10.1037/t16953-000
7886,10.1037/t37652-000
7887,10.1037/t34673-000
7888,10.1037/t17423-000
7889,10.1037/t80459-000
7890,10.1037/t08734-000
7891,10.1037/t66624-000
7892,10.1037/t29616-000
7893,10.1037/t22962-000
7894,10.1037/t09243-000
7895,10.1037/t15793-000
7896,10.1037/t44102-000
7897,10.1037/t14761-000
7898,10.1037/t47638-000
7899,10.1037/t13025-000
7900,10.1037/t34110-000
7901,10.1037/t01135-000
7902,10.1037/t81648-000
7903,10.1037/t76810-000
7904,10.1037/t16685-000
7905,10.1037/t27668-000
7906,10.1037/t34188-000
7907,10.1037/t45719-000
7908,10.1037/t02403-000
7909,10.1037/t00713-000
7910,10.1037/t41302-000
7911,10.1037/t30573-000
7912,10.1037/t09322-000
7913,10.1037/t78171-000
7914,10.1037/t48200-000
7915,10.1037/t11101-000
7916,10.1037/t17424-000
7917,10.1037/t02557-000
7918,10.1037/t67538-000
7919,10.1037/t19109-000
7920,10.1037/t36095-000
7921,10.1037/t24742-000
7922,10.1037/t81289-000
7923,10.1037/t25572-000
7924,10.1037/t85677-000
7925,10.1037/t41657-000
7926,10.1037/t64881-000
7927,10.1037/t25730-000
7928,10.1037/t14185-000
7929,10.1037/t65551-000
7930,10.1037/t09563-000
7931,10.1037/t28894-000
7932,10.1037/t11143-000
7933,10.1037/t13735-000
7934,10.1037/t33394-000
7935,10.1037/t67905-000
7936,10.1037/t45189-000
7937,10.1037/t32169-000
7938,10.1037/t12841-000
7939,10.1037/t54239-000
7940,10.1037/t47594-000
7941,10.1037/t21333-000
7942,10.1037/t00212-000
7943,10.1037/t16126-000
7944,10.1037/t45653-000
7945,10.1037/t81361-000
7946,10.1037/t21364-000
7947,10.1037/t44788-000
7948,10.1037/t09097-000
7949,10.1037/t63255-000
7950,10.1037/t36430-000
7951,10.1037/t21050-000
7952,10.1037/t21641-000
7953,10.1037/t63253-000
7954,10.1037/t36389-000
7955,10.1037/t03387-000
7956,10.1037/t34246-000
7957,10.1037/t74911-000
7958,10.1037/t73347-000
7959,10.1037/t40920-000
7960,10.1037/t40312-000
7961,10.1037/t62729-000
7962,10.1037/t53905-000
7963,10.1037/t13180-000
7964,10.1037/t81302-000
7965,10.1037/t73620-000
7966,10.1037/t21719-000
7967,10.1037/t70490-000
7968,10.1037/t65217-000
7969,10.1037/t06434-000
7970,10.1037/t28820-000
7971,10.1037/t78567-000
7972,10.1037/t08162-000
7973,10.1037/t32613-000
7974,10.1037/t59560-000
7975,10.1037/t24466-000
7976,10.1037/t87334-000
7977,10.1037/t66954-000
7978,10.1037/t76226-000
7979,10.1037/t03109-000
7980,10.1037/t63059-000
7981,10.1037/t59214-000
7982,10.1037/t61157-000
7983,10.1037/t78292-000
7984,10.1037/t42078-000
7985,10.1037/t21757-000
7986,10.1037/t37295-000
7987,10.1037/t37340-000
7988,10.1037/t65004-000
7989,10.1037/t87058-000
7990,10.1037/t40265-000
7991,10.1037/t22333-000
7992,10.1037/t24341-000
7993,10.1037/t79974-000
7994,10.1037/t36113-000
7995,10.1037/t71428-000
7996,10.1037/t87608-000
7997,10.1037/t62828-000
7998,10.1037/t23896-000
7999,10.1037/t20003-000
8000,10.1037/t24706-000
8001,10.1037/t86614-000
8002,10.1037/t81498-000
8003,10.1037/t39361-000
8004,10.1037/t79469-000
8005,10.1037/t17635-000
8006,10.1037/t76766-000
8007,10.1037/t84981-000
8008,10.1037/t32424-000
8009,10.1037/t17733-000
8010,10.1037/t75648-000
8011,10.1037/t38882-000
8012,10.1037/t47704-000
8013,10.1037/t17153-000
8014,10.1037/t68083-000
8015,10.1037/t20336-000
8016,10.1037/t20493-000
8017,10.1037/t01040-000
8018,10.1037/t12459-000
8019,10.1037/t19820-000
8020,10.1037/t23173-000
8021,10.1037/t67004-000
8022,10.1037/t76517-000
8023,10.1037/t54122-000
8024,10.1037/t33740-000
8025,10.1037/t37793-000
8026,10.1037/t02785-000
8027,10.1037/t00337-000
8028,10.1037/t27566-000
8029,10.1037/t13779-000
8030,10.1037/t35451-000
8031,10.1037/t68301-000
8032,10.1037/t38527-000
8033,10.1037/t01819-000
8034,10.1037/t62968-000
8035,10.1037/t86207-000
8036,10.1037/t77856-000
8037,10.1037/t02875-000
8038,10.1037/t17388-000
8039,10.1037/t78315-000
8040,10.1037/t22362-000
8041,10.1037/t20157-000
8042,10.1037/t06270-000
8043,10.1037/t11899-000
8044,10.1037/t48168-000
8045,10.1037/t00023-000
8046,10.1037/t12253-000
8047,10.1037/t74416-000
8048,10.1037/t22034-000
8049,10.1037/t57862-000
8050,10.1037/t10276-000
8051,10.1037/t14090-000
8052,10.1037/t83834-000
8053,10.1037/t63655-000
8054,10.1037/t63331-000
8055,10.1037/t82994-000
8056,10.1037/t65833-000
8057,10.1037/t85661-000
8058,10.1037/t30493-000
8059,10.1037/t10624-000
8060,10.1037/t84801-000
8061,10.1037/t22146-000
8062,10.1037/t86708-000
8063,10.1037/t24764-000
8064,10.1037/t63480-000
8065,10.1037/t24522-000
8066,10.1037/t63455-000
8067,10.1037/t29109-000
8068,10.1037/t05680-000
8069,10.1037/t35294-000
8070,10.1037/t46951-000
8071,10.1037/t39142-000
8072,10.1037/t24494-000
8073,10.1037/t29882-000
8074,10.1037/t39779-000
8075,10.1037/t17159-000
8076,10.1037/t28719-000
8077,10.1037/t66030-000
8078,10.1037/t62206-000
8079,10.1037/t17480-000
8080,10.1037/t32540-000
8081,10.1037/t10350-000
8082,10.1037/t51454-000
8083,10.1037/t32549-000
8084,10.1037/t26493-000
8085,10.1037/t41638-000
8086,10.1037/t27851-000
8087,10.1037/t34809-000
8088,10.1037/t66076-000
8089,10.1037/t69044-000
8090,10.1037/t30344-000
8091,10.1037/t79056-000
8092,10.1037/t61203-000
8093,10.1037/t82934-000
8094,10.1037/t31162-000
8095,10.1037/t63424-000
8096,10.1037/t63751-000
8097,10.1037/t23229-000
8098,10.1037/t65478-000
8099,10.1037/t16822-000
8100,10.1037/t04110-000
8101,10.1037/t11270-000
8102,10.1037/t53427-000
8103,10.1037/t78874-000
8104,10.1037/t24444-000
8105,10.1037/t07066-000
8106,10.1037/t16079-000
8107,10.1037/t68043-000
8108,10.1037/t12259-000
8109,10.1037/t40066-000
8110,10.1037/t37253-000
8111,10.1037/t12150-000
8112,10.1037/t18294-000
8113,10.1037/t09262-000
8114,10.1037/t26523-000
8115,10.1037/t23710-000
8116,10.1037/t25739-000
8117,10.1037/t29128-000
8118,10.1037/t11610-000
8119,10.1037/t28114-000
8120,10.1037/t11049-000
8121,10.1037/t47391-000
8122,10.1037/t71220-000
8123,10.1037/t39937-000
8124,10.1037/t29835-000
8125,10.1037/t45821-000
8126,10.1037/t86690-000
8127,10.1037/t15249-000
8128,10.1037/t31751-000
8129,10.1037/t30468-000
8130,10.1037/t43030-000
8131,10.1037/t14751-000
8132,10.1037/t21465-000
8133,10.1037/t14788-000
8134,10.1037/t26061-000
8135,10.1037/t09770-000
8136,10.1037/t63792-000
8137,10.1037/t81363-000
8138,10.1037/t13670-000
8139,10.1037/t52214-000
8140,10.1037/t83655-000
8141,10.1037/t32682-000
8142,10.1037/t50483-000
8143,10.1037/t05771-000
8144,10.1037/t40692-000
8145,10.1037/t10112-000
8146,10.1037/t77017-000
8147,10.1037/t85338-000
8148,10.1037/t35127-000
8149,10.1037/t63626-000
8150,10.1037/t52097-000
8151,10.1037/t12924-000
8152,10.1037/t65445-000
8153,10.1037/t85642-000
8154,10.1037/t43603-000
8155,10.1037/t49821-000
8156,10.1037/t48597-000
8157,10.1037/t00426-000
8158,10.1037/t33399-000
8159,10.1037/t45477-000
8160,10.1037/t09131-000
8161,10.1037/t21593-000
8162,10.1037/t30101-000
8163,10.1037/t20966-000
8164,10.1037/t23512-000
8165,10.1037/t28043-000
8166,10.1037/t05872-000
8167,10.1037/t12688-000
8168,10.1037/t15724-000
8169,10.1037/t23465-000
8170,10.1037/t34366-000
8171,10.1037/t22972-000
8172,10.1037/t17588-000
8173,10.1037/t21038-000
8174,10.1037/t19925-000
8175,10.1037/t00055-000
8176,10.1037/t78727-000
8177,10.1037/t13335-000
8178,10.1037/t42070-000
8179,10.1037/t26479-000
8180,10.1037/t66989-000
8181,10.1037/t62763-000
8182,10.1037/t16762-000
8183,10.1037/t07730-000
8184,10.1037/t17265-000
8185,10.1037/t76262-000
8186,10.1037/t63226-000
8187,10.1037/t34245-000
8188,10.1037/t24412-000
8189,10.1037/t21280-000
8190,10.1037/t27882-000
8191,10.1037/t81845-000
8192,10.1037/t31505-000
8193,10.1037/t69524-000
8194,10.1037/t26394-000
8195,10.1037/t08088-000
8196,10.1037/t34283-000
8197,10.1037/t60241-000
8198,10.1037/t20250-000
8199,10.1037/t33782-000
8200,10.1037/t78591-000
8201,10.1037/t64743-000
8202,10.1037/t19450-000
8203,10.1037/t36133-000
8204,10.1037/t62803-000
8205,10.1037/t22516-000
8206,10.1037/t24077-000
8207,10.1037/t08992-000
8208,10.1037/t58190-000
8209,10.1037/t71297-000
8210,10.1037/t55744-000
8211,10.1037/t13546-000
8212,10.1037/t77591-000
8213,10.1037/t09354-000
8214,10.1037/t28853-000
8215,10.1037/t15503-000
8216,10.1037/t32804-000
8217,10.1037/t80689-000
8218,10.1037/t16191-000
8219,10.1037/t69573-000
8220,10.1037/t75816-000
8221,10.1037/t01128-000
8222,10.1037/t49314-000
8223,10.1037/t26891-000
8224,10.1037/t20863-000
8225,10.1037/t25066-000
8226,10.1037/t13140-000
8227,10.1037/t27195-000
8228,10.1037/t19388-000
8229,10.1037/t10421-000
8230,10.1037/t81008-000
8231,10.1037/t17443-000
8232,10.1037/t86812-000
8233,10.1037/t55623-000
8234,10.1037/t31681-000
8235,10.1037/t12399-000
8236,10.1037/t69967-000
8237,10.1037/t82798-000
8238,10.1037/t04682-000
8239,10.1037/t84845-000
8240,10.1037/t64131-000
8241,10.1037/t41603-000
8242,10.1037/t03028-000
8243,10.1037/t49000-000
8244,10.1037/t06265-000
8245,10.1037/t37246-000
8246,10.1037/t83344-000
8247,10.1037/t26856-000
8248,10.1037/t82357-000
8249,10.1037/t87578-000
8250,10.1037/t40777-000
8251,10.1037/t54303-000
8252,10.1037/t17552-000
8253,10.1037/t36571-000
8254,10.1037/t21716-000
8255,10.1037/t22889-000
8256,10.1037/t20120-000
8257,10.1037/t29112-000
8258,10.1037/t45219-000
8259,10.1037/t85535-000
8260,10.1037/t69882-000
8261,10.1037/t01802-000
8262,10.1037/t61790-000
8263,10.1037/t14627-000
8264,10.1037/t11284-000
8265,10.1037/t32066-000
8266,10.1037/t12512-000
8267,10.1037/t86964-000
8268,10.1037/t87259-000
8269,10.1037/t34009-000
8270,10.1037/t08750-000
8271,10.1037/t29039-000
8272,10.1037/t18398-000
8273,10.1037/t23666-000
8274,10.1037/t06349-000
8275,10.1037/t50130-000
8276,10.1037/t35214-000
8277,10.1037/t83930-000
8278,10.1037/t74675-000
8279,10.1037/t81796-000
8280,10.1037/t38753-000
8281,10.1037/t85108-000
8282,10.1037/t66055-000
8283,10.1037/t19331-000
8284,10.1037/t63130-000
8285,10.1037/t34065-000
8286,10.1037/t42736-000
8287,10.1037/t39660-000
8288,10.1037/t46012-000
8289,10.1037/t61936-000
8290,10.1037/t52511-000
8291,10.1037/t22270-000
8292,10.1037/t26667-000
8293,10.1037/t33100-000
8294,10.1037/t33714-000
8295,10.1037/t51738-000
8296,10.1037/t10405-000
8297,10.1037/t84957-000
8298,10.1037/t01216-000
8299,10.1037/t03319-000
8300,10.1037/t18109-000
8301,10.1037/t79247-000
8302,10.1037/t16483-000
8303,10.1037/t11380-000
8304,10.1037/t77815-000
8305,10.1037/t08457-000
8306,10.1037/t70210-000
8307,10.1037/t46715-000
8308,10.1037/t28372-000
8309,10.1037/t65960-000
8310,10.1037/t14099-000
8311,10.1037/t41093-000
8312,10.1037/t43028-000
8313,10.1037/t22410-000
8314,10.1037/t19684-000
8315,10.1037/t76412-000
8316,10.1037/t48964-000
8317,10.1037/t24752-000
8318,10.1037/t38411-000
8319,10.1037/t22296-000
8320,10.1037/t01092-000
8321,10.1037/t59931-000
8322,10.1037/t61615-000
8323,10.1037/t39642-000
8324,10.1037/t65290-000
8325,10.1037/t81123-000
8326,10.1037/t66699-000
8327,10.1037/t25234-000
8328,10.1037/t47507-000
8329,10.1037/t85491-000
8330,10.1037/t66028-000
8331,10.1037/t07299-000
8332,10.1037/t34455-000
8333,10.1037/t50001-000
8334,10.1037/t45128-000
8335,10.1037/t08965-000
8336,10.1037/t63957-000
8337,10.1037/t52826-000
8338,10.1037/t47978-000
8339,10.1037/t21665-000
8340,10.1037/t34374-000
8341,10.1037/t35366-000
8342,10.1037/t62212-000
8343,10.1037/t02623-000
8344,10.1037/t02316-000
8345,10.1037/t18430-000
8346,10.1037/t32448-000
8347,10.1037/t48264-000
8348,10.1037/t19390-000
8349,10.1037/t41522-000
8350,10.1037/t85407-000
8351,10.1037/t38918-000
8352,10.1037/t17116-000
8353,10.1037/t67902-000
8354,10.1037/t75752-000
8355,10.1037/t02143-000
8356,10.1037/t07041-000
8357,10.1037/t41124-000
8358,10.1037/t73331-000
8359,10.1037/t17693-000
8360,10.1037/t40518-000
8361,10.1037/t23135-000
8362,10.1037/t17106-000
8363,10.1037/t19775-000
8364,10.1037/t10437-000
8365,10.1037/t09130-000
8366,10.1037/t41896-000
8367,10.1037/t72898-000
8368,10.1037/t37946-000
8369,10.1037/t25958-000
8370,10.1037/t48017-000
8371,10.1037/t64533-000
8372,10.1037/t25662-000
8373,10.1037/t85427-000
8374,10.1037/t33363-000
8375,10.1037/t01265-000
8376,10.1037/t06978-000
8377,10.1037/t72314-000
8378,10.1037/t36898-000
8379,10.1037/t52533-000
8380,10.1037/t32614-000
8381,10.1037/t05565-000
8382,10.1037/t14180-000
8383,10.1037/t19218-000
8384,10.1037/t14233-000
8385,10.1037/t59531-000
8386,10.1037/t57353-000
8387,10.1037/t87831-000
8388,10.1037/t76083-000
8389,10.1037/t27299-000
8390,10.1037/t04912-000
8391,10.1037/t35943-000
8392,10.1037/t16706-000
8393,10.1037/t70771-000
8394,10.1037/t87154-000
8395,10.1037/t14372-000
8396,10.1037/t80147-000
8397,10.1037/t27594-000
8398,10.1037/t03106-000
8399,10.1037/t64397-000
8400,10.1037/t34184-000
8401,10.1037/t67533-000
8402,10.1037/t67638-000
8403,10.1037/t43124-000
8404,10.1037/t32492-000
8405,10.1037/t26852-000
8406,10.1037/t18277-000
8407,10.1037/t11502-000
8408,10.1037/t06716-000
8409,10.1037/t20849-000
8410,10.1037/t42076-000
8411,10.1037/t04135-000
8412,10.1037/t83511-000
8413,10.1037/t24690-000
8414,10.1037/t71678-000
8415,10.1037/t40008-000
8416,10.1037/t11318-000
8417,10.1037/t34418-000
8418,10.1037/t10432-000
8419,10.1037/t27596-000
8420,10.1037/t69847-000
8421,10.1037/t38295-000
8422,10.1037/t19249-000
8423,10.1037/t07148-000
8424,10.1037/t44826-000
8425,10.1037/t44920-000
8426,10.1037/t12856-000
8427,10.1037/t80008-000
8428,10.1037/t16194-000
8429,10.1037/t77078-000
8430,10.1037/t41681-000
8431,10.1037/t34355-000
8432,10.1037/t16655-000
8433,10.1037/t17200-000
8434,10.1037/t05036-000
8435,10.1037/t15891-000
8436,10.1037/t79074-000
8437,10.1037/t37713-000
8438,10.1037/t13256-000
8439,10.1037/t21776-000
8440,10.1037/t09372-000
8441,10.1037/t15575-000
8442,10.1037/t09242-000
8443,10.1037/t63113-000
8444,10.1037/t73024-000
8445,10.1037/t22108-000
8446,10.1037/t37687-000
8447,10.1037/t24245-000
8448,10.1037/t78186-000
8449,10.1037/t39841-000
8450,10.1037/t27747-000
8451,10.1037/t11104-000
8452,10.1037/t21110-000
8453,10.1037/t60696-000
8454,10.1037/t01023-000
8455,10.1037/t21436-000
8456,10.1037/t28340-000
8457,10.1037/t83803-000
8458,10.1037/t17937-000
8459,10.1037/t14347-000
8460,10.1037/t78404-000
8461,10.1037/t08712-000
8462,10.1037/t09379-000
8463,10.1037/t01139-000
8464,10.1037/t27391-000
8465,10.1037/t16076-000
8466,10.1037/t69898-000
8467,10.1037/t28554-000
8468,10.1037/t68230-000
8469,10.1037/t26533-000
8470,10.1037/t68395-000
8471,10.1037/t44609-000
8472,10.1037/t08959-000
8473,10.1037/t23990-000
8474,10.1037/t23744-000
8475,10.1037/t75527-000
8476,10.1037/t17714-000
8477,10.1037/t74010-000
8478,10.1037/t15236-000
8479,10.1037/t44706-000
8480,10.1037/t87610-000
8481,10.1037/t03676-000
8482,10.1037/t01586-000
8483,10.1037/t78885-000
8484,10.1037/t03769-000
8485,10.1037/t81057-000
8486,10.1037/t08191-000
8487,10.1037/t74805-000
8488,10.1037/t87106-000
8489,10.1037/t72452-000
8490,10.1037/t41884-000
8491,10.1037/t87193-000
8492,10.1037/t50555-000
8493,10.1037/t24553-000
8494,10.1037/t68330-000
8495,10.1037/t21974-000
8496,10.1037/t00525-000
8497,10.1037/t66985-000
8498,10.1037/t09881-000
8499,10.1037/t39160-000
8500,10.1037/t63042-000
8501,10.1037/t36229-000
8502,10.1037/t24434-000
8503,10.1037/t13063-000
8504,10.1037/t81233-000
8505,10.1037/t11331-000
8506,10.1037/t25915-000
8507,10.1037/t68968-000
8508,10.1037/t09296-000
8509,10.1037/t72646-000
8510,10.1037/t79822-000
8511,10.1037/t53859-000
8512,10.1037/t69743-000
8513,10.1037/t23048-000
8514,10.1037/t26577-000
8515,10.1037/t46285-000
8516,10.1037/t84246-000
8517,10.1037/t50166-000
8518,10.1037/t47823-000
8519,10.1037/t16442-000
8520,10.1037/t19440-000
8521,10.1037/t22359-000
8522,10.1037/t86667-000
8523,10.1037/t36403-000
8524,10.1037/t26048-000
8525,10.1037/t69213-000
8526,10.1037/t66373-000
8527,10.1037/t01731-000
8528,10.1037/t35442-000
8529,10.1037/t37050-000
8530,10.1037/t21595-000
8531,10.1037/t44006-000
8532,10.1037/t30248-000
8533,10.1037/t24174-000
8534,10.1037/t52369-000
8535,10.1037/t85432-000
8536,10.1037/t02977-000
8537,10.1037/t47683-000
8538,10.1037/t50706-000
8539,10.1037/t31160-000
8540,10.1037/t22762-000
8541,10.1037/t29807-000
8542,10.1037/t86217-000
8543,10.1037/t34478-000
8544,10.1037/t10044-000
8545,10.1037/t42379-000
8546,10.1037/t54822-000
8547,10.1037/t46714-000
8548,10.1037/t41829-000
8549,10.1037/t25220-000
8550,10.1037/t77913-000
8551,10.1037/t78812-000
8552,10.1037/t63560-000
8553,10.1037/t14539-000
8554,10.1037/t23474-000
8555,10.1037/t30768-000
8556,10.1037/t24047-000
8557,10.1037/t11063-000
8558,10.1037/t83458-000
8559,10.1037/t18564-000
8560,10.1037/t52365-000
8561,10.1037/t32164-000
8562,10.1037/t41740-000
8563,10.1037/t11147-000
8564,10.1037/t28294-000
8565,10.1037/t10630-000
8566,10.1037/t42715-000
8567,10.1037/t41832-000
8568,10.1037/t14764-000
8569,10.1037/t23669-000
8570,10.1037/t00882-000
8571,10.1037/t40842-000
8572,10.1037/t20718-000
8573,10.1037/t06195-000
8574,10.1037/t18340-000
8575,10.1037/t40293-000
8576,10.1037/t75718-000
8577,10.1037/t71514-000
8578,10.1037/t23265-000
8579,10.1037/t00465-000
8580,10.1037/t41543-000
8581,10.1037/t75003-000
8582,10.1037/t18033-000
8583,10.1037/t51199-000
8584,10.1037/t22655-000
8585,10.1037/t41020-000
8586,10.1037/t74229-000
8587,10.1037/t66546-000
8588,10.1037/t45635-000
8589,10.1037/t10188-000
8590,10.1037/t13443-000
8591,10.1037/t11017-000
8592,10.1037/t37245-000
8593,10.1037/t26499-000
8594,10.1037/t27254-000
8595,10.1037/t06396-000
8596,10.1037/t41160-000
8597,10.1037/t59051-000
8598,10.1037/t56702-000
8599,10.1037/t17080-000
8600,10.1037/t85286-000
8601,10.1037/t77571-000
8602,10.1037/t23848-000
8603,10.1037/t09574-000
8604,10.1037/t25922-000
8605,10.1037/t52653-000
8606,10.1037/t27430-000
8607,10.1037/t62295-000
8608,10.1037/t09401-000
8609,10.1037/t22253-000
8610,10.1037/t01721-000
8611,10.1037/t69470-000
8612,10.1037/t21192-000
8613,10.1037/t84655-000
8614,10.1037/t79525-000
8615,10.1037/t77440-000
8616,10.1037/t09645-000
8617,10.1037/t50371-000
8618,10.1037/t49942-000
8619,10.1037/t41760-000
8620,10.1037/t03699-000
8621,10.1037/t50071-000
8622,10.1037/t74070-000
8623,10.1037/t58187-000
8624,10.1037/t70757-000
8625,10.1037/t45563-000
8626,10.1037/t10654-000
8627,10.1037/t46557-000
8628,10.1037/t22256-000
8629,10.1037/t32128-000
8630,10.1037/t68286-000
8631,10.1037/t73489-000
8632,10.1037/t02683-000
8633,10.1037/t36435-000
8634,10.1037/t36913-000
8635,10.1037/t78192-000
8636,10.1037/t26449-000
8637,10.1037/t07595-000
8638,10.1037/t16935-000
8639,10.1037/t76807-000
8640,10.1037/t44002-000
8641,10.1037/t76514-000
8642,10.1037/t51766-000
8643,10.1037/t29034-000
8644,10.1037/t00308-000
8645,10.1037/t30844-000
8646,10.1037/t11547-000
8647,10.1037/t31828-000
8648,10.1037/t72810-000
8649,10.1037/t21007-000
8650,10.1037/t34239-000
8651,10.1037/t68063-000
8652,10.1037/t23967-000
8653,10.1037/t08733-000
8654,10.1037/t39076-000
8655,10.1037/t28756-000
8656,10.1037/t27772-000
8657,10.1037/t24967-000
8658,10.1037/t71415-000
8659,10.1037/t17190-000
8660,10.1037/t48900-000
8661,10.1037/t58243-000
8662,10.1037/t15287-000
8663,10.1037/t36108-000
8664,10.1037/t52463-000
8665,10.1037/t28202-000
8666,10.1037/t14055-000
8667,10.1037/t14431-000
8668,10.1037/t14832-000
8669,10.1037/t15014-000
8670,10.1037/t22489-000
8671,10.1037/t40098-000
8672,10.1037/t77970-000
8673,10.1037/t09931-000
8674,10.1037/t26560-000
8675,10.1037/t29809-000
8676,10.1037/t66881-000
8677,10.1037/t35078-000
8678,10.1037/t12000-000
8679,10.1037/t17584-000
8680,10.1037/t27592-000
8681,10.1037/t86811-000
8682,10.1037/t18108-000
8683,10.1037/t65750-000
8684,10.1037/t68412-000
8685,10.1037/t08242-000
8686,10.1037/t10180-000
8687,10.1037/t34589-000
8688,10.1037/t43181-000
8689,10.1037/t59205-000
8690,10.1037/t32608-000
8691,10.1037/t33034-000
8692,10.1037/t70447-000
8693,10.1037/t42811-000
8694,10.1037/t75252-000
8695,10.1037/t12340-000
8696,10.1037/t73603-000
8697,10.1037/t09798-000
8698,10.1037/t24669-000
8699,10.1037/t81768-000
8700,10.1037/t65377-000
8701,10.1037/t44673-000
8702,10.1037/t41398-000
8703,10.1037/t28788-000
8704,10.1037/t31140-000
8705,10.1037/t71331-000
8706,10.1037/t31385-000
8707,10.1037/t29017-000
8708,10.1037/t72281-000
8709,10.1037/t73405-000
8710,10.1037/t15467-000
8711,10.1037/t22642-000
8712,10.1037/t86639-000
8713,10.1037/t13575-000
8714,10.1037/t84073-000
8715,10.1037/t58571-000
8716,10.1037/t44598-000
8717,10.1037/t46060-000
8718,10.1037/t16938-000
8719,10.1037/t51197-000
8720,10.1037/t75626-000
8721,10.1037/t08190-000
8722,10.1037/t12288-000
8723,10.1037/t16419-000
8724,10.1037/t22316-000
8725,10.1037/t81565-000
8726,10.1037/t72655-000
8727,10.1037/t18627-000
8728,10.1037/t60419-000
8729,10.1037/t06732-000
8730,10.1037/t24362-000
8731,10.1037/t82924-000
8732,10.1037/t07316-000
8733,10.1037/t42828-000
8734,10.1037/t83691-000
8735,10.1037/t84431-000
8736,10.1037/t29291-000
8737,10.1037/t34663-000
8738,10.1037/t34165-000
8739,10.1037/t67751-000
8740,10.1037/t33646-000
8741,10.1037/t36621-000
8742,10.1037/t70308-000
8743,10.1037/t50827-000
8744,10.1037/t32192-000
8745,10.1037/t24520-000
8746,10.1037/t16978-000
8747,10.1037/t08636-000
8748,10.1037/t41406-000
8749,10.1037/t58643-000
8750,10.1037/t39515-000
8751,10.1037/t48021-000
8752,10.1037/t26913-000
8753,10.1037/t62926-000
8754,10.1037/t87472-000
8755,10.1037/t26426-000
8756,10.1037/t43994-000
8757,10.1037/t60301-000
8758,10.1037/t23920-000
8759,10.1037/t20328-000
8760,10.1037/t18301-000
8761,10.1037/t86775-000
8762,10.1037/t10441-000
8763,10.1037/t13644-000
8764,10.1037/t67039-000
8765,10.1037/t40836-000
8766,10.1037/t01555-000
8767,10.1037/t04673-000
8768,10.1037/t21698-000
8769,10.1037/t45432-000
8770,10.1037/t24096-000
8771,10.1037/t76943-000
8772,10.1037/t63070-000
8773,10.1037/t46065-000
8774,10.1037/t38497-000
8775,10.1037/t77150-000
8776,10.1037/t01790-000
8777,10.1037/t03340-000
8778,10.1037/t25197-000
8779,10.1037/t44197-000
8780,10.1037/t54207-000
8781,10.1037/t63686-000
8782,10.1037/t82396-000
8783,10.1037/t59725-000
8784,10.1037/t68992-000
8785,10.1037/t09168-000
8786,10.1037/t25565-000
8787,10.1037/t85308-000
8788,10.1037/t30925-000
8789,10.1037/t79253-000
8790,10.1037/t24338-000
8791,10.1037/t19924-000
8792,10.1037/t82937-000
8793,10.1037/t35195-000
8794,10.1037/t09728-000
8795,10.1037/t05725-000
8796,10.1037/t74538-000
8797,10.1037/t75016-000
8798,10.1037/t07353-000
8799,10.1037/t14678-000
8800,10.1037/t58603-000
8801,10.1037/t18552-000
8802,10.1037/t19927-000
8803,10.1037/t11543-000
8804,10.1037/t25824-000
8805,10.1037/t64925-000
8806,10.1037/t57106-000
8807,10.1037/t50379-000
8808,10.1037/t36206-000
8809,10.1037/t47653-000
8810,10.1037/t67073-000
8811,10.1037/t66537-000
8812,10.1037/t27440-000
8813,10.1037/t27697-000
8814,10.1037/t80545-000
8815,10.1037/t03342-000
8816,10.1037/t39764-000
8817,10.1037/t19266-000
8818,10.1037/t25181-000
8819,10.1037/t04261-000
8820,10.1037/t32274-000
8821,10.1037/t69639-000
8822,10.1037/t20953-000
8823,10.1037/t83053-000
8824,10.1037/t14581-000
8825,10.1037/t65584-000
8826,10.1037/t40831-000
8827,10.1037/t12803-000
8828,10.1037/t08704-000
8829,10.1037/t03807-000
8830,10.1037/t24824-000
8831,10.1037/t32419-000
8832,10.1037/t17948-000
8833,10.1037/t17987-000
8834,10.1037/t00829-000
8835,10.1037/t60517-000
8836,10.1037/t85375-000
8837,10.1037/t36210-000
8838,10.1037/t03639-000
8839,10.1037/t00078-000
8840,10.1037/t51018-000
8841,10.1037/t32766-000
8842,10.1037/t22377-000
8843,10.1037/t22503-000
8844,10.1037/t08640-000
8845,10.1037/t70342-000
8846,10.1037/t10408-000
8847,10.1037/t51887-000
8848,10.1037/t39069-000
8849,10.1037/t24849-000
8850,10.1037/t43120-000
8851,10.1037/t25805-000
8852,10.1037/t28343-000
8853,10.1037/t41272-000
8854,10.1037/t31099-000
8855,10.1037/t49152-000
8856,10.1037/t18617-000
8857,10.1037/t23913-000
8858,10.1037/t17462-000
8859,10.1037/t11330-000
8860,10.1037/t69839-000
8861,10.1037/t14874-000
8862,10.1037/t75681-000
8863,10.1037/t37855-000
8864,10.1037/t75708-000
8865,10.1037/t86913-000
8866,10.1037/t15288-000
8867,10.1037/t85179-000
8868,10.1037/t02451-000
8869,10.1037/t22966-000
8870,10.1037/t26159-000
8871,10.1037/t45239-000
8872,10.1037/t84355-000
8873,10.1037/t76709-000
8874,10.1037/t77330-000
8875,10.1037/t42405-000
8876,10.1037/t82104-000
8877,10.1037/t68738-000
8878,10.1037/t30923-000
8879,10.1037/t18944-000
8880,10.1037/t02329-000
8881,10.1037/t86330-000
8882,10.1037/t27526-000
8883,10.1037/t27849-000
8884,10.1037/t72814-000
8885,10.1037/t40387-000
8886,10.1037/t16512-000
8887,10.1037/t70054-000
8888,10.1037/t16954-000
8889,10.1037/t53848-000
8890,10.1037/t06544-000
8891,10.1037/t66483-000
8892,10.1037/t18739-000
8893,10.1037/t19686-000
8894,10.1037/t07855-000
8895,10.1037/t47827-000
8896,10.1037/t24598-000
8897,10.1037/t67313-000
8898,10.1037/t12354-000
8899,10.1037/t83297-000
8900,10.1037/t87708-000
8901,10.1037/t43612-000
8902,10.1037/t17805-000
8903,10.1037/t19941-000
8904,10.1037/t26922-000
8905,10.1037/t82563-000
8906,10.1037/t43296-000
8907,10.1037/t03127-000
8908,10.1037/t66485-000
8909,10.1037/t57709-000
8910,10.1037/t75513-000
8911,10.1037/t76136-000
8912,10.1037/t32310-000
8913,10.1037/t28819-000
8914,10.1037/t69788-000
8915,10.1037/t34094-000
8916,10.1037/t23366-000
8917,10.1037/t60495-000
8918,10.1037/t79698-000
8919,10.1037/t32572-000
8920,10.1037/t76838-000
8921,10.1037/t61546-000
8922,10.1037/t48927-000
8923,10.1037/t00395-000
8924,10.1037/t45141-000
8925,10.1037/t32035-000
8926,10.1037/t17997-000
8927,10.1037/t43261-000
8928,10.1037/t40109-000
8929,10.1037/t23858-000
8930,10.1037/t17802-000
8931,10.1037/t28141-000
8932,10.1037/t00651-000
8933,10.1037/t63148-000
8934,10.1037/t13295-000
8935,10.1037/t25954-000
8936,10.1037/t13874-000
8937,10.1037/t16167-000
8938,10.1037/t33320-000
8939,10.1037/t58617-000
8940,10.1037/t01268-000
8941,10.1037/t07106-000
8942,10.1037/t38584-000
8943,10.1037/t20758-000
8944,10.1037/t77341-000
8945,10.1037/t72824-000
8946,10.1037/t74900-000
8947,10.1037/t79246-000
8948,10.1037/t16794-000
8949,10.1037/t81431-000
8950,10.1037/t86226-000
8951,10.1037/t58598-000
8952,10.1037/t66818-000
8953,10.1037/t61813-000
8954,10.1037/t44420-000
8955,10.1037/t63421-000
8956,10.1037/t09323-000
8957,10.1037/t15731-000
8958,10.1037/t04268-000
8959,10.1037/t30870-000
8960,10.1037/t17458-000
8961,10.1037/t71126-000
8962,10.1037/t22813-000
8963,10.1037/t58083-000
8964,10.1037/t21625-000
8965,10.1037/t19160-000
8966,10.1037/t00390-000
8967,10.1037/t64688-000
8968,10.1037/t23300-000
8969,10.1037/t70250-000
8970,10.1037/t18416-000
8971,10.1037/t36370-000
8972,10.1037/t46372-000
8973,10.1037/t09962-000
8974,10.1037/t28104-000
8975,10.1037/t84520-000
8976,10.1037/t13855-000
8977,10.1037/t41768-000
8978,10.1037/t13244-000
8979,10.1037/t00574-000
8980,10.1037/t11162-000
8981,10.1037/t42212-000
8982,10.1037/t26209-000
8983,10.1037/t26087-000
8984,10.1037/t10446-000
8985,10.1037/t08689-000
8986,10.1037/t25595-000
8987,10.1037/t37638-000
8988,10.1037/t73344-000
8989,10.1037/t31915-000
8990,10.1037/t30676-000
8991,10.1037/t00026-000
8992,10.1037/t45302-000
8993,10.1037/t15607-000
8994,10.1037/t83379-000
8995,10.1037/t36770-000
8996,10.1037/t55839-000
8997,10.1037/t46713-000
8998,10.1037/t53980-000
8999,10.1037/t74556-000
9000,10.1037/t83897-000
9001,10.1037/t38129-000
9002,10.1037/t64104-000
9003,10.1037/t80870-000
9004,10.1037/t61811-000
9005,10.1037/t33457-000
9006,10.1037/t83528-000
9007,10.1037/t17322-000
9008,10.1037/t27446-000
9009,10.1037/t01404-000
9010,10.1037/t24504-000
9011,10.1037/t34244-000
9012,10.1037/t32138-000
9013,10.1037/t79629-000
9014,10.1037/t47893-000
9015,10.1037/t81221-000
9016,10.1037/t09683-000
9017,10.1037/t62765-000
9018,10.1037/t87730-000
9019,10.1037/t03350-000
9020,10.1037/t02191-000
9021,10.1037/t44643-000
9022,10.1037/t24236-000
9023,10.1037/t32246-000
9024,10.1037/t17904-000
9025,10.1037/t36629-000
9026,10.1037/t13496-000
9027,10.1037/t12462-000
9028,10.1037/t24228-000
9029,10.1037/t32621-000
9030,10.1037/t23829-000
9031,10.1037/t60117-000
9032,10.1037/t12669-000
9033,10.1037/t00714-000
9034,10.1037/t40530-000
9035,10.1037/t16920-000
9036,10.1037/t71103-000
9037,10.1037/t13773-000
9038,10.1037/t14674-000
9039,10.1037/t00228-000
9040,10.1037/t56673-000
9041,10.1037/t23997-000
9042,10.1037/t48195-000
9043,10.1037/t85807-000
9044,10.1037/t18480-000
9045,10.1037/t49537-000
9046,10.1037/t03142-000
9047,10.1037/t22043-000
9048,10.1037/t31592-000
9049,10.1037/t15787-000
9050,10.1037/t01602-000
9051,10.1037/t27695-000
9052,10.1037/t60769-000
9053,10.1037/t81939-000
9054,10.1037/t70041-000
9055,10.1037/t45179-000
9056,10.1037/t01047-000
9057,10.1037/t00178-000
9058,10.1037/t29153-000
9059,10.1037/t32425-000
9060,10.1037/t18629-000
9061,10.1037/t80465-000
9062,10.1037/t20798-000
9063,10.1037/t27555-000
9064,10.1037/t64534-000
9065,10.1037/t34373-000
9066,10.1037/t60319-000
9067,10.1037/t17696-000
9068,10.1037/t24917-000
9069,10.1037/t58638-000
9070,10.1037/t23720-000
9071,10.1037/t45090-000
9072,10.1037/t85623-000
9073,10.1037/t82390-000
9074,10.1037/t22367-000
9075,10.1037/t36388-000
9076,10.1037/t21189-000
9077,10.1037/t75225-000
9078,10.1037/t00786-000
9079,10.1037/t76222-000
9080,10.1037/t73237-000
9081,10.1037/t81569-000
9082,10.1037/t59537-000
9083,10.1037/t21501-000
9084,10.1037/t79257-000
9085,10.1037/t47686-000
9086,10.1037/t62699-000
9087,10.1037/t16279-000
9088,10.1037/t05587-000
9089,10.1037/t60699-000
9090,10.1037/t62693-000
9091,10.1037/t49112-000
9092,10.1037/t10139-000
9093,10.1037/t84718-000
9094,10.1037/t22585-000
9095,10.1037/t19612-000
9096,10.1037/t20727-000
9097,10.1037/t00918-000
9098,10.1037/t74865-000
9099,10.1037/t78337-000
9100,10.1037/t62075-000
9101,10.1037/t31795-000
9102,10.1037/t83650-000
9103,10.1037/t08025-000
9104,10.1037/t11268-000
9105,10.1037/t19973-000
9106,10.1037/t23513-000
9107,10.1037/t14668-000
9108,10.1037/t38002-000
9109,10.1037/t81284-000
9110,10.1037/t74588-000
9111,10.1037/t44494-000
9112,10.1037/t15951-000
9113,10.1037/t26056-000
9114,10.1037/t24971-000
9115,10.1037/t80013-000
9116,10.1037/t48162-000
9117,10.1037/t64738-000
9118,10.1037/t17192-000
9119,10.1037/t23431-000
9120,10.1037/t63045-000
9121,10.1037/t44281-000
9122,10.1037/t76546-000
9123,10.1037/t20875-000
9124,10.1037/t11573-000
9125,10.1037/t77375-000
9126,10.1037/t67843-000
9127,10.1037/t71031-000
9128,10.1037/t84687-000
9129,10.1037/t09754-000
9130,10.1037/t85787-000
9131,10.1037/t18175-000
9132,10.1037/t69139-000
9133,10.1037/t28400-000
9134,10.1037/t03629-000
9135,10.1037/t16615-000
9136,10.1037/t41011-000
9137,10.1037/t17081-000
9138,10.1037/t03394-000
9139,10.1037/t17304-000
9140,10.1037/t46658-000
9141,10.1037/t17700-000
9142,10.1037/t31139-000
9143,10.1037/t22378-000
9144,10.1037/t26022-000
9145,10.1037/t48960-000
9146,10.1037/t01500-000
9147,10.1037/t48969-000
9148,10.1037/t51957-000
9149,10.1037/t48576-000
9150,10.1037/t13780-000
9151,10.1037/t30239-000
9152,10.1037/t67306-000
9153,10.1037/t63473-000
9154,10.1037/t55864-000
9155,10.1037/t12189-000
9156,10.1037/t22441-000
9157,10.1037/t41984-000
9158,10.1037/t75388-000
9159,10.1037/t21909-000
9160,10.1037/t12986-000
9161,10.1037/t46794-000
9162,10.1037/t03045-000
9163,10.1037/t20216-000
9164,10.1037/t75169-000
9165,10.1037/t15208-000
9166,10.1037/t21417-000
9167,10.1037/t13241-000
9168,10.1037/t05989-000
9169,10.1037/t62488-000
9170,10.1037/t72673-000
9171,10.1037/t02890-000
9172,10.1037/t26432-000
9173,10.1037/t12454-000
9174,10.1037/t78489-000
9175,10.1037/t16257-000
9176,10.1037/t49190-000
9177,10.1037/t49086-000
9178,10.1037/t41774-000
9179,10.1037/t18484-000
9180,10.1037/t07778-000
9181,10.1037/t47128-000
9182,10.1037/t11385-000
9183,10.1037/t55138-000
9184,10.1037/t25527-000
9185,10.1037/t70279-000
9186,10.1037/t02911-000
9187,10.1037/t08528-000
9188,10.1037/t09408-000
9189,10.1037/t49893-000
9190,10.1037/t44820-000
9191,10.1037/t31598-000
9192,10.1037/t43632-000
9193,10.1037/t55144-000
9194,10.1037/t36100-000
9195,10.1037/t39402-000
9196,10.1037/t80698-000
9197,10.1037/t68785-000
9198,10.1037/t35427-000
9199,10.1037/t45324-000
9200,10.1037/t24056-000
9201,10.1037/t16093-000
9202,10.1037/t76981-000
9203,10.1037/t36127-000
9204,10.1037/t67520-000
9205,10.1037/t55494-000
9206,10.1037/t33180-000
9207,10.1037/t81485-000
9208,10.1037/t68480-000
9209,10.1037/t82240-000
9210,10.1037/t21468-000
9211,10.1037/t48202-000
9212,10.1037/t47702-000
9213,10.1037/t11405-000
9214,10.1037/t01227-000
9215,10.1037/t67389-000
9216,10.1037/t27816-000
9217,10.1037/t09772-000
9218,10.1037/t37139-000
9219,10.1037/t34592-000
9220,10.1037/t26537-000
9221,10.1037/t10836-000
9222,10.1037/t15110-000
9223,10.1037/t21999-000
9224,10.1037/t84281-000
9225,10.1037/t86458-000
9226,10.1037/t54994-000
9227,10.1037/t81448-000
9228,10.1037/t19643-000
9229,10.1037/t63891-000
9230,10.1037/t42283-000
9231,10.1037/t16238-000
9232,10.1037/t62997-000
9233,10.1037/t15725-000
9234,10.1037/t31153-000
9235,10.1037/t76022-000
9236,10.1037/t10262-000
9237,10.1037/t70129-000
9238,10.1037/t10000-000
9239,10.1037/t54569-000
9240,10.1037/t51141-000
9241,10.1037/t04243-000
9242,10.1037/t00389-000
9243,10.1037/t20352-000
9244,10.1037/t01132-000
9245,10.1037/t47004-000
9246,10.1037/t84661-000
9247,10.1037/t59215-000
9248,10.1037/t21398-000
9249,10.1037/t01221-000
9250,10.1037/t24517-000
9251,10.1037/t24217-000
9252,10.1037/t25548-000
9253,10.1037/t34657-000
9254,10.1037/t73949-000
9255,10.1037/t78951-000
9256,10.1037/t60811-000
9257,10.1037/t08416-000
9258,10.1037/t42135-000
9259,10.1037/t01666-000
9260,10.1037/t76573-000
9261,10.1037/t62123-000
9262,10.1037/t22773-000
9263,10.1037/t19014-000
9264,10.1037/t15808-000
9265,10.1037/t13136-000
9266,10.1037/t35476-000
9267,10.1037/t81438-000
9268,10.1037/t23492-000
9269,10.1037/t83994-000
9270,10.1037/t19878-000
9271,10.1037/t10542-000
9272,10.1037/t18792-000
9273,10.1037/t17790-000
9274,10.1037/t41134-000
9275,10.1037/t63024-000
9276,10.1037/t14102-000
9277,10.1037/t08136-000
9278,10.1037/t13987-000
9279,10.1037/t29970-000
9280,10.1037/t01369-000
9281,10.1037/t85347-000
9282,10.1037/t67655-000
9283,10.1037/t63329-000
9284,10.1037/t40723-000
9285,10.1037/t83092-000
9286,10.1037/t24892-000
9287,10.1037/t37283-000
9288,10.1037/t40671-000
9289,10.1037/t03535-000
9290,10.1037/t57868-000
9291,10.1037/t84454-000
9292,10.1037/t22041-000
9293,10.1037/t06999-000
9294,10.1037/t68037-000
9295,10.1037/t19452-000
9296,10.1037/t16186-000
9297,10.1037/t27569-000
9298,10.1037/t22847-000
9299,10.1037/t01705-000
9300,10.1037/t18477-000
9301,10.1037/t74635-000
9302,10.1037/t48676-000
9303,10.1037/t52814-000
9304,10.1037/t85109-000
9305,10.1037/t21753-000
9306,10.1037/t32332-000
9307,10.1037/t32347-000
9308,10.1037/t14481-000
9309,10.1037/t03429-000
9310,10.1037/t85224-000
9311,10.1037/t58840-000
9312,10.1037/t13694-000
9313,10.1037/t16006-000
9314,10.1037/t80622-000
9315,10.1037/t78013-000
9316,10.1037/t26866-000
9317,10.1037/t75074-000
9318,10.1037/t30950-000
9319,10.1037/t13055-000
9320,10.1037/t73670-000
9321,10.1037/t15925-000
9322,10.1037/t26931-000
9323,10.1037/t23604-000
9324,10.1037/t73143-000
9325,10.1037/t11586-000
9326,10.1037/t83435-000
9327,10.1037/t78484-000
9328,10.1037/t11423-000
9329,10.1037/t16444-000
9330,10.1037/t25847-000
9331,10.1037/t05810-000
9332,10.1037/t67832-000
9333,10.1037/t28232-000
9334,10.1037/t11389-000
9335,10.1037/t47156-000
9336,10.1037/t57800-000
9337,10.1037/t49445-000
9338,10.1037/t34060-000
9339,10.1037/t37205-000
9340,10.1037/t18707-000
9341,10.1037/t48609-000
9342,10.1037/t42081-000
9343,10.1037/t08697-000
9344,10.1037/t20726-000
9345,10.1037/t13300-000
9346,10.1037/t07984-000
9347,10.1037/t12788-000
9348,10.1037/t64132-000
9349,10.1037/t76090-000
9350,10.1037/t00888-000
9351,10.1037/t35053-000
9352,10.1037/t77148-000
9353,10.1037/t68910-000
9354,10.1037/t27417-000
9355,10.1037/t64832-000
9356,10.1037/t40536-000
9357,10.1037/t66756-000
9358,10.1037/t78856-000
9359,10.1037/t32950-000
9360,10.1037/t36395-000
9361,10.1037/t48913-000
9362,10.1037/t75398-000
9363,10.1037/t01340-000
9364,10.1037/t71184-000
9365,10.1037/t02346-000
9366,10.1037/t45271-000
9367,10.1037/t33899-000
9368,10.1037/t38088-000
9369,10.1037/t31460-000
9370,10.1037/t33845-000
9371,10.1037/t18828-000
9372,10.1037/t26901-000
9373,10.1037/t32221-000
9374,10.1037/t15302-000
9375,10.1037/t18537-000
9376,10.1037/t07364-000
9377,10.1037/t76364-000
9378,10.1037/t51926-000
9379,10.1037/t08711-000
9380,10.1037/t00348-000
9381,10.1037/t18163-000
9382,10.1037/t13151-000
9383,10.1037/t06092-000
9384,10.1037/t05773-000
9385,10.1037/t40365-000
9386,10.1037/t63832-000
9387,10.1037/t21853-000
9388,10.1037/t25870-000
9389,10.1037/t26608-000
9390,10.1037/t19344-000
9391,10.1037/t51869-000
9392,10.1037/t03665-000
9393,10.1037/t31202-000
9394,10.1037/t33454-000
9395,10.1037/t86958-000
9396,10.1037/t45178-000
9397,10.1037/t34647-000
9398,10.1037/t33249-000
9399,10.1037/t79348-000
9400,10.1037/t61327-000
9401,10.1037/t61925-000
9402,10.1037/t69797-000
9403,10.1037/t51635-000
9404,10.1037/t78194-000
9405,10.1037/t17559-000
9406,10.1037/t57412-000
9407,10.1037/t10251-000
9408,10.1037/t09693-000
9409,10.1037/t09348-000
9410,10.1037/t13005-000
9411,10.1037/t86189-000
9412,10.1037/t86763-000
9413,10.1037/t64539-000
9414,10.1037/t38402-000
9415,10.1037/t73151-000
9416,10.1037/t21264-000
9417,10.1037/t15796-000
9418,10.1037/t23276-000
9419,10.1037/t40363-000
9420,10.1037/t11349-000
9421,10.1037/t24474-000
9422,10.1037/t24261-000
9423,10.1037/t31231-000
9424,10.1037/t65753-000
9425,10.1037/t80949-000
9426,10.1037/t86608-000
9427,10.1037/t53354-000
9428,10.1037/t00382-000
9429,10.1037/t13125-000
9430,10.1037/t80406-000
9431,10.1037/t66988-000
9432,10.1037/t49388-000
9433,10.1037/t72052-000
9434,10.1037/t87521-000
9435,10.1037/t10747-000
9436,10.1037/t86678-000
9437,10.1037/t01137-000
9438,10.1037/t09240-000
9439,10.1037/t08049-000
9440,10.1037/t14248-000
9441,10.1037/t09765-000
9442,10.1037/t36126-000
9443,10.1037/t20729-000
9444,10.1037/t20787-000
9445,10.1037/t36297-000
9446,10.1037/t70785-000
9447,10.1037/t63010-000
9448,10.1037/t41490-000
9449,10.1037/t46870-000
9450,10.1037/t32601-000
9451,10.1037/t15449-000
9452,10.1037/t26925-000
9453,10.1037/t55213-000
9454,10.1037/t64643-000
9455,10.1037/t81399-000
9456,10.1037/t15430-000
9457,10.1037/t16965-000
9458,10.1037/t22894-000
9459,10.1037/t09266-000
9460,10.1037/t19477-000
9461,10.1037/t23906-000
9462,10.1037/t16767-000
9463,10.1037/t00101-000
9464,10.1037/t38238-000
9465,10.1037/t33219-000
9466,10.1037/t82490-000
9467,10.1037/t12047-000
9468,10.1037/t62294-000
9469,10.1037/t46208-000
9470,10.1037/t22337-000
9471,10.1037/t44529-000
9472,10.1037/t13768-000
9473,10.1037/t18583-000
9474,10.1037/t75954-000
9475,10.1037/t36125-000
9476,10.1037/t73764-000
9477,10.1037/t28879-000
9478,10.1037/t43797-000
9479,10.1037/t81938-000
9480,10.1037/t38165-000
9481,10.1037/t28480-000
9482,10.1037/t10324-000
9483,10.1037/t46489-000
9484,10.1037/t67464-000
9485,10.1037/t14775-000
9486,10.1037/t80344-000
9487,10.1037/t81263-000
9488,10.1037/t61915-000
9489,10.1037/t86225-000
9490,10.1037/t80779-000
9491,10.1037/t02916-000
9492,10.1037/t43406-000
9493,10.1037/t24846-000
9494,10.1037/t22746-000
9495,10.1037/t70911-000
9496,10.1037/t25515-000
9497,10.1037/t08910-000
9498,10.1037/t25385-000
9499,10.1037/t39883-000
9500,10.1037/t19490-000
9501,10.1037/t75623-000
9502,10.1037/t31142-000
9503,10.1037/t84479-000
9504,10.1037/t48770-000
9505,10.1037/t21474-000
9506,10.1037/t61240-000
9507,10.1037/t29295-000
9508,10.1037/t26921-000
9509,10.1037/t36445-000
9510,10.1037/t51267-000
9511,10.1037/t06874-000
9512,10.1037/t01089-000
9513,10.1037/t05152-000
9514,10.1037/t26486-000
9515,10.1037/t62540-000
9516,10.1037/t13578-000
9517,10.1037/t60752-000
9518,10.1037/t15205-000
9519,10.1037/t19732-000
9520,10.1037/t63334-000
9521,10.1037/t67357-000
9522,10.1037/t85735-000
9523,10.1037/t27877-000
9524,10.1037/t66493-000
9525,10.1037/t74294-000
9526,10.1037/t20366-000
9527,10.1037/t33617-000
9528,10.1037/t32123-000
9529,10.1037/t85611-000
9530,10.1037/t17586-000
9531,10.1037/t44796-000
9532,10.1037/t44091-000
9533,10.1037/t21949-000
9534,10.1037/t22087-000
9535,10.1037/t27425-000
9536,10.1037/t26171-000
9537,10.1037/t41383-000
9538,10.1037/t24702-000
9539,10.1037/t66766-000
9540,10.1037/t12470-000
9541,10.1037/t58558-000
9542,10.1037/t78922-000
9543,10.1037/t63060-000
9544,10.1037/t37650-000
9545,10.1037/t84242-000
9546,10.1037/t32410-000
9547,10.1037/t76842-000
9548,10.1037/t15809-000
9549,10.1037/t38562-000
9550,10.1037/t19291-000
9551,10.1037/t46193-000
9552,10.1037/t38389-000
9553,10.1037/t63294-000
9554,10.1037/t21437-000
9555,10.1037/t37808-000
9556,10.1037/t33867-000
9557,10.1037/t73036-000
9558,10.1037/t30278-000
9559,10.1037/t42821-000
9560,10.1037/t16631-000
9561,10.1037/t15071-000
9562,10.1037/t26095-000
9563,10.1037/t14624-000
9564,10.1037/t16025-000
9565,10.1037/t60305-000
9566,10.1037/t57788-000
9567,10.1037/t72122-000
9568,10.1037/t53163-000
9569,10.1037/t30503-000
9570,10.1037/t24848-000
9571,10.1037/t42251-000
9572,10.1037/t48314-000
9573,10.1037/t65231-000
9574,10.1037/t76719-000
9575,10.1037/t31317-000
9576,10.1037/t22499-000
9577,10.1037/t39677-000
9578,10.1037/t45229-000
9579,10.1037/t26401-000
9580,10.1037/t16322-000
9581,10.1037/t37296-000
9582,10.1037/t09306-000
9583,10.1037/t55842-000
9584,10.1037/t66191-000
9585,10.1037/t29598-000
9586,10.1037/t60090-000
9587,10.1037/t59471-000
9588,10.1037/t33350-000
9589,10.1037/t32636-000
9590,10.1037/t84994-000
9591,10.1037/t26599-000
9592,10.1037/t37115-000
9593,10.1037/t15829-000
9594,10.1037/t57212-000
9595,10.1037/t18918-000
9596,10.1037/t47647-000
9597,10.1037/t66262-000
9598,10.1037/t12646-000
9599,10.1037/t65830-000
9600,10.1037/t22238-000
9601,10.1037/t75335-000
9602,10.1037/t87323-000
9603,10.1037/t64591-000
9604,10.1037/t27246-000
9605,10.1037/t79545-000
9606,10.1037/t71150-000
9607,10.1037/t37005-000
9608,10.1037/t84715-000
9609,10.1037/t45438-000
9610,10.1037/t19151-000
9611,10.1037/t30888-000
9612,10.1037/t10847-000
9613,10.1037/t59358-000
9614,10.1037/t00537-000
9615,10.1037/t09411-000
9616,10.1037/t23025-000
9617,10.1037/t73757-000
9618,10.1037/t83572-000
9619,10.1037/t83192-000
9620,10.1037/t08996-000
9621,10.1037/t14492-000
9622,10.1037/t30543-000
9623,10.1037/t16610-000
9624,10.1037/t23526-000
9625,10.1037/t63057-000
9626,10.1037/t01518-000
9627,10.1037/t76319-000
9628,10.1037/t31550-000
9629,10.1037/t23779-000
9630,10.1037/t36577-000
9631,10.1037/t03607-000
9632,10.1037/t15293-000
9633,10.1037/t17155-000
9634,10.1037/t87701-000
9635,10.1037/t59329-000
9636,10.1037/t19594-000
9637,10.1037/t80743-000
9638,10.1037/t73553-000
9639,10.1037/t59155-000
9640,10.1037/t66342-000
9641,10.1037/t13649-000
9642,10.1037/t21546-000
9643,10.1037/t31364-000
9644,10.1037/t12937-000
9645,10.1037/t08793-000
9646,10.1037/t21901-000
9647,10.1037/t43893-000
9648,10.1037/t10755-000
9649,10.1037/t28366-000
9650,10.1037/t07847-000
9651,10.1037/t82905-000
9652,10.1037/t87463-000
9653,10.1037/t61674-000
9654,10.1037/t28950-000
9655,10.1037/t13902-000
9656,10.1037/t84483-000
9657,10.1037/t68262-000
9658,10.1037/t83268-000
9659,10.1037/t14369-000
9660,10.1037/t65379-000
9661,10.1037/t52547-000
9662,10.1037/t30137-000
9663,10.1037/t06986-000
9664,10.1037/t70762-000
9665,10.1037/t36062-000
9666,10.1037/t01153-000
9667,10.1037/t73011-000
9668,10.1037/t00224-000
9669,10.1037/t11953-000
9670,10.1037/t23524-000
9671,10.1037/t81626-000
9672,10.1037/t23139-000
9673,10.1037/t59860-000
9674,10.1037/t42160-000
9675,10.1037/t81738-000
9676,10.1037/t30658-000
9677,10.1037/t09098-000
9678,10.1037/t29871-000
9679,10.1037/t82079-000
9680,10.1037/t08277-000
9681,10.1037/t46617-000
9682,10.1037/t43041-000
9683,10.1037/t67137-000
9684,10.1037/t73696-000
9685,10.1037/t36528-000
9686,10.1037/t17946-000
9687,10.1037/t38430-000
9688,10.1037/t16330-000
9689,10.1037/t45333-000
9690,10.1037/t71360-000
9691,10.1037/t00412-000
9692,10.1037/t41378-000
9693,10.1037/t26517-000
9694,10.1037/t22528-000
9695,10.1037/t42937-000
9696,10.1037/t12847-000
9697,10.1037/t47135-000
9698,10.1037/t14220-000
9699,10.1037/t33663-000
9700,10.1037/t18420-000
9701,10.1037/t68454-000
9702,10.1037/t10491-000
9703,10.1037/t87826-000
9704,10.1037/t86564-000
9705,10.1037/t02767-000
9706,10.1037/t26659-000
9707,10.1037/t22664-000
9708,10.1037/t26949-000
9709,10.1037/t36470-000
9710,10.1037/t70049-000
9711,10.1037/t79405-000
9712,10.1037/t26898-000
9713,10.1037/t65579-000
9714,10.1037/t28396-000
9715,10.1037/t21948-000
9716,10.1037/t64410-000
9717,10.1037/t14597-000
9718,10.1037/t07608-000
9719,10.1037/t37741-000
9720,10.1037/t65305-000
9721,10.1037/t32254-000
9722,10.1037/t74585-000
9723,10.1037/t21484-000
9724,10.1037/t50644-000
9725,10.1037/t30765-000
9726,10.1037/t66753-000
9727,10.1037/t17967-000
9728,10.1037/t65518-000
9729,10.1037/t07165-000
9730,10.1037/t81894-000
9731,10.1037/t12400-000
9732,10.1037/t31471-000
9733,10.1037/t63487-000
9734,10.1037/t23845-000
9735,10.1037/t12896-000
9736,10.1037/t18273-000
9737,10.1037/t07327-000
9738,10.1037/t59305-000
9739,10.1037/t45850-000
9740,10.1037/t10952-000
9741,10.1037/t68347-000
9742,10.1037/t24133-000
9743,10.1037/t26525-000
9744,10.1037/t30880-000
9745,10.1037/t53568-000
9746,10.1037/t86013-000
9747,10.1037/t22024-000
9748,10.1037/t32926-000
9749,10.1037/t36117-000
9750,10.1037/t38254-000
9751,10.1037/t66923-000
9752,10.1037/t20058-000
9753,10.1037/t86790-000
9754,10.1037/t72732-000
9755,10.1037/t67041-000
9756,10.1037/t75121-000
9757,10.1037/t86919-000
9758,10.1037/t01614-000
9759,10.1037/t33333-000
9760,10.1037/t78676-000
9761,10.1037/t20254-000
9762,10.1037/t37029-000
9763,10.1037/t81598-000
9764,10.1037/t14951-000
9765,10.1037/t82362-000
9766,10.1037/t11074-000
9767,10.1037/t11545-000
9768,10.1037/t21569-000
9769,10.1037/t50350-000
9770,10.1037/t79543-000
9771,10.1037/t72644-000
9772,10.1037/t20968-000
9773,10.1037/t05999-000
9774,10.1037/t00335-000
9775,10.1037/t03213-000
9776,10.1037/t53506-000
9777,10.1037/t24191-000
9778,10.1037/t78270-000
9779,10.1037/t48683-000
9780,10.1037/t83654-000
9781,10.1037/t70216-000
9782,10.1037/t80685-000
9783,10.1037/t38747-000
9784,10.1037/t14012-000
9785,10.1037/t19133-000
9786,10.1037/t39680-000
9787,10.1037/t76088-000
9788,10.1037/t08786-000
9789,10.1037/t17898-000
9790,10.1037/t61072-000
9791,10.1037/t22023-000
9792,10.1037/t04675-000
9793,10.1037/t20008-000
9794,10.1037/t21493-000
9795,10.1037/t82586-000
9796,10.1037/t38643-000
9797,10.1037/t83047-000
9798,10.1037/t29177-000
9799,10.1037/t27957-000
9800,10.1037/t67363-000
9801,10.1037/t38310-000
9802,10.1037/t37715-000
9803,10.1037/t41193-000
9804,10.1037/t01869-000
9805,10.1037/t24977-000
9806,10.1037/t22341-000
9807,10.1037/t28594-000
9808,10.1037/t20194-000
9809,10.1037/t37976-000
9810,10.1037/t65930-000
9811,10.1037/t65064-000
9812,10.1037/t40715-000
9813,10.1037/t16595-000
9814,10.1037/t78355-000
9815,10.1037/t15313-000
9816,10.1037/t21382-000
9817,10.1037/t22897-000
9818,10.1037/t18095-000
9819,10.1037/t09407-000
9820,10.1037/t22344-000
9821,10.1037/t18459-000
9822,10.1037/t08677-000
9823,10.1037/t00446-000
9824,10.1037/t45455-000
9825,10.1037/t41471-000
9826,10.1037/t22025-000
9827,10.1037/t26366-000
9828,10.1037/t00124-000
9829,10.1037/t09530-000
9830,10.1037/t51561-000
9831,10.1037/t01303-000
9832,10.1037/t13876-000
9833,10.1037/t23382-000
9834,10.1037/t25731-000
9835,10.1037/t29821-000
9836,10.1037/t09409-000
9837,10.1037/t70242-000
9838,10.1037/t20312-000
9839,10.1037/t30887-000
9840,10.1037/t66150-000
9841,10.1037/t05516-000
9842,10.1037/t65071-000
9843,10.1037/t57115-000
9844,10.1037/t34141-000
9845,10.1037/t48223-000
9846,10.1037/t12744-000
9847,10.1037/t73680-000
9848,10.1037/t52643-000
9849,10.1037/t10448-000
9850,10.1037/t13242-000
9851,10.1037/t25147-000
9852,10.1037/t82608-000
9853,10.1037/t34993-000
9854,10.1037/t59667-000
9855,10.1037/t64704-000
9856,10.1037/t41149-000
9857,10.1037/t48406-000
9858,10.1037/t65842-000
9859,10.1037/t80370-000
9860,10.1037/t11725-000
9861,10.1037/t17148-000
9862,10.1037/t14853-000
9863,10.1037/t81029-000
9864,10.1037/t12524-000
9865,10.1037/t38599-000
9866,10.1037/t12005-000
9867,10.1037/t37240-000
9868,10.1037/t24887-000
9869,10.1037/t72634-000
9870,10.1037/t61139-000
9871,10.1037/t31889-000
9872,10.1037/t21926-000
9873,10.1037/t14039-000
9874,10.1037/t12139-000
9875,10.1037/t43263-000
9876,10.1037/t30537-000
9877,10.1037/t23195-000
9878,10.1037/t09623-000
9879,10.1037/t44572-000
9880,10.1037/t44762-000
9881,10.1037/t20672-000
9882,10.1037/t43453-000
9883,10.1037/t35312-000
9884,10.1037/t42253-000
9885,10.1037/t71151-000
9886,10.1037/t26610-000
9887,10.1037/t43610-000
9888,10.1037/t29954-000
9889,10.1037/t82269-000
9890,10.1037/t84271-000
9891,10.1037/t46256-000
9892,10.1037/t42758-000
9893,10.1037/t37285-000
9894,10.1037/t59858-000
9895,10.1037/t25707-000
9896,10.1037/t01421-000
9897,10.1037/t78326-000
9898,10.1037/t09789-000
9899,10.1037/t24150-000
9900,10.1037/t71552-000
9901,10.1037/t81105-000
9902,10.1037/t05411-000
9903,10.1037/t66065-000
9904,10.1037/t12962-000
9905,10.1037/t16240-000
9906,10.1037/t01651-000
9907,10.1037/t01846-000
9908,10.1037/t83987-000
9909,10.1037/t41136-000
9910,10.1037/t37970-000
9911,10.1037/t37869-000
9912,10.1037/t46121-000
9913,10.1037/t18807-000
9914,10.1037/t62339-000
9915,10.1037/t54285-000
9916,10.1037/t27939-000
9917,10.1037/t03506-000
9918,10.1037/t21322-000
9919,10.1037/t67409-000
9920,10.1037/t36040-000
9921,10.1037/t79962-000
9922,10.1037/t76318-000
9923,10.1037/t85071-000
9924,10.1037/t00027-000
9925,10.1037/t73859-000
9926,10.1037/t15746-000
9927,10.1037/t01149-000
9928,10.1037/t80350-000
9929,10.1037/t01489-000
9930,10.1037/t35352-000
9931,10.1037/t00763-000
9932,10.1037/t44780-000
9933,10.1037/t14098-000
9934,10.1037/t48411-000
9935,10.1037/t38545-000
9936,10.1037/t25839-000
9937,10.1037/t44855-000
9938,10.1037/t34040-000
9939,10.1037/t17154-000
9940,10.1037/t65382-000
9941,10.1037/t24439-000
9942,10.1037/t84676-000
9943,10.1037/t71639-000
9944,10.1037/t29831-000
9945,10.1037/t18457-000
9946,10.1037/t42280-000
9947,10.1037/t00107-000
9948,10.1037/t23303-000
9949,10.1037/t67325-000
9950,10.1037/t58570-000
9951,10.1037/t40282-000
9952,10.1037/t39635-000
9953,10.1037/t84780-000
9954,10.1037/t19592-000
9955,10.1037/t32935-000
9956,10.1037/t50377-000
9957,10.1037/t23705-000
9958,10.1037/t00176-000
9959,10.1037/t27814-000
9960,10.1037/t74650-000
9961,10.1037/t60914-000
9962,10.1037/t72650-000
9963,10.1037/t18147-000
9964,10.1037/t48080-000
9965,10.1037/t74817-000
9966,10.1037/t68215-000
9967,10.1037/t04526-000
9968,10.1037/t68319-000
9969,10.1037/t82933-000
9970,10.1037/t84702-000
9971,10.1037/t87339-000
9972,10.1037/t41843-000
9973,10.1037/t47419-000
9974,10.1037/t75139-000
9975,10.1037/t09664-000
9976,10.1037/t31472-000
9977,10.1037/t11874-000
9978,10.1037/t20030-000
9979,10.1037/t10812-000
9980,10.1037/t72443-000
9981,10.1037/t13808-000
9982,10.1037/t21345-000
9983,10.1037/t84744-000
9984,10.1037/t46667-000
9985,10.1037/t14014-000
9986,10.1037/t36814-000
9987,10.1037/t43683-000
9988,10.1037/t73776-000
9989,10.1037/t09388-000
9990,10.1037/t70831-000
9991,10.1037/t43772-000
9992,10.1037/t00850-000
9993,10.1037/t22008-000
9994,10.1037/t70240-000
9995,10.1037/t26795-000
9996,10.1037/t27328-000
9997,10.1037/t70108-000
9998,10.1037/t34017-000
9999,10.1037/t68952-000
10000,10.1037/t27455-000
10001,10.1037/t11667-000
10002,10.1037/t36700-000
10003,10.1037/t12739-000
10004,10.1037/t09964-000
10005,10.1037/t63167-000
10006,10.1037/t28656-000
10007,10.1037/t76908-000
10008,10.1037/t42432-000
10009,10.1037/t18395-000
10010,10.1037/t41902-000
10011,10.1037/t21982-000
10012,10.1037/t81278-000
10013,10.1037/t20788-000
10014,10.1037/t11534-000
10015,10.1037/t75924-000
10016,10.1037/t22902-000
10017,10.1037/t24771-000
10018,10.1037/t68892-000
10019,10.1037/t15875-000
10020,10.1037/t53080-000
10021,10.1037/t73944-000
10022,10.1037/t82322-000
10023,10.1037/t33929-000
10024,10.1037/t10901-000
10025,10.1037/t27887-000
10026,10.1037/t62799-000
10027,10.1037/t14290-000
10028,10.1037/t21276-000
10029,10.1037/t76505-000
10030,10.1037/t00096-000
10031,10.1037/t61771-000
10032,10.1037/t61508-000
10033,10.1037/t33146-000
10034,10.1037/t47398-000
10035,10.1037/t69333-000
10036,10.1037/t25319-000
10037,10.1037/t28571-000
10038,10.1037/t58399-000
10039,10.1037/t84169-000
10040,10.1037/t18250-000
10041,10.1037/t24551-000
10042,10.1037/t26644-000
10043,10.1037/t39378-000
10044,10.1037/t17349-000
10045,10.1037/t14281-000
10046,10.1037/t05994-000
10047,10.1037/t75734-000
10048,10.1037/t63320-000
10049,10.1037/t25749-000
10050,10.1037/t76946-000
10051,10.1037/t67904-000
10052,10.1037/t22080-000
10053,10.1037/t44110-000
10054,10.1037/t17764-000
10055,10.1037/t58525-000
10056,10.1037/t15845-000
10057,10.1037/t87056-000
10058,10.1037/t42497-000
10059,10.1037/t68209-000
10060,10.1037/t11694-000
10061,10.1037/t87356-000
10062,10.1037/t25674-000
10063,10.1037/t60343-000
10064,10.1037/t11854-000
10065,10.1037/t17758-000
10066,10.1037/t11693-000
10067,10.1037/t49382-000
10068,10.1037/t00936-000
10069,10.1037/t68878-000
10070,10.1037/t50337-000
10071,10.1037/t13585-000
10072,10.1037/t42149-000
10073,10.1037/t22534-000
10074,10.1037/t37991-000
10075,10.1037/t10736-000
10076,10.1037/t65159-000
10077,10.1037/t34603-000
10078,10.1037/t18369-000
10079,10.1037/t18987-000
10080,10.1037/t08469-000
10081,10.1037/t72524-000
10082,10.1037/t63058-000
10083,10.1037/t21655-000
10084,10.1037/t29330-000
10085,10.1037/t20887-000
10086,10.1037/t05818-000
10087,10.1037/t45186-000
10088,10.1037/t17461-000
10089,10.1037/t33133-000
10090,10.1037/t09793-000
10091,10.1037/t24527-000
10092,10.1037/t13148-000
10093,10.1037/t09386-000
10094,10.1037/t14018-000
10095,10.1037/t46061-000
10096,10.1037/t18214-000
10097,10.1037/t52362-000
10098,10.1037/t10474-000
10099,10.1037/t77336-000
10100,10.1037/t46807-000
10101,10.1037/t04582-000
10102,10.1037/t63246-000
10103,10.1037/t85711-000
10104,10.1037/t05431-000
10105,10.1037/t11061-000
10106,10.1037/t10253-000
10107,10.1037/t12900-000
10108,10.1037/t67321-000
10109,10.1037/t22175-000
10110,10.1037/t32824-000
10111,10.1037/t08829-000
10112,10.1037/t47706-000
10113,10.1037/t18479-000
10114,10.1037/t02968-000
10115,10.1037/t00647-000
10116,10.1037/t18943-000
10117,10.1037/t12839-000
10118,10.1037/t48217-000
10119,10.1037/t27608-000
10120,10.1037/t58519-000
10121,10.1037/t30766-000
10122,10.1037/t64102-000
10123,10.1037/t24993-000
10124,10.1037/t36272-000
10125,10.1037/t36173-000
10126,10.1037/t21259-000
10127,10.1037/t81985-000
10128,10.1037/t44904-000
10129,10.1037/t87617-000
10130,10.1037/t16944-000
10131,10.1037/t81579-000
10132,10.1037/t23936-000
10133,10.1037/t11756-000
10134,10.1037/t32339-000
10135,10.1037/t60631-000
10136,10.1037/t87386-000
10137,10.1037/t30576-000
10138,10.1037/t40419-000
10139,10.1037/t58528-000
10140,10.1037/t76686-000
10141,10.1037/t64742-000
10142,10.1037/t12341-000
10143,10.1037/t19545-000
10144,10.1037/t12307-000
10145,10.1037/t23369-000
10146,10.1037/t03122-000
10147,10.1037/t26806-000
10148,10.1037/t83481-000
10149,10.1037/t09846-000
10150,10.1037/t19476-000
10151,10.1037/t73793-000
10152,10.1037/t37821-000
10153,10.1037/t02379-000
10154,10.1037/t25732-000
10155,10.1037/t58640-000
10156,10.1037/t09489-000
10157,10.1037/t34061-000
10158,10.1037/t54935-000
10159,10.1037/t65241-000
10160,10.1037/t33174-000
10161,10.1037/t63897-000
10162,10.1037/t71672-000
10163,10.1037/t27421-000
10164,10.1037/t71053-000
10165,10.1037/t27884-000
10166,10.1037/t63534-000
10167,10.1037/t38003-000
10168,10.1037/t32942-000
10169,10.1037/t16916-000
10170,10.1037/t69685-000
10171,10.1037/t47393-000
10172,10.1037/t85514-000
10173,10.1037/t34395-000
10174,10.1037/t26123-000
10175,10.1037/t20848-000
10176,10.1037/t32842-000
10177,10.1037/t77695-000
10178,10.1037/t10379-000
10179,10.1037/t84035-000
10180,10.1037/t17082-000
10181,10.1037/t64508-000
10182,10.1037/t43581-000
10183,10.1037/t00999-000
10184,10.1037/t08093-000
10185,10.1037/t00753-000
10186,10.1037/t34858-000
10187,10.1037/t66896-000
10188,10.1037/t26086-000
10189,10.1037/t58613-000
10190,10.1037/t33955-000
10191,10.1037/t13194-000
10192,10.1037/t45902-000
10193,10.1037/t20909-000
10194,10.1037/t66709-000
10195,10.1037/t76072-000
10196,10.1037/t36136-000
10197,10.1037/t73415-000
10198,10.1037/t81948-000
10199,10.1037/t13459-000
10200,10.1037/t60527-000
10201,10.1037/t22197-000
10202,10.1037/t23232-000
10203,10.1037/t11480-000
10204,10.1037/t45298-000
10205,10.1037/t19932-000
10206,10.1037/t01380-000
10207,10.1037/t28627-000
10208,10.1037/t85776-000
10209,10.1037/t40919-000
10210,10.1037/t55724-000
10211,10.1037/t75983-000
10212,10.1037/t26496-000
10213,10.1037/t28965-000
10214,10.1037/t76922-000
10215,10.1037/t10233-000
10216,10.1037/t60690-000
10217,10.1037/t63223-000
10218,10.1037/t28989-000
10219,10.1037/t25970-000
10220,10.1037/t43213-000
10221,10.1037/t56454-000
10222,10.1037/t61834-000
10223,10.1037/t58860-000
10224,10.1037/t28022-000
10225,10.1037/t16412-000
10226,10.1037/t18023-000
10227,10.1037/t85330-000
10228,10.1037/t19880-000
10229,10.1037/t07779-000
10230,10.1037/t09556-000
10231,10.1037/t09019-000
10232,10.1037/t14084-000
10233,10.1037/t27604-000
10234,10.1037/t25718-000
10235,10.1037/t03339-000
10236,10.1037/t21827-000
10237,10.1037/t12488-000
10238,10.1037/t85995-000
10239,10.1037/t19176-000
10240,10.1037/t26613-000
10241,10.1037/t23742-000
10242,10.1037/t73293-000
10243,10.1037/t12201-000
10244,10.1037/t09118-000
10245,10.1037/t36166-000
10246,10.1037/t25953-000
10247,10.1037/t79632-000
10248,10.1037/t79347-000
10249,10.1037/t34906-000
10250,10.1037/t35405-000
10251,10.1037/t47368-000
10252,10.1037/t85345-000
10253,10.1037/t53373-000
10254,10.1037/t72441-000
10255,10.1037/t71350-000
10256,10.1037/t10995-000
10257,10.1037/t45089-000
10258,10.1037/t55048-000
10259,10.1037/t59562-000
10260,10.1037/t15516-000
10261,10.1037/t21661-000
10262,10.1037/t20115-000
10263,10.1037/t09595-000
10264,10.1037/t56516-000
10265,10.1037/t46852-000
10266,10.1037/t24784-000
10267,10.1037/t20965-000
10268,10.1037/t25962-000
10269,10.1037/t00082-000
10270,10.1037/t65257-000
10271,10.1037/t32075-000
10272,10.1037/t38779-000
10273,10.1037/t01655-000
10274,10.1037/t66307-000
10275,10.1037/t12557-000
10276,10.1037/t10496-000
10277,10.1037/t00402-000
10278,10.1037/t44533-000
10279,10.1037/t26111-000
10280,10.1037/t81412-000
10281,10.1037/t34554-000
10282,10.1037/t26099-000
10283,10.1037/t16386-000
10284,10.1037/t87223-000
10285,10.1037/t64572-000
10286,10.1037/t15852-000
10287,10.1037/t22720-000
10288,10.1037/t60244-000
10289,10.1037/t68503-000
10290,10.1037/t31642-000
10291,10.1037/t81509-000
10292,10.1037/t16896-000
10293,10.1037/t20757-000
10294,10.1037/t14358-000
10295,10.1037/t21980-000
10296,10.1037/t23907-000
10297,10.1037/t79100-000
10298,10.1037/t16132-000
10299,10.1037/t29015-000
10300,10.1037/t06855-000
10301,10.1037/t76702-000
10302,10.1037/t74674-000
10303,10.1037/t69584-000
10304,10.1037/t30265-000
10305,10.1037/t77831-000
10306,10.1037/t12130-000
10307,10.1037/t60450-000
10308,10.1037/t38018-000
10309,10.1037/t31700-000
10310,10.1037/t07893-000
10311,10.1037/t29021-000
10312,10.1037/t33577-000
10313,10.1037/t14650-000
10314,10.1037/t73030-000
10315,10.1037/t35406-000
10316,10.1037/t26972-000
10317,10.1037/t10075-000
10318,10.1037/t78263-000
10319,10.1037/t04295-000
10320,10.1037/t73095-000
10321,10.1037/t17751-000
10322,10.1037/t28245-000
10323,10.1037/t32979-000
10324,10.1037/t37825-000
10325,10.1037/t48041-000
10326,10.1037/t61665-000
10327,10.1037/t25254-000
10328,10.1037/t10481-000
10329,10.1037/t24578-000
10330,10.1037/t24300-000
10331,10.1037/t41390-000
10332,10.1037/t24247-000
10333,10.1037/t24586-000
10334,10.1037/t41115-000
10335,10.1037/t69419-000
10336,10.1037/t27812-000
10337,10.1037/t40295-000
10338,10.1037/t32875-000
10339,10.1037/t26215-000
10340,10.1037/t61271-000
10341,10.1037/t01599-000
10342,10.1037/t47053-000
10343,10.1037/t65112-000
10344,10.1037/t19632-000
10345,10.1037/t22169-000
10346,10.1037/t53547-000
10347,10.1037/t27933-000
10348,10.1037/t66635-000
10349,10.1037/t16586-000
10350,10.1037/t37306-000
10351,10.1037/t70244-000
10352,10.1037/t59251-000
10353,10.1037/t00599-000
10354,10.1037/t19580-000
10355,10.1037/t25680-000
10356,10.1037/t46755-000
10357,10.1037/t24606-000
10358,10.1037/t81516-000
10359,10.1037/t67909-000
10360,10.1037/t23503-000
10361,10.1037/t64264-000
10362,10.1037/t40327-000
10363,10.1037/t03849-000
10364,10.1037/t72436-000
10365,10.1037/t26872-000
10366,10.1037/t53469-000
10367,10.1037/t86531-000
10368,10.1037/t09751-000
10369,10.1037/t17720-000
10370,10.1037/t69216-000
10371,10.1037/t18417-000
10372,10.1037/t60161-000
10373,10.1037/t09099-000
10374,10.1037/t67299-000
10375,10.1037/t21983-000
10376,10.1037/t53555-000
10377,10.1037/t73792-000
10378,10.1037/t14691-000
10379,10.1037/t31712-000
10380,10.1037/t27081-000
10381,10.1037/t71596-000
10382,10.1037/t23153-000
10383,10.1037/t13947-000
10384,10.1037/t41544-000
10385,10.1037/t77846-000
10386,10.1037/t17114-000
10387,10.1037/t22857-000
10388,10.1037/t40681-000
10389,10.1037/t59327-000
10390,10.1037/t20870-000
10391,10.1037/t23684-000
10392,10.1037/t63169-000
10393,10.1037/t26323-000
10394,10.1037/t23041-000
10395,10.1037/t31648-000
10396,10.1037/t66750-000
10397,10.1037/t21379-000
10398,10.1037/t86963-000
10399,10.1037/t50566-000
10400,10.1037/t44173-000
10401,10.1037/t85729-000
10402,10.1037/t59035-000
10403,10.1037/t28674-000
10404,10.1037/t26649-000
10405,10.1037/t15420-000
10406,10.1037/t82350-000
10407,10.1037/t42208-000
10408,10.1037/t25509-000
10409,10.1037/t17835-000
10410,10.1037/t60674-000
10411,10.1037/t16016-000
10412,10.1037/t77791-000
10413,10.1037/t29304-000
10414,10.1037/t45261-000
10415,10.1037/t35521-000
10416,10.1037/t06211-000
10417,10.1037/t48491-000
10418,10.1037/t80932-000
10419,10.1037/t46731-000
10420,10.1037/t27350-000
10421,10.1037/t72848-000
10422,10.1037/t79906-000
10423,10.1037/t65123-000
10424,10.1037/t40305-000
10425,10.1037/t36091-000
10426,10.1037/t22148-000
10427,10.1037/t75510-000
10428,10.1037/t85433-000
10429,10.1037/t44783-000
10430,10.1037/t11181-000
10431,10.1037/t65503-000
10432,10.1037/t65605-000
10433,10.1037/t07991-000
10434,10.1037/t62405-000
10435,10.1037/t42605-000
10436,10.1037/t70271-000
10437,10.1037/t52114-000
10438,10.1037/t17862-000
10439,10.1037/t09341-000
10440,10.1037/t65516-000
10441,10.1037/t38495-000
10442,10.1037/t25686-000
10443,10.1037/t59314-000
10444,10.1037/t26576-000
10445,10.1037/t60233-000
10446,10.1037/t84266-000
10447,10.1037/t71638-000
10448,10.1037/t20440-000
10449,10.1037/t70630-000
10450,10.1037/t38648-000
10451,10.1037/t57799-000
10452,10.1037/t39572-000
10453,10.1037/t07363-000
10454,10.1037/t74011-000
10455,10.1037/t25715-000
10456,10.1037/t31578-000
10457,10.1037/t45183-000
10458,10.1037/t16484-000
10459,10.1037/t25534-000
10460,10.1037/t28015-000
10461,10.1037/t07424-000
10462,10.1037/t01405-000
10463,10.1037/t84293-000
10464,10.1037/t77981-000
10465,10.1037/t06931-000
10466,10.1037/t32744-000
10467,10.1037/t14887-000
10468,10.1037/t82628-000
10469,10.1037/t69885-000
10470,10.1037/t79321-000
10471,10.1037/t83854-000
10472,10.1037/t46154-000
10473,10.1037/t03358-000
10474,10.1037/t01669-000
10475,10.1037/t66487-000
10476,10.1037/t21940-000
10477,10.1037/t82036-000
10478,10.1037/t36217-000
10479,10.1037/t21741-000
10480,10.1037/t26078-000
10481,10.1037/t43458-000
10482,10.1037/t72035-000
10483,10.1037/t81122-000
10484,10.1037/t59169-000
10485,10.1037/t81682-000
10486,10.1037/t71644-000
10487,10.1037/t79894-000
10488,10.1037/t33282-000
10489,10.1037/t12429-000
10490,10.1037/t19590-000
10491,10.1037/t22529-000
10492,10.1037/t13937-000
10493,10.1037/t15502-000
10494,10.1037/t38180-000
10495,10.1037/t20724-000
10496,10.1037/t72745-000
10497,10.1037/t63034-000
10498,10.1037/t86147-000
10499,10.1037/t02396-000
10500,10.1037/t81658-000
10501,10.1037/t49230-000
10502,10.1037/t67014-000
10503,10.1037/t40621-000
10504,10.1037/t37035-000
10505,10.1037/t49784-000
10506,10.1037/t22321-000
10507,10.1037/t08692-000
10508,10.1037/t29904-000
10509,10.1037/t16696-000
10510,10.1037/t24309-000
10511,10.1037/t39958-000
10512,10.1037/t10921-000
10513,10.1037/t40425-000
10514,10.1037/t13611-000
10515,10.1037/t45116-000
10516,10.1037/t27080-000
10517,10.1037/t48494-000
10518,10.1037/t31362-000
10519,10.1037/t24524-000
10520,10.1037/t13008-000
10521,10.1037/t81778-000
10522,10.1037/t21552-000
10523,10.1037/t77482-000
10524,10.1037/t31775-000
10525,10.1037/t41578-000
10526,10.1037/t28264-000
10527,10.1037/t81168-000
10528,10.1037/t25867-000
10529,10.1037/t10135-000
10530,10.1037/t50690-000
10531,10.1037/t28441-000
10532,10.1037/t47195-000
10533,10.1037/t66973-000
10534,10.1037/t36698-000
10535,10.1037/t42272-000
10536,10.1037/t39168-000
10537,10.1037/t00475-000
10538,10.1037/t02920-000
10539,10.1037/t26344-000
10540,10.1037/t33959-000
10541,10.1037/t21502-000
10542,10.1037/t13939-000
10543,10.1037/t77215-000
10544,10.1037/t18914-000
10545,10.1037/t48449-000
10546,10.1037/t84847-000
10547,10.1037/t20583-000
10548,10.1037/t34163-000
10549,10.1037/t05541-000
10550,10.1037/t36109-000
10551,10.1037/t30306-000
10552,10.1037/t77086-000
10553,10.1037/t81766-000
10554,10.1037/t16681-000
10555,10.1037/t25153-000
10556,10.1037/t09203-000
10557,10.1037/t77259-000
10558,10.1037/t63319-000
10559,10.1037/t23377-000
10560,10.1037/t14121-000
10561,10.1037/t72509-000
10562,10.1037/t14197-000
10563,10.1037/t02565-000
10564,10.1037/t17152-000
10565,10.1037/t68801-000
10566,10.1037/t43006-000
10567,10.1037/t46073-000
10568,10.1037/t42788-000
10569,10.1037/t21793-000
10570,10.1037/t43587-000
10571,10.1037/t03143-000
10572,10.1037/t40328-000
10573,10.1037/t78979-000
10574,10.1037/t17484-000
10575,10.1037/t34071-000
10576,10.1037/t18338-000
10577,10.1037/t50024-000
10578,10.1037/t76966-000
10579,10.1037/t80550-000
10580,10.1037/t32493-000
10581,10.1037/t79387-000
10582,10.1037/t19094-000
10583,10.1037/t40840-000
10584,10.1037/t21527-000
10585,10.1037/t23078-000
10586,10.1037/t09251-000
10587,10.1037/t27628-000
10588,10.1037/t22843-000
10589,10.1037/t76608-000
10590,10.1037/t51364-000
10591,10.1037/t49780-000
10592,10.1037/t83483-000
10593,10.1037/t58565-000
10594,10.1037/t79037-000
10595,10.1037/t14136-000
10596,10.1037/t01074-000
10597,10.1037/t65621-000
10598,10.1037/t06791-000
10599,10.1037/t12378-000
10600,10.1037/t34566-000
10601,10.1037/t69328-000
10602,10.1037/t43929-000
10603,10.1037/t17310-000
10604,10.1037/t40532-000
10605,10.1037/t34168-000
10606,10.1037/t17324-000
10607,10.1037/t50378-000
10608,10.1037/t58564-000
10609,10.1037/t46952-000
10610,10.1037/t22508-000
10611,10.1037/t34328-000
10612,10.1037/t10663-000
10613,10.1037/t38554-000
10614,10.1037/t22937-000
10615,10.1037/t05138-000
10616,10.1037/t07107-000
10617,10.1037/t15914-000
10618,10.1037/t74336-000
10619,10.1037/t49575-000
10620,10.1037/t25334-000
10621,10.1037/t84856-000
10622,10.1037/t00040-000
10623,10.1037/t15344-000
10624,10.1037/t63390-000
10625,10.1037/t60883-000
10626,10.1037/t81794-000
10627,10.1037/t04120-000
10628,10.1037/t16225-000
10629,10.1037/t67024-000
10630,10.1037/t22215-000
10631,10.1037/t65453-000
10632,10.1037/t20070-000
10633,10.1037/t20620-000
10634,10.1037/t22260-000
10635,10.1037/t45537-000
10636,10.1037/t37840-000
10637,10.1037/t62607-000
10638,10.1037/t77300-000
10639,10.1037/t51099-000
10640,10.1037/t26546-000
10641,10.1037/t87595-000
10642,10.1037/t70217-000
10643,10.1037/t69807-000
10644,10.1037/t33910-000
10645,10.1037/t16267-000
10646,10.1037/t40847-000
10647,10.1037/t10124-000
10648,10.1037/t59258-000
10649,10.1037/t63221-000
10650,10.1037/t20053-000
10651,10.1037/t83469-000
10652,10.1037/t78565-000
10653,10.1037/t21339-000
10654,10.1037/t76812-000
10655,10.1037/t11503-000
10656,10.1037/t21852-000
10657,10.1037/t80992-000
10658,10.1037/t59993-000
10659,10.1037/t25049-000
10660,10.1037/t06973-000
10661,10.1037/t87333-000
10662,10.1037/t81873-000
10663,10.1037/t37893-000
10664,10.1037/t05663-000
10665,10.1037/t63628-000
10666,10.1037/t78532-000
10667,10.1037/t78639-000
10668,10.1037/t40856-000
10669,10.1037/t19550-000
10670,10.1037/t45626-000
10671,10.1037/t11391-000
10672,10.1037/t83717-000
10673,10.1037/t22673-000
10674,10.1037/t40720-000
10675,10.1037/t24491-000
10676,10.1037/t61769-000
10677,10.1037/t53374-000
10678,10.1037/t02344-000
10679,10.1037/t50808-000
10680,10.1037/t64327-000
10681,10.1037/t12875-000
10682,10.1037/t73633-000
10683,10.1037/t31888-000
10684,10.1037/t00803-000
10685,10.1037/t11697-000
10686,10.1037/t37009-000
10687,10.1037/t25338-000
10688,10.1037/t16201-000
10689,10.1037/t38678-000
10690,10.1037/t10484-000
10691,10.1037/t02272-000
10692,10.1037/t53876-000
10693,10.1037/t15747-000
10694,10.1037/t82991-000
10695,10.1037/t13078-000
10696,10.1037/t55195-000
10697,10.1037/t10055-000
10698,10.1037/t08814-000
10699,10.1037/t66044-000
10700,10.1037/t53135-000
10701,10.1037/t06663-000
10702,10.1037/t65091-000
10703,10.1037/t79772-000
10704,10.1037/t61153-000
10705,10.1037/t84138-000
10706,10.1037/t37298-000
10707,10.1037/t44222-000
10708,10.1037/t48087-000
10709,10.1037/t37858-000
10710,10.1037/t20139-000
10711,10.1037/t40581-000
10712,10.1037/t83555-000
10713,10.1037/t76060-000
10714,10.1037/t22687-000
10715,10.1037/t47903-000
10716,10.1037/t72651-000
10717,10.1037/t74673-000
10718,10.1037/t21947-000
10719,10.1037/t39609-000
10720,10.1037/t80458-000
10721,10.1037/t03594-000
10722,10.1037/t21055-000
10723,10.1037/t76516-000
10724,10.1037/t79777-000
10725,10.1037/t15283-000
10726,10.1037/t23227-000
10727,10.1037/t53046-000
10728,10.1037/t40696-000
10729,10.1037/t14242-000
10730,10.1037/t86364-000
10731,10.1037/t35710-000
10732,10.1037/t15876-000
10733,10.1037/t12100-000
10734,10.1037/t67047-000
10735,10.1037/t40084-000
10736,10.1037/t87809-000
10737,10.1037/t44290-000
10738,10.1037/t15993-000
10739,10.1037/t40274-000
10740,10.1037/t05795-000
10741,10.1037/t45350-000
10742,10.1037/t03089-000
10743,10.1037/t41188-000
10744,10.1037/t30005-000
10745,10.1037/t40547-000
10746,10.1037/t18816-000
10747,10.1037/t79146-000
10748,10.1037/t08412-000
10749,10.1037/t67874-000
10750,10.1037/t22070-000
10751,10.1037/t14071-000
10752,10.1037/t24289-000
10753,10.1037/t80998-000
10754,10.1037/t18502-000
10755,10.1037/t81183-000
10756,10.1037/t42055-000
10757,10.1037/t17420-000
10758,10.1037/t08535-000
10759,10.1037/t61679-000
10760,10.1037/t86781-000
10761,10.1037/t20516-000
10762,10.1037/t68930-000
10763,10.1037/t23310-000
10764,10.1037/t40907-000
10765,10.1037/t58886-000
10766,10.1037/t27467-000
10767,10.1037/t14793-000
10768,10.1037/t73169-000
10769,10.1037/t57075-000
10770,10.1037/t87502-000
10771,10.1037/t78372-000
10772,10.1037/t63757-000
10773,10.1037/t41205-000
10774,10.1037/t03547-000
10775,10.1037/t81311-000
10776,10.1037/t27952-000
10777,10.1037/t77450-000
10778,10.1037/t26460-000
10779,10.1037/t25709-000
10780,10.1037/t87799-000
10781,10.1037/t70034-000
10782,10.1037/t63482-000
10783,10.1037/t06052-000
10784,10.1037/t43436-000
10785,10.1037/t44052-000
10786,10.1037/t23841-000
10787,10.1037/t32906-000
10788,10.1037/t58918-000
10789,10.1037/t08317-000
10790,10.1037/t03936-000
10791,10.1037/t74580-000
10792,10.1037/t12418-000
10793,10.1037/t85750-000
10794,10.1037/t15742-000
10795,10.1037/t80686-000
10796,10.1037/t75697-000
10797,10.1037/t46436-000
10798,10.1037/t21500-000
10799,10.1037/t00811-000
10800,10.1037/t01663-000
10801,10.1037/t42368-000
10802,10.1037/t32936-000
10803,10.1037/t01361-000
10804,10.1037/t59138-000
10805,10.1037/t40630-000
10806,10.1037/t75090-000
10807,10.1037/t24397-000
10808,10.1037/t00943-000
10809,10.1037/t86998-000
10810,10.1037/t52755-000
10811,10.1037/t23053-000
10812,10.1037/t45278-000
10813,10.1037/t11030-000
10814,10.1037/t76447-000
10815,10.1037/t58030-000
10816,10.1037/t10541-000
10817,10.1037/t58309-000
10818,10.1037/t75880-000
10819,10.1037/t43789-000
10820,10.1037/t58021-000
10821,10.1037/t08746-000
10822,10.1037/t29819-000
10823,10.1037/t36294-000
10824,10.1037/t43781-000
10825,10.1037/t11556-000
10826,10.1037/t29349-000
10827,10.1037/t44090-000
10828,10.1037/t36158-000
10829,10.1037/t35488-000
10830,10.1037/t24630-000
10831,10.1037/t46678-000
10832,10.1037/t09450-000
10833,10.1037/t08219-000
10834,10.1037/t12625-000
10835,10.1037/t70438-000
10836,10.1037/t12167-000
10837,10.1037/t79773-000
10838,10.1037/t81040-000
10839,10.1037/t78700-000
10840,10.1037/t06385-000
10841,10.1037/t07673-000
10842,10.1037/t68337-000
10843,10.1037/t09275-000
10844,10.1037/t67624-000
10845,10.1037/t84280-000
10846,10.1037/t15401-000
10847,10.1037/t40631-000
10848,10.1037/t65126-000
10849,10.1037/t78961-000
10850,10.1037/t52854-000
10851,10.1037/t21485-000
10852,10.1037/t09848-000
10853,10.1037/t28847-000
10854,10.1037/t33949-000
10855,10.1037/t19802-000
10856,10.1037/t70321-000
10857,10.1037/t57985-000
10858,10.1037/t42284-000
10859,10.1037/t25754-000
10860,10.1037/t24545-000
10861,10.1037/t47017-000
10862,10.1037/t36215-000
10863,10.1037/t59517-000
10864,10.1037/t76802-000
10865,10.1037/t67790-000
10866,10.1037/t54891-000
10867,10.1037/t75589-000
10868,10.1037/t20710-000
10869,10.1037/t82026-000
10870,10.1037/t33986-000
10871,10.1037/t15718-000
10872,10.1037/t22898-000
10873,10.1037/t77744-000
10874,10.1037/t84906-000
10875,10.1037/t65165-000
10876,10.1037/t19668-000
10877,10.1037/t80923-000
10878,10.1037/t41841-000
10879,10.1037/t51200-000
10880,10.1037/t34384-000
10881,10.1037/t09667-000
10882,10.1037/t22800-000
10883,10.1037/t18445-000
10884,10.1037/t33865-000
10885,10.1037/t47455-000
10886,10.1037/t13282-000
10887,10.1037/t42351-000
10888,10.1037/t10362-000
10889,10.1037/t33074-000
10890,10.1037/t52412-000
10891,10.1037/t15311-000
10892,10.1037/t36286-000
10893,10.1037/t68315-000
10894,10.1037/t08369-000
10895,10.1037/t17866-000
10896,10.1037/t64717-000
10897,10.1037/t34527-000
10898,10.1037/t39671-000
10899,10.1037/t39580-000
10900,10.1037/t85878-000
10901,10.1037/t87283-000
10902,10.1037/t09847-000
10903,10.1037/t09241-000
10904,10.1037/t69181-000
10905,10.1037/t03030-000
10906,10.1037/t85781-000
10907,10.1037/t82042-000
10908,10.1037/t84921-000
10909,10.1037/t02106-000
10910,10.1037/t44259-000
10911,10.1037/t40685-000
10912,10.1037/t44088-000
10913,10.1037/t11214-000
10914,10.1037/t04309-000
10915,10.1037/t82180-000
10916,10.1037/t66864-000
10917,10.1037/t40512-000
10918,10.1037/t58315-000
10919,10.1037/t33966-000
10920,10.1037/t14430-000
10921,10.1037/t21518-000
10922,10.1037/t04741-000
10923,10.1037/t42103-000
10924,10.1037/t00435-000
10925,10.1037/t07421-000
10926,10.1037/t57739-000
10927,10.1037/t01847-000
10928,10.1037/t72895-000
10929,10.1037/t09460-000
10930,10.1037/t16993-000
10931,10.1037/t21022-000
10932,10.1037/t13257-000
10933,10.1037/t33345-000
10934,10.1037/t78924-000
10935,10.1037/t20853-000
10936,10.1037/t17250-000
10937,10.1037/t16802-000
10938,10.1037/t62236-000
10939,10.1037/t09867-000
10940,10.1037/t18012-000
10941,10.1037/t75218-000
10942,10.1037/t87849-000
10943,10.1037/t25909-000
10944,10.1037/t74499-000
10945,10.1037/t26807-000
10946,10.1037/t10742-000
10947,10.1037/t00423-000
10948,10.1037/t80217-000
10949,10.1037/t22487-000
10950,10.1037/t06949-000
10951,10.1037/t59641-000
10952,10.1037/t50855-000
10953,10.1037/t41054-000
10954,10.1037/t26287-000
10955,10.1037/t65122-000
10956,10.1037/t23759-000
10957,10.1037/t00664-000
10958,10.1037/t86754-000
10959,10.1037/t43177-000
10960,10.1037/t87554-000
10961,10.1037/t68051-000
10962,10.1037/t12268-000
10963,10.1037/t60510-000
10964,10.1037/t36292-000
10965,10.1037/t80608-000
10966,10.1037/t16751-000
10967,10.1037/t87054-000
10968,10.1037/t61652-000
10969,10.1037/t22066-000
10970,10.1037/t78724-000
10971,10.1037/t10344-000
10972,10.1037/t26868-000
10973,10.1037/t36424-000
10974,10.1037/t26943-000
10975,10.1037/t00877-000
10976,10.1037/t21204-000
10977,10.1037/t13960-000
10978,10.1037/t17093-000
10979,10.1037/t79203-000
10980,10.1037/t11255-000
10981,10.1037/t12415-000
10982,10.1037/t73970-000
10983,10.1037/t70189-000
10984,10.1037/t29435-000
10985,10.1037/t25728-000
10986,10.1037/t09484-000
10987,10.1037/t36543-000
10988,10.1037/t04160-000
10989,10.1037/t00443-000
10990,10.1037/t20222-000
10991,10.1037/t39577-000
10992,10.1037/t85774-000
10993,10.1037/t65381-000
10994,10.1037/t79079-000
10995,10.1037/t07904-000
10996,10.1037/t28028-000
10997,10.1037/t19909-000
10998,10.1037/t36457-000
10999,10.1037/t70028-000
11000,10.1037/t75848-000
11001,10.1037/t40864-000
11002,10.1037/t63674-000
11003,10.1037/t54943-000
11004,10.1037/t71820-000
11005,10.1037/t28765-000
11006,10.1037/t39260-000
11007,10.1037/t26645-000
11008,10.1037/t79027-000
11009,10.1037/t47680-000
11010,10.1037/t71361-000
11011,10.1037/t42376-000
11012,10.1037/t68358-000
11013,10.1037/t16874-000
11014,10.1037/t47983-000
11015,10.1037/t41454-000
11016,10.1037/t28476-000
11017,10.1037/t17224-000
11018,10.1037/t65005-000
11019,10.1037/t15526-000
11020,10.1037/t23957-000
11021,10.1037/t62845-000
11022,10.1037/t16933-000
11023,10.1037/t51787-000
11024,10.1037/t58601-000
11025,10.1037/t01486-000
11026,10.1037/t23234-000
11027,10.1037/t87771-000
11028,10.1037/t09267-000
11029,10.1037/t25774-000
11030,10.1037/t39470-000
11031,10.1037/t10209-000
11032,10.1037/t15611-000
11033,10.1037/t00218-000
11034,10.1037/t37880-000
11035,10.1037/t73822-000
11036,10.1037/t12239-000
11037,10.1037/t70653-000
11038,10.1037/t00414-000
11039,10.1037/t09082-000
11040,10.1037/t71358-000
11041,10.1037/t56334-000
11042,10.1037/t10972-000
11043,10.1037/t49003-000
11044,10.1037/t13551-000
11045,10.1037/t36271-000
11046,10.1037/t66922-000
11047,10.1037/t21343-000
11048,10.1037/t03171-000
11049,10.1037/t49001-000
11050,10.1037/t61167-000
11051,10.1037/t31886-000
11052,10.1037/t42564-000
11053,10.1037/t00130-000
11054,10.1037/t87415-000
11055,10.1037/t02385-000
11056,10.1037/t69830-000
11057,10.1037/t47371-000
11058,10.1037/t83474-000
11059,10.1037/t19756-000
11060,10.1037/t75298-000
11061,10.1037/t80962-000
11062,10.1037/t64437-000
11063,10.1037/t13106-000
11064,10.1037/t65376-000
11065,10.1037/t67230-000
11066,10.1037/t44873-000
11067,10.1037/t02904-000
11068,10.1037/t67289-000
11069,10.1037/t43031-000
11070,10.1037/t33848-000
11071,10.1037/t25224-000
11072,10.1037/t23751-000
11073,10.1037/t05032-000
11074,10.1037/t85070-000
11075,10.1037/t41806-000
11076,10.1037/t30458-000
11077,10.1037/t74884-000
11078,10.1037/t51760-000
11079,10.1037/t22355-000
11080,10.1037/t07004-000
11081,10.1037/t64920-000
11082,10.1037/t44884-000
11083,10.1037/t06295-000
11084,10.1037/t80795-000
11085,10.1037/t62081-000
11086,10.1037/t41545-000
11087,10.1037/t79612-000
11088,10.1037/t04211-000
11089,10.1037/t71786-000
11090,10.1037/t15788-000
11091,10.1037/t50258-000
11092,10.1037/t22053-000
11093,10.1037/t37367-000
11094,10.1037/t48958-000
11095,10.1037/t58485-000
11096,10.1037/t09476-000
11097,10.1037/t26519-000
11098,10.1037/t84903-000
11099,10.1037/t58308-000
11100,10.1037/t09053-000
11101,10.1037/t41194-000
11102,10.1037/t15851-000
11103,10.1037/t37967-000
11104,10.1037/t79133-000
11105,10.1037/t38110-000
11106,10.1037/t75982-000
11107,10.1037/t27503-000
11108,10.1037/t65744-000
11109,10.1037/t00297-000
11110,10.1037/t28468-000
11111,10.1037/t79669-000
11112,10.1037/t43965-000
11113,10.1037/t86626-000
11114,10.1037/t17071-000
11115,10.1037/t60522-000
11116,10.1037/t77251-000
11117,10.1037/t63180-000
11118,10.1037/t40370-000
11119,10.1037/t28471-000
11120,10.1037/t74672-000
11121,10.1037/t11117-000
11122,10.1037/t38420-000
11123,10.1037/t01359-000
11124,10.1037/t19750-000
11125,10.1037/t80575-000
11126,10.1037/t36434-000
11127,10.1037/t62468-000
11128,10.1037/t22123-000
11129,10.1037/t29613-000
11130,10.1037/t13103-000
11131,10.1037/t71228-000
11132,10.1037/t33666-000
11133,10.1037/t42085-000
11134,10.1037/t11152-000
11135,10.1037/t46047-000
11136,10.1037/t61704-000
11137,10.1037/t29541-000
11138,10.1037/t70275-000
11139,10.1037/t14687-000
11140,10.1037/t38547-000
11141,10.1037/t34011-000
11142,10.1037/t53524-000
11143,10.1037/t39555-000
11144,10.1037/t74640-000
11145,10.1037/t25846-000
11146,10.1037/t20286-000
11147,10.1037/t86083-000
11148,10.1037/t47718-000
11149,10.1037/t09283-000
11150,10.1037/t18897-000
11151,10.1037/t10499-000
11152,10.1037/t40596-000
11153,10.1037/t08796-000
11154,10.1037/t83182-000
11155,10.1037/t27856-000
11156,10.1037/t13839-000
11157,10.1037/t03602-000
11158,10.1037/t34773-000
11159,10.1037/t67802-000
11160,10.1037/t22570-000
11161,10.1037/t38457-000
11162,10.1037/t46081-000
11163,10.1037/t84448-000
11164,10.1037/t11121-000
11165,10.1037/t08835-000
11166,10.1037/t86007-000
11167,10.1037/t47804-000
11168,10.1037/t18984-000
11169,10.1037/t63777-000
11170,10.1037/t22400-000
11171,10.1037/t06101-000
11172,10.1037/t31377-000
11173,10.1037/t05212-000
11174,10.1037/t48565-000
11175,10.1037/t58350-000
11176,10.1037/t00544-000
11177,10.1037/t34432-000
11178,10.1037/t00709-000
11179,10.1037/t52217-000
11180,10.1037/t14502-000
11181,10.1037/t46198-000
11182,10.1037/t62137-000
11183,10.1037/t11381-000
11184,10.1037/t71506-000
11185,10.1037/t83816-000
11186,10.1037/t31188-000
11187,10.1037/t81159-000
11188,10.1037/t66059-000
11189,10.1037/t53814-000
11190,10.1037/t01717-000
11191,10.1037/t14745-000
11192,10.1037/t86115-000
11193,10.1037/t10983-000
11194,10.1037/t76605-000
11195,10.1037/t08009-000
11196,10.1037/t11931-000
11197,10.1037/t10633-000
11198,10.1037/t40024-000
11199,10.1037/t23489-000
11200,10.1037/t86286-000
11201,10.1037/t11711-000
11202,10.1037/t19539-000
11203,10.1037/t62896-000
11204,10.1037/t68946-000
11205,10.1037/t24619-000
11206,10.1037/t40519-000
11207,10.1037/t22547-000
11208,10.1037/t38131-000
11209,10.1037/t13572-000
11210,10.1037/t87243-000
11211,10.1037/t86606-000
11212,10.1037/t82443-000
11213,10.1037/t50012-000
11214,10.1037/t25444-000
11215,10.1037/t10580-000
11216,10.1037/t39178-000
11217,10.1037/t16253-000
11218,10.1037/t22795-000
11219,10.1037/t38017-000
11220,10.1037/t76853-000
11221,10.1037/t66090-000
11222,10.1037/t21710-000
11223,10.1037/t55730-000
11224,10.1037/t04891-000
11225,10.1037/t53381-000
11226,10.1037/t54516-000
11227,10.1037/t67648-000
11228,10.1037/t63417-000
11229,10.1037/t00441-000
11230,10.1037/t25819-000
11231,10.1037/t58222-000
11232,10.1037/t65972-000
11233,10.1037/t31874-000
11234,10.1037/t67236-000
11235,10.1037/t11688-000
11236,10.1037/t40614-000
11237,10.1037/t66190-000
11238,10.1037/t17565-000
11239,10.1037/t22910-000
11240,10.1037/t83347-000
11241,10.1037/t26398-000
11242,10.1037/t12445-000
11243,10.1037/t76130-000
11244,10.1037/t03191-000
11245,10.1037/t62674-000
11246,10.1037/t58904-000
11247,10.1037/t10250-000
11248,10.1037/t80259-000
11249,10.1037/t17928-000
11250,10.1037/t24488-000
11251,10.1037/t84804-000
11252,10.1037/t50327-000
11253,10.1037/t35571-000
11254,10.1037/t79673-000
11255,10.1037/t00910-000
11256,10.1037/t81633-000
11257,10.1037/t76895-000
11258,10.1037/t11182-000
11259,10.1037/t31431-000
11260,10.1037/t31562-000
11261,10.1037/t35144-000
11262,10.1037/t77823-000
11263,10.1037/t33435-000
11264,10.1037/t59830-000
11265,10.1037/t65543-000
11266,10.1037/t77627-000
11267,10.1037/t79723-000
11268,10.1037/t38300-000
11269,10.1037/t82397-000
11270,10.1037/t15926-000
11271,10.1037/t08082-000
11272,10.1037/t59620-000
11273,10.1037/t60513-000
11274,10.1037/t72076-000
11275,10.1037/t63062-000
11276,10.1037/t85464-000
11277,10.1037/t81874-000
11278,10.1037/t79605-000
11279,10.1037/t70677-000
11280,10.1037/t68922-000
11281,10.1037/t77054-000
11282,10.1037/t67019-000
11283,10.1037/t40753-000
11284,10.1037/t42023-000
11285,10.1037/t03558-000
11286,10.1037/t47822-000
11287,10.1037/t81403-000
11288,10.1037/t25753-000
11289,10.1037/t63213-000
11290,10.1037/t84714-000
11291,10.1037/t25344-000
11292,10.1037/t17488-000
11293,10.1037/t81814-000
11294,10.1037/t21244-000
11295,10.1037/t82879-000
11296,10.1037/t39198-000
11297,10.1037/t40901-000
11298,10.1037/t71664-000
11299,10.1037/t00694-000
11300,10.1037/t00577-000
11301,10.1037/t63260-000
11302,10.1037/t18037-000
11303,10.1037/t18188-000
11304,10.1037/t68669-000
11305,10.1037/t21263-000
11306,10.1037/t87378-000
11307,10.1037/t31841-000
11308,10.1037/t78673-000
11309,10.1037/t40754-000
11310,10.1037/t78663-000
11311,10.1037/t74535-000
11312,10.1037/t23780-000
11313,10.1037/t49041-000
11314,10.1037/t37670-000
11315,10.1037/t17507-000
11316,10.1037/t18812-000
11317,10.1037/t61699-000
11318,10.1037/t47639-000
11319,10.1037/t13776-000
11320,10.1037/t34542-000
11321,10.1037/t33229-000
11322,10.1037/t13177-000
11323,10.1037/t50821-000
11324,10.1037/t23138-000
11325,10.1037/t59540-000
11326,10.1037/t46950-000
11327,10.1037/t64965-000
11328,10.1037/t23168-000
11329,10.1037/t76273-000
11330,10.1037/t75097-000
11331,10.1037/t45252-000
11332,10.1037/t64977-000
11333,10.1037/t40072-000
11334,10.1037/t14929-000
11335,10.1037/t33667-000
11336,10.1037/t03463-000
11337,10.1037/t12697-000
11338,10.1037/t04847-000
11339,10.1037/t21592-000
11340,10.1037/t72926-000
11341,10.1037/t47093-000
11342,10.1037/t74976-000
11343,10.1037/t28904-000
11344,10.1037/t35605-000
11345,10.1037/t84990-000
11346,10.1037/t37845-000
11347,10.1037/t67030-000
11348,10.1037/t43528-000
11349,10.1037/t13246-000
11350,10.1037/t11336-000
11351,10.1037/t43100-000
11352,10.1037/t76988-000
11353,10.1037/t62936-000
11354,10.1037/t20149-000
11355,10.1037/t07339-000
11356,10.1037/t16972-000
11357,10.1037/t61038-000
11358,10.1037/t17998-000
11359,10.1037/t79805-000
11360,10.1037/t09836-000
11361,10.1037/t08621-000
11362,10.1037/t03399-000
11363,10.1037/t13521-000
11364,10.1037/t16913-000
11365,10.1037/t04064-000
11366,10.1037/t73408-000
11367,10.1037/t32717-000
11368,10.1037/t26730-000
11369,10.1037/t59125-000
11370,10.1037/t70148-000
11371,10.1037/t05292-000
11372,10.1037/t38941-000
11373,10.1037/t39327-000
11374,10.1037/t25423-000
11375,10.1037/t35192-000
11376,10.1037/t04869-000
11377,10.1037/t64705-000
11378,10.1037/t53614-000
11379,10.1037/t38764-000
11380,10.1037/t69485-000
11381,10.1037/t25607-000
11382,10.1037/t17427-000
11383,10.1037/t08506-000
11384,10.1037/t47767-000
11385,10.1037/t02447-000
11386,10.1037/t27561-000
11387,10.1037/t10984-000
11388,10.1037/t58343-000
11389,10.1037/t04213-000
11390,10.1037/t18306-000
11391,10.1037/t14823-000
11392,10.1037/t70859-000
11393,10.1037/t33427-000
11394,10.1037/t01827-000
11395,10.1037/t23812-000
11396,10.1037/t26675-000
11397,10.1037/t12979-000
11398,10.1037/t51105-000
11399,10.1037/t07576-000
11400,10.1037/t26210-000
11401,10.1037/t13369-000
11402,10.1037/t58232-000
11403,10.1037/t48895-000
11404,10.1037/t14250-000
11405,10.1037/t34067-000
11406,10.1037/t03146-000
11407,10.1037/t16803-000
11408,10.1037/t46679-000
11409,10.1037/t12820-000
11410,10.1037/t31652-000
11411,10.1037/t59520-000
11412,10.1037/t07122-000
11413,10.1037/t11699-000
11414,10.1037/t86749-000
11415,10.1037/t65600-000
11416,10.1037/t01791-000
11417,10.1037/t26080-000
11418,10.1037/t70236-000
11419,10.1037/t28705-000
11420,10.1037/t12032-000
11421,10.1037/t40288-000
11422,10.1037/t42104-000
11423,10.1037/t17457-000
11424,10.1037/t44950-000
11425,10.1037/t23922-000
11426,10.1037/t13013-000
11427,10.1037/t38265-000
11428,10.1037/t23103-000
11429,10.1037/t46221-000
11430,10.1037/t81046-000
11431,10.1037/t49709-000
11432,10.1037/t82823-000
11433,10.1037/t79979-000
11434,10.1037/t00826-000
11435,10.1037/t15841-000
11436,10.1037/t59149-000
11437,10.1037/t41880-000
11438,10.1037/t59108-000
11439,10.1037/t22132-000
11440,10.1037/t49472-000
11441,10.1037/t65490-000
11442,10.1037/t74409-000
11443,10.1037/t00958-000
11444,10.1037/t20417-000
11445,10.1037/t80727-000
11446,10.1037/t12410-000
11447,10.1037/t81492-000
11448,10.1037/t36193-000
11449,10.1037/t80247-000
11450,10.1037/t76984-000
11451,10.1037/t75364-000
11452,10.1037/t40830-000
11453,10.1037/t27886-000
11454,10.1037/t86146-000
11455,10.1037/t14023-000
11456,10.1037/t62302-000
11457,10.1037/t52525-000
11458,10.1037/t81024-000
11459,10.1037/t22703-000
11460,10.1037/t54278-000
11461,10.1037/t63066-000
11462,10.1037/t28307-000
11463,10.1037/t07202-000
11464,10.1037/t21744-000
11465,10.1037/t07331-000
11466,10.1037/t86973-000
11467,10.1037/t70863-000
11468,10.1037/t61848-000
11469,10.1037/t28802-000
11470,10.1037/t66551-000
11471,10.1037/t16721-000
11472,10.1037/t23706-000
11473,10.1037/t29539-000
11474,10.1037/t87365-000
11475,10.1037/t49348-000
11476,10.1037/t22895-000
11477,10.1037/t41094-000
11478,10.1037/t87281-000
11479,10.1037/t12629-000
11480,10.1037/t06909-000
11481,10.1037/t17516-000
11482,10.1037/t48568-000
11483,10.1037/t41580-000
11484,10.1037/t81118-000
11485,10.1037/t84582-000
11486,10.1037/t69365-000
11487,10.1037/t42402-000
11488,10.1037/t38034-000
11489,10.1037/t38046-000
11490,10.1037/t34620-000
11491,10.1037/t77900-000
11492,10.1037/t20398-000
11493,10.1037/t14872-000
11494,10.1037/t74100-000
11495,10.1037/t07178-000
11496,10.1037/t16469-000
11497,10.1037/t81844-000
11498,10.1037/t38491-000
11499,10.1037/t37651-000
11500,10.1037/t47164-000
11501,10.1037/t14215-000
11502,10.1037/t31721-000
11503,10.1037/t11681-000
11504,10.1037/t82551-000
11505,10.1037/t16456-000
11506,10.1037/t23156-000
11507,10.1037/t45479-000
11508,10.1037/t71966-000
11509,10.1037/t31393-000
11510,10.1037/t41928-000
11511,10.1037/t41245-000
11512,10.1037/t66642-000
11513,10.1037/t36854-000
11514,10.1037/t68280-000
11515,10.1037/t27804-000
11516,10.1037/t09422-000
11517,10.1037/t45262-000
11518,10.1037/t80215-000
11519,10.1037/t72233-000
11520,10.1037/t25536-000
11521,10.1037/t18710-000
11522,10.1037/t60071-000
11523,10.1037/t22382-000
11524,10.1037/t65996-000
11525,10.1037/t19089-000
11526,10.1037/t49126-000
11527,10.1037/t00373-000
11528,10.1037/t82512-000
11529,10.1037/t84764-000
11530,10.1037/t75362-000
11531,10.1037/t78901-000
11532,10.1037/t66651-000
11533,10.1037/t77378-000
11534,10.1037/t16337-000
11535,10.1037/t38665-000
11536,10.1037/t14478-000
11537,10.1037/t38076-000
11538,10.1037/t87347-000
11539,10.1037/t73047-000
11540,10.1037/t32622-000
11541,10.1037/t23800-000
11542,10.1037/t09375-000
11543,10.1037/t19628-000
11544,10.1037/t16491-000
11545,10.1037/t34977-000
11546,10.1037/t68240-000
11547,10.1037/t17563-000
11548,10.1037/t17326-000
11549,10.1037/t18714-000
11550,10.1037/t69674-000
11551,10.1037/t09164-000
11552,10.1037/t36159-000
11553,10.1037/t13601-000
11554,10.1037/t39750-000
11555,10.1037/t28386-000
11556,10.1037/t43409-000
11557,10.1037/t34539-000
11558,10.1037/t70038-000
11559,10.1037/t79070-000
11560,10.1037/t82037-000
11561,10.1037/t29338-000
11562,10.1037/t24779-000
11563,10.1037/t70784-000
11564,10.1037/t50022-000
11565,10.1037/t67015-000
11566,10.1037/t81664-000
11567,10.1037/t80587-000
11568,10.1037/t08304-000
11569,10.1037/t87664-000
11570,10.1037/t16272-000
11571,10.1037/t78205-000
11572,10.1037/t11325-000
11573,10.1037/t25396-000
11574,10.1037/t29118-000
11575,10.1037/t60064-000
11576,10.1037/t77894-000
11577,10.1037/t69762-000
11578,10.1037/t48793-000
11579,10.1037/t29714-000
11580,10.1037/t68961-000
11581,10.1037/t12576-000
11582,10.1037/t45920-000
11583,10.1037/t01574-000
11584,10.1037/t87575-000
11585,10.1037/t33019-000
11586,10.1037/t17554-000
11587,10.1037/t15942-000
11588,10.1037/t41585-000
11589,10.1037/t26035-000
11590,10.1037/t30297-000
11591,10.1037/t69653-000
11592,10.1037/t19141-000
11593,10.1037/t77536-000
11594,10.1037/t07689-000
11595,10.1037/t18991-000
11596,10.1037/t33251-000
11597,10.1037/t25030-000
11598,10.1037/t20792-000
11599,10.1037/t48082-000
11600,10.1037/t75413-000
11601,10.1037/t65749-000
11602,10.1037/t85047-000
11603,10.1037/t32459-000
11604,10.1037/t63365-000
11605,10.1037/t38391-000
11606,10.1037/t76054-000
11607,10.1037/t12971-000
11608,10.1037/t48791-000
11609,10.1037/t63733-000
11610,10.1037/t22788-000
11611,10.1037/t75844-000
11612,10.1037/t22601-000
11613,10.1037/t22551-000
11614,10.1037/t27398-000
11615,10.1037/t86675-000
11616,10.1037/t79560-000
11617,10.1037/t74705-000
11618,10.1037/t25263-000
11619,10.1037/t77572-000
11620,10.1037/t19348-000
11621,10.1037/t43428-000
11622,10.1037/t62903-000
11623,10.1037/t05568-000
11624,10.1037/t67403-000
11625,10.1037/t85382-000
11626,10.1037/t39372-000
11627,10.1037/t01191-000
11628,10.1037/t84629-000
11629,10.1037/t12785-000
11630,10.1037/t10498-000
11631,10.1037/t13175-000
11632,10.1037/t23233-000
11633,10.1037/t25646-000
11634,10.1037/t85619-000
11635,10.1037/t33859-000
11636,10.1037/t10398-000
11637,10.1037/t58884-000
11638,10.1037/t68863-000
11639,10.1037/t25671-000
11640,10.1037/t32681-000
11641,10.1037/t82347-000
11642,10.1037/t19986-000
11643,10.1037/t34905-000
11644,10.1037/t27552-000
11645,10.1037/t17944-000
11646,10.1037/t81370-000
11647,10.1037/t02056-000
11648,10.1037/t56209-000
11649,10.1037/t76689-000
11650,10.1037/t23299-000
11651,10.1037/t31234-000
11652,10.1037/t12142-000
11653,10.1037/t23600-000
11654,10.1037/t34263-000
11655,10.1037/t16725-000
11656,10.1037/t17752-000
11657,10.1037/t08989-000
11658,10.1037/t22549-000
11659,10.1037/t12594-000
11660,10.1037/t01768-000
11661,10.1037/t77064-000
11662,10.1037/t81115-000
11663,10.1037/t00600-000
11664,10.1037/t31920-000
11665,10.1037/t39903-000
11666,10.1037/t75571-000
11667,10.1037/t17123-000
11668,10.1037/t73358-000
11669,10.1037/t75683-000
11670,10.1037/t49441-000
11671,10.1037/t42190-000
11672,10.1037/t44466-000
11673,10.1037/t13559-000
11674,10.1037/t21780-000
11675,10.1037/t44264-000
11676,10.1037/t76076-000
11677,10.1037/t27315-000
11678,10.1037/t26865-000
11679,10.1037/t16584-000
11680,10.1037/t09820-000
11681,10.1037/t05286-000
11682,10.1037/t83696-000
11683,10.1037/t20777-000
11684,10.1037/t66385-000
11685,10.1037/t81439-000
11686,10.1037/t73182-000
11687,10.1037/t29573-000
11688,10.1037/t30633-000
11689,10.1037/t63250-000
11690,10.1037/t19528-000
11691,10.1037/t58476-000
11692,10.1037/t34604-000
11693,10.1037/t64160-000
11694,10.1037/t12970-000
11695,10.1037/t03857-000
11696,10.1037/t74654-000
11697,10.1037/t46231-000
11698,10.1037/t66733-000
11699,10.1037/t65261-000
11700,10.1037/t75132-000
11701,10.1037/t76379-000
11702,10.1037/t04095-000
11703,10.1037/t33921-000
11704,10.1037/t81357-000
11705,10.1037/t43861-000
11706,10.1037/t12490-000
11707,10.1037/t26461-000
11708,10.1037/t25336-000
11709,10.1037/t76753-000
11710,10.1037/t36473-000
11711,10.1037/t20645-000
11712,10.1037/t62350-000
11713,10.1037/t07366-000
11714,10.1037/t15684-000
11715,10.1037/t35037-000
11716,10.1037/t70337-000
11717,10.1037/t04336-000
11718,10.1037/t01864-000
11719,10.1037/t73443-000
11720,10.1037/t01209-000
11721,10.1037/t71537-000
11722,10.1037/t79816-000
11723,10.1037/t20677-000
11724,10.1037/t11142-000
11725,10.1037/t84761-000
11726,10.1037/t46883-000
11727,10.1037/t68831-000
11728,10.1037/t32916-000
11729,10.1037/t73471-000
11730,10.1037/t00711-000
11731,10.1037/t62500-000
11732,10.1037/t54155-000
11733,10.1037/t24305-000
11734,10.1037/t81045-000
11735,10.1037/t23271-000
11736,10.1037/t18615-000
11737,10.1037/t12371-000
11738,10.1037/t75093-000
11739,10.1037/t17613-000
11740,10.1037/t00185-000
11741,10.1037/t22891-000
11742,10.1037/t26165-000
11743,10.1037/t51146-000
11744,10.1037/t48650-000
11745,10.1037/t18652-000
11746,10.1037/t60236-000
11747,10.1037/t44781-000
11748,10.1037/t67255-000
11749,10.1037/t08799-000
11750,10.1037/t42790-000
11751,10.1037/t72838-000
11752,10.1037/t57791-000
11753,10.1037/t15548-000
11754,10.1037/t23989-000
11755,10.1037/t17837-000
11756,10.1037/t84467-000
11757,10.1037/t27938-000
11758,10.1037/t11702-000
11759,10.1037/t48231-000
11760,10.1037/t32894-000
11761,10.1037/t11337-000
11762,10.1037/t38594-000
11763,10.1037/t17092-000
11764,10.1037/t72533-000
11765,10.1037/t01179-000
11766,10.1037/t41213-000
11767,10.1037/t18275-000
11768,10.1037/t42307-000
11769,10.1037/t79115-000
11770,10.1037/t77837-000
11771,10.1037/t45942-000
11772,10.1037/t59992-000
11773,10.1037/t13591-000
11774,10.1037/t14187-000
11775,10.1037/t13895-000
11776,10.1037/t40652-000
11777,10.1037/t74354-000
11778,10.1037/t26854-000
11779,10.1037/t21471-000
11780,10.1037/t74792-000
11781,10.1037/t10652-000
11782,10.1037/t31563-000
11783,10.1037/t21380-000
11784,10.1037/t23818-000
11785,10.1037/t58562-000
11786,10.1037/t84460-000
11787,10.1037/t65896-000
11788,10.1037/t20511-000
11789,10.1037/t48454-000
11790,10.1037/t59918-000
11791,10.1037/t85866-000
11792,10.1037/t85954-000
11793,10.1037/t74734-000
11794,10.1037/t20902-000
11795,10.1037/t32160-000
11796,10.1037/t78047-000
11797,10.1037/t65967-000
11798,10.1037/t15351-000
11799,10.1037/t62554-000
11800,10.1037/t10113-000
11801,10.1037/t80112-000
11802,10.1037/t27493-000
11803,10.1037/t49282-000
11804,10.1037/t10764-000
11805,10.1037/t07002-000
11806,10.1037/t62213-000
11807,10.1037/t45272-000
11808,10.1037/t26004-000
11809,10.1037/t17623-000
11810,10.1037/t86724-000
11811,10.1037/t86469-000
11812,10.1037/t35448-000
11813,10.1037/t11382-000
11814,10.1037/t49328-000
11815,10.1037/t27853-000
11816,10.1037/t17122-000
11817,10.1037/t63762-000
11818,10.1037/t25065-000
11819,10.1037/t62409-000
11820,10.1037/t69643-000
11821,10.1037/t46934-000
11822,10.1037/t18732-000
11823,10.1037/t73476-000
11824,10.1037/t07159-000
11825,10.1037/t79808-000
11826,10.1037/t09495-000
11827,10.1037/t65259-000
11828,10.1037/t14551-000
11829,10.1037/t15884-000
11830,10.1037/t07983-000
11831,10.1037/t58233-000
11832,10.1037/t81384-000
11833,10.1037/t09428-000
11834,10.1037/t62782-000
11835,10.1037/t66639-000
11836,10.1037/t46010-000
11837,10.1037/t46954-000
11838,10.1037/t14166-000
11839,10.1037/t21235-000
11840,10.1037/t63786-000
11841,10.1037/t13594-000
11842,10.1037/t47891-000
11843,10.1037/t80098-000
11844,10.1037/t39923-000
11845,10.1037/t10343-000
11846,10.1037/t28573-000
11847,10.1037/t07889-000
11848,10.1037/t47295-000
11849,10.1037/t42820-000
11850,10.1037/t13146-000
11851,10.1037/t85335-000
11852,10.1037/t09385-000
11853,10.1037/t58477-000
11854,10.1037/t07226-000
11855,10.1037/t20500-000
11856,10.1037/t22224-000
11857,10.1037/t16447-000
11858,10.1037/t16107-000
11859,10.1037/t46851-000
11860,10.1037/t02885-000
11861,10.1037/t13137-000
11862,10.1037/t82469-000
11863,10.1037/t65634-000
11864,10.1037/t27511-000
11865,10.1037/t60718-000
11866,10.1037/t31946-000
11867,10.1037/t01232-000
11868,10.1037/t84944-000
11869,10.1037/t20263-000
11870,10.1037/t10187-000
11871,10.1037/t86522-000
11872,10.1037/t25064-000
11873,10.1037/t48939-000
11874,10.1037/t39201-000
11875,10.1037/t81059-000
11876,10.1037/t36059-000
11877,10.1037/t38208-000
11878,10.1037/t30011-000
11879,10.1037/t43344-000
11880,10.1037/t16819-000
11881,10.1037/t26113-000
11882,10.1037/t46218-000
11883,10.1037/t27251-000
11884,10.1037/t04596-000
11885,10.1037/t70773-000
11886,10.1037/t23101-000
11887,10.1037/t13123-000
11888,10.1037/t67543-000
11889,10.1037/t02789-000
11890,10.1037/t81619-000
11891,10.1037/t32428-000
11892,10.1037/t37952-000
11893,10.1037/t27970-000
11894,10.1037/t55741-000
11895,10.1037/t33583-000
11896,10.1037/t13345-000
11897,10.1037/t04285-000
11898,10.1037/t15348-000
11899,10.1037/t75113-000
11900,10.1037/t27860-000
11901,10.1037/t22124-000
11902,10.1037/t45235-000
11903,10.1037/t18888-000
11904,10.1037/t45180-000
11905,10.1037/t44770-000
11906,10.1037/t16801-000
11907,10.1037/t00246-000
11908,10.1037/t21121-000
11909,10.1037/t13652-000
11910,10.1037/t21321-000
11911,10.1037/t16975-000
11912,10.1037/t22729-000
11913,10.1037/t43974-000
11914,10.1037/t75055-000
11915,10.1037/t55326-000
11916,10.1037/t09612-000
11917,10.1037/t40180-000
11918,10.1037/t56446-000
11919,10.1037/t75559-000
11920,10.1037/t35524-000
11921,10.1037/t19945-000
11922,10.1037/t86894-000
11923,10.1037/t12440-000
11924,10.1037/t37663-000
11925,10.1037/t29460-000
11926,10.1037/t47701-000
11927,10.1037/t27372-000
11928,10.1037/t51160-000
11929,10.1037/t44201-000
11930,10.1037/t05786-000
11931,10.1037/t19661-000
11932,10.1037/t70525-000
11933,10.1037/t16814-000
11934,10.1037/t53552-000
11935,10.1037/t09979-000
11936,10.1037/t66161-000
11937,10.1037/t18636-000
11938,10.1037/t15735-000
11939,10.1037/t22274-000
11940,10.1037/t12779-000
11941,10.1037/t64348-000
11942,10.1037/t46176-000
11943,10.1037/t10782-000
11944,10.1037/t75075-000
11945,10.1037/t78707-000
11946,10.1037/t24882-000
11947,10.1037/t71120-000
11948,10.1037/t16880-000
11949,10.1037/t17217-000
11950,10.1037/t02954-000
11951,10.1037/t43345-000
11952,10.1037/t08221-000
11953,10.1037/t06105-000
11954,10.1037/t79870-000
11955,10.1037/t53682-000
11956,10.1037/t08053-000
11957,10.1037/t75159-000
11958,10.1037/t73324-000
11959,10.1037/t06158-000
11960,10.1037/t48904-000
11961,10.1037/t81135-000
11962,10.1037/t70502-000
11963,10.1037/t83671-000
11964,10.1037/t12065-000
11965,10.1037/t87090-000
11966,10.1037/t81643-000
11967,10.1037/t00306-000
11968,10.1037/t53097-000
11969,10.1037/t39595-000
11970,10.1037/t20174-000
11971,10.1037/t13610-000
11972,10.1037/t82864-000
11973,10.1037/t64259-000
11974,10.1037/t25780-000
11975,10.1037/t23908-000
11976,10.1037/t45150-000
11977,10.1037/t05688-000
11978,10.1037/t73245-000
11979,10.1037/t01483-000
11980,10.1037/t00048-000
11981,10.1037/t37043-000
11982,10.1037/t66730-000
11983,10.1037/t49526-000
11984,10.1037/t10121-000
11985,10.1037/t61173-000
11986,10.1037/t72256-000
11987,10.1037/t65070-000
11988,10.1037/t76881-000
11989,10.1037/t43471-000
11990,10.1037/t25920-000
11991,10.1037/t10126-000
11992,10.1037/t73663-000
11993,10.1037/t33603-000
11994,10.1037/t38321-000
11995,10.1037/t37165-000
11996,10.1037/t87242-000
11997,10.1037/t10667-000
11998,10.1037/t24328-000
11999,10.1037/t34776-000
12000,10.1037/t21478-000
12001,10.1037/t81644-000
12002,10.1037/t33459-000
12003,10.1037/t42238-000
12004,10.1037/t06057-000
12005,10.1037/t12149-000
12006,10.1037/t52819-000
12007,10.1037/t00430-000
12008,10.1037/t25733-000
12009,10.1037/t05164-000
12010,10.1037/t63282-000
12011,10.1037/t21305-000
12012,10.1037/t28438-000
12013,10.1037/t43995-000
12014,10.1037/t43980-000
12015,10.1037/t33083-000
12016,10.1037/t34193-000
12017,10.1037/t23506-000
12018,10.1037/t19863-000
12019,10.1037/t34622-000
12020,10.1037/t26153-000
12021,10.1037/t78299-000
12022,10.1037/t20197-000
12023,10.1037/t82062-000
12024,10.1037/t36360-000
12025,10.1037/t27612-000
12026,10.1037/t24964-000
12027,10.1037/t70365-000
12028,10.1037/t84295-000
12029,10.1037/t26559-000
12030,10.1037/t75337-000
12031,10.1037/t14130-000
12032,10.1037/t48256-000
12033,10.1037/t47772-000
12034,10.1037/t63414-000
12035,10.1037/t45872-000
12036,10.1037/t00554-000
12037,10.1037/t87448-000
12038,10.1037/t20833-000
12039,10.1037/t01671-000
12040,10.1037/t30702-000
12041,10.1037/t23102-000
12042,10.1037/t11153-000
12043,10.1037/t86650-000
12044,10.1037/t19670-000
12045,10.1037/t09785-000
12046,10.1037/t41773-000
12047,10.1037/t65147-000
12048,10.1037/t68157-000
12049,10.1037/t33432-000
12050,10.1037/t21886-000
12051,10.1037/t41396-000
12052,10.1037/t18582-000
12053,10.1037/t24580-000
12054,10.1037/t23491-000
12055,10.1037/t21816-000
12056,10.1037/t43454-000
12057,10.1037/t20257-000
12058,10.1037/t58522-000
12059,10.1037/t30361-000
12060,10.1037/t10218-000
12061,10.1037/t72939-000
12062,10.1037/t03366-000
12063,10.1037/t86035-000
12064,10.1037/t05669-000
12065,10.1037/t72793-000
12066,10.1037/t23572-000
12067,10.1037/t22379-000
12068,10.1037/t73436-000
12069,10.1037/t18450-000
12070,10.1037/t50561-000
12071,10.1037/t70949-000
12072,10.1037/t75305-000
12073,10.1037/t70717-000
12074,10.1037/t76682-000
12075,10.1037/t63176-000
12076,10.1037/t41370-000
12077,10.1037/t02960-000
12078,10.1037/t30357-000
12079,10.1037/t01576-000
12080,10.1037/t31189-000
12081,10.1037/t79886-000
12082,10.1037/t13002-000
12083,10.1037/t30521-000
12084,10.1037/t62093-000
12085,10.1037/t38054-000
12086,10.1037/t47118-000
12087,10.1037/t13577-000
12088,10.1037/t23372-000
12089,10.1037/t43991-000
12090,10.1037/t87390-000
12091,10.1037/t45485-000
12092,10.1037/t16682-000
12093,10.1037/t20782-000
12094,10.1037/t10483-000
12095,10.1037/t14017-000
12096,10.1037/t41140-000
12097,10.1037/t28399-000
12098,10.1037/t34392-000
12099,10.1037/t77392-000
12100,10.1037/t16080-000
12101,10.1037/t87697-000
12102,10.1037/t83408-000
12103,10.1037/t84330-000
12104,10.1037/t22566-000
12105,10.1037/t86670-000
12106,10.1037/t03901-000
12107,10.1037/t44321-000
12108,10.1037/t16522-000
12109,10.1037/t38299-000
12110,10.1037/t23207-000
12111,10.1037/t26345-000
12112,10.1037/t40277-000
12113,10.1037/t31615-000
12114,10.1037/t27852-000
12115,10.1037/t39306-000
12116,10.1037/t78776-000
12117,10.1037/t61821-000
12118,10.1037/t85212-000
12119,10.1037/t86896-000
12120,10.1037/t24141-000
12121,10.1037/t07934-000
12122,10.1037/t34653-000
12123,10.1037/t29029-000
12124,10.1037/t79113-000
12125,10.1037/t05649-000
12126,10.1037/t59728-000
12127,10.1037/t62662-000
12128,10.1037/t26518-000
12129,10.1037/t12870-000
12130,10.1037/t17120-000
12131,10.1037/t74558-000
12132,10.1037/t01424-000
12133,10.1037/t47296-000
12134,10.1037/t31102-000
12135,10.1037/t65015-000
12136,10.1037/t01015-000
12137,10.1037/t59230-000
12138,10.1037/t02388-000
12139,10.1037/t34534-000
12140,10.1037/t80144-000
12141,10.1037/t07648-000
12142,10.1037/t13516-000
12143,10.1037/t35166-000
12144,10.1037/t33983-000
12145,10.1037/t35593-000
12146,10.1037/t12337-000
12147,10.1037/t76348-000
12148,10.1037/t81327-000
12149,10.1037/t00521-000
12150,10.1037/t33723-000
12151,10.1037/t03226-000
12152,10.1037/t21120-000
12153,10.1037/t78132-000
12154,10.1037/t84249-000
12155,10.1037/t58231-000
12156,10.1037/t17612-000
12157,10.1037/t39295-000
12158,10.1037/t64226-000
12159,10.1037/t84465-000
12160,10.1037/t29525-000
12161,10.1037/t68044-000
12162,10.1037/t20483-000
12163,10.1037/t76322-000
12164,10.1037/t11372-000
12165,10.1037/t71270-000
12166,10.1037/t31358-000
12167,10.1037/t83675-000
12168,10.1037/t27522-000
12169,10.1037/t47934-000
12170,10.1037/t22234-000
12171,10.1037/t19208-000
12172,10.1037/t24830-000
12173,10.1037/t15474-000
12174,10.1037/t24281-000
12175,10.1037/t77471-000
12176,10.1037/t64769-000
12177,10.1037/t67865-000
12178,10.1037/t48018-000
12179,10.1037/t16973-000
12180,10.1037/t70145-000
12181,10.1037/t39591-000
12182,10.1037/t64666-000
12183,10.1037/t20666-000
12184,10.1037/t42079-000
12185,10.1037/t61620-000
12186,10.1037/t41870-000
12187,10.1037/t28559-000
12188,10.1037/t38844-000
12189,10.1037/t43580-000
12190,10.1037/t38865-000
12191,10.1037/t16663-000
12192,10.1037/t40744-000
12193,10.1037/t80460-000
12194,10.1037/t20337-000
12195,10.1037/t41257-000
12196,10.1037/t67537-000
12197,10.1037/t13350-000
12198,10.1037/t33705-000
12199,10.1037/t18303-000
12200,10.1037/t18605-000
12201,10.1037/t77034-000
12202,10.1037/t09959-000
12203,10.1037/t01222-000
12204,10.1037/t67367-000
12205,10.1037/t63753-000
12206,10.1037/t32193-000
12207,10.1037/t38622-000
12208,10.1037/t59495-000
12209,10.1037/t81218-000
12210,10.1037/t44083-000
12211,10.1037/t22956-000
12212,10.1037/t39312-000
12213,10.1037/t31697-000
12214,10.1037/t10593-000
12215,10.1037/t11254-000
12216,10.1037/t69971-000
12217,10.1037/t64608-000
12218,10.1037/t32241-000
12219,10.1037/t12892-000
12220,10.1037/t20763-000
12221,10.1037/t33795-000
12222,10.1037/t59350-000
12223,10.1037/t18111-000
12224,10.1037/t13379-000
12225,10.1037/t42146-000
12226,10.1037/t14201-000
12227,10.1037/t70606-000
12228,10.1037/t02360-000
12229,10.1037/t31176-000
12230,10.1037/t12028-000
12231,10.1037/t48267-000
12232,10.1037/t31338-000
12233,10.1037/t38448-000
12234,10.1037/t34601-000
12235,10.1037/t16790-000
12236,10.1037/t05162-000
12237,10.1037/t11353-000
12238,10.1037/t19813-000
12239,10.1037/t41198-000
12240,10.1037/t62818-000
12241,10.1037/t64878-000
12242,10.1037/t23629-000
12243,10.1037/t84855-000
12244,10.1037/t11149-000
12245,10.1037/t80056-000
12246,10.1037/t22858-000
12247,10.1037/t20705-000
12248,10.1037/t62251-000
12249,10.1037/t00196-000
12250,10.1037/t16635-000
12251,10.1037/t21648-000
12252,10.1037/t29523-000
12253,10.1037/t31774-000
12254,10.1037/t11366-000
12255,10.1037/t84808-000
12256,10.1037/t31501-000
12257,10.1037/t04548-000
12258,10.1037/t80763-000
12259,10.1037/t33496-000
12260,10.1037/t78279-000
12261,10.1037/t63269-000
12262,10.1037/t06170-000
12263,10.1037/t84294-000
12264,10.1037/t47242-000
12265,10.1037/t11279-000
12266,10.1037/t27606-000
12267,10.1037/t46659-000
12268,10.1037/t43214-000
12269,10.1037/t68787-000
12270,10.1037/t01962-000
12271,10.1037/t03617-000
12272,10.1037/t26673-000
12273,10.1037/t32637-000
12274,10.1037/t77312-000
12275,10.1037/t64640-000
12276,10.1037/t41708-000
12277,10.1037/t02953-000
12278,10.1037/t67541-000
12279,10.1037/t87068-000
12280,10.1037/t86882-000
12281,10.1037/t85991-000
12282,10.1037/t82131-000
12283,10.1037/t78894-000
12284,10.1037/t25302-000
12285,10.1037/t04301-000
12286,10.1037/t84176-000
12287,10.1037/t39452-000
12288,10.1037/t16179-000
12289,10.1037/t52461-000
12290,10.1037/t46259-000
12291,10.1037/t15325-000
12292,10.1037/t12222-000
12293,10.1037/t65051-000
12294,10.1037/t08518-000
12295,10.1037/t18664-000
12296,10.1037/t74355-000
12297,10.1037/t47314-000
12298,10.1037/t60291-000
12299,10.1037/t19776-000
12300,10.1037/t54839-000
12301,10.1037/t32642-000
12302,10.1037/t63430-000
12303,10.1037/t86431-000
12304,10.1037/t20980-000
12305,10.1037/t70534-000
12306,10.1037/t75089-000
12307,10.1037/t86166-000
12308,10.1037/t25236-000
12309,10.1037/t86512-000
12310,10.1037/t17425-000
12311,10.1037/t28560-000
12312,10.1037/t36139-000
12313,10.1037/t76133-000
12314,10.1037/t64295-000
12315,10.1037/t05892-000
12316,10.1037/t68494-000
12317,10.1037/t75376-000
12318,10.1037/t15417-000
12319,10.1037/t71144-000
12320,10.1037/t01789-000
12321,10.1037/t38884-000
12322,10.1037/t40703-000
12323,10.1037/t73777-000
12324,10.1037/t58066-000
12325,10.1037/t40123-000
12326,10.1037/t37186-000
12327,10.1037/t01003-000
12328,10.1037/t48039-000
12329,10.1037/t09038-000
12330,10.1037/t77499-000
12331,10.1037/t17069-000
12332,10.1037/t83199-000
12333,10.1037/t36687-000
12334,10.1037/t33298-000
12335,10.1037/t03641-000
12336,10.1037/t38332-000
12337,10.1037/t18315-000
12338,10.1037/t37636-000
12339,10.1037/t41377-000
12340,10.1037/t21169-000
12341,10.1037/t84447-000
12342,10.1037/t79768-000
12343,10.1037/t00403-000
12344,10.1037/t73236-000
12345,10.1037/t63850-000
12346,10.1037/t78092-000
12347,10.1037/t53181-000
12348,10.1037/t78203-000
12349,10.1037/t01080-000
12350,10.1037/t82353-000
12351,10.1037/t10653-000
12352,10.1037/t01194-000
12353,10.1037/t23550-000
12354,10.1037/t70575-000
12355,10.1037/t24755-000
12356,10.1037/t67652-000
12357,10.1037/t34609-000
12358,10.1037/t32187-000
12359,10.1037/t45115-000
12360,10.1037/t20962-000
12361,10.1037/t16088-000
12362,10.1037/t21330-000
12363,10.1037/t35054-000
12364,10.1037/t12783-000
12365,10.1037/t26011-000
12366,10.1037/t74368-000
12367,10.1037/t30359-000
12368,10.1037/t03866-000
12369,10.1037/t06287-000
12370,10.1037/t73732-000
12371,10.1037/t21961-000
12372,10.1037/t13024-000
12373,10.1037/t13695-000
12374,10.1037/t62692-000
12375,10.1037/t58854-000
12376,10.1037/t27317-000
12377,10.1037/t22744-000
12378,10.1037/t35183-000
12379,10.1037/t65555-000
12380,10.1037/t24198-000
12381,10.1037/t87425-000
12382,10.1037/t07823-000
12383,10.1037/t17986-000
12384,10.1037/t27114-000
12385,10.1037/t82703-000
12386,10.1037/t79681-000
12387,10.1037/t62204-000
12388,10.1037/t32629-000
12389,10.1037/t13580-000
12390,10.1037/t44265-000
12391,10.1037/t02584-000
12392,10.1037/t25581-000
12393,10.1037/t14106-000
12394,10.1037/t20546-000
12395,10.1037/t84404-000
12396,10.1037/t79668-000
12397,10.1037/t25033-000
12398,10.1037/t01482-000
12399,10.1037/t34139-000
12400,10.1037/t31094-000
12401,10.1037/t66160-000
12402,10.1037/t65535-000
12403,10.1037/t72904-000
12404,10.1037/t24457-000
12405,10.1037/t22411-000
12406,10.1037/t11078-000
12407,10.1037/t19254-000
12408,10.1037/t65992-000
12409,10.1037/t10007-000
12410,10.1037/t37719-000
12411,10.1037/t03620-000
12412,10.1037/t34607-000
12413,10.1037/t26843-000
12414,10.1037/t86828-000
12415,10.1037/t36696-000
12416,10.1037/t53735-000
12417,10.1037/t06753-000
12418,10.1037/t37815-000
12419,10.1037/t07592-000
12420,10.1037/t18676-000
12421,10.1037/t22061-000
12422,10.1037/t17010-000
12423,10.1037/t48509-000
12424,10.1037/t14447-000
12425,10.1037/t21021-000
12426,10.1037/t65447-000
12427,10.1037/t80310-000
12428,10.1037/t05788-000
12429,10.1037/t00111-000
12430,10.1037/t14913-000
12431,10.1037/t16755-000
12432,10.1037/t31646-000
12433,10.1037/t11994-000
12434,10.1037/t32658-000
12435,10.1037/t11062-000
12436,10.1037/t21589-000
12437,10.1037/t18501-000
12438,10.1037/t30619-000
12439,10.1037/t47976-000
12440,10.1037/t21693-000
12441,10.1037/t37230-000
12442,10.1037/t83784-000
12443,10.1037/t23960-000
12444,10.1037/t15061-000
12445,10.1037/t20594-000
12446,10.1037/t22356-000
12447,10.1037/t27797-000
12448,10.1037/t08678-000
12449,10.1037/t36979-000
12450,10.1037/t09811-000
12451,10.1037/t77931-000
12452,10.1037/t04149-000
12453,10.1037/t16116-000
12454,10.1037/t49285-000
12455,10.1037/t76945-000
12456,10.1037/t54263-000
12457,10.1037/t04934-000
12458,10.1037/t58349-000
12459,10.1037/t61011-000
12460,10.1037/t24454-000
12461,10.1037/t87567-000
12462,10.1037/t66608-000
12463,10.1037/t05167-000
12464,10.1037/t61528-000
12465,10.1037/t00856-000
12466,10.1037/t17140-000
12467,10.1037/t09831-000
12468,10.1037/t17663-000
12469,10.1037/t58623-000
12470,10.1037/t83780-000
12471,10.1037/t60063-000
12472,10.1037/t21623-000
12473,10.1037/t75131-000
12474,10.1037/t33642-000
12475,10.1037/t62759-000
12476,10.1037/t35123-000
12477,10.1037/t75826-000
12478,10.1037/t32880-000
12479,10.1037/t74647-000
12480,10.1037/t13313-000
12481,10.1037/t27012-000
12482,10.1037/t73147-000
12483,10.1037/t33725-000
12484,10.1037/t19135-000
12485,10.1037/t21239-000
12486,10.1037/t33743-000
12487,10.1037/t67249-000
12488,10.1037/t00891-000
12489,10.1037/t35864-000
12490,10.1037/t66070-000
12491,10.1037/t78384-000
12492,10.1037/t66272-000
12493,10.1037/t78139-000
12494,10.1037/t45061-000
12495,10.1037/t21201-000
12496,10.1037/t38252-000
12497,10.1037/t58602-000
12498,10.1037/t82481-000
12499,10.1037/t39753-000
12500,10.1037/t22809-000
12501,10.1037/t48373-000
12502,10.1037/t25917-000
12503,10.1037/t58900-000
12504,10.1037/t73634-000
12505,10.1037/t26761-000
12506,10.1037/t21098-000
12507,10.1037/t44632-000
12508,10.1037/t34598-000
12509,10.1037/t19333-000
12510,10.1037/t80834-000
12511,10.1037/t43446-000
12512,10.1037/t69972-000
12513,10.1037/t36250-000
12514,10.1037/t17042-000
12515,10.1037/t13037-000
12516,10.1037/t60130-000
12517,10.1037/t32911-000
12518,10.1037/t14444-000
12519,10.1037/t34435-000
12520,10.1037/t13094-000
12521,10.1037/t26355-000
12522,10.1037/t00739-000
12523,10.1037/t12627-000
12524,10.1037/t38840-000
12525,10.1037/t40289-000
12526,10.1037/t17002-000
12527,10.1037/t47454-000
12528,10.1037/t19515-000
12529,10.1037/t22052-000
12530,10.1037/t38583-000
12531,10.1037/t74452-000
12532,10.1037/t22313-000
12533,10.1037/t03209-000
12534,10.1037/t07445-000
12535,10.1037/t17100-000
12536,10.1037/t00266-000
12537,10.1037/t00206-000
12538,10.1037/t12191-000
12539,10.1037/t33564-000
12540,10.1037/t12641-000
12541,10.1037/t58086-000
12542,10.1037/t27050-000
12543,10.1037/t82442-000
12544,10.1037/t00074-000
12545,10.1037/t71463-000
12546,10.1037/t12460-000
12547,10.1037/t41029-000
12548,10.1037/t44134-000
12549,10.1037/t63263-000
12550,10.1037/t20402-000
12551,10.1037/t24297-000
12552,10.1037/t00302-000
12553,10.1037/t21908-000
12554,10.1037/t65746-000
12555,10.1037/t53884-000
12556,10.1037/t39771-000
12557,10.1037/t12973-000
12558,10.1037/t12173-000
12559,10.1037/t10051-000
12560,10.1037/t84996-000
12561,10.1037/t31591-000
12562,10.1037/t28799-000
12563,10.1037/t07161-000
12564,10.1037/t37897-000
12565,10.1037/t14119-000
12566,10.1037/t21231-000
12567,10.1037/t35120-000
12568,10.1037/t68174-000
12569,10.1037/t25198-000
12570,10.1037/t18344-000
12571,10.1037/t03834-000
12572,10.1037/t69883-000
12573,10.1037/t63758-000
12574,10.1037/t28905-000
12575,10.1037/t25472-000
12576,10.1037/t33287-000
12577,10.1037/t34908-000
12578,10.1037/t10303-000
12579,10.1037/t58554-000
12580,10.1037/t50349-000
12581,10.1037/t69749-000
12582,10.1037/t28160-000
12583,10.1037/t00560-000
12584,10.1037/t48313-000
12585,10.1037/t29268-000
12586,10.1037/t60610-000
12587,10.1037/t14662-000
12588,10.1037/t76660-000
12589,10.1037/t35738-000
12590,10.1037/t80738-000
12591,10.1037/t33895-000
12592,10.1037/t25173-000
12593,10.1037/t75713-000
12594,10.1037/t03615-000
12595,10.1037/t30664-000
12596,10.1037/t20249-000
12597,10.1037/t39006-000
12598,10.1037/t17806-000
12599,10.1037/t62160-000
12600,10.1037/t76512-000
12601,10.1037/t02164-000
12602,10.1037/t84062-000
12603,10.1037/t12596-000
12604,10.1037/t64396-000
12605,10.1037/t72450-000
12606,10.1037/t15794-000
12607,10.1037/t23047-000
12608,10.1037/t17316-000
12609,10.1037/t04852-000
12610,10.1037/t60295-000
12611,10.1037/t17444-000
12612,10.1037/t20689-000
12613,10.1037/t54961-000
12614,10.1037/t22392-000
12615,10.1037/t82956-000
12616,10.1037/t33809-000
12617,10.1037/t21910-000
12618,10.1037/t24861-000
12619,10.1037/t12710-000
12620,10.1037/t64774-000
12621,10.1037/t16773-000
12622,10.1037/t23122-000
12623,10.1037/t65353-000
12624,10.1037/t77025-000
12625,10.1037/t17009-000
12626,10.1037/t44101-000
12627,10.1037/t00564-000
12628,10.1037/t38942-000
12629,10.1037/t60246-000
12630,10.1037/t09089-000
12631,10.1037/t09997-000
12632,10.1037/t40036-000
12633,10.1037/t46896-000
12634,10.1037/t16321-000
12635,10.1037/t77146-000
12636,10.1037/t12720-000
12637,10.1037/t43101-000
12638,10.1037/t67494-000
12639,10.1037/t80620-000
12640,10.1037/t50857-000
12641,10.1037/t47643-000
12642,10.1037/t12438-000
12643,10.1037/t49826-000
12644,10.1037/t16060-000
12645,10.1037/t05370-000
12646,10.1037/t03979-000
12647,10.1037/t71928-000
12648,10.1037/t20267-000
12649,10.1037/t25590-000
12650,10.1037/t50775-000
12651,10.1037/t53382-000
12652,10.1037/t13258-000
12653,10.1037/t80844-000
12654,10.1037/t24414-000
12655,10.1037/t28087-000
12656,10.1037/t32526-000
12657,10.1037/t22491-000
12658,10.1037/t27753-000
12659,10.1037/t19415-000
12660,10.1037/t01079-000
12661,10.1037/t12294-000
12662,10.1037/t09869-000
12663,10.1037/t65372-000
12664,10.1037/t18549-000
12665,10.1037/t03352-000
12666,10.1037/t23169-000
12667,10.1037/t25767-000
12668,10.1037/t84061-000
12669,10.1037/t33731-000
12670,10.1037/t18054-000
12671,10.1037/t51764-000
12672,10.1037/t42815-000
12673,10.1037/t12915-000
12674,10.1037/t37282-000
12675,10.1037/t32258-000
12676,10.1037/t11455-000
12677,10.1037/t56737-000
12678,10.1037/t12275-000
12679,10.1037/t00241-000
12680,10.1037/t49610-000
12681,10.1037/t17685-000
12682,10.1037/t05757-000
12683,10.1037/t42600-000
12684,10.1037/t23799-000
12685,10.1037/t27424-000
12686,10.1037/t16609-000
12687,10.1037/t23197-000
12688,10.1037/t15614-000
12689,10.1037/t03392-000
12690,10.1037/t56450-000
12691,10.1037/t57715-000
12692,10.1037/t10156-000
12693,10.1037/t06050-000
12694,10.1037/t41319-000
12695,10.1037/t81998-000
12696,10.1037/t23551-000
12697,10.1037/t06292-000
12698,10.1037/t09338-000
12699,10.1037/t38355-000
12700,10.1037/t70087-000
12701,10.1037/t69760-000
12702,10.1037/t03791-000
12703,10.1037/t18469-000
12704,10.1037/t79119-000
12705,10.1037/t55122-000
12706,10.1037/t39523-000
12707,10.1037/t02908-000
12708,10.1037/t71459-000
12709,10.1037/t83753-000
12710,10.1037/t80322-000
12711,10.1037/t48433-000
12712,10.1037/t30562-000
12713,10.1037/t80490-000
12714,10.1037/t23653-000
12715,10.1037/t63261-000
12716,10.1037/t31399-000
12717,10.1037/t48810-000
12718,10.1037/t32530-000
12719,10.1037/t72263-000
12720,10.1037/t14660-000
12721,10.1037/t66579-000
12722,10.1037/t53082-000
12723,10.1037/t19150-000
12724,10.1037/t76245-000
12725,10.1037/t50829-000
12726,10.1037/t16035-000
12727,10.1037/t12978-000
12728,10.1037/t26176-000
12729,10.1037/t11048-000
12730,10.1037/t71352-000
12731,10.1037/t15329-000
12732,10.1037/t28600-000
12733,10.1037/t53843-000
12734,10.1037/t10824-000
12735,10.1037/t63780-000
12736,10.1037/t40515-000
12737,10.1037/t75686-000
12738,10.1037/t28324-000
12739,10.1037/t10175-000
12740,10.1037/t19431-000
12741,10.1037/t23902-000
12742,10.1037/t84889-000
12743,10.1037/t24058-000
12744,10.1037/t44169-000
12745,10.1037/t60689-000
12746,10.1037/t25694-000
12747,10.1037/t64241-000
12748,10.1037/t75474-000
12749,10.1037/t72379-000
12750,10.1037/t01976-000
12751,10.1037/t09330-000
12752,10.1037/t24853-000
12753,10.1037/t45860-000
12754,10.1037/t85430-000
12755,10.1037/t36453-000
12756,10.1037/t81353-000
12757,10.1037/t06890-000
12758,10.1037/t80355-000
12759,10.1037/t26141-000
12760,10.1037/t11309-000
12761,10.1037/t41250-000
12762,10.1037/t81977-000
12763,10.1037/t18044-000
12764,10.1037/t11585-000
12765,10.1037/t32897-000
12766,10.1037/t68141-000
12767,10.1037/t74214-000
12768,10.1037/t21298-000
12769,10.1037/t81677-000
12770,10.1037/t55013-000
12771,10.1037/t16209-000
12772,10.1037/t03224-000
12773,10.1037/t14659-000
12774,10.1037/t60907-000
12775,10.1037/t20538-000
12776,10.1037/t18202-000
12777,10.1037/t33244-000
12778,10.1037/t12491-000
12779,10.1037/t81618-000
12780,10.1037/t86241-000
12781,10.1037/t27379-000
12782,10.1037/t04794-000
12783,10.1037/t31194-000
12784,10.1037/t12599-000
12785,10.1037/t85766-000
12786,10.1037/t83831-000
12787,10.1037/t04059-000
12788,10.1037/t85511-000
12789,10.1037/t70268-000
12790,10.1037/t75974-000
12791,10.1037/t77275-000
12792,10.1037/t16346-000
12793,10.1037/t53667-000
12794,10.1037/t80136-000
12795,10.1037/t63049-000
12796,10.1037/t32978-000
12797,10.1037/t71962-000
12798,10.1037/t21906-000
12799,10.1037/t18120-000
12800,10.1037/t01196-000
12801,10.1037/t52603-000
12802,10.1037/t22423-000
12803,10.1037/t00267-000
12804,10.1037/t30044-000
12805,10.1037/t77577-000
12806,10.1037/t29560-000
12807,10.1037/t42329-000
12808,10.1037/t21178-000
12809,10.1037/t27744-000
12810,10.1037/t22480-000
12811,10.1037/t38240-000
12812,10.1037/t31412-000
12813,10.1037/t00978-000
12814,10.1037/t60634-000
12815,10.1037/t37988-000
12816,10.1037/t11288-000
12817,10.1037/t03858-000
12818,10.1037/t43391-000
12819,10.1037/t75956-000
12820,10.1037/t84653-000
12821,10.1037/t10500-000
12822,10.1037/t24992-000
12823,10.1037/t20361-000
12824,10.1037/t63400-000
12825,10.1037/t68232-000
12826,10.1037/t17993-000
12827,10.1037/t62973-000
12828,10.1037/t25653-000
12829,10.1037/t36140-000
12830,10.1037/t21696-000
12831,10.1037/t78952-000
12832,10.1037/t85558-000
12833,10.1037/t64629-000
12834,10.1037/t18726-000
12835,10.1037/t26927-000
12836,10.1037/t29702-000
12837,10.1037/t07671-000
12838,10.1037/t12976-000
12839,10.1037/t25717-000
12840,10.1037/t13837-000
12841,10.1037/t32255-000
12842,10.1037/t14895-000
12843,10.1037/t03382-000
12844,10.1037/t11032-000
12845,10.1037/t05396-000
12846,10.1037/t25473-000
12847,10.1037/t71385-000
12848,10.1037/t09518-000
12849,10.1037/t20955-000
12850,10.1037/t47825-000
12851,10.1037/t71363-000
12852,10.1037/t03738-000
12853,10.1037/t23188-000
12854,10.1037/t07314-000
12855,10.1037/t00049-000
12856,10.1037/t67084-000
12857,10.1037/t59662-000
12858,10.1037/t16012-000
12859,10.1037/t03516-000
12860,10.1037/t16435-000
12861,10.1037/t08297-000
12862,10.1037/t36932-000
12863,10.1037/t14268-000
12864,10.1037/t21419-000
12865,10.1037/t51125-000
12866,10.1037/t09552-000
12867,10.1037/t13192-000
12868,10.1037/t43134-000
12869,10.1037/t09423-000
12870,10.1037/t20176-000
12871,10.1037/t44947-000
12872,10.1037/t21386-000
12873,10.1037/t64561-000
12874,10.1037/t43439-000
12875,10.1037/t85088-000
12876,10.1037/t37716-000
12877,10.1037/t66227-000
12878,10.1037/t40704-000
12879,10.1037/t45188-000
12880,10.1037/t86618-000
12881,10.1037/t67925-000
12882,10.1037/t30686-000
12883,10.1037/t21711-000
12884,10.1037/t25900-000
12885,10.1037/t03341-000
12886,10.1037/t18284-000
12887,10.1037/t15278-000
12888,10.1037/t14366-000
12889,10.1037/t01416-000
12890,10.1037/t01329-000
12891,10.1037/t84101-000
12892,10.1037/t51164-000
12893,10.1037/t21646-000
12894,10.1037/t14462-000
12895,10.1037/t37932-000
12896,10.1037/t24558-000
12897,10.1037/t13206-000
12898,10.1037/t24732-000
12899,10.1037/t28065-000
12900,10.1037/t51022-000
12901,10.1037/t32022-000
12902,10.1037/t82795-000
12903,10.1037/t06661-000
12904,10.1037/t26635-000
12905,10.1037/t10153-000
12906,10.1037/t20105-000
12907,10.1037/t02042-000
12908,10.1037/t15913-000
12909,10.1037/t80591-000
12910,10.1037/t74373-000
12911,10.1037/t18848-000
12912,10.1037/t80251-000
12913,10.1037/t23694-000
12914,10.1037/t43142-000
12915,10.1037/t42342-000
12916,10.1037/t01109-000
12917,10.1037/t14962-000
12918,10.1037/t43704-000
12919,10.1037/t63635-000
12920,10.1037/t31133-000
12921,10.1037/t67483-000
12922,10.1037/t50593-000
12923,10.1037/t45363-000
12924,10.1037/t00972-000
12925,10.1037/t58234-000
12926,10.1037/t09748-000
12927,10.1037/t29754-000
12928,10.1037/t78784-000
12929,10.1037/t31882-000
12930,10.1037/t41765-000
12931,10.1037/t01998-000
12932,10.1037/t18009-000
12933,10.1037/t11286-000
12934,10.1037/t21058-000
12935,10.1037/t34538-000
12936,10.1037/t61027-000
12937,10.1037/t49308-000
12938,10.1037/t18504-000
12939,10.1037/t23975-000
12940,10.1037/t28599-000
12941,10.1037/t09472-000
12942,10.1037/t36697-000
12943,10.1037/t67330-000
12944,10.1037/t15621-000
12945,10.1037/t32817-000
12946,10.1037/t28531-000
12947,10.1037/t66275-000
12948,10.1037/t13460-000
12949,10.1037/t78879-000
12950,10.1037/t83880-000
12951,10.1037/t37075-000
12952,10.1037/t25104-000
12953,10.1037/t13166-000
12954,10.1037/t20840-000
12955,10.1037/t26408-000
12956,10.1037/t74760-000
12957,10.1037/t33491-000
12958,10.1037/t34591-000
12959,10.1037/t86464-000
12960,10.1037/t00642-000
12961,10.1037/t17605-000
12962,10.1037/t87810-000
12963,10.1037/t40613-000
12964,10.1037/t86199-000
12965,10.1037/t32977-000
12966,10.1037/t00514-000
12967,10.1037/t62438-000
12968,10.1037/t19214-000
12969,10.1037/t33233-000
12970,10.1037/t58372-000
12971,10.1037/t07250-000
12972,10.1037/t37634-000
12973,10.1037/t73812-000
12974,10.1037/t29833-000
12975,10.1037/t13240-000
12976,10.1037/t83013-000
12977,10.1037/t38130-000
12978,10.1037/t81581-000
12979,10.1037/t19856-000
12980,10.1037/t77663-000
12981,10.1037/t17773-000
12982,10.1037/t03445-000
12983,10.1037/t26332-000
12984,10.1037/t86461-000
12985,10.1037/t80642-000
12986,10.1037/t31647-000
12987,10.1037/t39339-000
12988,10.1037/t66882-000
12989,10.1037/t17464-000
12990,10.1037/t34125-000
12991,10.1037/t79514-000
12992,10.1037/t48020-000
12993,10.1037/t25420-000
12994,10.1037/t02394-000
12995,10.1037/t10827-000
12996,10.1037/t80569-000
12997,10.1037/t17307-000
12998,10.1037/t53704-000
12999,10.1037/t17877-000
13000,10.1037/t00088-000
13001,10.1037/t63406-000
13002,10.1037/t42434-000
13003,10.1037/t09859-000
13004,10.1037/t77783-000
13005,10.1037/t81019-000
13006,10.1037/t37834-000
13007,10.1037/t46802-000
13008,10.1037/t21557-000
13009,10.1037/t13867-000
13010,10.1037/t25677-000
13011,10.1037/t59823-000
13012,10.1037/t28604-000
13013,10.1037/t34339-000
13014,10.1037/t64951-000
13015,10.1037/t00923-000
13016,10.1037/t75960-000
13017,10.1037/t61593-000
13018,10.1037/t52561-000
13019,10.1037/t43686-000
13020,10.1037/t22110-000
13021,10.1037/t63215-000
13022,10.1037/t10255-000
13023,10.1037/t27400-000
13024,10.1037/t44714-000
13025,10.1037/t50957-000
13026,10.1037/t66708-000
13027,10.1037/t67732-000
13028,10.1037/t07482-000
13029,10.1037/t57820-000
13030,10.1037/t26336-000
13031,10.1037/t31995-000
13032,10.1037/t19190-000
13033,10.1037/t40487-000
13034,10.1037/t87590-000
13035,10.1037/t76233-000
13036,10.1037/t78564-000
13037,10.1037/t50380-000
13038,10.1037/t50558-000
13039,10.1037/t79981-000
13040,10.1037/t55816-000
13041,10.1037/t72439-000
13042,10.1037/t69906-000
13043,10.1037/t60913-000
13044,10.1037/t72130-000
13045,10.1037/t00131-000
13046,10.1037/t09849-000
13047,10.1037/t44882-000
13048,10.1037/t76329-000
13049,10.1037/t14438-000
13050,10.1037/t04591-000
13051,10.1037/t29022-000
13052,10.1037/t11566-000
13053,10.1037/t06686-000
13054,10.1037/t12477-000
13055,10.1037/t07333-000
13056,10.1037/t00039-000
13057,10.1037/t17453-000
13058,10.1037/t15780-000
13059,10.1037/t48536-000
13060,10.1037/t74362-000
13061,10.1037/t09669-000
13062,10.1037/t42676-000
13063,10.1037/t81036-000
13064,10.1037/t21428-000
13065,10.1037/t01690-000
13066,10.1037/t02519-000
13067,10.1037/t13021-000
13068,10.1037/t23117-000
13069,10.1037/t80487-000
13070,10.1037/t18864-000
13071,10.1037/t35944-000
13072,10.1037/t76998-000
13073,10.1037/t26058-000
13074,10.1037/t15628-000
13075,10.1037/t85346-000
13076,10.1037/t61047-000
13077,10.1037/t00504-000
13078,10.1037/t21769-000
13079,10.1037/t33125-000
13080,10.1037/t29477-000
13081,10.1037/t15275-000
13082,10.1037/t73551-000
13083,10.1037/t09473-000
13084,10.1037/t14871-000
13085,10.1037/t59747-000
13086,10.1037/t27148-000
13087,10.1037/t14226-000
13088,10.1037/t36128-000
13089,10.1037/t67044-000
13090,10.1037/t53582-000
13091,10.1037/t66062-000
13092,10.1037/t39775-000
13093,10.1037/t42994-000
13094,10.1037/t68988-000
13095,10.1037/t24947-000
13096,10.1037/t35428-000
13097,10.1037/t59100-000
13098,10.1037/t72890-000
13099,10.1037/t44462-000
13100,10.1037/t77160-000
13101,10.1037/t22647-000
13102,10.1037/t08602-000
13103,10.1037/t64585-000
13104,10.1037/t23035-000
13105,10.1037/t48040-000
13106,10.1037/t76395-000
13107,10.1037/t34526-000
13108,10.1037/t31968-000
13109,10.1037/t63476-000
13110,10.1037/t10225-000
13111,10.1037/t34115-000
13112,10.1037/t17624-000
13113,10.1037/t17817-000
13114,10.1037/t16544-000
13115,10.1037/t40710-000
13116,10.1037/t08876-000
13117,10.1037/t62943-000
13118,10.1037/t38350-000
13119,10.1037/t48342-000
13120,10.1037/t65149-000
13121,10.1037/t00265-000
13122,10.1037/t23947-000
13123,10.1037/t83947-000
13124,10.1037/t13193-000
13125,10.1037/t24832-000
13126,10.1037/t63188-000
13127,10.1037/t23817-000
13128,10.1037/t57806-000
13129,10.1037/t21488-000
13130,10.1037/t70797-000
13131,10.1037/t33274-000
13132,10.1037/t83571-000
13133,10.1037/t73370-000
13134,10.1037/t27648-000
13135,10.1037/t69563-000
13136,10.1037/t36143-000
13137,10.1037/t70080-000
13138,10.1037/t03329-000
13139,10.1037/t62624-000
13140,10.1037/t12274-000
13141,10.1037/t41816-000
13142,10.1037/t03152-000
13143,10.1037/t00725-000
13144,10.1037/t37190-000
13145,10.1037/t03645-000
13146,10.1037/t21425-000
13147,10.1037/t66786-000
13148,10.1037/t19018-000
13149,10.1037/t79997-000
13150,10.1037/t81577-000
13151,10.1037/t67106-000
13152,10.1037/t21438-000
13153,10.1037/t00824-000
13154,10.1037/t09175-000
13155,10.1037/t65293-000
13156,10.1037/t33589-000
13157,10.1037/t54460-000
13158,10.1037/t73708-000
13159,10.1037/t25914-000
13160,10.1037/t12461-000
13161,10.1037/t41006-000
13162,10.1037/t05018-000
13163,10.1037/t26589-000
13164,10.1037/t31832-000
13165,10.1037/t71003-000
13166,10.1037/t35003-000
13167,10.1037/t45562-000
13168,10.1037/t55063-000
13169,10.1037/t71462-000
13170,10.1037/t15444-000
13171,10.1037/t22241-000
13172,10.1037/t16821-000
13173,10.1037/t28893-000
13174,10.1037/t82151-000
13175,10.1037/t75711-000
13176,10.1037/t79370-000
13177,10.1037/t60030-000
13178,10.1037/t25024-000
13179,10.1037/t40113-000
13180,10.1037/t78259-000
13181,10.1037/t45779-000
13182,10.1037/t23032-000
13183,10.1037/t24773-000
13184,10.1037/t77520-000
13185,10.1037/t76594-000
13186,10.1037/t67525-000
13187,10.1037/t81944-000
13188,10.1037/t22247-000
13189,10.1037/t25397-000
13190,10.1037/t25196-000
13191,10.1037/t45546-000
13192,10.1037/t65496-000
13193,10.1037/t01308-000
13194,10.1037/t85501-000
13195,10.1037/t65722-000
13196,10.1037/t42027-000
13197,10.1037/t40401-000
13198,10.1037/t25085-000
13199,10.1037/t01004-000
13200,10.1037/t82072-000
13201,10.1037/t04600-000
13202,10.1037/t83948-000
13203,10.1037/t82958-000
13204,10.1037/t30003-000
13205,10.1037/t85688-000
13206,10.1037/t72437-000
13207,10.1037/t48652-000
13208,10.1037/t01094-000
13209,10.1037/t87294-000
13210,10.1037/t41141-000
13211,10.1037/t07600-000
13212,10.1037/t69750-000
13213,10.1037/t43459-000
13214,10.1037/t40423-000
13215,10.1037/t84025-000
13216,10.1037/t72519-000
13217,10.1037/t17029-000
13218,10.1037/t61678-000
13219,10.1037/t79456-000
13220,10.1037/t71869-000
13221,10.1037/t62656-000
13222,10.1037/t23921-000
13223,10.1037/t64395-000
13224,10.1037/t81994-000
13225,10.1037/t14243-000
13226,10.1037/t23919-000
13227,10.1037/t17749-000
13228,10.1037/t38563-000
13229,10.1037/t09201-000
13230,10.1037/t28385-000
13231,10.1037/t82426-000
13232,10.1037/t13266-000
13233,10.1037/t38345-000
13234,10.1037/t66443-000
13235,10.1037/t32375-000
13236,10.1037/t17562-000
13237,10.1037/t62465-000
13238,10.1037/t17901-000
13239,10.1037/t62660-000
13240,10.1037/t13616-000
13241,10.1037/t69842-000
13242,10.1037/t33833-000
13243,10.1037/t70967-000
13244,10.1037/t40916-000
13245,10.1037/t83154-000
13246,10.1037/t79942-000
13247,10.1037/t00701-000
13248,10.1037/t32353-000
13249,10.1037/t32669-000
13250,10.1037/t72017-000
13251,10.1037/t50951-000
13252,10.1037/t23456-000
13253,10.1037/t59912-000
13254,10.1037/t25304-000
13255,10.1037/t08523-000
13256,10.1037/t19244-000
13257,10.1037/t59882-000
13258,10.1037/t65644-000
13259,10.1037/t73787-000
13260,10.1037/t21414-000
13261,10.1037/t62645-000
13262,10.1037/t03955-000
13263,10.1037/t34493-000
13264,10.1037/t47175-000
13265,10.1037/t06367-000
13266,10.1037/t40776-000
13267,10.1037/t65260-000
13268,10.1037/t45375-000
13269,10.1037/t42638-000
13270,10.1037/t22160-000
13271,10.1037/t86960-000
13272,10.1037/t64374-000
13273,10.1037/t32764-000
13274,10.1037/t33445-000
13275,10.1037/t79142-000
13276,10.1037/t28778-000
13277,10.1037/t00927-000
13278,10.1037/t18092-000
13279,10.1037/t50218-000
13280,10.1037/t65224-000
13281,10.1037/t19444-000
13282,10.1037/t81628-000
13283,10.1037/t22739-000
13284,10.1037/t24758-000
13285,10.1037/t69215-000
13286,10.1037/t19960-000
13287,10.1037/t84976-000
13288,10.1037/t18619-000
13289,10.1037/t26309-000
13290,10.1037/t24301-000
13291,10.1037/t81638-000
13292,10.1037/t75836-000
13293,10.1037/t00397-000
13294,10.1037/t69798-000
13295,10.1037/t09399-000
13296,10.1037/t14516-000
13297,10.1037/t61324-000
13298,10.1037/t65914-000
13299,10.1037/t87828-000
13300,10.1037/t39258-000
13301,10.1037/t76534-000
13302,10.1037/t05160-000
13303,10.1037/t27145-000
13304,10.1037/t76843-000
13305,10.1037/t75412-000
13306,10.1037/t10583-000
13307,10.1037/t02503-000
13308,10.1037/t45900-000
13309,10.1037/t81806-000
13310,10.1037/t03081-000
13311,10.1037/t34316-000
13312,10.1037/t26502-000
13313,10.1037/t38259-000
13314,10.1037/t66764-000
13315,10.1037/t21413-000
13316,10.1037/t22092-000
13317,10.1037/t43225-000
13318,10.1037/t79928-000
13319,10.1037/t58311-000
13320,10.1037/t82821-000
13321,10.1037/t24400-000
13322,10.1037/t01619-000
13323,10.1037/t08038-000
13324,10.1037/t79967-000
13325,10.1037/t14699-000
13326,10.1037/t21277-000
13327,10.1037/t83664-000
13328,10.1037/t58970-000
13329,10.1037/t79563-000
13330,10.1037/t85040-000
13331,10.1037/t09212-000
13332,10.1037/t19086-000
13333,10.1037/t13230-000
13334,10.1037/t84030-000
13335,10.1037/t63501-000
13336,10.1037/t39488-000
13337,10.1037/t85794-000
13338,10.1037/t04214-000
13339,10.1037/t82522-000
13340,10.1037/t05683-000
13341,10.1037/t25541-000
13342,10.1037/t29326-000
13343,10.1037/t74232-000
13344,10.1037/t12910-000
13345,10.1037/t29283-000
13346,10.1037/t15389-000
13347,10.1037/t16332-000
13348,10.1037/t29810-000
13349,10.1037/t30485-000
13350,10.1037/t13550-000
13351,10.1037/t01623-000
13352,10.1037/t12232-000
13353,10.1037/t12597-000
13354,10.1037/t03897-000
13355,10.1037/t15267-000
13356,10.1037/t16255-000
13357,10.1037/t19044-000
13358,10.1037/t30454-000
13359,10.1037/t75858-000
13360,10.1037/t01395-000
13361,10.1037/t54094-000
13362,10.1037/t03480-000
13363,10.1037/t15073-000
13364,10.1037/t84576-000
13365,10.1037/t56501-000
13366,10.1037/t67549-000
13367,10.1037/t15783-000
13368,10.1037/t16019-000
13369,10.1037/t21435-000
13370,10.1037/t50570-000
13371,10.1037/t67605-000
13372,10.1037/t73383-000
13373,10.1037/t25609-000
13374,10.1037/t27577-000
13375,10.1037/t63457-000
13376,10.1037/t63270-000
13377,10.1037/t06277-000
13378,10.1037/t03742-000
13379,10.1037/t15634-000
13380,10.1037/t10291-000
13381,10.1037/t23130-000
13382,10.1037/t39180-000
13383,10.1037/t04490-000
13384,10.1037/t17979-000
13385,10.1037/t56459-000
13386,10.1037/t21591-000
13387,10.1037/t72862-000
13388,10.1037/t81625-000
13389,10.1037/t67876-000
13390,10.1037/t82824-000
13391,10.1037/t18694-000
13392,10.1037/t30671-000
13393,10.1037/t05430-000
13394,10.1037/t18493-000
13395,10.1037/t65622-000
13396,10.1037/t78491-000
13397,10.1037/t84817-000
13398,10.1037/t23752-000
13399,10.1037/t83618-000
13400,10.1037/t43467-000
13401,10.1037/t09352-000
13402,10.1037/t41114-000
13403,10.1037/t41150-000
13404,10.1037/t03014-000
13405,10.1037/t23081-000
13406,10.1037/t27072-000
13407,10.1037/t14725-000
13408,10.1037/t23120-000
13409,10.1037/t43936-000
13410,10.1037/t54111-000
13411,10.1037/t37297-000
13412,10.1037/t07048-000
13413,10.1037/t59616-000
13414,10.1037/t10532-000
13415,10.1037/t60184-000
13416,10.1037/t15036-000
13417,10.1037/t29129-000
13418,10.1037/t22676-000
13419,10.1037/t68082-000
13420,10.1037/t11887-000
13421,10.1037/t33979-000
13422,10.1037/t25136-000
13423,10.1037/t68653-000
13424,10.1037/t26202-000
13425,10.1037/t40341-000
13426,10.1037/t61839-000
13427,10.1037/t22200-000
13428,10.1037/t79434-000
13429,10.1037/t00126-000
13430,10.1037/t26604-000
13431,10.1037/t19434-000
13432,10.1037/t26062-000
13433,10.1037/t44843-000
13434,10.1037/t62356-000
13435,10.1037/t11805-000
13436,10.1037/t18399-000
13437,10.1037/t12648-000
13438,10.1037/t75291-000
13439,10.1037/t23965-000
13440,10.1037/t06429-000
13441,10.1037/t71982-000
13442,10.1037/t42982-000
13443,10.1037/t33869-000
13444,10.1037/t26089-000
13445,10.1037/t11452-000
13446,10.1037/t79684-000
13447,10.1037/t16754-000
13448,10.1037/t10445-000
13449,10.1037/t50419-000
13450,10.1037/t62024-000
13451,10.1037/t23612-000
13452,10.1037/t36559-000
13453,10.1037/t38854-000
13454,10.1037/t73008-000
13455,10.1037/t01598-000
13456,10.1037/t61984-000
13457,10.1037/t71618-000
13458,10.1037/t16318-000
13459,10.1037/t66444-000
13460,10.1037/t74504-000
13461,10.1037/t24922-000
13462,10.1037/t02217-000
13463,10.1037/t24315-000
13464,10.1037/t49459-000
13465,10.1037/t08498-000
13466,10.1037/t84068-000
13467,10.1037/t87605-000
13468,10.1037/t85059-000
13469,10.1037/t45746-000
13470,10.1037/t25537-000
13471,10.1037/t09217-000
13472,10.1037/t60512-000
13473,10.1037/t85652-000
13474,10.1037/t84601-000
13475,10.1037/t55132-000
13476,10.1037/t59231-000
13477,10.1037/t84283-000
13478,10.1037/t00399-000
13479,10.1037/t03515-000
13480,10.1037/t03605-000
13481,10.1037/t81830-000
13482,10.1037/t38256-000
13483,10.1037/t38192-000
13484,10.1037/t22886-000
13485,10.1037/t16236-000
13486,10.1037/t20168-000
13487,10.1037/t84536-000
13488,10.1037/t83420-000
13489,10.1037/t10608-000
13490,10.1037/t23544-000
13491,10.1037/t16511-000
13492,10.1037/t17712-000
13493,10.1037/t17673-000
13494,10.1037/t41197-000
13495,10.1037/t87712-000
13496,10.1037/t13637-000
13497,10.1037/t25775-000
13498,10.1037/t66952-000
13499,10.1037/t13674-000
13500,10.1037/t48366-000
13501,10.1037/t21486-000
13502,10.1037/t05791-000
13503,10.1037/t25801-000
13504,10.1037/t26516-000
13505,10.1037/t25777-000
13506,10.1037/t41983-000
13507,10.1037/t02923-000
13508,10.1037/t00174-000
13509,10.1037/t01570-000
13510,10.1037/t21679-000
13511,10.1037/t07694-000
13512,10.1037/t33707-000
13513,10.1037/t66953-000
13514,10.1037/t55327-000
13515,10.1037/t26960-000
13516,10.1037/t31548-000
13517,10.1037/t12280-000
13518,10.1037/t21395-000
13519,10.1037/t34367-000
13520,10.1037/t33844-000
13521,10.1037/t19979-000
13522,10.1037/t00179-000
13523,10.1037/t57367-000
13524,10.1037/t00640-000
13525,10.1037/t27574-000
13526,10.1037/t15487-000
13527,10.1037/t25897-000
13528,10.1037/t63915-000
13529,10.1037/t84868-000
13530,10.1037/t64563-000
13531,10.1037/t11665-000
13532,10.1037/t75758-000
13533,10.1037/t45893-000
13534,10.1037/t25932-000
13535,10.1037/t12985-000
13536,10.1037/t39780-000
13537,10.1037/t03865-000
13538,10.1037/t23862-000
13539,10.1037/t04055-000
13540,10.1037/t37838-000
13541,10.1037/t80260-000
13542,10.1037/t42763-000
13543,10.1037/t70485-000
13544,10.1037/t38479-000
13545,10.1037/t58277-000
13546,10.1037/t53888-000
13547,10.1037/t32455-000
13548,10.1037/t07892-000
13549,10.1037/t12848-000
13550,10.1037/t58572-000
13551,10.1037/t23758-000
13552,10.1037/t31715-000
13553,10.1037/t74335-000
13554,10.1037/t20274-000
13555,10.1037/t26957-000
13556,10.1037/t50811-000
13557,10.1037/t42203-000
13558,10.1037/t79737-000
13559,10.1037/t15835-000
13560,10.1037/t43823-000
13561,10.1037/t18697-000
13562,10.1037/t05814-000
13563,10.1037/t78702-000
13564,10.1037/t65831-000
13565,10.1037/t14567-000
13566,10.1037/t78269-000
13567,10.1037/t57705-000
13568,10.1037/t05433-000
13569,10.1037/t18571-000
13570,10.1037/t26814-000
13571,10.1037/t31238-000
13572,10.1037/t12133-000
13573,10.1037/t17737-000
13574,10.1037/t05995-000
13575,10.1037/t64812-000
13576,10.1037/t12338-000
13577,10.1037/t67402-000
13578,10.1037/t51745-000
13579,10.1037/t49376-000
13580,10.1037/t58235-000
13581,10.1037/t34073-000
13582,10.1037/t20930-000
13583,10.1037/t35458-000
13584,10.1037/t85655-000
13585,10.1037/t23601-000
13586,10.1037/t82776-000
13587,10.1037/t49652-000
13588,10.1037/t22186-000
13589,10.1037/t39211-000
13590,10.1037/t59457-000
13591,10.1037/t06004-000
13592,10.1037/t78333-000
13593,10.1037/t04925-000
13594,10.1037/t68317-000
13595,10.1037/t64809-000
13596,10.1037/t05655-000
13597,10.1037/t08561-000
13598,10.1037/t84977-000
13599,10.1037/t22515-000
13600,10.1037/t60848-000
13601,10.1037/t16639-000
13602,10.1037/t78775-000
13603,10.1037/t11869-000
13604,10.1037/t83181-000
13605,10.1037/t30259-000
13606,10.1037/t70339-000
13607,10.1037/t72015-000
13608,10.1037/t27404-000
13609,10.1037/t15423-000
13610,10.1037/t26570-000
13611,10.1037/t12467-000
13612,10.1037/t04272-000
13613,10.1037/t43830-000
13614,10.1037/t70952-000
13615,10.1037/t70511-000
13616,10.1037/t70026-000
13617,10.1037/t78600-000
13618,10.1037/t00342-000
13619,10.1037/t10179-000
13620,10.1037/t12982-000
13621,10.1037/t74872-000
13622,10.1037/t10363-000
13623,10.1037/t13228-000
13624,10.1037/t61584-000
13625,10.1037/t46988-000
13626,10.1037/t08540-000
13627,10.1037/t06070-000
13628,10.1037/t75876-000
13629,10.1037/t75991-000
13630,10.1037/t04287-000
13631,10.1037/t64937-000
13632,10.1037/t41963-000
13633,10.1037/t19822-000
13634,10.1037/t62506-000
13635,10.1037/t79923-000
13636,10.1037/t17873-000
13637,10.1037/t02859-000
13638,10.1037/t31573-000
13639,10.1037/t78590-000
13640,10.1037/t50995-000
13641,10.1037/t15532-000
13642,10.1037/t32535-000
13643,10.1037/t42948-000
13644,10.1037/t33853-000
13645,10.1037/t78479-000
13646,10.1037/t17216-000
13647,10.1037/t63216-000
13648,10.1037/t30279-000
13649,10.1037/t49280-000
13650,10.1037/t26841-000
13651,10.1037/t61953-000
13652,10.1037/t74371-000
13653,10.1037/t35459-000
13654,10.1037/t36397-000
13655,10.1037/t05307-000
13656,10.1037/t66225-000
13657,10.1037/t74184-000
13658,10.1037/t24748-000
13659,10.1037/t51530-000
13660,10.1037/t27689-000
13661,10.1037/t00921-000
13662,10.1037/t37717-000
13663,10.1037/t12233-000
13664,10.1037/t24371-000
13665,10.1037/t47690-000
13666,10.1037/t03134-000
13667,10.1037/t46749-000
13668,10.1037/t49496-000
13669,10.1037/t39279-000
13670,10.1037/t74333-000
13671,10.1037/t75023-000
13672,10.1037/t18486-000
13673,10.1037/t15839-000
13674,10.1037/t18863-000
13675,10.1037/t83916-000
13676,10.1037/t34613-000
13677,10.1037/t03381-000
13678,10.1037/t76038-000
13679,10.1037/t47465-000
13680,10.1037/t18704-000
13681,10.1037/t00718-000
13682,10.1037/t08979-000
13683,10.1037/t37969-000
13684,10.1037/t03026-000
13685,10.1037/t11240-000
13686,10.1037/t39772-000
13687,10.1037/t27795-000
13688,10.1037/t31594-000
13689,10.1037/t63149-000
13690,10.1037/t24402-000
13691,10.1037/t27872-000
13692,10.1037/t28757-000
13693,10.1037/t18016-000
13694,10.1037/t12206-000
13695,10.1037/t25211-000
13696,10.1037/t36781-000
13697,10.1037/t00996-000
13698,10.1037/t00087-000
13699,10.1037/t23248-000
13700,10.1037/t32652-000
13701,10.1037/t79351-000
13702,10.1037/t64722-000
13703,10.1037/t35056-000
13704,10.1037/t37174-000
13705,10.1037/t11705-000
13706,10.1037/t08328-000
13707,10.1037/t41449-000
13708,10.1037/t15979-000
13709,10.1037/t84707-000
13710,10.1037/t25170-000
13711,10.1037/t81921-000
13712,10.1037/t36915-000
13713,10.1037/t08231-000
13714,10.1037/t81318-000
13715,10.1037/t42866-000
13716,10.1037/t18296-000
13717,10.1037/t32528-000
13718,10.1037/t10001-000
13719,10.1037/t54306-000
13720,10.1037/t21183-000
13721,10.1037/t54238-000
13722,10.1037/t23790-000
13723,10.1037/t32876-000
13724,10.1037/t10719-000
13725,10.1037/t83817-000
13726,10.1037/t33557-000
13727,10.1037/t29948-000
13728,10.1037/t43360-000
13729,10.1037/t12659-000
13730,10.1037/t19809-000
13731,10.1037/t16540-000
13732,10.1037/t01251-000
13733,10.1037/t16636-000
13734,10.1037/t36114-000
13735,10.1037/t15902-000
13736,10.1037/t80114-000
13737,10.1037/t68389-000
13738,10.1037/t30902-000
13739,10.1037/t01370-000
13740,10.1037/t63441-000
13741,10.1037/t60477-000
13742,10.1037/t37704-000
13743,10.1037/t60641-000
13744,10.1037/t15342-000
13745,10.1037/t38921-000
13746,10.1037/t73416-000
13747,10.1037/t51024-000
13748,10.1037/t83603-000
13749,10.1037/t41501-000
13750,10.1037/t33046-000
13751,10.1037/t02553-000
13752,10.1037/t34509-000
13753,10.1037/t50809-000
13754,10.1037/t17564-000
13755,10.1037/t48496-000
13756,10.1037/t64119-000
13757,10.1037/t40454-000
13758,10.1037/t52846-000
13759,10.1037/t50298-000
13760,10.1037/t50898-000
13761,10.1037/t63671-000
13762,10.1037/t76681-000
13763,10.1037/t28844-000
13764,10.1037/t37028-000
13765,10.1037/t09998-000
13766,10.1037/t36938-000
13767,10.1037/t20715-000
13768,10.1037/t23449-000
13769,10.1037/t09232-000
13770,10.1037/t21367-000
13771,10.1037/t25246-000
13772,10.1037/t36319-000
13773,10.1037/t11750-000
13774,10.1037/t80576-000
13775,10.1037/t18102-000
13776,10.1037/t38153-000
13777,10.1037/t71025-000
13778,10.1037/t26448-000
13779,10.1037/t32690-000
13780,10.1037/t85364-000
13781,10.1037/t42416-000
13782,10.1037/t36769-000
13783,10.1037/t75418-000
13784,10.1037/t65999-000
13785,10.1037/t32828-000
13786,10.1037/t20665-000
13787,10.1037/t18262-000
13788,10.1037/t10097-000
13789,10.1037/t68046-000
13790,10.1037/t02762-000
13791,10.1037/t33101-000
13792,10.1037/t02251-000
13793,10.1037/t74549-000
13794,10.1037/t78813-000
13795,10.1037/t11587-000
13796,10.1037/t66360-000
13797,10.1037/t00033-000
13798,10.1037/t71138-000
13799,10.1037/t78542-000
13800,10.1037/t60200-000
13801,10.1037/t00313-000
13802,10.1037/t85467-000
13803,10.1037/t83723-000
13804,10.1037/t68354-000
13805,10.1037/t27545-000
13806,10.1037/t25289-000
13807,10.1037/t41779-000
13808,10.1037/t47776-000
13809,10.1037/t82524-000
13810,10.1037/t45437-000
13811,10.1037/t34385-000
13812,10.1037/t74424-000
13813,10.1037/t46837-000
13814,10.1037/t25340-000
13815,10.1037/t50921-000
13816,10.1037/t58568-000
13817,10.1037/t69720-000
13818,10.1037/t13967-000
13819,10.1037/t24948-000
13820,10.1037/t25723-000
13821,10.1037/t66048-000
13822,10.1037/t24511-000
13823,10.1037/t19557-000
13824,10.1037/t62239-000
13825,10.1037/t44353-000
13826,10.1037/t59442-000
13827,10.1037/t61147-000
13828,10.1037/t38027-000
13829,10.1037/t76555-000
13830,10.1037/t40452-000
13831,10.1037/t37046-000
13832,10.1037/t09804-000
13833,10.1037/t08889-000
13834,10.1037/t18447-000
13835,10.1037/t12869-000
13836,10.1037/t36422-000
13837,10.1037/t21709-000
13838,10.1037/t62385-000
13839,10.1037/t09405-000
13840,10.1037/t60275-000
13841,10.1037/t14931-000
13842,10.1037/t01052-000
13843,10.1037/t61477-000
13844,10.1037/t18620-000
13845,10.1037/t12830-000
13846,10.1037/t10057-000
13847,10.1037/t48826-000
13848,10.1037/t13260-000
13849,10.1037/t17705-000
13850,10.1037/t29443-000
13851,10.1037/t32142-000
13852,10.1037/t60985-000
13853,10.1037/t53236-000
13854,10.1037/t76266-000
13855,10.1037/t28086-000
13856,10.1037/t34645-000
13857,10.1037/t20603-000
13858,10.1037/t06751-000
13859,10.1037/t32731-000
13860,10.1037/t41127-000
13861,10.1037/t26741-000
13862,10.1037/t35145-000
13863,10.1037/t63108-000
13864,10.1037/t42986-000
13865,10.1037/t13643-000
13866,10.1037/t11952-000
13867,10.1037/t16861-000
13868,10.1037/t23714-000
13869,10.1037/t42777-000
13870,10.1037/t26071-000
13871,10.1037/t14661-000
13872,10.1037/t01783-000
13873,10.1037/t30986-000
13874,10.1037/t28873-000
13875,10.1037/t24541-000
13876,10.1037/t04898-000
13877,10.1037/t00333-000
13878,10.1037/t68581-000
13879,10.1037/t12876-000
13880,10.1037/t53856-000
13881,10.1037/t07174-000
13882,10.1037/t20564-000
13883,10.1037/t85916-000
13884,10.1037/t48227-000
13885,10.1037/t13141-000
13886,10.1037/t03683-000
13887,10.1037/t13909-000
13888,10.1037/t20913-000
13889,10.1037/t41560-000
13890,10.1037/t83245-000
13891,10.1037/t80789-000
13892,10.1037/t80395-000
13893,10.1037/t62049-000
13894,10.1037/t61762-000
13895,10.1037/t17124-000
13896,10.1037/t18103-000
13897,10.1037/t74636-000
13898,10.1037/t07454-000
13899,10.1037/t25259-000
13900,10.1037/t43118-000
13901,10.1037/t01218-000
13902,10.1037/t18233-000
13903,10.1037/t32482-000
13904,10.1037/t65559-000
13905,10.1037/t20042-000
13906,10.1037/t80390-000
13907,10.1037/t26690-000
13908,10.1037/t27972-000
13909,10.1037/t32340-000
13910,10.1037/t07643-000
13911,10.1037/t41595-000
13912,10.1037/t25315-000
13913,10.1037/t23426-000
13914,10.1037/t57845-000
13915,10.1037/t09057-000
13916,10.1037/t14423-000
13917,10.1037/t32440-000
13918,10.1037/t29551-000
13919,10.1037/t21352-000
13920,10.1037/t64621-000
13921,10.1037/t19483-000
13922,10.1037/t20984-000
13923,10.1037/t58478-000
13924,10.1037/t30908-000
13925,10.1037/t72133-000
13926,10.1037/t15664-000
13927,10.1037/t34451-000
13928,10.1037/t09276-000
13929,10.1037/t38390-000
13930,10.1037/t38089-000
13931,10.1037/t16577-000
13932,10.1037/t40427-000
13933,10.1037/t13195-000
13934,10.1037/t09395-000
13935,10.1037/t75415-000
13936,10.1037/t23493-000
13937,10.1037/t47395-000
13938,10.1037/t71964-000
13939,10.1037/t27364-000
13940,10.1037/t21171-000
13941,10.1037/t75071-000
13942,10.1037/t21338-000
13943,10.1037/t07384-000
13944,10.1037/t72400-000
13945,10.1037/t36581-000
13946,10.1037/t11846-000
13947,10.1037/t10024-000
13948,10.1037/t33275-000
13949,10.1037/t72042-000
13950,10.1037/t56385-000
13951,10.1037/t36014-000
13952,10.1037/t61982-000
13953,10.1037/t82478-000
13954,10.1037/t82038-000
13955,10.1037/t23010-000
13956,10.1037/t00378-000
13957,10.1037/t80947-000
13958,10.1037/t42989-000
13959,10.1037/t18600-000
13960,10.1037/t86190-000
13961,10.1037/t51904-000
13962,10.1037/t32647-000
13963,10.1037/t62888-000
13964,10.1037/t25765-000
13965,10.1037/t49480-000
13966,10.1037/t26897-000
13967,10.1037/t18471-000
13968,10.1037/t25784-000
13969,10.1037/t86315-000
13970,10.1037/t45258-000
13971,10.1037/t62779-000
13972,10.1037/t22099-000
13973,10.1037/t62655-000
13974,10.1037/t40882-000
13975,10.1037/t41038-000
13976,10.1037/t08703-000
13977,10.1037/t27035-000
13978,10.1037/t22097-000
13979,10.1037/t34195-000
13980,10.1037/t19630-000
13981,10.1037/t34505-000
13982,10.1037/t24403-000
13983,10.1037/t66051-000
13984,10.1037/t74363-000
13985,10.1037/t61084-000
13986,10.1037/t58407-000
13987,10.1037/t84717-000
13988,10.1037/t18849-000
13989,10.1037/t74192-000
13990,10.1037/t32453-000
13991,10.1037/t63145-000
13992,10.1037/t26689-000
13993,10.1037/t24046-000
13994,10.1037/t00798-000
13995,10.1037/t16418-000
13996,10.1037/t02540-000
13997,10.1037/t04772-000
13998,10.1037/t11641-000
13999,10.1037/t68463-000
14000,10.1037/t80782-000
14001,10.1037/t07625-000
14002,10.1037/t58470-000
14003,10.1037/t12672-000
14004,10.1037/t64380-000
14005,10.1037/t05309-000
14006,10.1037/t05278-000
14007,10.1037/t14143-000
14008,10.1037/t36036-000
14009,10.1037/t37106-000
14010,10.1037/t01204-000
14011,10.1037/t01866-000
14012,10.1037/t50246-000
14013,10.1037/t32202-000
14014,10.1037/t81711-000
14015,10.1037/t62831-000
14016,10.1037/t61705-000
14017,10.1037/t03761-000
14018,10.1037/t29736-000
14019,10.1037/t61455-000
14020,10.1037/t05014-000
14021,10.1037/t41944-000
14022,10.1037/t01709-000
14023,10.1037/t19647-000
14024,10.1037/t37745-000
14025,10.1037/t50186-000
14026,10.1037/t15352-000
14027,10.1037/t40386-000
14028,10.1037/t21761-000
14029,10.1037/t77928-000
14030,10.1037/t21358-000
14031,10.1037/t26607-000
14032,10.1037/t86525-000
14033,10.1037/t68009-000
14034,10.1037/t16626-000
14035,10.1037/t22526-000
14036,10.1037/t64807-000
14037,10.1037/t30115-000
14038,10.1037/t18172-000
14039,10.1037/t62755-000
14040,10.1037/t40497-000
14041,10.1037/t25112-000
14042,10.1037/t15289-000
14043,10.1037/t85274-000
14044,10.1037/t15272-000
14045,10.1037/t15198-000
14046,10.1037/t26535-000
14047,10.1037/t09445-000
14048,10.1037/t20989-000
14049,10.1037/t10028-000
14050,10.1037/t33863-000
14051,10.1037/t86443-000
14052,10.1037/t15456-000
14053,10.1037/t41968-000
14054,10.1037/t80631-000
14055,10.1037/t20163-000
14056,10.1037/t62333-000
14057,10.1037/t61436-000
14058,10.1037/t21046-000
14059,10.1037/t59815-000
14060,10.1037/t13458-000
14061,10.1037/t09231-000
14062,10.1037/t24416-000
14063,10.1037/t21772-000
14064,10.1037/t22839-000
14065,10.1037/t16649-000
14066,10.1037/t22192-000
14067,10.1037/t42196-000
14068,10.1037/t26678-000
14069,10.1037/t84021-000
14070,10.1037/t41613-000
14071,10.1037/t10428-000
14072,10.1037/t61978-000
14073,10.1037/t27154-000
14074,10.1037/t33434-000
14075,10.1037/t39631-000
14076,10.1037/t47457-000
14077,10.1037/t55646-000
14078,10.1037/t48654-000
14079,10.1037/t00355-000
14080,10.1037/t46062-000
14081,10.1037/t06328-000
14082,10.1037/t77342-000
14083,10.1037/t12893-000
14084,10.1037/t46939-000
14085,10.1037/t23092-000
14086,10.1037/t02066-000
14087,10.1037/t45539-000
14088,10.1037/t80243-000
14089,10.1037/t28639-000
14090,10.1037/t27910-000
14091,10.1037/t64979-000
14092,10.1037/t44260-000
14093,10.1037/t18278-000
14094,10.1037/t18355-000
14095,10.1037/t11031-000
14096,10.1037/t66601-000
14097,10.1037/t41997-000
14098,10.1037/t13712-000
14099,10.1037/t42718-000
14100,10.1037/t47072-000
14101,10.1037/t39985-000
14102,10.1037/t50062-000
14103,10.1037/t03981-000
14104,10.1037/t42444-000
14105,10.1037/t12412-000
14106,10.1037/t14200-000
14107,10.1037/t23108-000
14108,10.1037/t48886-000
14109,10.1037/t20325-000
14110,10.1037/t22693-000
14111,10.1037/t28870-000
14112,10.1037/t73325-000
14113,10.1037/t03787-000
14114,10.1037/t17406-000
14115,10.1037/t58041-000
14116,10.1037/t73492-000
14117,10.1037/t65512-000
14118,10.1037/t70254-000
14119,10.1037/t27990-000
14120,10.1037/t17289-000
14121,10.1037/t22069-000
14122,10.1037/t31337-000
14123,10.1037/t21737-000
14124,10.1037/t32140-000
14125,10.1037/t25262-000
14126,10.1037/t60502-000
14127,10.1037/t00365-000
14128,10.1037/t00515-000
14129,10.1037/t60609-000
14130,10.1037/t06018-000
14131,10.1037/t22347-000
14132,10.1037/t33458-000
14133,10.1037/t54495-000
14134,10.1037/t32145-000
14135,10.1037/t16561-000
14136,10.1037/t84798-000
14137,10.1037/t30268-000
14138,10.1037/t19743-000
14139,10.1037/t13535-000
14140,10.1037/t62310-000
14141,10.1037/t62089-000
14142,10.1037/t12194-000
14143,10.1037/t75495-000
14144,10.1037/t10125-000
14145,10.1037/t40635-000
14146,10.1037/t22006-000
14147,10.1037/t09659-000
14148,10.1037/t22987-000
14149,10.1037/t83331-000
14150,10.1037/t48803-000
14151,10.1037/t25076-000
14152,10.1037/t58539-000
14153,10.1037/t46196-000
14154,10.1037/t71266-000
14155,10.1037/t40641-000
14156,10.1037/t16406-000
14157,10.1037/t86630-000
14158,10.1037/t42513-000
14159,10.1037/t36016-000
14160,10.1037/t25659-000
14161,10.1037/t33974-000
14162,10.1037/t25895-000
14163,10.1037/t28391-000
14164,10.1037/t85893-000
14165,10.1037/t23283-000
14166,10.1037/t00175-000
14167,10.1037/t23605-000
14168,10.1037/t70442-000
14169,10.1037/t09138-000
14170,10.1037/t51965-000
14171,10.1037/t17191-000
14172,10.1037/t25785-000
14173,10.1037/t16568-000
14174,10.1037/t59930-000
14175,10.1037/t64347-000
14176,10.1037/t45337-000
14177,10.1037/t09261-000
14178,10.1037/t09854-000
14179,10.1037/t59656-000
14180,10.1037/t25773-000
14181,10.1037/t33208-000
14182,10.1037/t31322-000
14183,10.1037/t76382-000
14184,10.1037/t22644-000
14185,10.1037/t09636-000
14186,10.1037/t47460-000
14187,10.1037/t61061-000
14188,10.1037/t85241-000
14189,10.1037/t12786-000
14190,10.1037/t82200-000
14191,10.1037/t15610-000
14192,10.1037/t08269-000
14193,10.1037/t35135-000
14194,10.1037/t65455-000
14195,10.1037/t10385-000
14196,10.1037/t74785-000
14197,10.1037/t85230-000
14198,10.1037/t16143-000
14199,10.1037/t46270-000
14200,10.1037/t14249-000
14201,10.1037/t11377-000
14202,10.1037/t12906-000
14203,10.1037/t63880-000
14204,10.1037/t18113-000
14205,10.1037/t28493-000
14206,10.1037/t68871-000
14207,10.1037/t02455-000
14208,10.1037/t24561-000
14209,10.1037/t06532-000
14210,10.1037/t14147-000
14211,10.1037/t27344-000
14212,10.1037/t40929-000
14213,10.1037/t15722-000
14214,10.1037/t24317-000
14215,10.1037/t57543-000
14216,10.1037/t13917-000
14217,10.1037/t32999-000
14218,10.1037/t46972-000
14219,10.1037/t71979-000
14220,10.1037/t79270-000
14221,10.1037/t46735-000
14222,10.1037/t87427-000
14223,10.1037/t41211-000
14224,10.1037/t16388-000
14225,10.1037/t69286-000
14226,10.1037/t42984-000
14227,10.1037/t39749-000
14228,10.1037/t13856-000
14229,10.1037/t24682-000
14230,10.1037/t26291-000
14231,10.1037/t18947-000
14232,10.1037/t44047-000
14233,10.1037/t23803-000
14234,10.1037/t37732-000
14235,10.1037/t75425-000
14236,10.1037/t18693-000
14237,10.1037/t13288-000
14238,10.1037/t26335-000
14239,10.1037/t15019-000
14240,10.1037/t19584-000
14241,10.1037/t37114-000
14242,10.1037/t55720-000
14243,10.1037/t12550-000
14244,10.1037/t37688-000
14245,10.1037/t43802-000
14246,10.1037/t11635-000
14247,10.1037/t75524-000
14248,10.1037/t17028-000
14249,10.1037/t17845-000
14250,10.1037/t12605-000
14251,10.1037/t80839-000
14252,10.1037/t19157-000
14253,10.1037/t82706-000
14254,10.1037/t48083-000
14255,10.1037/t20143-000
14256,10.1037/t33337-000
14257,10.1037/t18761-000
14258,10.1037/t76365-000
14259,10.1037/t09981-000
14260,10.1037/t31211-000
14261,10.1037/t20203-000
14262,10.1037/t24176-000
14263,10.1037/t84766-000
14264,10.1037/t22237-000
14265,10.1037/t11625-000
14266,10.1037/t77711-000
14267,10.1037/t55764-000
14268,10.1037/t06162-000
14269,10.1037/t15029-000
14270,10.1037/t77397-000
14271,10.1037/t33812-000
14272,10.1037/t43662-000
14273,10.1037/t13160-000
14274,10.1037/t32648-000
14275,10.1037/t18950-000
14276,10.1037/t29611-000
14277,10.1037/t05898-000
14278,10.1037/t67842-000
14279,10.1037/t82057-000
14280,10.1037/t66568-000
14281,10.1037/t13117-000
14282,10.1037/t74476-000
14283,10.1037/t17539-000
14284,10.1037/t19649-000
14285,10.1037/t70220-000
14286,10.1037/t72776-000
14287,10.1037/t85670-000
14288,10.1037/t21289-000
14289,10.1037/t32242-000
14290,10.1037/t77778-000
14291,10.1037/t08530-000
14292,10.1037/t67524-000
14293,10.1037/t08849-000
14294,10.1037/t66603-000
14295,10.1037/t27282-000
14296,10.1037/t13046-000
14297,10.1037/t37163-000
14298,10.1037/t25095-000
14299,10.1037/t01189-000
14300,10.1037/t03454-000
14301,10.1037/t54132-000
14302,10.1037/t34389-000
14303,10.1037/t66302-000
14304,10.1037/t82962-000
14305,10.1037/t72733-000
14306,10.1037/t13135-000
14307,10.1037/t30675-000
14308,10.1037/t40229-000
14309,10.1037/t74408-000
14310,10.1037/t49478-000
14311,10.1037/t25129-000
14312,10.1037/t10383-000
14313,10.1037/t11100-000
14314,10.1037/t21748-000
14315,10.1037/t02913-000
14316,10.1037/t53474-000
14317,10.1037/t13719-000
14318,10.1037/t61357-000
14319,10.1037/t13156-000
14320,10.1037/t01392-000
14321,10.1037/t23985-000
14322,10.1037/t50822-000
14323,10.1037/t47927-000
14324,10.1037/t65844-000
14325,10.1037/t26650-000
14326,10.1037/t52364-000
14327,10.1037/t40483-000
14328,10.1037/t86220-000
14329,10.1037/t85395-000
14330,10.1037/t67316-000
14331,10.1037/t63239-000
14332,10.1037/t64354-000
14333,10.1037/t20329-000
14334,10.1037/t03713-000
14335,10.1037/t61344-000
14336,10.1037/t73084-000
14337,10.1037/t31927-000
14338,10.1037/t73061-000
14339,10.1037/t76371-000
14340,10.1037/t68663-000
14341,10.1037/t38243-000
14342,10.1037/t28769-000
14343,10.1037/t23172-000
14344,10.1037/t66369-000
14345,10.1037/t67679-000
14346,10.1037/t85243-000
14347,10.1037/t18235-000
14348,10.1037/t00429-000
14349,10.1037/t85090-000
14350,10.1037/t24184-000
14351,10.1037/t64667-000
14352,10.1037/t03042-000
14353,10.1037/t67488-000
14354,10.1037/t73844-000
14355,10.1037/t43507-000
14356,10.1037/t65680-000
14357,10.1037/t13884-000
14358,10.1037/t37959-000
14359,10.1037/t56789-000
14360,10.1037/t24456-000
14361,10.1037/t60172-000
14362,10.1037/t64917-000
14363,10.1037/t17492-000
14364,10.1037/t67035-000
14365,10.1037/t60101-000
14366,10.1037/t26691-000
14367,10.1037/t68181-000
14368,10.1037/t40258-000
14369,10.1037/t13265-000
14370,10.1037/t25379-000
14371,10.1037/t24329-000
14372,10.1037/t00964-000
14373,10.1037/t07875-000
14374,10.1037/t36087-000
14375,10.1037/t01291-000
14376,10.1037/t01368-000
14377,10.1037/t15980-000
14378,10.1037/t34234-000
14379,10.1037/t73153-000
14380,10.1037/t69633-000
14381,10.1037/t05599-000
14382,10.1037/t87520-000
14383,10.1037/t72081-000
14384,10.1037/t15624-000
14385,10.1037/t78949-000
14386,10.1037/t18671-000
14387,10.1037/t33632-000
14388,10.1037/t60694-000
14389,10.1037/t77653-000
14390,10.1037/t69101-000
14391,10.1037/t85263-000
14392,10.1037/t13121-000
14393,10.1037/t06580-000
14394,10.1037/t34082-000
14395,10.1037/t60452-000
14396,10.1037/t18410-000
14397,10.1037/t00516-000
14398,10.1037/t26083-000
14399,10.1037/t48198-000
14400,10.1037/t33606-000
14401,10.1037/t85431-000
14402,10.1037/t74021-000
14403,10.1037/t10811-000
14404,10.1037/t00588-000
14405,10.1037/t35954-000
14406,10.1037/t17234-000
14407,10.1037/t16487-000
14408,10.1037/t26653-000
14409,10.1037/t48954-000
14410,10.1037/t58380-000
14411,10.1037/t47063-000
14412,10.1037/t54987-000
14413,10.1037/t67653-000
14414,10.1037/t80155-000
14415,10.1037/t70458-000
14416,10.1037/t19816-000
14417,10.1037/t25118-000
14418,10.1037/t62599-000
14419,10.1037/t43820-000
14420,10.1037/t39596-000
14421,10.1037/t18675-000
14422,10.1037/t33103-000
14423,10.1037/t39706-000
14424,10.1037/t08334-000
14425,10.1037/t78023-000
14426,10.1037/t11655-000
14427,10.1037/t51228-000
14428,10.1037/t10278-000
14429,10.1037/t55812-000
14430,10.1037/t40550-000
14431,10.1037/t13334-000
14432,10.1037/t81650-000
14433,10.1037/t20647-000
14434,10.1037/t34128-000
14435,10.1037/t86794-000
14436,10.1037/t03534-000
14437,10.1037/t76269-000
14438,10.1037/t56371-000
14439,10.1037/t38480-000
14440,10.1037/t14596-000
14441,10.1037/t16616-000
14442,10.1037/t41312-000
14443,10.1037/t17442-000
14444,10.1037/t80746-000
14445,10.1037/t26680-000
14446,10.1037/t10732-000
14447,10.1037/t26598-000
14448,10.1037/t15869-000
14449,10.1037/t63389-000
14450,10.1037/t47654-000
14451,10.1037/t00614-000
14452,10.1037/t12562-000
14453,10.1037/t68095-000
14454,10.1037/t24472-000
14455,10.1037/t42202-000
14456,10.1037/t18651-000
14457,10.1037/t17242-000
14458,10.1037/t20234-000
14459,10.1037/t26255-000
14460,10.1037/t12306-000
14461,10.1037/t29286-000
14462,10.1037/t66711-000
14463,10.1037/t37581-000
14464,10.1037/t37219-000
14465,10.1037/t25758-000
14466,10.1037/t36208-000
14467,10.1037/t03396-000
14468,10.1037/t21199-000
14469,10.1037/t67962-000
14470,10.1037/t26628-000
14471,10.1037/t25624-000
14472,10.1037/t25455-000
14473,10.1037/t08390-000
14474,10.1037/t34180-000
14475,10.1037/t26453-000
14476,10.1037/t59461-000
14477,10.1037/t28380-000
14478,10.1037/t41602-000
14479,10.1037/t52428-000
14480,10.1037/t08524-000
14481,10.1037/t29511-000
14482,10.1037/t36308-000
14483,10.1037/t43259-000
14484,10.1037/t78583-000
14485,10.1037/t11612-000
14486,10.1037/t74874-000
14487,10.1037/t09304-000
14488,10.1037/t71271-000
14489,10.1037/t23527-000
14490,10.1037/t63438-000
14491,10.1037/t19454-000
14492,10.1037/t03980-000
14493,10.1037/t52457-000
14494,10.1037/t11000-000
14495,10.1037/t63284-000
14496,10.1037/t03944-000
14497,10.1037/t11870-000
14498,10.1037/t43970-000
14499,10.1037/t29888-000
14500,10.1037/t23029-000
14501,10.1037/t75640-000
14502,10.1037/t83106-000
14503,10.1037/t46733-000
14504,10.1037/t55837-000
14505,10.1037/t68870-000
14506,10.1037/t67462-000
14507,10.1037/t79613-000
14508,10.1037/t14177-000
14509,10.1037/t60973-000
14510,10.1037/t67640-000
14511,10.1037/t34212-000
14512,10.1037/t70856-000
14513,10.1037/t18183-000
14514,10.1037/t84859-000
14515,10.1037/t27082-000
14516,10.1037/t67451-000
14517,10.1037/t20002-000
14518,10.1037/t31532-000
14519,10.1037/t86197-000
14520,10.1037/t12035-000
14521,10.1037/t63933-000
14522,10.1037/t37196-000
14523,10.1037/t41351-000
14524,10.1037/t28888-000
14525,10.1037/t58702-000
14526,10.1037/t10781-000
14527,10.1037/t13799-000
14528,10.1037/t72941-000
14529,10.1037/t49257-000
14530,10.1037/t06284-000
14531,10.1037/t86956-000
14532,10.1037/t44089-000
14533,10.1037/t16837-000
14534,10.1037/t66240-000
14535,10.1037/t57822-000
14536,10.1037/t29817-000
14537,10.1037/t12579-000
14538,10.1037/t08256-000
14539,10.1037/t59801-000
14540,10.1037/t36705-000
14541,10.1037/t12577-000
14542,10.1037/t12726-000
14543,10.1037/t36315-000
14544,10.1037/t13923-000
14545,10.1037/t43564-000
14546,10.1037/t66347-000
14547,10.1037/t65026-000
14548,10.1037/t23533-000
14549,10.1037/t33050-000
14550,10.1037/t79652-000
14551,10.1037/t59583-000
14552,10.1037/t60772-000
14553,10.1037/t17036-000
14554,10.1037/t86906-000
14555,10.1037/t44678-000
14556,10.1037/t21587-000
14557,10.1037/t70304-000
14558,10.1037/t09297-000
14559,10.1037/t47926-000
14560,10.1037/t08665-000
14561,10.1037/t24437-000
14562,10.1037/t39661-000
14563,10.1037/t18606-000
14564,10.1037/t13545-000
14565,10.1037/t30501-000
14566,10.1037/t51106-000
14567,10.1037/t65138-000
14568,10.1037/t78199-000
14569,10.1037/t10293-000
14570,10.1037/t43304-000
14571,10.1037/t80337-000
14572,10.1037/t18937-000
14573,10.1037/t24968-000
14574,10.1037/t41012-000
14575,10.1037/t03718-000
14576,10.1037/t23098-000
14577,10.1037/t76869-000
14578,10.1037/t11089-000
14579,10.1037/t45543-000
14580,10.1037/t83608-000
14581,10.1037/t21888-000
14582,10.1037/t10840-000
14583,10.1037/t43493-000
14584,10.1037/t77799-000
14585,10.1037/t00940-000
14586,10.1037/t18797-000
14587,10.1037/t13810-000
14588,10.1037/t19474-000
14589,10.1037/t80064-000
14590,10.1037/t12216-000
14591,10.1037/t49217-000
14592,10.1037/t01978-000
14593,10.1037/t72946-000
14594,10.1037/t18633-000
14595,10.1037/t25330-000
14596,10.1037/t75742-000
14597,10.1037/t34041-000
14598,10.1037/t36408-000
14599,10.1037/t17745-000
14600,10.1037/t21594-000
14601,10.1037/t43009-000
14602,10.1037/t22398-000
14603,10.1037/t26656-000
14604,10.1037/t21365-000
14605,10.1037/t17248-000
14606,10.1037/t82480-000
14607,10.1037/t22462-000
14608,10.1037/t41077-000
14609,10.1037/t40908-000
14610,10.1037/t42274-000
14611,10.1037/t80877-000
14612,10.1037/t36823-000
14613,10.1037/t55319-000
14614,10.1037/t49694-000
14615,10.1037/t28402-000
14616,10.1037/t80603-000
14617,10.1037/t57271-000
14618,10.1037/t63481-000
14619,10.1037/t34272-000
14620,10.1037/t52259-000
14621,10.1037/t58377-000
14622,10.1037/t13461-000
14623,10.1037/t11342-000
14624,10.1037/t00792-000
14625,10.1037/t30293-000
14626,10.1037/t67444-000
14627,10.1037/t21554-000
14628,10.1037/t33804-000
14629,10.1037/t60081-000
14630,10.1037/t79452-000
14631,10.1037/t73004-000
14632,10.1037/t81506-000
14633,10.1037/t87464-000
14634,10.1037/t51073-000
14635,10.1037/t02942-000
14636,10.1037/t27438-000
14637,10.1037/t05416-000
14638,10.1037/t08326-000
14639,10.1037/t09244-000
14640,10.1037/t55779-000
14641,10.1037/t11696-000
14642,10.1037/t31816-000
14643,10.1037/t69840-000
14644,10.1037/t67990-000
14645,10.1037/t60239-000
14646,10.1037/t84220-000
14647,10.1037/t69001-000
14648,10.1037/t62303-000
14649,10.1037/t09391-000
14650,10.1037/t40262-000
14651,10.1037/t19888-000
14652,10.1037/t07414-000
14653,10.1037/t08307-000
14654,10.1037/t70253-000
14655,10.1037/t01693-000
14656,10.1037/t25875-000
14657,10.1037/t46506-000
14658,10.1037/t30213-000
14659,10.1037/t78955-000
14660,10.1037/t47713-000
14661,10.1037/t59295-000
14662,10.1037/t13632-000
14663,10.1037/t45174-000
14664,10.1037/t20596-000
14665,10.1037/t20395-000
14666,10.1037/t23859-000
14667,10.1037/t39829-000
14668,10.1037/t19659-000
14669,10.1037/t03923-000
14670,10.1037/t16424-000
14671,10.1037/t11649-000
14672,10.1037/t78233-000
14673,10.1037/t01762-000
14674,10.1037/t59567-000
14675,10.1037/t03476-000
14676,10.1037/t83531-000
14677,10.1037/t85817-000
14678,10.1037/t14335-000
14679,10.1037/t22842-000
14680,10.1037/t51770-000
14681,10.1037/t41808-000
14682,10.1037/t64390-000
14683,10.1037/t05585-000
14684,10.1037/t05986-000
14685,10.1037/t68740-000
14686,10.1037/t30948-000
14687,10.1037/t18313-000
14688,10.1037/t46723-000
14689,10.1037/t02100-000
14690,10.1037/t26796-000
14691,10.1037/t66195-000
14692,10.1037/t02888-000
14693,10.1037/t71135-000
14694,10.1037/t28118-000
14695,10.1037/t16733-000
14696,10.1037/t46668-000
14697,10.1037/t47036-000
14698,10.1037/t36156-000
14699,10.1037/t60745-000
14700,10.1037/t83895-000
14701,10.1037/t85024-000
14702,10.1037/t25557-000
14703,10.1037/t40522-000
14704,10.1037/t73481-000
14705,10.1037/t43442-000
14706,10.1037/t58418-000
14707,10.1037/t68020-000
14708,10.1037/t52404-000
14709,10.1037/t14311-000
14710,10.1037/t34179-000
14711,10.1037/t10497-000
14712,10.1037/t14181-000
14713,10.1037/t87672-000
14714,10.1037/t81915-000
14715,10.1037/t77203-000
14716,10.1037/t73846-000
14717,10.1037/t12831-000
14718,10.1037/t81986-000
14719,10.1037/t47981-000
14720,10.1037/t24512-000
14721,10.1037/t07948-000
14722,10.1037/t08536-000
14723,10.1037/t42817-000
14724,10.1037/t14040-000
14725,10.1037/t10337-000
14726,10.1037/t63479-000
14727,10.1037/t28137-000
14728,10.1037/t09439-000
14729,10.1037/t60243-000
14730,10.1037/t85809-000
14731,10.1037/t67492-000
14732,10.1037/t43184-000
14733,10.1037/t11972-000
14734,10.1037/t58481-000
14735,10.1037/t38593-000
14736,10.1037/t64516-000
14737,10.1037/t41113-000
14738,10.1037/t34090-000
14739,10.1037/t14209-000
14740,10.1037/t22686-000
14741,10.1037/t61784-000
14742,10.1037/t39314-000
14743,10.1037/t65187-000
14744,10.1037/t70364-000
14745,10.1037/t12929-000
14746,10.1037/t84851-000
14747,10.1037/t03762-000
14748,10.1037/t87045-000
14749,10.1037/t08604-000
14750,10.1037/t11516-000
14751,10.1037/t74230-000
14752,10.1037/t05410-000
14753,10.1037/t48651-000
14754,10.1037/t76959-000
14755,10.1037/t32662-000
14756,10.1037/t08408-000
14757,10.1037/t69597-000
14758,10.1037/t11900-000
14759,10.1037/t52658-000
14760,10.1037/t21645-000
14761,10.1037/t73233-000
14762,10.1037/t31650-000
14763,10.1037/t80995-000
14764,10.1037/t13620-000
14765,10.1037/t38425-000
14766,10.1037/t31674-000
14767,10.1037/t70120-000
14768,10.1037/t25535-000
14769,10.1037/t59752-000
14770,10.1037/t11773-000
14771,10.1037/t10252-000
14772,10.1037/t07865-000
14773,10.1037/t66494-000
14774,10.1037/t73751-000
14775,10.1037/t50000-000
14776,10.1037/t70623-000
14777,10.1037/t70311-000
14778,10.1037/t27599-000
14779,10.1037/t05661-000
14780,10.1037/t84719-000
14781,10.1037/t38033-000
14782,10.1037/t20858-000
14783,10.1037/t24962-000
14784,10.1037/t25290-000
14785,10.1037/t10767-000
14786,10.1037/t46430-000
14787,10.1037/t83568-000
14788,10.1037/t87353-000
14789,10.1037/t39451-000
14790,10.1037/t33675-000
14791,10.1037/t13255-000
14792,10.1037/t21026-000
14793,10.1037/t55801-000
14794,10.1037/t20179-000
14795,10.1037/t50326-000
14796,10.1037/t15022-000
14797,10.1037/t59331-000
14798,10.1037/t81807-000
14799,10.1037/t12033-000
14800,10.1037/t42388-000
14801,10.1037/t77233-000
14802,10.1037/t18024-000
14803,10.1037/t03468-000
14804,10.1037/t49067-000
14805,10.1037/t37768-000
14806,10.1037/t00134-000
14807,10.1037/t34562-000
14808,10.1037/t10423-000
14809,10.1037/t32099-000
14810,10.1037/t23591-000
14811,10.1037/t06013-000
14812,10.1037/t12781-000
14813,10.1037/t20586-000
14814,10.1037/t23890-000
14815,10.1037/t16072-000
14816,10.1037/t20842-000
14817,10.1037/t04671-000
14818,10.1037/t31796-000
14819,10.1037/t35491-000
14820,10.1037/t73078-000
14821,10.1037/t14434-000
14822,10.1037/t58992-000
14823,10.1037/t66041-000
14824,10.1037/t00728-000
14825,10.1037/t13868-000
14826,10.1037/t11789-000
14827,10.1037/t51211-000
14828,10.1037/t58792-000
14829,10.1037/t02405-000
14830,10.1037/t18705-000
14831,10.1037/t73849-000
14832,10.1037/t26042-000
14833,10.1037/t42876-000
14834,10.1037/t02133-000
14835,10.1037/t71062-000
14836,10.1037/t11843-000
14837,10.1037/t09928-000
14838,10.1037/t41280-000
14839,10.1037/t06423-000
14840,10.1037/t30909-000
14841,10.1037/t02331-000
14842,10.1037/t72363-000
14843,10.1037/t43172-000
14844,10.1037/t03959-000
14845,10.1037/t21682-000
14846,10.1037/t11991-000
14847,10.1037/t83830-000
14848,10.1037/t41925-000
14849,10.1037/t65195-000
14850,10.1037/t12666-000
14851,10.1037/t24101-000
14852,10.1037/t33102-000
14853,10.1037/t79683-000
14854,10.1037/t48978-000
14855,10.1037/t26911-000
14856,10.1037/t32795-000
14857,10.1037/t21040-000
14858,10.1037/t48186-000
14859,10.1037/t39851-000
14860,10.1037/t27638-000
14861,10.1037/t41247-000
14862,10.1037/t27466-000
14863,10.1037/t19442-000
14864,10.1037/t26755-000
14865,10.1037/t43466-000
14866,10.1037/t83046-000
14867,10.1037/t69050-000
14868,10.1037/t83778-000
14869,10.1037/t46054-000
14870,10.1037/t82616-000
14871,10.1037/t17932-000
14872,10.1037/t63324-000
14873,10.1037/t18295-000
14874,10.1037/t45819-000
14875,10.1037/t27805-000
14876,10.1037/t03377-000
14877,10.1037/t12862-000
14878,10.1037/t00052-000
14879,10.1037/t37690-000
14880,10.1037/t36267-000
14881,10.1037/t19437-000
14882,10.1037/t11198-000
14883,10.1037/t23132-000
14884,10.1037/t72925-000
14885,10.1037/t43897-000
14886,10.1037/t75504-000
14887,10.1037/t57706-000
14888,10.1037/t10712-000
14889,10.1037/t26005-000
14890,10.1037/t11715-000
14891,10.1037/t62484-000
14892,10.1037/t49009-000
14893,10.1037/t11700-000
14894,10.1037/t73878-000
14895,10.1037/t35419-000
14896,10.1037/t78713-000
14897,10.1037/t22649-000
14898,10.1037/t70459-000
14899,10.1037/t14526-000
14900,10.1037/t49788-000
14901,10.1037/t11758-000
14902,10.1037/t21496-000
14903,10.1037/t13158-000
14904,10.1037/t10831-000
14905,10.1037/t78596-000
14906,10.1037/t01171-000
14907,10.1037/t00930-000
14908,10.1037/t34498-000
14909,10.1037/t66793-000
14910,10.1037/t18733-000
14911,10.1037/t73027-000
14912,10.1037/t35110-000
14913,10.1037/t69465-000
14914,10.1037/t15588-000
14915,10.1037/t15924-000
14916,10.1037/t00885-000
14917,10.1037/t15290-000
14918,10.1037/t23905-000
14919,10.1037/t02194-000
14920,10.1037/t74442-000
14921,10.1037/t01571-000
14922,10.1037/t61193-000
14923,10.1037/t75839-000
14924,10.1037/t11895-000
14925,10.1037/t29947-000
14926,10.1037/t38195-000
14927,10.1037/t16463-000
14928,10.1037/t14529-000
14929,10.1037/t81860-000
14930,10.1037/t01182-000
14931,10.1037/t32800-000
14932,10.1037/t12197-000
14933,10.1037/t17360-000
14934,10.1037/t11730-000
14935,10.1037/t78341-000
14936,10.1037/t46117-000
14937,10.1037/t25403-000
14938,10.1037/t31870-000
14939,10.1037/t67243-000
14940,10.1037/t13455-000
14941,10.1037/t83955-000
14942,10.1037/t63435-000
14943,10.1037/t19611-000
14944,10.1037/t36688-000
14945,10.1037/t50341-000
14946,10.1037/t20730-000
14947,10.1037/t74079-000
14948,10.1037/t27866-000
14949,10.1037/t28963-000
14950,10.1037/t44535-000
14951,10.1037/t32594-000
14952,10.1037/t35507-000
14953,10.1037/t22506-000
14954,10.1037/t43826-000
14955,10.1037/t86589-000
14956,10.1037/t20786-000
14957,10.1037/t47356-000
14958,10.1037/t16530-000
14959,10.1037/t28042-000
14960,10.1037/t32755-000
14961,10.1037/t42603-000
14962,10.1037/t43834-000
14963,10.1037/t73272-000
14964,10.1037/t25586-000
14965,10.1037/t81910-000
14966,10.1037/t07623-000
14967,10.1037/t32252-000
14968,10.1037/t06015-000
14969,10.1037/t59307-000
14970,10.1037/t17404-000
14971,10.1037/t29874-000
14972,10.1037/t54142-000
14973,10.1037/t23796-000
14974,10.1037/t17411-000
14975,10.1037/t03416-000
14976,10.1037/t77427-000
14977,10.1037/t43786-000
14978,10.1037/t78966-000
14979,10.1037/t35645-000
14980,10.1037/t07232-000
14981,10.1037/t65536-000
14982,10.1037/t65924-000
14983,10.1037/t39189-000
14984,10.1037/t77362-000
14985,10.1037/t19340-000
14986,10.1037/t09826-000
14987,10.1037/t83020-000
14988,10.1037/t14544-000
14989,10.1037/t83822-000
14990,10.1037/t12464-000
14991,10.1037/t63526-000
14992,10.1037/t27104-000
14993,10.1037/t78723-000
14994,10.1037/t00037-000
14995,10.1037/t19472-000
14996,10.1037/t00745-000
14997,10.1037/t75785-000
14998,10.1037/t08798-000
14999,10.1037/t13941-000
15000,10.1037/t73458-000
15001,10.1037/t10861-000
15002,10.1037/t40708-000
15003,10.1037/t65438-000
15004,10.1037/t10366-000
15005,10.1037/t70455-000
15006,10.1037/t02662-000
15007,10.1037/t10751-000
15008,10.1037/t39073-000
15009,10.1037/t46666-000
15010,10.1037/t70130-000
15011,10.1037/t81305-000
15012,10.1037/t39708-000
15013,10.1037/t39695-000
15014,10.1037/t44014-000
15015,10.1037/t05985-000
15016,10.1037/t46583-000
15017,10.1037/t17978-000
15018,10.1037/t25845-000
15019,10.1037/t07005-000
15020,10.1037/t77904-000
15021,10.1037/t11140-000
15022,10.1037/t27478-000
15023,10.1037/t00532-000
15024,10.1037/t09650-000
15025,10.1037/t37753-000
15026,10.1037/t03132-000
15027,10.1037/t47966-000
15028,10.1037/t16393-000
15029,10.1037/t17542-000
15030,10.1037/t74815-000
15031,10.1037/t00704-000
15032,10.1037/t73510-000
15033,10.1037/t66102-000
15034,10.1037/t19918-000
15035,10.1037/t64251-000
15036,10.1037/t23360-000
15037,10.1037/t00147-000
15038,10.1037/t36699-000
15039,10.1037/t29992-000
15040,10.1037/t80991-000
15041,10.1037/t17876-000
15042,10.1037/t26155-000
15043,10.1037/t30901-000
15044,10.1037/t18668-000
15045,10.1037/t58783-000
15046,10.1037/t00492-000
15047,10.1037/t34148-000
15048,10.1037/t64133-000
15049,10.1037/t27113-000
15050,10.1037/t13227-000
15051,10.1037/t20220-000
15052,10.1037/t79277-000
15053,10.1037/t17422-000
15054,10.1037/t23792-000
15055,10.1037/t85915-000
15056,10.1037/t13202-000
15057,10.1037/t12056-000
15058,10.1037/t25438-000
15059,10.1037/t23763-000
15060,10.1037/t86048-000
15061,10.1037/t09447-000
15062,10.1037/t13854-000
15063,10.1037/t18279-000
15064,10.1037/t74929-000
15065,10.1037/t31724-000
15066,10.1037/t40839-000
15067,10.1037/t32049-000
15068,10.1037/t22201-000
15069,10.1037/t82935-000
15070,10.1037/t17357-000
15071,10.1037/t16264-000
15072,10.1037/t20262-000
15073,10.1037/t40187-000
15074,10.1037/t07896-000
15075,10.1037/t50129-000
15076,10.1037/t22352-000
15077,10.1037/t60776-000
15078,10.1037/t85434-000
15079,10.1037/t16474-000
15080,10.1037/t37877-000
15081,10.1037/t70286-000
15082,10.1037/t85203-000
15083,10.1037/t11323-000
15084,10.1037/t10339-000
15085,10.1037/t00097-000
15086,10.1037/t21821-000
15087,10.1037/t66142-000
15088,10.1037/t21977-000
15089,10.1037/t80638-000
15090,10.1037/t17800-000
15091,10.1037/t43618-000
15092,10.1037/t15241-000
15093,10.1037/t17279-000
15094,10.1037/t12502-000
15095,10.1037/t73998-000
15096,10.1037/t82815-000
15097,10.1037/t53362-000
15098,10.1037/t66796-000
15099,10.1037/t61018-000
15100,10.1037/t84010-000
15101,10.1037/t04841-000
15102,10.1037/t14418-000
15103,10.1037/t37254-000
15104,10.1037/t34237-000
15105,10.1037/t42105-000
15106,10.1037/t65759-000
15107,10.1037/t46708-000
15108,10.1037/t18759-000
15109,10.1037/t76604-000
15110,10.1037/t14719-000
15111,10.1037/t53098-000
15112,10.1037/t09410-000
15113,10.1037/t47216-000
15114,10.1037/t46698-000
15115,10.1037/t63368-000
15116,10.1037/t78121-000
15117,10.1037/t42993-000
15118,10.1037/t77287-000
15119,10.1037/t22199-000
15120,10.1037/t00907-000
15121,10.1037/t44177-000
15122,10.1037/t41083-000
15123,10.1037/t14749-000
15124,10.1037/t46630-000
15125,10.1037/t45777-000
15126,10.1037/t21620-000
15127,10.1037/t31760-000
15128,10.1037/t51915-000
15129,10.1037/t40984-000
15130,10.1037/t08655-000
15131,10.1037/t71291-000
15132,10.1037/t44759-000
15133,10.1037/t44715-000
15134,10.1037/t43165-000
15135,10.1037/t52822-000
15136,10.1037/t13201-000
15137,10.1037/t49785-000
15138,10.1037/t31972-000
15139,10.1037/t00416-000
15140,10.1037/t69770-000
15141,10.1037/t41889-000
15142,10.1037/t33947-000
15143,10.1037/t06918-000
15144,10.1037/t21581-000
15145,10.1037/t43323-000
15146,10.1037/t25604-000
15147,10.1037/t18485-000
15148,10.1037/t37912-000
15149,10.1037/t79884-000
15150,10.1037/t70037-000
15151,10.1037/t77350-000
15152,10.1037/t64934-000
15153,10.1037/t84498-000
15154,10.1037/t20633-000
15155,10.1037/t22210-000
15156,10.1037/t22084-000
15157,10.1037/t57888-000
15158,10.1037/t13001-000
15159,10.1037/t23891-000
15160,10.1037/t24369-000
15161,10.1037/t38202-000
15162,10.1037/t17027-000
15163,10.1037/t49624-000
15164,10.1037/t25622-000
15165,10.1037/t47421-000
15166,10.1037/t03890-000
15167,10.1037/t62642-000
15168,10.1037/t36112-000
15169,10.1037/t14141-000
15170,10.1037/t23940-000
15171,10.1037/t36654-000
15172,10.1037/t20629-000
15173,10.1037/t19845-000
15174,10.1037/t19282-000
15175,10.1037/t08977-000
15176,10.1037/t69930-000
15177,10.1037/t03576-000
15178,10.1037/t81104-000
15179,10.1037/t63749-000
15180,10.1037/t10238-000
15181,10.1037/t07958-000
15182,10.1037/t77662-000
15183,10.1037/t03561-000
15184,10.1037/t47733-000
15185,10.1037/t25452-000
15186,10.1037/t22206-000
15187,10.1037/t15421-000
15188,10.1037/t10171-000
15189,10.1037/t68491-000
15190,10.1037/t14568-000
15191,10.1037/t10501-000
15192,10.1037/t16441-000
15193,10.1037/t61619-000
15194,10.1037/t31969-000
15195,10.1037/t15864-000
15196,10.1037/t67805-000
15197,10.1037/t48620-000
15198,10.1037/t04525-000
15199,10.1037/t86640-000
15200,10.1037/t81909-000
15201,10.1037/t82850-000
15202,10.1037/t11915-000
15203,10.1037/t45171-000
15204,10.1037/t87689-000
15205,10.1037/t60360-000
15206,10.1037/t41532-000
15207,10.1037/t14907-000
15208,10.1037/t49718-000
15209,10.1037/t36626-000
15210,10.1037/t37729-000
15211,10.1037/t44510-000
15212,10.1037/t24008-000
15213,10.1037/t64407-000
15214,10.1037/t14844-000
15215,10.1037/t83030-000
15216,10.1037/t68431-000
15217,10.1037/t43087-000
15218,10.1037/t31820-000
15219,10.1037/t12271-000
15220,10.1037/t68328-000
15221,10.1037/t24468-000
15222,10.1037/t82709-000
15223,10.1037/t04308-000
15224,10.1037/t69614-000
15225,10.1037/t20884-000
15226,10.1037/t82336-000
15227,10.1037/t76528-000
15228,10.1037/t31154-000
15229,10.1037/t00985-000
15230,10.1037/t07170-000
15231,10.1037/t11921-000
15232,10.1037/t53724-000
15233,10.1037/t60928-000
15234,10.1037/t77030-000
15235,10.1037/t52571-000
15236,10.1037/t71273-000
15237,10.1037/t67334-000
15238,10.1037/t70839-000
15239,10.1037/t28602-000
15240,10.1037/t28290-000
15241,10.1037/t52473-000
15242,10.1037/t73803-000
15243,10.1037/t12861-000
15244,10.1037/t03020-000
15245,10.1037/t81846-000
15246,10.1037/t85687-000
15247,10.1037/t76751-000
15248,10.1037/t38105-000
15249,10.1037/t47355-000
15250,10.1037/t13973-000
15251,10.1037/t41025-000
15252,10.1037/t75833-000
15253,10.1037/t18878-000
15254,10.1037/t39638-000
15255,10.1037/t19577-000
15256,10.1037/t44789-000
15257,10.1037/t73356-000
15258,10.1037/t11230-000
15259,10.1037/t75910-000
15260,10.1037/t53242-000
15261,10.1037/t70332-000
15262,10.1037/t85184-000
15263,10.1037/t81445-000
15264,10.1037/t18975-000
15265,10.1037/t85183-000
15266,10.1037/t32531-000
15267,10.1037/t47323-000
15268,10.1037/t25885-000
15269,10.1037/t21475-000
15270,10.1037/t03337-000
15271,10.1037/t15413-000
15272,10.1037/t32938-000
15273,10.1037/t04046-000
15274,10.1037/t04176-000
15275,10.1037/t64283-000
15276,10.1037/t46961-000
15277,10.1037/t39018-000
15278,10.1037/t66789-000
15279,10.1037/t67602-000
15280,10.1037/t23254-000
15281,10.1037/t09504-000
15282,10.1037/t59011-000
15283,10.1037/t72819-000
15284,10.1037/t65853-000
15285,10.1037/t41450-000
15286,10.1037/t25771-000
15287,10.1037/t64162-000
15288,10.1037/t27487-000
15289,10.1037/t08617-000
15290,10.1037/t11468-000
15291,10.1037/t28089-000
15292,10.1037/t30730-000
15293,10.1037/t53480-000
15294,10.1037/t85951-000
15295,10.1037/t44716-000
15296,10.1037/t10865-000
15297,10.1037/t86389-000
15298,10.1037/t21725-000
15299,10.1037/t82459-000
15300,10.1037/t86502-000
15301,10.1037/t01138-000
15302,10.1037/t25017-000
15303,10.1037/t76014-000
15304,10.1037/t00470-000
15305,10.1037/t42633-000
15306,10.1037/t01432-000
15307,10.1037/t70674-000
15308,10.1037/t54296-000
15309,10.1037/t08296-000
15310,10.1037/t53883-000
15311,10.1037/t04203-000
15312,10.1037/t37993-000
15313,10.1037/t81109-000
15314,10.1037/t78039-000
15315,10.1037/t25180-000
15316,10.1037/t34628-000
15317,10.1037/t62770-000
15318,10.1037/t06778-000
15319,10.1037/t65146-000
15320,10.1037/t16816-000
15321,10.1037/t03261-000
15322,10.1037/t45226-000
15323,10.1037/t09835-000
15324,10.1037/t83674-000
15325,10.1037/t45207-000
15326,10.1037/t10261-000
15327,10.1037/t11989-000
15328,10.1037/t81047-000
15329,10.1037/t11265-000
15330,10.1037/t05288-000
15331,10.1037/t34999-000
15332,10.1037/t22240-000
15333,10.1037/t12835-000
15334,10.1037/t12581-000
15335,10.1037/t64996-000
15336,10.1037/t41331-000
15337,10.1037/t45203-000
15338,10.1037/t19103-000
15339,10.1037/t26511-000
15340,10.1037/t66064-000
15341,10.1037/t09488-000
15342,10.1037/t00398-000
15343,10.1037/t25691-000
15344,10.1037/t62933-000
15345,10.1037/t33656-000
15346,10.1037/t16141-000
15347,10.1037/t28586-000
15348,10.1037/t46222-000
15349,10.1037/t84121-000
15350,10.1037/t14237-000
15351,10.1037/t16360-000
15352,10.1037/t18411-000
15353,10.1037/t58480-000
15354,10.1037/t26018-000
15355,10.1037/t79229-000
15356,10.1037/t17974-000
15357,10.1037/t60601-000
15358,10.1037/t43601-000
15359,10.1037/t86150-000
15360,10.1037/t37744-000
15361,10.1037/t17858-000
15362,10.1037/t40412-000
15363,10.1037/t41209-000
15364,10.1037/t24441-000
15365,10.1037/t23755-000
15366,10.1037/t48361-000
15367,10.1037/t22596-000
15368,10.1037/t77325-000
15369,10.1037/t70066-000
15370,10.1037/t81171-000
15371,10.1037/t20064-000
15372,10.1037/t35432-000
15373,10.1037/t83714-000
15374,10.1037/t28648-000
15375,10.1037/t22967-000
15376,10.1037/t73045-000
15377,10.1037/t25117-000
15378,10.1037/t14855-000
15379,10.1037/t77308-000
15380,10.1037/t25199-000
15381,10.1037/t26910-000
15382,10.1037/t12426-000
15383,10.1037/t00689-000
15384,10.1037/t13857-000
15385,10.1037/t15719-000
15386,10.1037/t23469-000
15387,10.1037/t18977-000
15388,10.1037/t78958-000
15389,10.1037/t00557-000
15390,10.1037/t27464-000
15391,10.1037/t29875-000
15392,10.1037/t67758-000
15393,10.1037/t28858-000
15394,10.1037/t20700-000
15395,10.1037/t32517-000
15396,10.1037/t19187-000
15397,10.1037/t18983-000
15398,10.1037/t30951-000
15399,10.1037/t13688-000
15400,10.1037/t78869-000
15401,10.1037/t38267-000
15402,10.1037/t28570-000
15403,10.1037/t08492-000
15404,10.1037/t73569-000
15405,10.1037/t84072-000
15406,10.1037/t64675-000
15407,10.1037/t70989-000
15408,10.1037/t24354-000
15409,10.1037/t16999-000
15410,10.1037/t42080-000
15411,10.1037/t00841-000
15412,10.1037/t67428-000
15413,10.1037/t50142-000
15414,10.1037/t14701-000
15415,10.1037/t43469-000
15416,10.1037/t25910-000
15417,10.1037/t69894-000
15418,10.1037/t22017-000
15419,10.1037/t42709-000
15420,10.1037/t72689-000
15421,10.1037/t34625-000
15422,10.1037/t25464-000
15423,10.1037/t10166-000
15424,10.1037/t64254-000
15425,10.1037/t23317-000
15426,10.1037/t30720-000
15427,10.1037/t36558-000
15428,10.1037/t14961-000
15429,10.1037/t46656-000
15430,10.1037/t26524-000
15431,10.1037/t75738-000
15432,10.1037/t87216-000
15433,10.1037/t78562-000
15434,10.1037/t46986-000
15435,10.1037/t74909-000
15436,10.1037/t62835-000
15437,10.1037/t66914-000
15438,10.1037/t30865-000
15439,10.1037/t17469-000
15440,10.1037/t82476-000
15441,10.1037/t13726-000
15442,10.1037/t27451-000
15443,10.1037/t50935-000
15444,10.1037/t39093-000
15445,10.1037/t65990-000
15446,10.1037/t03770-000
15447,10.1037/t09913-000
15448,10.1037/t24754-000
15449,10.1037/t25144-000
15450,10.1037/t12381-000
15451,10.1037/t13864-000
15452,10.1037/t26966-000
15453,10.1037/t10220-000
15454,10.1037/t02028-000
15455,10.1037/t01861-000
15456,10.1037/t20771-000
15457,10.1037/t04519-000
15458,10.1037/t55401-000
15459,10.1037/t77206-000
15460,10.1037/t82235-000
15461,10.1037/t23749-000
15462,10.1037/t13772-000
15463,10.1037/t30965-000
15464,10.1037/t49327-000
15465,10.1037/t18314-000
15466,10.1037/t48229-000
15467,10.1037/t66299-000
15468,10.1037/t53138-000
15469,10.1037/t33429-000
15470,10.1037/t49016-000
15471,10.1037/t17247-000
15472,10.1037/t43594-000
15473,10.1037/t84586-000
15474,10.1037/t14873-000
15475,10.1037/t12352-000
15476,10.1037/t08983-000
15477,10.1037/t20964-000
15478,10.1037/t76015-000
15479,10.1037/t38206-000
15480,10.1037/t22057-000
15481,10.1037/t00784-000
15482,10.1037/t84679-000
15483,10.1037/t28272-000
15484,10.1037/t60515-000
15485,10.1037/t80094-000
15486,10.1037/t78886-000
15487,10.1037/t33846-000
15488,10.1037/t10519-000
15489,10.1037/t70869-000
15490,10.1037/t14007-000
15491,10.1037/t73470-000
15492,10.1037/t21464-000
15493,10.1037/t15683-000
15494,10.1037/t16356-000
15495,10.1037/t83660-000
15496,10.1037/t74365-000
15497,10.1037/t24088-000
15498,10.1037/t52459-000
15499,10.1037/t37894-000
15500,10.1037/t09090-000
15501,10.1037/t21073-000
15502,10.1037/t63489-000
15503,10.1037/t83924-000
15504,10.1037/t32892-000
15505,10.1037/t23438-000
15506,10.1037/t37192-000
15507,10.1037/t01269-000
15508,10.1037/t68932-000
15509,10.1037/t01008-000
15510,10.1037/t41225-000
15511,10.1037/t15806-000
15512,10.1037/t09133-000
15513,10.1037/t02509-000
15514,10.1037/t84075-000
15515,10.1037/t68828-000
15516,10.1037/t21045-000
15517,10.1037/t85470-000
15518,10.1037/t63396-000
15519,10.1037/t81376-000
15520,10.1037/t27609-000
15521,10.1037/t82067-000
15522,10.1037/t01661-000
15523,10.1037/t44677-000
15524,10.1037/t41803-000
15525,10.1037/t08495-000
15526,10.1037/t57729-000
15527,10.1037/t79162-000
15528,10.1037/t18748-000
15529,10.1037/t72195-000
15530,10.1037/t75250-000
15531,10.1037/t74670-000
15532,10.1037/t25699-000
15533,10.1037/t23738-000
15534,10.1037/t24118-000
15535,10.1037/t40986-000
15536,10.1037/t15797-000
15537,10.1037/t16921-000
15538,10.1037/t28971-000
15539,10.1037/t55859-000
15540,10.1037/t83677-000
15541,10.1037/t74901-000
15542,10.1037/t18826-000
15543,10.1037/t32640-000
15544,10.1037/t20017-000
15545,10.1037/t84692-000
15546,10.1037/t17107-000
15547,10.1037/t84773-000
15548,10.1037/t22981-000
15549,10.1037/t14275-000
15550,10.1037/t45574-000
15551,10.1037/t85405-000
15552,10.1037/t42708-000
15553,10.1037/t00433-000
15554,10.1037/t07846-000
15555,10.1037/t07739-000
15556,10.1037/t36955-000
15557,10.1037/t15414-000
15558,10.1037/t02105-000
15559,10.1037/t81497-000
15560,10.1037/t40495-000
15561,10.1037/t21293-000
15562,10.1037/t77364-000
15563,10.1037/t71139-000
15564,10.1037/t46242-000
15565,10.1037/t62440-000
15566,10.1037/t75886-000
15567,10.1037/t02769-000
15568,10.1037/t13167-000
15569,10.1037/t16197-000
15570,10.1037/t61993-000
15571,10.1037/t58501-000
15572,10.1037/t38108-000
15573,10.1037/t63106-000
15574,10.1037/t00573-000
15575,10.1037/t24235-000
15576,10.1037/t54150-000
15577,10.1037/t04594-000
15578,10.1037/t46513-000
15579,10.1037/t80055-000
15580,10.1037/t31680-000
15581,10.1037/t14419-000
15582,10.1037/t25890-000
15583,10.1037/t69155-000
15584,10.1037/t67569-000
15585,10.1037/t10184-000
15586,10.1037/t61226-000
15587,10.1037/t23374-000
15588,10.1037/t45426-000
15589,10.1037/t39449-000
15590,10.1037/t34249-000
15591,10.1037/t22911-000
15592,10.1037/t20324-000
15593,10.1037/t09329-000
15594,10.1037/t12886-000
15595,10.1037/t24306-000
15596,10.1037/t24075-000
15597,10.1037/t13163-000
15598,10.1037/t24805-000
15599,10.1037/t70500-000
15600,10.1037/t78672-000
15601,10.1037/t17022-000
15602,10.1037/t44297-000
15603,10.1037/t72897-000
15604,10.1037/t43427-000
15605,10.1037/t44530-000
15606,10.1037/t80735-000
15607,10.1037/t15023-000
15608,10.1037/t85769-000
15609,10.1037/t37714-000
15610,10.1037/t75596-000
15611,10.1037/t62629-000
15612,10.1037/t18029-000
15613,10.1037/t69464-000
15614,10.1037/t05670-000
15615,10.1037/t00603-000
15616,10.1037/t25164-000
15617,10.1037/t21389-000
15618,10.1037/t20992-000
15619,10.1037/t39697-000
15620,10.1037/t21578-000
15621,10.1037/t18285-000
15622,10.1037/t62679-000
15623,10.1037/t42050-000
15624,10.1037/t55740-000
15625,10.1037/t41693-000
15626,10.1037/t42327-000
15627,10.1037/t25804-000
15628,10.1037/t34593-000
15629,10.1037/t77736-000
15630,10.1037/t42578-000
15631,10.1037/t71687-000
15632,10.1037/t41914-000
15633,10.1037/t30226-000
15634,10.1037/t39944-000
15635,10.1037/t29332-000
15636,10.1037/t66363-000
15637,10.1037/t12911-000
15638,10.1037/t41467-000
15639,10.1037/t09435-000
15640,10.1037/t65578-000
15641,10.1037/t18343-000
15642,10.1037/t24603-000
15643,10.1037/t15484-000
15644,10.1037/t17121-000
15645,10.1037/t84771-000
15646,10.1037/t54946-000
15647,10.1037/t14286-000
15648,10.1037/t16524-000
15649,10.1037/t66983-000
15650,10.1037/t27049-000
15651,10.1037/t31538-000
15652,10.1037/t11392-000
15653,10.1037/t77733-000
15654,10.1037/t71870-000
15655,10.1037/t62975-000
15656,10.1037/t09249-000
15657,10.1037/t08339-000
15658,10.1037/t42205-000
15659,10.1037/t22507-000
15660,10.1037/t10023-000
15661,10.1037/t75609-000
15662,10.1037/t15010-000
15663,10.1037/t09963-000
15664,10.1037/t67528-000
15665,10.1037/t34235-000
15666,10.1037/t79311-000
15667,10.1037/t70963-000
15668,10.1037/t66802-000
15669,10.1037/t38567-000
15670,10.1037/t50772-000
15671,10.1037/t73804-000
15672,10.1037/t13107-000
15673,10.1037/t14849-000
15674,10.1037/t20425-000
15675,10.1037/t21472-000
15676,10.1037/t38338-000
15677,10.1037/t11043-000
15678,10.1037/t00093-000
15679,10.1037/t14875-000
15680,10.1037/t24735-000
15681,10.1037/t12548-000
15682,10.1037/t69991-000
15683,10.1037/t16974-000
15684,10.1037/t78251-000
15685,10.1037/t04785-000
15686,10.1037/t38472-000
15687,10.1037/t58789-000
15688,10.1037/t72438-000
15689,10.1037/t81527-000
15690,10.1037/t38505-000
15691,10.1037/t37772-000
15692,10.1037/t16367-000
15693,10.1037/t23406-000
15694,10.1037/t64189-000
15695,10.1037/t67536-000
15696,10.1037/t82536-000
15697,10.1037/t24177-000
15698,10.1037/t28547-000
15699,10.1037/t25892-000
15700,10.1037/t50236-000
15701,10.1037/t42795-000
15702,10.1037/t86239-000
15703,10.1037/t70050-000
15704,10.1037/t15296-000
15705,10.1037/t14646-000
15706,10.1037/t32247-000
15707,10.1037/t66966-000
15708,10.1037/t70115-000
15709,10.1037/t32547-000
15710,10.1037/t86623-000
15711,10.1037/t86600-000
15712,10.1037/t17934-000
15713,10.1037/t83520-000
15714,10.1037/t16587-000
15715,10.1037/t20097-000
15716,10.1037/t26983-000
15717,10.1037/t31659-000
15718,10.1037/t25651-000
15719,10.1037/t68190-000
15720,10.1037/t26543-000
15721,10.1037/t75175-000
15722,10.1037/t72069-000
15723,10.1037/t15940-000
15724,10.1037/t62643-000
15725,10.1037/t09300-000
15726,10.1037/t44092-000
15727,10.1037/t55767-000
15728,10.1037/t18207-000
15729,10.1037/t46751-000
15730,10.1037/t15931-000
15731,10.1037/t12871-000
15732,10.1037/t87745-000
15733,10.1037/t82598-000
15734,10.1037/t80151-000
15735,10.1037/t30669-000
15736,10.1037/t81707-000
15737,10.1037/t69156-000
15738,10.1037/t21337-000
15739,10.1037/t81667-000
15740,10.1037/t39191-000
15741,10.1037/t48662-000
15742,10.1037/t11073-000
15743,10.1037/t47723-000
15744,10.1037/t20678-000
15745,10.1037/t39578-000
15746,10.1037/t77848-000
15747,10.1037/t23329-000
15748,10.1037/t75576-000
15749,10.1037/t66573-000
15750,10.1037/t72134-000
15751,10.1037/t01493-000
15752,10.1037/t33970-000
15753,10.1037/t09948-000
15754,10.1037/t02972-000
15755,10.1037/t47485-000
15756,10.1037/t22954-000
15757,10.1037/t01356-000
15758,10.1037/t32348-000
15759,10.1037/t81232-000
15760,10.1037/t62769-000
15761,10.1037/t34323-000
15762,10.1037/t70043-000
15763,10.1037/t22969-000
15764,10.1037/t34008-000
15765,10.1037/t41106-000
15766,10.1037/t14664-000
15767,10.1037/t17644-000
15768,10.1037/t24316-000
15769,10.1037/t11471-000
15770,10.1037/t80762-000
15771,10.1037/t46057-000
15772,10.1037/t36307-000
15773,10.1037/t16029-000
15774,10.1037/t38292-000
15775,10.1037/t50313-000
15776,10.1037/t57740-000
15777,10.1037/t54980-000
15778,10.1037/t21317-000
15779,10.1037/t67415-000
15780,10.1037/t69800-000
15781,10.1037/t65465-000
15782,10.1037/t80173-000
15783,10.1037/t55711-000
15784,10.1037/t04915-000
15785,10.1037/t70483-000
15786,10.1037/t08263-000
15787,10.1037/t31372-000
15788,10.1037/t22204-000
15789,10.1037/t28061-000
15790,10.1037/t26798-000
15791,10.1037/t30782-000
15792,10.1037/t77491-000
15793,10.1037/t69538-000
15794,10.1037/t87729-000
15795,10.1037/t19998-000
15796,10.1037/t77391-000
15797,10.1037/t00194-000
15798,10.1037/t26271-000
15799,10.1037/t04293-000
15800,10.1037/t11246-000
15801,10.1037/t15944-000
15802,10.1037/t06146-000
15803,10.1037/t23399-000
15804,10.1037/t46067-000
15805,10.1037/t56671-000
15806,10.1037/t11296-000
15807,10.1037/t15943-000
15808,10.1037/t24987-000
15809,10.1037/t40273-000
15810,10.1037/t12179-000
15811,10.1037/t14339-000
15812,10.1037/t20927-000
15813,10.1037/t47142-000
15814,10.1037/t56057-000
15815,10.1037/t65288-000
15816,10.1037/t60158-000
15817,10.1037/t36663-000
15818,10.1037/t14093-000
15819,10.1037/t86893-000
15820,10.1037/t26474-000
15821,10.1037/t32111-000
15822,10.1037/t73513-000
15823,10.1037/t01315-000
15824,10.1037/t11599-000
15825,10.1037/t73231-000
15826,10.1037/t18242-000
15827,10.1037/t36998-000
15828,10.1037/t18333-000
15829,10.1037/t10744-000
15830,10.1037/t61859-000
15831,10.1037/t50738-000
15832,10.1037/t31259-000
15833,10.1037/t39922-000
15834,10.1037/t10288-000
15835,10.1037/t13931-000
15836,10.1037/t09940-000
15837,10.1037/t17136-000
15838,10.1037/t42179-000
15839,10.1037/t03470-000
15840,10.1037/t61670-000
15841,10.1037/t26013-000
15842,10.1037/t26450-000
15843,10.1037/t77875-000
15844,10.1037/t00520-000
15845,10.1037/t76960-000
15846,10.1037/t86987-000
15847,10.1037/t69273-000
15848,10.1037/t08480-000
15849,10.1037/t63884-000
15850,10.1037/t27752-000
15851,10.1037/t36830-000
15852,10.1037/t68639-000
15853,10.1037/t71377-000
15854,10.1037/t36224-000
15855,10.1037/t44186-000
15856,10.1037/t25981-000
15857,10.1037/t16260-000
15858,10.1037/t22942-000
15859,10.1037/t34144-000
15860,10.1037/t81634-000
15861,10.1037/t62834-000
15862,10.1037/t16841-000
15863,10.1037/t86797-000
15864,10.1037/t64387-000
15865,10.1037/t62224-000
15866,10.1037/t50368-000
15867,10.1037/t57689-000
15868,10.1037/t85153-000
15869,10.1037/t34248-000
15870,10.1037/t01107-000
15871,10.1037/t76500-000
15872,10.1037/t70281-000
15873,10.1037/t63656-000
15874,10.1037/t08582-000
15875,10.1037/t33545-000
15876,10.1037/t79077-000
15877,10.1037/t43554-000
15878,10.1037/t08511-000
15879,10.1037/t30568-000
15880,10.1037/t12401-000
15881,10.1037/t07100-000
15882,10.1037/t53402-000
15883,10.1037/t24222-000
15884,10.1037/t09101-000
15885,10.1037/t02162-000
15886,10.1037/t86365-000
15887,10.1037/t11209-000
15888,10.1037/t22862-000
15889,10.1037/t06227-000
15890,10.1037/t01125-000
15891,10.1037/t40841-000
15892,10.1037/t23024-000
15893,10.1037/t67218-000
15894,10.1037/t03098-000
15895,10.1037/t16275-000
15896,10.1037/t06784-000
15897,10.1037/t15478-000
15898,10.1037/t81907-000
15899,10.1037/t06715-000
15900,10.1037/t27688-000
15901,10.1037/t32354-000
15902,10.1037/t12769-000
15903,10.1037/t49373-000
15904,10.1037/t79178-000
15905,10.1037/t44735-000
15906,10.1037/t20418-000
15907,10.1037/t56210-000
15908,10.1037/t08546-000
15909,10.1037/t61338-000
15910,10.1037/t32632-000
15911,10.1037/t55212-000
15912,10.1037/t05391-000
15913,10.1037/t03673-000
15914,10.1037/t45130-000
15915,10.1037/t31999-000
15916,10.1037/t24357-000
15917,10.1037/t36423-000
15918,10.1037/t02017-000
15919,10.1037/t55300-000
15920,10.1037/t10524-000
15921,10.1037/t59235-000
15922,10.1037/t68400-000
15923,10.1037/t31600-000
15924,10.1037/t15534-000
15925,10.1037/t21278-000
15926,10.1037/t16517-000
15927,10.1037/t10761-000
15928,10.1037/t68578-000
15929,10.1037/t74660-000
15930,10.1037/t30266-000
15931,10.1037/t79557-000
15932,10.1037/t13408-000
15933,10.1037/t73096-000
15934,10.1037/t22999-000
15935,10.1037/t18443-000
15936,10.1037/t37480-000
15937,10.1037/t63399-000
15938,10.1037/t41964-000
15939,10.1037/t30900-000
15940,10.1037/t30449-000
15941,10.1037/t81346-000
15942,10.1037/t62327-000
15943,10.1037/t16448-000
15944,10.1037/t00420-000
15945,10.1037/t41157-000
15946,10.1037/t23251-000
15947,10.1037/t74020-000
15948,10.1037/t49494-000
15949,10.1037/t74084-000
15950,10.1037/t23240-000
15951,10.1037/t22841-000
15952,10.1037/t00705-000
15953,10.1037/t25556-000
15954,10.1037/t66987-000
15955,10.1037/t09288-000
15956,10.1037/t74462-000
15957,10.1037/t70351-000
15958,10.1037/t25752-000
15959,10.1037/t42599-000
15960,10.1037/t36060-000
15961,10.1037/t47959-000
15962,10.1037/t45357-000
15963,10.1037/t77055-000
15964,10.1037/t67482-000
15965,10.1037/t72962-000
15966,10.1037/t09072-000
15967,10.1037/t24094-000
15968,10.1037/t23387-000
15969,10.1037/t26031-000
15970,10.1037/t33026-000
15971,10.1037/t76307-000
15972,10.1037/t17330-000
15973,10.1037/t32387-000
15974,10.1037/t70372-000
15975,10.1037/t02169-000
15976,10.1037/t00929-000
15977,10.1037/t26381-000
15978,10.1037/t86381-000
15979,10.1037/t81684-000
15980,10.1037/t21759-000
15981,10.1037/t61624-000
15982,10.1037/t78541-000
15983,10.1037/t25645-000
15984,10.1037/t71470-000
15985,10.1037/t50027-000
15986,10.1037/t36859-000
15987,10.1037/t80976-000
15988,10.1037/t22307-000
15989,10.1037/t44697-000
15990,10.1037/t19284-000
15991,10.1037/t49032-000
15992,10.1037/t07824-000
15993,10.1037/t62096-000
15994,10.1037/t11515-000
15995,10.1037/t07724-000
15996,10.1037/t53693-000
15997,10.1037/t20862-000
15998,10.1037/t30066-000
15999,10.1037/t61294-000
16000,10.1037/t24955-000
16001,10.1037/t51138-000
16002,10.1037/t69575-000
16003,10.1037/t84614-000
16004,10.1037/t04817-000
16005,10.1037/t40667-000
16006,10.1037/t36709-000
16007,10.1037/t72008-000
16008,10.1037/t77735-000
16009,10.1037/t49429-000
16010,10.1037/t68490-000
16011,10.1037/t23433-000
16012,10.1037/t13783-000
16013,10.1037/t15579-000
16014,10.1037/t46055-000
16015,10.1037/t24424-000
16016,10.1037/t12799-000
16017,10.1037/t29946-000
16018,10.1037/t31749-000
16019,10.1037/t72649-000
16020,10.1037/t04933-000
16021,10.1037/t37874-000
16022,10.1037/t23256-000
16023,10.1037/t25855-000
16024,10.1037/t10897-000
16025,10.1037/t80852-000
16026,10.1037/t08654-000
16027,10.1037/t70994-000
16028,10.1037/t23063-000
16029,10.1037/t29587-000
16030,10.1037/t43928-000
16031,10.1037/t13190-000
16032,10.1037/t65870-000
16033,10.1037/t48067-000
16034,10.1037/t10757-000
16035,10.1037/t76800-000
16036,10.1037/t41092-000
16037,10.1037/t12314-000
16038,10.1037/t25378-000
16039,10.1037/t11024-000
16040,10.1037/t61538-000
16041,10.1037/t33729-000
16042,10.1037/t03048-000
16043,10.1037/t25185-000
16044,10.1037/t58744-000
16045,10.1037/t62889-000
16046,10.1037/t64778-000
16047,10.1037/t16820-000
16048,10.1037/t01102-000
16049,10.1037/t45565-000
16050,10.1037/t67957-000
16051,10.1037/t80512-000
16052,10.1037/t46576-000
16053,10.1037/t12098-000
16054,10.1037/t25070-000
16055,10.1037/t46179-000
16056,10.1037/t03072-000
16057,10.1037/t09358-000
16058,10.1037/t48422-000
16059,10.1037/t40466-000
16060,10.1037/t40727-000
16061,10.1037/t74680-000
16062,10.1037/t49440-000
16063,10.1037/t34873-000
16064,10.1037/t23968-000
16065,10.1037/t22883-000
16066,10.1037/t64623-000
16067,10.1037/t14625-000
16068,10.1037/t85786-000
16069,10.1037/t18481-000
16070,10.1037/t38094-000
16071,10.1037/t10018-000
16072,10.1037/t33509-000
16073,10.1037/t43556-000
16074,10.1037/t15317-000
16075,10.1037/t24464-000
16076,10.1037/t45404-000
16077,10.1037/t15350-000
16078,10.1037/t51314-000
16079,10.1037/t18673-000
16080,10.1037/t32168-000
16081,10.1037/t66279-000
16082,10.1037/t24519-000
16083,10.1037/t77324-000
16084,10.1037/t79423-000
16085,10.1037/t25829-000
16086,10.1037/t16796-000
16087,10.1037/t81441-000
16088,10.1037/t26347-000
16089,10.1037/t71735-000
16090,10.1037/t31064-000
16091,10.1037/t13556-000
16092,10.1037/t14500-000
16093,10.1037/t18818-000
16094,10.1037/t02454-000
16095,10.1037/t46700-000
16096,10.1037/t29546-000
16097,10.1037/t26654-000
16098,10.1037/t41005-000
16099,10.1037/t05820-000
16100,10.1037/t20806-000
16101,10.1037/t43171-000
16102,10.1037/t11472-000
16103,10.1037/t80319-000
16104,10.1037/t49360-000
16105,10.1037/t79239-000
16106,10.1037/t55136-000
16107,10.1037/t15065-000
16108,10.1037/t15392-000
16109,10.1037/t44671-000
16110,10.1037/t13592-000
16111,10.1037/t75795-000
16112,10.1037/t09873-000
16113,10.1037/t11786-000
16114,10.1037/t06241-000
16115,10.1037/t12559-000
16116,10.1037/t17049-000
16117,10.1037/t43550-000
16118,10.1037/t06856-000
16119,10.1037/t33903-000
16120,10.1037/t42194-000
16121,10.1037/t73833-000
16122,10.1037/t34512-000
16123,10.1037/t82484-000
16124,10.1037/t38756-000
16125,10.1037/t25159-000
16126,10.1037/t05963-000
16127,10.1037/t27488-000
16128,10.1037/t75891-000
16129,10.1037/t26253-000
16130,10.1037/t03948-000
16131,10.1037/t48566-000
16132,10.1037/t34261-000
16133,10.1037/t63886-000
16134,10.1037/t41081-000
16135,10.1037/t08385-000
16136,10.1037/t06894-000
16137,10.1037/t00684-000
16138,10.1037/t71764-000
16139,10.1037/t27570-000
16140,10.1037/t24703-000
16141,10.1037/t17600-000
16142,10.1037/t70894-000
16143,10.1037/t85340-000
16144,10.1037/t07968-000
16145,10.1037/t85553-000
16146,10.1037/t36676-000
16147,10.1037/t20588-000
16148,10.1037/t00077-000
16149,10.1037/t86584-000
16150,10.1037/t17441-000
16151,10.1037/t34281-000
16152,10.1037/t19943-000
16153,10.1037/t00801-000
16154,10.1037/t04615-000
16155,10.1037/t37095-000
16156,10.1037/t03570-000
16157,10.1037/t78586-000
16158,10.1037/t48898-000
16159,10.1037/t19040-000
16160,10.1037/t87289-000
16161,10.1037/t20673-000
16162,10.1037/t76161-000
16163,10.1037/t77399-000
16164,10.1037/t24612-000
16165,10.1037/t28398-000
16166,10.1037/t50961-000
16167,10.1037/t39436-000
16168,10.1037/t63444-000
16169,10.1037/t00081-000
16170,10.1037/t80159-000
16171,10.1037/t03654-000
16172,10.1037/t01654-000
16173,10.1037/t66776-000
16174,10.1037/t13865-000
16175,10.1037/t17832-000
16176,10.1037/t01037-000
16177,10.1037/t00454-000
16178,10.1037/t15820-000
16179,10.1037/t19475-000
16180,10.1037/t18435-000
16181,10.1037/t80032-000
16182,10.1037/t23319-000
16183,10.1037/t09377-000
16184,10.1037/t66515-000
16185,10.1037/t77322-000
16186,10.1037/t38917-000
16187,10.1037/t87763-000
16188,10.1037/t83832-000
16189,10.1037/t75108-000
16190,10.1037/t82787-000
16191,10.1037/t73965-000
16192,10.1037/t85425-000
16193,10.1037/t81666-000
16194,10.1037/t18608-000
16195,10.1037/t08456-000
16196,10.1037/t48563-000
16197,10.1037/t26970-000
16198,10.1037/t38239-000
16199,10.1037/t24336-000
16200,10.1037/t19209-000
16201,10.1037/t24649-000
16202,10.1037/t25400-000
16203,10.1037/t50953-000
16204,10.1037/t28625-000
16205,10.1037/t16096-000
16206,10.1037/t35048-000
16207,10.1037/t81415-000
16208,10.1037/t86610-000
16209,10.1037/t20041-000
16210,10.1037/t14942-000
16211,10.1037/t22440-000
16212,10.1037/t18198-000
16213,10.1037/t66984-000
16214,10.1037/t25820-000
16215,10.1037/t43342-000
16216,10.1037/t24337-000
16217,10.1037/t11914-000
16218,10.1037/t26971-000
16219,10.1037/t10967-000
16220,10.1037/t34810-000
16221,10.1037/t62359-000
16222,10.1037/t40678-000
16223,10.1037/t16590-000
16224,10.1037/t21786-000
16225,10.1037/t22281-000
16226,10.1037/t71713-000
16227,10.1037/t55843-000
16228,10.1037/t43725-000
16229,10.1037/t13217-000
16230,10.1037/t00068-000
16231,10.1037/t39391-000
16232,10.1037/t23146-000
16233,10.1037/t22497-000
16234,10.1037/t63819-000
16235,10.1037/t58896-000
16236,10.1037/t09370-000
16237,10.1037/t49697-000
16238,10.1037/t14260-000
16239,10.1037/t42819-000
16240,10.1037/t23021-000
16241,10.1037/t21072-000
16242,10.1037/t62214-000
16243,10.1037/t72125-000
16244,10.1037/t21811-000
16245,10.1037/t32740-000
16246,10.1037/t65786-000
16247,10.1037/t45935-000
16248,10.1037/t02122-000
16249,10.1037/t65285-000
16250,10.1037/t12092-000
16251,10.1037/t71513-000
16252,10.1037/t07953-000
16253,10.1037/t58335-000
16254,10.1037/t85517-000
16255,10.1037/t62337-000
16256,10.1037/t08941-000
16257,10.1037/t38919-000
16258,10.1037/t13336-000
16259,10.1037/t05121-000
16260,10.1037/t62541-000
16261,10.1037/t21004-000
16262,10.1037/t65521-000
16263,10.1037/t15873-000
16264,10.1037/t29284-000
16265,10.1037/t50158-000
16266,10.1037/t03212-000
16267,10.1037/t28297-000
16268,10.1037/t84578-000
16269,10.1037/t02317-000
16270,10.1037/t06861-000
16271,10.1037/t87635-000
16272,10.1037/t20669-000
16273,10.1037/t85882-000
16274,10.1037/t12604-000
16275,10.1037/t10837-000
16276,10.1037/t20753-000
16277,10.1037/t01165-000
16278,10.1037/t40623-000
16279,10.1037/t27670-000
16280,10.1037/t32285-000
16281,10.1037/t87255-000
16282,10.1037/t22734-000
16283,10.1037/t00703-000
16284,10.1037/t31408-000
16285,10.1037/t07985-000
16286,10.1037/t23058-000
16287,10.1037/t79872-000
16288,10.1037/t55739-000
16289,10.1037/t23145-000
16290,10.1037/t00822-000
16291,10.1037/t38778-000
16292,10.1037/t00938-000
16293,10.1037/t47874-000
16294,10.1037/t01012-000
16295,10.1037/t21172-000
16296,10.1037/t22846-000
16297,10.1037/t18219-000
16298,10.1037/t78126-000
16299,10.1037/t10054-000
16300,10.1037/t66958-000
16301,10.1037/t64571-000
16302,10.1037/t78962-000
16303,10.1037/t14283-000
16304,10.1037/t18966-000
16305,10.1037/t03087-000
16306,10.1037/t32179-000
16307,10.1037/t66567-000
16308,10.1037/t76425-000
16309,10.1037/t20283-000
16310,10.1037/t00967-000
16311,10.1037/t26413-000
16312,10.1037/t46070-000
16313,10.1037/t68449-000
16314,10.1037/t01120-000
16315,10.1037/t14048-000
16316,10.1037/t33453-000
16317,10.1037/t21255-000
16318,10.1037/t29892-000
16319,10.1037/t85629-000
16320,10.1037/t35062-000
16321,10.1037/t15996-000
16322,10.1037/t42229-000
16323,10.1037/t25560-000
16324,10.1037/t17251-000
16325,10.1037/t87787-000
16326,10.1037/t25605-000
16327,10.1037/t79227-000
16328,10.1037/t19085-000
16329,10.1037/t75996-000
16330,10.1037/t15090-000
16331,10.1037/t67752-000
16332,10.1037/t22708-000
16333,10.1037/t66844-000
16334,10.1037/t02728-000
16335,10.1037/t26265-000
16336,10.1037/t24130-000
16337,10.1037/t76353-000
16338,10.1037/t66647-000
16339,10.1037/t30558-000
16340,10.1037/t27015-000
16341,10.1037/t60687-000
16342,10.1037/t42990-000
16343,10.1037/t76473-000
16344,10.1037/t75976-000
16345,10.1037/t23402-000
16346,10.1037/t42021-000
16347,10.1037/t19305-000
16348,10.1037/t25788-000
16349,10.1037/t70772-000
16350,10.1037/t71475-000
16351,10.1037/t10992-000
16352,10.1037/t60818-000
16353,10.1037/t27214-000
16354,10.1037/t02560-000
16355,10.1037/t31609-000
16356,10.1037/t28918-000
16357,10.1037/t40221-000
16358,10.1037/t25012-000
16359,10.1037/t78198-000
16360,10.1037/t37599-000
16361,10.1037/t10996-000
16362,10.1037/t76845-000
16363,10.1037/t20722-000
16364,10.1037/t00847-000
16365,10.1037/t84304-000
16366,10.1037/t11713-000
16367,10.1037/t63277-000
16368,10.1037/t79213-000
16369,10.1037/t32562-000
16370,10.1037/t32305-000
16371,10.1037/t38569-000
16372,10.1037/t87737-000
16373,10.1037/t24795-000
16374,10.1037/t82056-000
16375,10.1037/t25585-000
16376,10.1037/t32712-000
16377,10.1037/t12266-000
16378,10.1037/t87474-000
16379,10.1037/t37957-000
16380,10.1037/t18319-000
16381,10.1037/t48448-000
16382,10.1037/t23390-000
16383,10.1037/t46811-000
16384,10.1037/t03810-000
16385,10.1037/t25191-000
16386,10.1037/t65470-000
16387,10.1037/t19480-000
16388,10.1037/t66242-000
16389,10.1037/t15737-000
16390,10.1037/t70091-000
16391,10.1037/t46738-000
16392,10.1037/t82063-000
16393,10.1037/t17519-000
16394,10.1037/t68873-000
16395,10.1037/t45478-000
16396,10.1037/t10745-000
16397,10.1037/t31204-000
16398,10.1037/t67534-000
16399,10.1037/t78846-000
16400,10.1037/t05282-000
16401,10.1037/t15955-000
16402,10.1037/t61836-000
16403,10.1037/t48450-000
16404,10.1037/t87532-000
16405,10.1037/t26075-000
16406,10.1037/t27290-000
16407,10.1037/t40260-000
16408,10.1037/t41112-000
16409,10.1037/t13234-000
16410,10.1037/t24351-000
16411,10.1037/t08081-000
16412,10.1037/t76271-000
16413,10.1037/t25502-000
16414,10.1037/t22853-000
16415,10.1037/t40989-000
16416,10.1037/t35671-000
16417,10.1037/t19631-000
16418,10.1037/t42391-000
16419,10.1037/t82461-000
16420,10.1037/t38308-000
16421,10.1037/t25540-000
16422,10.1037/t12853-000
16423,10.1037/t16211-000
16424,10.1037/t16552-000
16425,10.1037/t24535-000
16426,10.1037/t67743-000
16427,10.1037/t02011-000
16428,10.1037/t31916-000
16429,10.1037/t60585-000
16430,10.1037/t44747-000
16431,10.1037/t80919-000
16432,10.1037/t10227-000
16433,10.1037/t33414-000
16434,10.1037/t50227-000
16435,10.1037/t79686-000
16436,10.1037/t12549-000
16437,10.1037/t06226-000
16438,10.1037/t00697-000
16439,10.1037/t75905-000
16440,10.1037/t33474-000
16441,10.1037/t32070-000
16442,10.1037/t41414-000
16443,10.1037/t29350-000
16444,10.1037/t00889-000
16445,10.1037/t06135-000
16446,10.1037/t25629-000
16447,10.1037/t26726-000
16448,10.1037/t36439-000
16449,10.1037/t66628-000
16450,10.1037/t32908-000
16451,10.1037/t48637-000
16452,10.1037/t21262-000
16453,10.1037/t37736-000
16454,10.1037/t49044-000
16455,10.1037/t27799-000
16456,10.1037/t34306-000
16457,10.1037/t76056-000
16458,10.1037/t15674-000
16459,10.1037/t22454-000
16460,10.1037/t01288-000
16461,10.1037/t57605-000
16462,10.1037/t77934-000
16463,10.1037/t46747-000
16464,10.1037/t12437-000
16465,10.1037/t12082-000
16466,10.1037/t34077-000
16467,10.1037/t70239-000
16468,10.1037/t70450-000
16469,10.1037/t68505-000
16470,10.1037/t09210-000
16471,10.1037/t26928-000
16472,10.1037/t35558-000
16473,10.1037/t34475-000
16474,10.1037/t00359-000
16475,10.1037/t09477-000
16476,10.1037/t17935-000
16477,10.1037/t80477-000
16478,10.1037/t34893-000
16479,10.1037/t65869-000
16480,10.1037/t19950-000
16481,10.1037/t17738-000
16482,10.1037/t05414-000
16483,10.1037/t63529-000
16484,10.1037/t70898-000
16485,10.1037/t38199-000
16486,10.1037/t17292-000
16487,10.1037/t23000-000
16488,10.1037/t26387-000
16489,10.1037/t80176-000
16490,10.1037/t37986-000
16491,10.1037/t77559-000
16492,10.1037/t85116-000
16493,10.1037/t54941-000
16494,10.1037/t07964-000
16495,10.1037/t23776-000
16496,10.1037/t61030-000
16497,10.1037/t04006-000
16498,10.1037/t84199-000
16499,10.1037/t42241-000
16500,10.1037/t30689-000
16501,10.1037/t83338-000
16502,10.1037/t35689-000
16503,10.1037/t54673-000
16504,10.1037/t66990-000
16505,10.1037/t77700-000
16506,10.1037/t64589-000
16507,10.1037/t55742-000
16508,10.1037/t25221-000
16509,10.1037/t19682-000
16510,10.1037/t67816-000
16511,10.1037/t15505-000
16512,10.1037/t83692-000
16513,10.1037/t85503-000
16514,10.1037/t34342-000
16515,10.1037/t23328-000
16516,10.1037/t47190-000
16517,10.1037/t33410-000
16518,10.1037/t37217-000
16519,10.1037/t21539-000
16520,10.1037/t40834-000
16521,10.1037/t15982-000
16522,10.1037/t01011-000
16523,10.1037/t86500-000
16524,10.1037/t24234-000
16525,10.1037/t20529-000
16526,10.1037/t73215-000
16527,10.1037/t77192-000
16528,10.1037/t18783-000
16529,10.1037/t45351-000
16530,10.1037/t73048-000
16531,10.1037/t36762-000
16532,10.1037/t60627-000
16533,10.1037/t39204-000
16534,10.1037/t50562-000
16535,10.1037/t10183-000
16536,10.1037/t23789-000
16537,10.1037/t72624-000
16538,10.1037/t59322-000
16539,10.1037/t72323-000
16540,10.1037/t26682-000
16541,10.1037/t25470-000
16542,10.1037/t05030-000
16543,10.1037/t17781-000
16544,10.1037/t70122-000
16545,10.1037/t42226-000
16546,10.1037/t32857-000
16547,10.1037/t36535-000
16548,10.1037/t76137-000
16549,10.1037/t25375-000
16550,10.1037/t83300-000
16551,10.1037/t69611-000
16552,10.1037/t54149-000
16553,10.1037/t80867-000
16554,10.1037/t37680-000
16555,10.1037/t69134-000
16556,10.1037/t18364-000
16557,10.1037/t28960-000
16558,10.1037/t20668-000
16559,10.1037/t87884-000
16560,10.1037/t69305-000
16561,10.1037/t12561-000
16562,10.1037/t20759-000
16563,10.1037/t21752-000
16564,10.1037/t83410-000
16565,10.1037/t25558-000
16566,10.1037/t70770-000
16567,10.1037/t11339-000
16568,10.1037/t59673-000
16569,10.1037/t09649-000
16570,10.1037/t09278-000
16571,10.1037/t39940-000
16572,10.1037/t14245-000
16573,10.1037/t86628-000
16574,10.1037/t29974-000
16575,10.1037/t87609-000
16576,10.1037/t33404-000
16577,10.1037/t16851-000
16578,10.1037/t62605-000
16579,10.1037/t41809-000
16580,10.1037/t41251-000
16581,10.1037/t11779-000
16582,10.1037/t17456-000
16583,10.1037/t00152-000
16584,10.1037/t54140-000
16585,10.1037/t08714-000
16586,10.1037/t60358-000
16587,10.1037/t12289-000
16588,10.1037/t18535-000
16589,10.1037/t03621-000
16590,10.1037/t79924-000
16591,10.1037/t70379-000
16592,10.1037/t42936-000
16593,10.1037/t26284-000
16594,10.1037/t05937-000
16595,10.1037/t17053-000
16596,10.1037/t18898-000
16597,10.1037/t14195-000
16598,10.1037/t01743-000
16599,10.1037/t09809-000
16600,10.1037/t41586-000
16601,10.1037/t69449-000
16602,10.1037/t38092-000
16603,10.1037/t23006-000
16604,10.1037/t78395-000
16605,10.1037/t09214-000
16606,10.1037/t16795-000
16607,10.1037/t21109-000
16608,10.1037/t86038-000
16609,10.1037/t38714-000
16610,10.1037/t61190-000
16611,10.1037/t83069-000
16612,10.1037/t82882-000
16613,10.1037/t62616-000
16614,10.1037/t34940-000
16615,10.1037/t00498-000
16616,10.1037/t36560-000
16617,10.1037/t26352-000
16618,10.1037/t74966-000
16619,10.1037/t15285-000
16620,10.1037/t09502-000
16621,10.1037/t12735-000
16622,10.1037/t52594-000
16623,10.1037/t29331-000
16624,10.1037/t67490-000
16625,10.1037/t63220-000
16626,10.1037/t08055-000
16627,10.1037/t87057-000
16628,10.1037/t61307-000
16629,10.1037/t65194-000
16630,10.1037/t41430-000
16631,10.1037/t71196-000
16632,10.1037/t06947-000
16633,10.1037/t40122-000
16634,10.1037/t05927-000
16635,10.1037/t65783-000
16636,10.1037/t64418-000
16637,10.1037/t78890-000
16638,10.1037/t10711-000
16639,10.1037/t23652-000
16640,10.1037/t78902-000
16641,10.1037/t11365-000
16642,10.1037/t32027-000
16643,10.1037/t75812-000
16644,10.1037/t35150-000
16645,10.1037/t13332-000
16646,10.1037/t75466-000
16647,10.1037/t28898-000
16648,10.1037/t09284-000
16649,10.1037/t26353-000
16650,10.1037/t27480-000
16651,10.1037/t18515-000
16652,10.1037/t25261-000
16653,10.1037/t85928-000
16654,10.1037/t09506-000
16655,10.1037/t60535-000
16656,10.1037/t21712-000
16657,10.1037/t82870-000
16658,10.1037/t23364-000
16659,10.1037/t49288-000
16660,10.1037/t67800-000
16661,10.1037/t02906-000
16662,10.1037/t09483-000
16663,10.1037/t16494-000
16664,10.1037/t59772-000
16665,10.1037/t19970-000
16666,10.1037/t23613-000
16667,10.1037/t83561-000
16668,10.1037/t84542-000
16669,10.1037/t38297-000
16670,10.1037/t71059-000
16671,10.1037/t85914-000
16672,10.1037/t49829-000
16673,10.1037/t69335-000
16674,10.1037/t81879-000
16675,10.1037/t22308-000
16676,10.1037/t17853-000
16677,10.1037/t20387-000
16678,10.1037/t25625-000
16679,10.1037/t58114-000
16680,10.1037/t62551-000
16681,10.1037/t12699-000
16682,10.1037/t27993-000
16683,10.1037/t71613-000
16684,10.1037/t11269-000
16685,10.1037/t76167-000
16686,10.1037/t16038-000
16687,10.1037/t46094-000
16688,10.1037/t21265-000
16689,10.1037/t75231-000
16690,10.1037/t34468-000
16691,10.1037/t32835-000
16692,10.1037/t20200-000
16693,10.1037/t12368-000
16694,10.1037/t20208-000
16695,10.1037/t19144-000
16696,10.1037/t37008-000
16697,10.1037/t05434-000
16698,10.1037/t74607-000
16699,10.1037/t09640-000
16700,10.1037/t05156-000
16701,10.1037/t26411-000
16702,10.1037/t64661-000
16703,10.1037/t23278-000
16704,10.1037/t23875-000
16705,10.1037/t37765-000
16706,10.1037/t13964-000
16707,10.1037/t08899-000
16708,10.1037/t16234-000
16709,10.1037/t28140-000
16710,10.1037/t23866-000
16711,10.1037/t49392-000
16712,10.1037/t61650-000
16713,10.1037/t21863-000
16714,10.1037/t64438-000
16715,10.1037/t01656-000
16716,10.1037/t31690-000
16717,10.1037/t65942-000
16718,10.1037/t10584-000
16719,10.1037/t73474-000
16720,10.1037/t41422-000
16721,10.1037/t79622-000
16722,10.1037/t74678-000
16723,10.1037/t19987-000
16724,10.1037/t40726-000
16725,10.1037/t08368-000
16726,10.1037/t10105-000
16727,10.1037/t24163-000
16728,10.1037/t85770-000
16729,10.1037/t16925-000
16730,10.1037/t61177-000
16731,10.1037/t01891-000
16732,10.1037/t79106-000
16733,10.1037/t59878-000
16734,10.1037/t10488-000
16735,10.1037/t75037-000
16736,10.1037/t81016-000
16737,10.1037/t26587-000
16738,10.1037/t80618-000
16739,10.1037/t00692-000
16740,10.1037/t26267-000
16741,10.1037/t15915-000
16742,10.1037/t05306-000
16743,10.1037/t50806-000
16744,10.1037/t75965-000
16745,10.1037/t59055-000
16746,10.1037/t81825-000
16747,10.1037/t01341-000
16748,10.1037/t16824-000
16749,10.1037/t28739-000
16750,10.1037/t52798-000
16751,10.1037/t59745-000
16752,10.1037/t80213-000
16753,10.1037/t66634-000
16754,10.1037/t18072-000
16755,10.1037/t01202-000
16756,10.1037/t41664-000
16757,10.1037/t36306-000
16758,10.1037/t60076-000
16759,10.1037/t74896-000
16760,10.1037/t79439-000
16761,10.1037/t60746-000
16762,10.1037/t35776-000
16763,10.1037/t04570-000
16764,10.1037/t76012-000
16765,10.1037/t38067-000
16766,10.1037/t16727-000
16767,10.1037/t23116-000
16768,10.1037/t34269-000
16769,10.1037/t68737-000
16770,10.1037/t64107-000
16771,10.1037/t65602-000
16772,10.1037/t15802-000
16773,10.1037/t41373-000
16774,10.1037/t03155-000
16775,10.1037/t29532-000
16776,10.1037/t25945-000
16777,10.1037/t45168-000
16778,10.1037/t42026-000
16779,10.1037/t02914-000
16780,10.1037/t41551-000
16781,10.1037/t41559-000
16782,10.1037/t80804-000
16783,10.1037/t00501-000
16784,10.1037/t87379-000
16785,10.1037/t24518-000
16786,10.1037/t04100-000
16787,10.1037/t82567-000
16788,10.1037/t49040-000
16789,10.1037/t60519-000
16790,10.1037/t21230-000
16791,10.1037/t34222-000
16792,10.1037/t24946-000
16793,10.1037/t21826-000
16794,10.1037/t13365-000
16795,10.1037/t01016-000
16796,10.1037/t77043-000
16797,10.1037/t27696-000
16798,10.1037/t65838-000
16799,10.1037/t45663-000
16800,10.1037/t42792-000
16801,10.1037/t34948-000
16802,10.1037/t65386-000
16803,10.1037/t00458-000
16804,10.1037/t19951-000
16805,10.1037/t69469-000
16806,10.1037/t76857-000
16807,10.1037/t45119-000
16808,10.1037/t09862-000
16809,10.1037/t64845-000
16810,10.1037/t13570-000
16811,10.1037/t15346-000
16812,10.1037/t73206-000
16813,10.1037/t87491-000
16814,10.1037/t38069-000
16815,10.1037/t60285-000
16816,10.1037/t08210-000
16817,10.1037/t84327-000
16818,10.1037/t58340-000
16819,10.1037/t81945-000
16820,10.1037/t09167-000
16821,10.1037/t09825-000
16822,10.1037/t09991-000
16823,10.1037/t01886-000
16824,10.1037/t37916-000
16825,10.1037/t62810-000
16826,10.1037/t20386-000
16827,10.1037/t63244-000
16828,10.1037/t67187-000
16829,10.1037/t63136-000
16830,10.1037/t22759-000
16831,10.1037/t22005-000
16832,10.1037/t87746-000
16833,10.1037/t31101-000
16834,10.1037/t19367-000
16835,10.1037/t02576-000
16836,10.1037/t05141-000
16837,10.1037/t20307-000
16838,10.1037/t17293-000
16839,10.1037/t41023-000
16840,10.1037/t87246-000
16841,10.1037/t25190-000
16842,10.1037/t76491-000
16843,10.1037/t07979-000
16844,10.1037/t26561-000
16845,10.1037/t65787-000
16846,10.1037/t80719-000
16847,10.1037/t17606-000
16848,10.1037/t23764-000
16849,10.1037/t14310-000
16850,10.1037/t12630-000
16851,10.1037/t01748-000
16852,10.1037/t30781-000
16853,10.1037/t10040-000
16854,10.1037/t00779-000
16855,10.1037/t23050-000
16856,10.1037/t36120-000
16857,10.1037/t38474-000
16858,10.1037/t13417-000
16859,10.1037/t23903-000
16860,10.1037/t66432-000
16861,10.1037/t63815-000
16862,10.1037/t86174-000
16863,10.1037/t42162-000
16864,10.1037/t00995-000
16865,10.1037/t13725-000
16866,10.1037/t34764-000
16867,10.1037/t70322-000
16868,10.1037/t34630-000
16869,10.1037/t33551-000
16870,10.1037/t82673-000
16871,10.1037/t82955-000
16872,10.1037/t03097-000
16873,10.1037/t77750-000
16874,10.1037/t21162-000
16875,10.1037/t55199-000
16876,10.1037/t05359-000
16877,10.1037/t16950-000
16878,10.1037/t11850-000
16879,10.1037/t01905-000
16880,10.1037/t65023-000
16881,10.1037/t09023-000
16882,10.1037/t04222-000
16883,10.1037/t36545-000
16884,10.1037/t81009-000
16885,10.1037/t40687-000
16886,10.1037/t10417-000
16887,10.1037/t55743-000
16888,10.1037/t40473-000
16889,10.1037/t43945-000
16890,10.1037/t28337-000
16891,10.1037/t77676-000
16892,10.1037/t67926-000
16893,10.1037/t10778-000
16894,10.1037/t01026-000
16895,10.1037/t18005-000
16896,10.1037/t36510-000
16897,10.1037/t17568-000
16898,10.1037/t08001-000
16899,10.1037/t39600-000
16900,10.1037/t34178-000
16901,10.1037/t04259-000
16902,10.1037/t32325-000
16903,10.1037/t71981-000
16904,10.1037/t79355-000
16905,10.1037/t74978-000
16906,10.1037/t06927-000
16907,10.1037/t40517-000
16908,10.1037/t07341-000
16909,10.1037/t05373-000
16910,10.1037/t22178-000
16911,10.1037/t55845-000
16912,10.1037/t21951-000
16913,10.1037/t11716-000
16914,10.1037/t42545-000
16915,10.1037/t00356-000
16916,10.1037/t83190-000
16917,10.1037/t17099-000
16918,10.1037/t24872-000
16919,10.1037/t16582-000
16920,10.1037/t58489-000
16921,10.1037/t69608-000
16922,10.1037/t09092-000
16923,10.1037/t81587-000
16924,10.1037/t25593-000
16925,10.1037/t01745-000
16926,10.1037/t37185-000
16927,10.1037/t25333-000
16928,10.1037/t17911-000
16929,10.1037/t81724-000
16930,10.1037/t12221-000
16931,10.1037/t37177-000
16932,10.1037/t86334-000
16933,10.1037/t27738-000
16934,10.1037/t44936-000
16935,10.1037/t30164-000
16936,10.1037/t01989-000
16937,10.1037/t23599-000
16938,10.1037/t80376-000
16939,10.1037/t35140-000
16940,10.1037/t17111-000
16941,10.1037/t53766-000
16942,10.1037/t74915-000
16943,10.1037/t59224-000
16944,10.1037/t00235-000
16945,10.1037/t44021-000
16946,10.1037/t73281-000
16947,10.1037/t76253-000
16948,10.1037/t19488-000
16949,10.1037/t49889-000
16950,10.1037/t40428-000
16951,10.1037/t22764-000
16952,10.1037/t54554-000
16953,10.1037/t26196-000
16954,10.1037/t28005-000
16955,10.1037/t37032-000
16956,10.1037/t15874-000
16957,10.1037/t70456-000
16958,10.1037/t67274-000
16959,10.1037/t39770-000
16960,10.1037/t20908-000
16961,10.1037/t08747-000
16962,10.1037/t22300-000
16963,10.1037/t58531-000
16964,10.1037/t23306-000
16965,10.1037/t76688-000
16966,10.1037/t32624-000
16967,10.1037/t24841-000
16968,10.1037/t70710-000
16969,10.1037/t80981-000
16970,10.1037/t17530-000
16971,10.1037/t79195-000
16972,10.1037/t80239-000
16973,10.1037/t42234-000
16974,10.1037/t67630-000
16975,10.1037/t16968-000
16976,10.1037/t62245-000
16977,10.1037/t57840-000
16978,10.1037/t18655-000
16979,10.1037/t00757-000
16980,10.1037/t18488-000
16981,10.1037/t24865-000
16982,10.1037/t26756-000
16983,10.1037/t21614-000
16984,10.1037/t21283-000
16985,10.1037/t20409-000
16986,10.1037/t37268-000
16987,10.1037/t30875-000
16988,10.1037/t68996-000
16989,10.1037/t68448-000
16990,10.1037/t00650-000
16991,10.1037/t14213-000
16992,10.1037/t15741-000
16993,10.1037/t58541-000
16994,10.1037/t28209-000
16995,10.1037/t12654-000
16996,10.1037/t73891-000
16997,10.1037/t27454-000
16998,10.1037/t17870-000
16999,10.1037/t47007-000
17000,10.1037/t33439-000
17001,10.1037/t28359-000
17002,10.1037/t28549-000
17003,10.1037/t10064-000
17004,10.1037/t34583-000
17005,10.1037/t61658-000
17006,10.1037/t43336-000
17007,10.1037/t05403-000
17008,10.1037/t17679-000
17009,10.1037/t36766-000
17010,10.1037/t83479-000
17011,10.1037/t73284-000
17012,10.1037/t13029-000
17013,10.1037/t21047-000
17014,10.1037/t63829-000
17015,10.1037/t79011-000
17016,10.1037/t85496-000
17017,10.1037/t19972-000
17018,10.1037/t62974-000
17019,10.1037/t35492-000
17020,10.1037/t49268-000
17021,10.1037/t26252-000
17022,10.1037/t36997-000
17023,10.1037/t03500-000
17024,10.1037/t23786-000
17025,10.1037/t49770-000
17026,10.1037/t84799-000
17027,10.1037/t10041-000
17028,10.1037/t12403-000
17029,10.1037/t82845-000
17030,10.1037/t83736-000
17031,10.1037/t75106-000
17032,10.1037/t84822-000
17033,10.1037/t56421-000
17034,10.1037/t86696-000
17035,10.1037/t15068-000
17036,10.1037/t65959-000
17037,10.1037/t06054-000
17038,10.1037/t02735-000
17039,10.1037/t33997-000
17040,10.1037/t45533-000
17041,10.1037/t74897-000
17042,10.1037/t69753-000
17043,10.1037/t45547-000
17044,10.1037/t11367-000
17045,10.1037/t70387-000
17046,10.1037/t25275-000
17047,10.1037/t23221-000
17048,10.1037/t52502-000
17049,10.1037/t86347-000
17050,10.1037/t21310-000
17051,10.1037/t14355-000
17052,10.1037/t21860-000
17053,10.1037/t23065-000
17054,10.1037/t37002-000
17055,10.1037/t09096-000
17056,10.1037/t84041-000
17057,10.1037/t77405-000
17058,10.1037/t03165-000
17059,10.1037/t73332-000
17060,10.1037/t59130-000
17061,10.1037/t74698-000
17062,10.1037/t49106-000
17063,10.1037/t31864-000
17064,10.1037/t42115-000
17065,10.1037/t20102-000
17066,10.1037/t66470-000
17067,10.1037/t81402-000
17068,10.1037/t28156-000
17069,10.1037/t52456-000
17070,10.1037/t06243-000
17071,10.1037/t68248-000
17072,10.1037/t10762-000
17073,10.1037/t23739-000
17074,10.1037/t58705-000
17075,10.1037/t11431-000
17076,10.1037/t01506-000
17077,10.1037/t15451-000
17078,10.1037/t18339-000
17079,10.1037/t58095-000
17080,10.1037/t00351-000
17081,10.1037/t15034-000
17082,10.1037/t10047-000
17083,10.1037/t10077-000
17084,10.1037/t25025-000
17085,10.1037/t24218-000
17086,10.1037/t14276-000
17087,10.1037/t24538-000
17088,10.1037/t11951-000
17089,10.1037/t80897-000
17090,10.1037/t24931-000
17091,10.1037/t69911-000
17092,10.1037/t55846-000
17093,10.1037/t75847-000
17094,10.1037/t31788-000
17095,10.1037/t78880-000
17096,10.1037/t43645-000
17097,10.1037/t58644-000
17098,10.1037/t74323-000
17099,10.1037/t33611-000
17100,10.1037/t33362-000
17101,10.1037/t24074-000
17102,10.1037/t85694-000
17103,10.1037/t06639-000
17104,10.1037/t81216-000
17105,10.1037/t08683-000
17106,10.1037/t57885-000
17107,10.1037/t64288-000
17108,10.1037/t68276-000
17109,10.1037/t85072-000
17110,10.1037/t40030-000
17111,10.1037/t14880-000
17112,10.1037/t68078-000
17113,10.1037/t49436-000
17114,10.1037/t13677-000
17115,10.1037/t25554-000
17116,10.1037/t44729-000
17117,10.1037/t11443-000
17118,10.1037/t57742-000
17119,10.1037/t59586-000
17120,10.1037/t29293-000
17121,10.1037/t17482-000
17122,10.1037/t31448-000
17123,10.1037/t23378-000
17124,10.1037/t46686-000
17125,10.1037/t54298-000
17126,10.1037/t36917-000
17127,10.1037/t38417-000
17128,10.1037/t40895-000
17129,10.1037/t76350-000
17130,10.1037/t32093-000
17131,10.1037/t32974-000
17132,10.1037/t41405-000
17133,10.1037/t10078-000
17134,10.1037/t21024-000
17135,10.1037/t81404-000
17136,10.1037/t33851-000
17137,10.1037/t52460-000
17138,10.1037/t80997-000
17139,10.1037/t26328-000
17140,10.1037/t70073-000
17141,10.1037/t37999-000
17142,10.1037/t20000-000
17143,10.1037/t33927-000
17144,10.1037/t03321-000
17145,10.1037/t70058-000
17146,10.1037/t21884-000
17147,10.1037/t61730-000
17148,10.1037/t84208-000
17149,10.1037/t67312-000
17150,10.1037/t01836-000
17151,10.1037/t03386-000
17152,10.1037/t67956-000
17153,10.1037/t28947-000
17154,10.1037/t21656-000
17155,10.1037/t70208-000
17156,10.1037/t03666-000
17157,10.1037/t64695-000
17158,10.1037/t00012-000
17159,10.1037/t15637-000
17160,10.1037/t27926-000
17161,10.1037/t79186-000
17162,10.1037/t66253-000
17163,10.1037/t75535-000
17164,10.1037/t36281-000
17165,10.1037/t10231-000
17166,10.1037/t22397-000
17167,10.1037/t83339-000
17168,10.1037/t42117-000
17169,10.1037/t20748-000
17170,10.1037/t19489-000
17171,10.1037/t39088-000
17172,10.1037/t23060-000
17173,10.1037/t11817-000
17174,10.1037/t53846-000
17175,10.1037/t00370-000
17176,10.1037/t04843-000
17177,10.1037/t67336-000
17178,10.1037/t23861-000
17179,10.1037/t50565-000
17180,10.1037/t80848-000
17181,10.1037/t34053-000
17182,10.1037/t60031-000
17183,10.1037/t82609-000
17184,10.1037/t20537-000
17185,10.1037/t16475-000
17186,10.1037/t04917-000
17187,10.1037/t01186-000
17188,10.1037/t25627-000
17189,10.1037/t05761-000
17190,10.1037/t39914-000
17191,10.1037/t07819-000
17192,10.1037/t64403-000
17193,10.1037/t25735-000
17194,10.1037/t58851-000
17195,10.1037/t49786-000
17196,10.1037/t83266-000
17197,10.1037/t68691-000
17198,10.1037/t15292-000
17199,10.1037/t79144-000
17200,10.1037/t58052-000
17201,10.1037/t84023-000
17202,10.1037/t03637-000
17203,10.1037/t73504-000
17204,10.1037/t29928-000
17205,10.1037/t27432-000
17206,10.1037/t13697-000
17207,10.1037/t84525-000
17208,10.1037/t52008-000
17209,10.1037/t42126-000
17210,10.1037/t12048-000
17211,10.1037/t25929-000
17212,10.1037/t31843-000
17213,10.1037/t31632-000
17214,10.1037/t58614-000
17215,10.1037/t21427-000
17216,10.1037/t65731-000
17217,10.1037/t61329-000
17218,10.1037/t86684-000
17219,10.1037/t09224-000
17220,10.1037/t21978-000
17221,10.1037/t15553-000
17222,10.1037/t83993-000
17223,10.1037/t24556-000
17224,10.1037/t84100-000
17225,10.1037/t47125-000
17226,10.1037/t16477-000
17227,10.1037/t21043-000
17228,10.1037/t44275-000
17229,10.1037/t39203-000
17230,10.1037/t53577-000
17231,10.1037/t68464-000
17232,10.1037/t22207-000
17233,10.1037/t26534-000
17234,10.1037/t74382-000
17235,10.1037/t74890-000
17236,10.1037/t38333-000
17237,10.1037/t30325-000
17238,10.1037/t41431-000
17239,10.1037/t63138-000
17240,10.1037/t08701-000
17241,10.1037/t86979-000
17242,10.1037/t13168-000
17243,10.1037/t16724-000
17244,10.1037/t14503-000
17245,10.1037/t39979-000
17246,10.1037/t41961-000
17247,10.1037/t00090-000
17248,10.1037/t22404-000
17249,10.1037/t13823-000
17250,10.1037/t11958-000
17251,10.1037/t08184-000
17252,10.1037/t71505-000
17253,10.1037/t63100-000
17254,10.1037/t82576-000
17255,10.1037/t36895-000
17256,10.1037/t13596-000
17257,10.1037/t65300-000
17258,10.1037/t28865-000
17259,10.1037/t84442-000
17260,10.1037/t59658-000
17261,10.1037/t53791-000
17262,10.1037/t80780-000
17263,10.1037/t56377-000
17264,10.1037/t03551-000
17265,10.1037/t15668-000
17266,10.1037/t05790-000
17267,10.1037/t64337-000
17268,10.1037/t24231-000
17269,10.1037/t04508-000
17270,10.1037/t12752-000
17271,10.1037/t63394-000
17272,10.1037/t79344-000
17273,10.1037/t34150-000
17274,10.1037/t66521-000
17275,10.1037/t17830-000
17276,10.1037/t66237-000
17277,10.1037/t21415-000
17278,10.1037/t55608-000
17279,10.1037/t43335-000
17280,10.1037/t49371-000
17281,10.1037/t14877-000
17282,10.1037/t13815-000
17283,10.1037/t20054-000
17284,10.1037/t46443-000
17285,10.1037/t71142-000
17286,10.1037/t81178-000
17287,10.1037/t06718-000
17288,10.1037/t15243-000
17289,10.1037/t28863-000
17290,10.1037/t06206-000
17291,10.1037/t35093-000
17292,10.1037/t75375-000
17293,10.1037/t05696-000
17294,10.1037/t23774-000
17295,10.1037/t39943-000
17296,10.1037/t75427-000
17297,10.1037/t06107-000
17298,10.1037/t04289-000
17299,10.1037/t06822-000
17300,10.1037/t62764-000
17301,10.1037/t37737-000
17302,10.1037/t59589-000
17303,10.1037/t65620-000
17304,10.1037/t42699-000
17305,10.1037/t20436-000
17306,10.1037/t22712-000
17307,10.1037/t32191-000
17308,10.1037/t22209-000
17309,10.1037/t08670-000
17310,10.1037/t28023-000
17311,10.1037/t12311-000
17312,10.1037/t62217-000
17313,10.1037/t09368-000
17314,10.1037/t23515-000
17315,10.1037/t01568-000
17316,10.1037/t13701-000
17317,10.1037/t40752-000
17318,10.1037/t00137-000
17319,10.1037/t13609-000
17320,10.1037/t20899-000
17321,10.1037/t17299-000
17322,10.1037/t84267-000
17323,10.1037/t35194-000
17324,10.1037/t80865-000
17325,10.1037/t69527-000
17326,10.1037/t02530-000
17327,10.1037/t51791-000
17328,10.1037/t65073-000
17329,10.1037/t21887-000
17330,10.1037/t83133-000
17331,10.1037/t32200-000
17332,10.1037/t21541-000
17333,10.1037/t24365-000
17334,10.1037/t71746-000
17335,10.1037/t41367-000
17336,10.1037/t38228-000
17337,10.1037/t71049-000
17338,10.1037/t22896-000
17339,10.1037/t08226-000
17340,10.1037/t03465-000
17341,10.1037/t65007-000
17342,10.1037/t10145-000
17343,10.1037/t45884-000
17344,10.1037/t22153-000
17345,10.1037/t61026-000
17346,10.1037/t45237-000
17347,10.1037/t47727-000
17348,10.1037/t18397-000
17349,10.1037/t77885-000
17350,10.1037/t60074-000
17351,10.1037/t09501-000
17352,10.1037/t09474-000
17353,10.1037/t80711-000
17354,10.1037/t75850-000
17355,10.1037/t27482-000
17356,10.1037/t66182-000
17357,10.1037/t48432-000
17358,10.1037/t50931-000
17359,10.1037/t26681-000
17360,10.1037/t73150-000
17361,10.1037/t50265-000
17362,10.1037/t76488-000
17363,10.1037/t79507-000
17364,10.1037/t04506-000
17365,10.1037/t41981-000
17366,10.1037/t72618-000
17367,10.1037/t47027-000
17368,10.1037/t01213-000
17369,10.1037/t29873-000
17370,10.1037/t16258-000
17371,10.1037/t21912-000
17372,10.1037/t37828-000
17373,10.1037/t66271-000
17374,10.1037/t63005-000
17375,10.1037/t80744-000
17376,10.1037/t27026-000
17377,10.1037/t36768-000
17378,10.1037/t13087-000
17379,10.1037/t61380-000
17380,10.1037/t00299-000
17381,10.1037/t43202-000
17382,10.1037/t57818-000
17383,10.1037/t08108-000
17384,10.1037/t41046-000
17385,10.1037/t33728-000
17386,10.1037/t25174-000
17387,10.1037/t15840-000
17388,10.1037/t86878-000
17389,10.1037/t62415-000
17390,10.1037/t87538-000
17391,10.1037/t84849-000
17392,10.1037/t40835-000
17393,10.1037/t33900-000
17394,10.1037/t08754-000
17395,10.1037/t21480-000
17396,10.1037/t26416-000
17397,10.1037/t21967-000
17398,10.1037/t28504-000
17399,10.1037/t08351-000
17400,10.1037/t41015-000
17401,10.1037/t84724-000
17402,10.1037/t12877-000
17403,10.1037/t76051-000
17404,10.1037/t65556-000
17405,10.1037/t77319-000
17406,10.1037/t50192-000
17407,10.1037/t11520-000
17408,10.1037/t01779-000
17409,10.1037/t34476-000
17410,10.1037/t50851-000
17411,10.1037/t03801-000
17412,10.1037/t25619-000
17413,10.1037/t71967-000
17414,10.1037/t65505-000
17415,10.1037/t61789-000
17416,10.1037/t84651-000
17417,10.1037/t17112-000
17418,10.1037/t25192-000
17419,10.1037/t73005-000
17420,10.1037/t80002-000
17421,10.1037/t10084-000
17422,10.1037/t40227-000
17423,10.1037/t44710-000
17424,10.1037/t16461-000
17425,10.1037/t85294-000
17426,10.1037/t59024-000
17427,10.1037/t75377-000
17428,10.1037/t41173-000
17429,10.1037/t59015-000
17430,10.1037/t00643-000
17431,10.1037/t15218-000
17432,10.1037/t37655-000
17433,10.1037/t48104-000
17434,10.1037/t18047-000
17435,10.1037/t38015-000
17436,10.1037/t21673-000
17437,10.1037/t16564-000
17438,10.1037/t74057-000
17439,10.1037/t04296-000
17440,10.1037/t59880-000
17441,10.1037/t86073-000
17442,10.1037/t15002-000
17443,10.1037/t26351-000
17444,10.1037/t85912-000
17445,10.1037/t41976-000
17446,10.1037/t83872-000
17447,10.1037/t82833-000
17448,10.1037/t75647-000
17449,10.1037/t31607-000
17450,10.1037/t36400-000
17451,10.1037/t48347-000
17452,10.1037/t46329-000
17453,10.1037/t47813-000
17454,10.1037/t35953-000
17455,10.1037/t22212-000
17456,10.1037/t74261-000
17457,10.1037/t64371-000
17458,10.1037/t27186-000
17459,10.1037/t18006-000
17460,10.1037/t60496-000
17461,10.1037/t23770-000
17462,10.1037/t87724-000
17463,10.1037/t26938-000
17464,10.1037/t70874-000
17465,10.1037/t65728-000
17466,10.1037/t47962-000
17467,10.1037/t38783-000
17468,10.1037/t01158-000
17469,10.1037/t82425-000
17470,10.1037/t19095-000
17471,10.1037/t48550-000
17472,10.1037/t27416-000
17473,10.1037/t85674-000
17474,10.1037/t39380-000
17475,10.1037/t20066-000
17476,10.1037/t20881-000
17477,10.1037/t04566-000
17478,10.1037/t21892-000
17479,10.1037/t74039-000
17480,10.1037/t33473-000
17481,10.1037/t39945-000
17482,10.1037/t53055-000
17483,10.1037/t77193-000
17484,10.1037/t68430-000
17485,10.1037/t85847-000
17486,10.1037/t25836-000
17487,10.1037/t33665-000
17488,10.1037/t69504-000
17489,10.1037/t30496-000
17490,10.1037/t35125-000
17491,10.1037/t24794-000
17492,10.1037/t36996-000
17493,10.1037/t08707-000
17494,10.1037/t10495-000
17495,10.1037/t25316-000
17496,10.1037/t59429-000
17497,10.1037/t17874-000
17498,10.1037/t68374-000
17499,10.1037/t28102-000
17500,10.1037/t25675-000
17501,10.1037/t22525-000
17502,10.1037/t65072-000
17503,10.1037/t44277-000
17504,10.1037/t16247-000
17505,10.1037/t83076-000
17506,10.1037/t01317-000
17507,10.1037/t37044-000
17508,10.1037/t08925-000
17509,10.1037/t16232-000
17510,10.1037/t52380-000
17511,10.1037/t60916-000
17512,10.1037/t84053-000
17513,10.1037/t08666-000
17514,10.1037/t85552-000
17515,10.1037/t47414-000
17516,10.1037/t62132-000
17517,10.1037/t55745-000
17518,10.1037/t73879-000
17519,10.1037/t34942-000
17520,10.1037/t54127-000
17521,10.1037/t77717-000
17522,10.1037/t80450-000
17523,10.1037/t15242-000
17524,10.1037/t14398-000
17525,10.1037/t82146-000
17526,10.1037/t32349-000
17527,10.1037/t44459-000
17528,10.1037/t03882-000
17529,10.1037/t33787-000
17530,10.1037/t58245-000
17531,10.1037/t18093-000
17532,10.1037/t35222-000
17533,10.1037/t19512-000
17534,10.1037/t35855-000
17535,10.1037/t85410-000
17536,10.1037/t77283-000
17537,10.1037/t40403-000
17538,10.1037/t20949-000
17539,10.1037/t60102-000
17540,10.1037/t15909-000
17541,10.1037/t78570-000
17542,10.1037/t18562-000
17543,10.1037/t22748-000
17544,10.1037/t11129-000
17545,10.1037/t43433-000
17546,10.1037/t77032-000
17547,10.1037/t00632-000
17548,10.1037/t08667-000
17549,10.1037/t59039-000
17550,10.1037/t33526-000
17551,10.1037/t20676-000
17552,10.1037/t69969-000
17553,10.1037/t00079-000
17554,10.1037/t13119-000
17555,10.1037/t82268-000
17556,10.1037/t03474-000
17557,10.1037/t17994-000
17558,10.1037/t19876-000
17559,10.1037/t44993-000
17560,10.1037/t33727-000
17561,10.1037/t52558-000
17562,10.1037/t86475-000
17563,10.1037/t63275-000
17564,10.1037/t37571-000
17565,10.1037/t65736-000
17566,10.1037/t03747-000
17567,10.1037/t00324-000
17568,10.1037/t62497-000
17569,10.1037/t87529-000
17570,10.1037/t39614-000
17571,10.1037/t23588-000
17572,10.1037/t84652-000
17573,10.1037/t01822-000
17574,10.1037/t18820-000
17575,10.1037/t17579-000
17576,10.1037/t69576-000
17577,10.1037/t12329-000
17578,10.1037/t22152-000
17579,10.1037/t75669-000
17580,10.1037/t05381-000
17581,10.1037/t17169-000
17582,10.1037/t07626-000
17583,10.1037/t01862-000
17584,10.1037/t71394-000
17585,10.1037/t43620-000
17586,10.1037/t27257-000
17587,10.1037/t68010-000
17588,10.1037/t21292-000
17589,10.1037/t66560-000
17590,10.1037/t37801-000
17591,10.1037/t30058-000
17592,10.1037/t81454-000
17593,10.1037/t22849-000
17594,10.1037/t23788-000
17595,10.1037/t19903-000
17596,10.1037/t46077-000
17597,10.1037/t46445-000
17598,10.1037/t14038-000
17599,10.1037/t49555-000
17600,10.1037/t20334-000
17601,10.1037/t36049-000
17602,10.1037/t36188-000
17603,10.1037/t00445-000
17604,10.1037/t22130-000
17605,10.1037/t38651-000
17606,10.1037/t38371-000
17607,10.1037/t70667-000
17608,10.1037/t14928-000
17609,10.1037/t62913-000
17610,10.1037/t85279-000
17611,10.1037/t00994-000
17612,10.1037/t64289-000
17613,10.1037/t71990-000
17614,10.1037/t77153-000
17615,10.1037/t32659-000
17616,10.1037/t28814-000
17617,10.1037/t39869-000
17618,10.1037/t50571-000
17619,10.1037/t26059-000
17620,10.1037/t79671-000
17621,10.1037/t58514-000
17622,10.1037/t58229-000
17623,10.1037/t76523-000
17624,10.1037/t33904-000
17625,10.1037/t86713-000
17626,10.1037/t78160-000
17627,10.1037/t00442-000
17628,10.1037/t64990-000
17629,10.1037/t21713-000
17630,10.1037/t22710-000
17631,10.1037/t28379-000
17632,10.1037/t23209-000
17633,10.1037/t11555-000
17634,10.1037/t49305-000
17635,10.1037/t01534-000
17636,10.1037/t85463-000
17637,10.1037/t20663-000
17638,10.1037/t14139-000
17639,10.1037/t46758-000
17640,10.1037/t19904-000
17641,10.1037/t54147-000
17642,10.1037/t32105-000
17643,10.1037/t77422-000
17644,10.1037/t70440-000
17645,10.1037/t70243-000
17646,10.1037/t39193-000
17647,10.1037/t08283-000
17648,10.1037/t58971-000
17649,10.1037/t28995-000
17650,10.1037/t58763-000
17651,10.1037/t13236-000
17652,10.1037/t13444-000
17653,10.1037/t57821-000
17654,10.1037/t10323-000
17655,10.1037/t77335-000
17656,10.1037/t18855-000
17657,10.1037/t44446-000
17658,10.1037/t08571-000
17659,10.1037/t39322-000
17660,10.1037/t83486-000
17661,10.1037/t16776-000
17662,10.1037/t65191-000
17663,10.1037/t34183-000
17664,10.1037/t41415-000
17665,10.1037/t26783-000
17666,10.1037/t10382-000
17667,10.1037/t43827-000
17668,10.1037/t31667-000
17669,10.1037/t78294-000
17670,10.1037/t81481-000
17671,10.1037/t81744-000
17672,10.1037/t00894-000
17673,10.1037/t15770-000
17674,10.1037/t00780-000
17675,10.1037/t01485-000
17676,10.1037/t21141-000
17677,10.1037/t79291-000
17678,10.1037/t20939-000
17679,10.1037/t04251-000
17680,10.1037/t10588-000
17681,10.1037/t31493-000
17682,10.1037/t85281-000
17683,10.1037/t19921-000
17684,10.1037/t03102-000
17685,10.1037/t17850-000
17686,10.1037/t84827-000
17687,10.1037/t63538-000
17688,10.1037/t10656-000
17689,10.1037/t12633-000
17690,10.1037/t02531-000
17691,10.1037/t00950-000
17692,10.1037/t00135-000
17693,10.1037/t08879-000
17694,10.1037/t11932-000
17695,10.1037/t28731-000
17696,10.1037/t38336-000
17697,10.1037/t69482-000
17698,10.1037/t36201-000
17699,10.1037/t85793-000
17700,10.1037/t22747-000
17701,10.1037/t63556-000
17702,10.1037/t23371-000
17703,10.1037/t00084-000
17704,10.1037/t58230-000
17705,10.1037/t24983-000
17706,10.1037/t24004-000
17707,10.1037/t79670-000
17708,10.1037/t24072-000
17709,10.1037/t41625-000
17710,10.1037/t25755-000
17711,10.1037/t67747-000
17712,10.1037/t15592-000
17713,10.1037/t86148-000
17714,10.1037/t04693-000
17715,10.1037/t32618-000
17716,10.1037/t03137-000
17717,10.1037/t55320-000
17718,10.1037/t32725-000
17719,10.1037/t82326-000
17720,10.1037/t84156-000
17721,10.1037/t83493-000
17722,10.1037/t10784-000
17723,10.1037/t82506-000
17724,10.1037/t48881-000
17725,10.1037/t70845-000
17726,10.1037/t13395-000
17727,10.1037/t32494-000
17728,10.1037/t23119-000
17729,10.1037/t31229-000
17730,10.1037/t19220-000
17731,10.1037/t12387-000
17732,10.1037/t59640-000
17733,10.1037/t61037-000
17734,10.1037/t09971-000
17735,10.1037/t82820-000
17736,10.1037/t81967-000
17737,10.1037/t09954-000
17738,10.1037/t18880-000
17739,10.1037/t40520-000
17740,10.1037/t63575-000
17741,10.1037/t41594-000
17742,10.1037/t41745-000
17743,10.1037/t18316-000
17744,10.1037/t45182-000
17745,10.1037/t77794-000
17746,10.1037/t40909-000
17747,10.1037/t35306-000
17748,10.1037/t17163-000
17749,10.1037/t42019-000
17750,10.1037/t03852-000
17751,10.1037/t25257-000
17752,10.1037/t26541-000
17753,10.1037/t14031-000
17754,10.1037/t20479-000
17755,10.1037/t24745-000
17756,10.1037/t15815-000
17757,10.1037/t29885-000
17758,10.1037/t46058-000
17759,10.1037/t69363-000
17760,10.1037/t67083-000
17761,10.1037/t68034-000
17762,10.1037/t39669-000
17763,10.1037/t18967-000
17764,10.1037/t31435-000
17765,10.1037/t42011-000
17766,10.1037/t82623-000
17767,10.1037/t43712-000
17768,10.1037/t75582-000
17769,10.1037/t66219-000
17770,10.1037/t06032-000
17771,10.1037/t32905-000
17772,10.1037/t23046-000
17773,10.1037/t17202-000
17774,10.1037/t34149-000
17775,10.1037/t36311-000
17776,10.1037/t48479-000
17777,10.1037/t38603-000
17778,10.1037/t63888-000
17779,10.1037/t82554-000
17780,10.1037/t10582-000
17781,10.1037/t31626-000
17782,10.1037/t00734-000
17783,10.1037/t07775-000
17784,10.1037/t68462-000
17785,10.1037/t33057-000
17786,10.1037/t24469-000
17787,10.1037/t77899-000
17788,10.1037/t60012-000
17789,10.1037/t43170-000
17790,10.1037/t39855-000
17791,10.1037/t13782-000
17792,10.1037/t44738-000
17793,10.1037/t17894-000
17794,10.1037/t58496-000
17795,10.1037/t06521-000
17796,10.1037/t42848-000
17797,10.1037/t22993-000
17798,10.1037/t22090-000
17799,10.1037/t62344-000
17800,10.1037/t47463-000
17801,10.1037/t75825-000
17802,10.1037/t42417-000
17803,10.1037/t77869-000
17804,10.1037/t24688-000
17805,10.1037/t31629-000
17806,10.1037/t22036-000
17807,10.1037/t10159-000
17808,10.1037/t79038-000
17809,10.1037/t40503-000
17810,10.1037/t12235-000
17811,10.1037/t76186-000
17812,10.1037/t33573-000
17813,10.1037/t24151-000
17814,10.1037/t45228-000
17815,10.1037/t22393-000
17816,10.1037/t76826-000
17817,10.1037/t30078-000
17818,10.1037/t58193-000
17819,10.1037/t78623-000
17820,10.1037/t48919-000
17821,10.1037/t11228-000
17822,10.1037/t15967-000
17823,10.1037/t23910-000
17824,10.1037/t19026-000
17825,10.1037/t62475-000
17826,10.1037/t10734-000
17827,10.1037/t17730-000
17828,10.1037/t13990-000
17829,10.1037/t79916-000
17830,10.1037/t14151-000
17831,10.1037/t60182-000
17832,10.1037/t45217-000
17833,10.1037/t80823-000
17834,10.1037/t74169-000
17835,10.1037/t41614-000
17836,10.1037/t25226-000
17837,10.1037/t44049-000
17838,10.1037/t21381-000
17839,10.1037/t19439-000
17840,10.1037/t28139-000
17841,10.1037/t19881-000
17842,10.1037/t41445-000
17843,10.1037/t12174-000
17844,10.1037/t27291-000
17845,10.1037/t33113-000
17846,10.1037/t14582-000
17847,10.1037/t49321-000
17848,10.1037/t28720-000
17849,10.1037/t53686-000
17850,10.1037/t16040-000
17851,10.1037/t43694-000
17852,10.1037/t32137-000
17853,10.1037/t48197-000
17854,10.1037/t39598-000
17855,10.1037/t10143-000
17856,10.1037/t03640-000
17857,10.1037/t25351-000
17858,10.1037/t61501-000
17859,10.1037/t84885-000
17860,10.1037/t28907-000
17861,10.1037/t63539-000
17862,10.1037/t17643-000
17863,10.1037/t33040-000
17864,10.1037/t08863-000
17865,10.1037/t67531-000
17866,10.1037/t78982-000
17867,10.1037/t03669-000
17868,10.1037/t65997-000
17869,10.1037/t23641-000
17870,10.1037/t09696-000
17871,10.1037/t48963-000
17872,10.1037/t75297-000
17873,10.1037/t20653-000
17874,10.1037/t31618-000
17875,10.1037/t85387-000
17876,10.1037/t66977-000
17877,10.1037/t07121-000
17878,10.1037/t22038-000
17879,10.1037/t22157-000
17880,10.1037/t80650-000
17881,10.1037/t29977-000
17882,10.1037/t34172-000
17883,10.1037/t48109-000
17884,10.1037/t35854-000
17885,10.1037/t10091-000
17886,10.1037/t84461-000
17887,10.1037/t24711-000
17888,10.1037/t21559-000
17889,10.1037/t22679-000
17890,10.1037/t24252-000
17891,10.1037/t00965-000
17892,10.1037/t18553-000
17893,10.1037/t30296-000
17894,10.1037/t84985-000
17895,10.1037/t25655-000
17896,10.1037/t78463-000
17897,10.1037/t38860-000
17898,10.1037/t03000-000
17899,10.1037/t25583-000
17900,10.1037/t13006-000
17901,10.1037/t64101-000
17902,10.1037/t20535-000
17903,10.1037/t12041-000
17904,10.1037/t31567-000
17905,10.1037/t86825-000
17906,10.1037/t18441-000
17907,10.1037/t21429-000
17908,10.1037/t09955-000
17909,10.1037/t85989-000
17910,10.1037/t64616-000
17911,10.1037/t84204-000
17912,10.1037/t73196-000
17913,10.1037/t34523-000
17914,10.1037/t19749-000
17915,10.1037/t66323-000
17916,10.1037/t16684-000
17917,10.1037/t58954-000
17918,10.1037/t81195-000
17919,10.1037/t48160-000
17920,10.1037/t54888-000
17921,10.1037/t22735-000
17922,10.1037/t81784-000
17923,10.1037/t27033-000
17924,10.1037/t60357-000
17925,10.1037/t65797-000
17926,10.1037/t42370-000
17927,10.1037/t02727-000
17928,10.1037/t01621-000
17929,10.1037/t85400-000
17930,10.1037/t87148-000
17931,10.1037/t25959-000
17932,10.1037/t22588-000
17933,10.1037/t54016-000
17934,10.1037/t39140-000
17935,10.1037/t79177-000
17936,10.1037/t08557-000
17937,10.1037/t39668-000
17938,10.1037/t26393-000
17939,10.1037/t85481-000
17940,10.1037/t25249-000
17941,10.1037/t52151-000
17942,10.1037/t53376-000
17943,10.1037/t84502-000
17944,10.1037/t48222-000
17945,10.1037/t17321-000
17946,10.1037/t33367-000
17947,10.1037/t17585-000
17948,10.1037/t21722-000
17949,10.1037/t15612-000
17950,10.1037/t28966-000
17951,10.1037/t75476-000
17952,10.1037/t21211-000
17953,10.1037/t17976-000
17954,10.1037/t77000-000
17955,10.1037/t37791-000
17956,10.1037/t71461-000
17957,10.1037/t24212-000
17958,10.1037/t61788-000
17959,10.1037/t26948-000
17960,10.1037/t14505-000
17961,10.1037/t78905-000
17962,10.1037/t14406-000
17963,10.1037/t33616-000
17964,10.1037/t34410-000
17965,10.1037/t40203-000
17966,10.1037/t22463-000
17967,10.1037/t09721-000
17968,10.1037/t18396-000
17969,10.1037/t83372-000
17970,10.1037/t08986-000
17971,10.1037/t21369-000
17972,10.1037/t44001-000
17973,10.1037/t14199-000
17974,10.1037/t05998-000
17975,10.1037/t42732-000
17976,10.1037/t39897-000
17977,10.1037/t25036-000
17978,10.1037/t02419-000
17979,10.1037/t15490-000
17980,10.1037/t42785-000
17981,10.1037/t17963-000
17982,10.1037/t17208-000
17983,10.1037/t23166-000
17984,10.1037/t39682-000
17985,10.1037/t14955-000
17986,10.1037/t58072-000
17987,10.1037/t62068-000
17988,10.1037/t27378-000
17989,10.1037/t33062-000
17990,10.1037/t40402-000
17991,10.1037/t19685-000
17992,10.1037/t20101-000
17993,10.1037/t28992-000
17994,10.1037/t59086-000
17995,10.1037/t76291-000
17996,10.1037/t74415-000
17997,10.1037/t17810-000
17998,10.1037/t36948-000
17999,10.1037/t07990-000
18000,10.1037/t62111-000
18001,10.1037/t24182-000
18002,10.1037/t25083-000
18003,10.1037/t66672-000
18004,10.1037/t61256-000
18005,10.1037/t75220-000
18006,10.1037/t36111-000
18007,10.1037/t50386-000
18008,10.1037/t30784-000
18009,10.1037/t34575-000
18010,10.1037/t00816-000
18011,10.1037/t85287-000
18012,10.1037/t46405-000
18013,10.1037/t13970-000
18014,10.1037/t12166-000
18015,10.1037/t41504-000
18016,10.1037/t12742-000
18017,10.1037/t73501-000
18018,10.1037/t77594-000
18019,10.1037/t54120-000
18020,10.1037/t12160-000
18021,10.1037/t25056-000
18022,10.1037/t19216-000
18023,10.1037/t83670-000
18024,10.1037/t23583-000
18025,10.1037/t44926-000
18026,10.1037/t40645-000
18027,10.1037/t51538-000
18028,10.1037/t17499-000
18029,10.1037/t25841-000
18030,10.1037/t34409-000
18031,10.1037/t16862-000
18032,10.1037/t83729-000
18033,10.1037/t09281-000
18034,10.1037/t33956-000
18035,10.1037/t14471-000
18036,10.1037/t58020-000
18037,10.1037/t09738-000
18038,10.1037/t22801-000
18039,10.1037/t60177-000
18040,10.1037/t20384-000
18041,10.1037/t71528-000
18042,10.1037/t74940-000
18043,10.1037/t62198-000
18044,10.1037/t37939-000
18045,10.1037/t64118-000
18046,10.1037/t19345-000
18047,10.1037/t86898-000
18048,10.1037/t79845-000
18049,10.1037/t10707-000
18050,10.1037/t05037-000
18051,10.1037/t75744-000
18052,10.1037/t49157-000
18053,10.1037/t12525-000
18054,10.1037/t18182-000
18055,10.1037/t32248-000
18056,10.1037/t23699-000
18057,10.1037/t21163-000
18058,10.1037/t73616-000
18059,10.1037/t10988-000
18060,10.1037/t70673-000
18061,10.1037/t44588-000
18062,10.1037/t79334-000
18063,10.1037/t82405-000
18064,10.1037/t06801-000
18065,10.1037/t15252-000
18066,10.1037/t28662-000
18067,10.1037/t04599-000
18068,10.1037/t47832-000
18069,10.1037/t29832-000
18070,10.1037/t38571-000
18071,10.1037/t41244-000
18072,10.1037/t81282-000
18073,10.1037/t67945-000
18074,10.1037/t10985-000
18075,10.1037/t41635-000
18076,10.1037/t29444-000
18077,10.1037/t13933-000
18078,10.1037/t22587-000
18079,10.1037/t00744-000
18080,10.1037/t11997-000
18081,10.1037/t69921-000
18082,10.1037/t37157-000
18083,10.1037/t33039-000
18084,10.1037/t60451-000
18085,10.1037/t57645-000
18086,10.1037/t27520-000
18087,10.1037/t22371-000
18088,10.1037/t21801-000
18089,10.1037/t61781-000
18090,10.1037/t67022-000
18091,10.1037/t32539-000
18092,10.1037/t00685-000
18093,10.1037/t45987-000
18094,10.1037/t25602-000
18095,10.1037/t60484-000
18096,10.1037/t08932-000
18097,10.1037/t15577-000
18098,10.1037/t08504-000
18099,10.1037/t69049-000
18100,10.1037/t08991-000
18101,10.1037/t25883-000
18102,10.1037/t26647-000
18103,10.1037/t42716-000
18104,10.1037/t74047-000
18105,10.1037/t12980-000
18106,10.1037/t64375-000
18107,10.1037/t78430-000
18108,10.1037/t03587-000
18109,10.1037/t86946-000
18110,10.1037/t09346-000
18111,10.1037/t39387-000
18112,10.1037/t37236-000
18113,10.1037/t12424-000
18114,10.1037/t12673-000
18115,10.1037/t72845-000
18116,10.1037/t48031-000
18117,10.1037/t20124-000
18118,10.1037/t11301-000
18119,10.1037/t28189-000
18120,10.1037/t03590-000
18121,10.1037/t20305-000
18122,10.1037/t55726-000
18123,10.1037/t70098-000
18124,10.1037/t41436-000
18125,10.1037/t35337-000
18126,10.1037/t17822-000
18127,10.1037/t79112-000
18128,10.1037/t26723-000
18129,10.1037/t86829-000
18130,10.1037/t60245-000
18131,10.1037/t67072-000
18132,10.1037/t14753-000
18133,10.1037/t77560-000
18134,10.1037/t36245-000
18135,10.1037/t11592-000
18136,10.1037/t79155-000
18137,10.1037/t12252-000
18138,10.1037/t66454-000
18139,10.1037/t28203-000
18140,10.1037/t27184-000
18141,10.1037/t09367-000
18142,10.1037/t43673-000
18143,10.1037/t09221-000
18144,10.1037/t74407-000
18145,10.1037/t22283-000
18146,10.1037/t80352-000
18147,10.1037/t70177-000
18148,10.1037/t76176-000
18149,10.1037/t39079-000
18150,10.1037/t34087-000
18151,10.1037/t87604-000
18152,10.1037/t24202-000
18153,10.1037/t12219-000
18154,10.1037/t50545-000
18155,10.1037/t28689-000
18156,10.1037/t23808-000
18157,10.1037/t32115-000
18158,10.1037/t22815-000
18159,10.1037/t11241-000
18160,10.1037/t18367-000
18161,10.1037/t68283-000
18162,10.1037/t45720-000
18163,10.1037/t52717-000
18164,10.1037/t64638-000
18165,10.1037/t86492-000
18166,10.1037/t83117-000
18167,10.1037/t01100-000
18168,10.1037/t21477-000
18169,10.1037/t40481-000
18170,10.1037/t30856-000
18171,10.1037/t15572-000
18172,10.1037/t38549-000
18173,10.1037/t31114-000
18174,10.1037/t63583-000
18175,10.1037/t87374-000
18176,10.1037/t65303-000
18177,10.1037/t47859-000
18178,10.1037/t14558-000
18179,10.1037/t55737-000
18180,10.1037/t07067-000
18181,10.1037/t15512-000
18182,10.1037/t82181-000
18183,10.1037/t67153-000
18184,10.1037/t43254-000
18185,10.1037/t28126-000
18186,10.1037/t38568-000
18187,10.1037/t02959-000
18188,10.1037/t67804-000
18189,10.1037/t48165-000
18190,10.1037/t75985-000
18191,10.1037/t11352-000
18192,10.1037/t23036-000
18193,10.1037/t24500-000
18194,10.1037/t79617-000
18195,10.1037/t58092-000
18196,10.1037/t14721-000
18197,10.1037/t15496-000
18198,10.1037/t05412-000
18199,10.1037/t17298-000
18200,10.1037/t01324-000
18201,10.1037/t05365-000
18202,10.1037/t13690-000
18203,10.1037/t16411-000
18204,10.1037/t12608-000
18205,10.1037/t11891-000
18206,10.1037/t80062-000
18207,10.1037/t24633-000
18208,10.1037/t25431-000
18209,10.1037/t73747-000
18210,10.1037/t04747-000
18211,10.1037/t76828-000
18212,10.1037/t41143-000
18213,10.1037/t39607-000
18214,10.1037/t16688-000
18215,10.1037/t80197-000
18216,10.1037/t51119-000
18217,10.1037/t84844-000
18218,10.1037/t48467-000
18219,10.1037/t60183-000
18220,10.1037/t52378-000
18221,10.1037/t84066-000
18222,10.1037/t80935-000
18223,10.1037/t10828-000
18224,10.1037/t85111-000
18225,10.1037/t69601-000
18226,10.1037/t01657-000
18227,10.1037/t27472-000
18228,10.1037/t16481-000
18229,10.1037/t71334-000
18230,10.1037/t09140-000
18231,10.1037/t81955-000
18232,10.1037/t40664-000
18233,10.1037/t34488-000
18234,10.1037/t72107-000
18235,10.1037/t24557-000
18236,10.1037/t22802-000
18237,10.1037/t34034-000
18238,10.1037/t66637-000
18239,10.1037/t19753-000
18240,10.1037/t76862-000
18241,10.1037/t66212-000
18242,10.1037/t74413-000
18243,10.1037/t37171-000
18244,10.1037/t08694-000
18245,10.1037/t58467-000
18246,10.1037/t03707-000
18247,10.1037/t75668-000
18248,10.1037/t28651-000
18249,10.1037/t09716-000
18250,10.1037/t21275-000
18251,10.1037/t84051-000
18252,10.1037/t77249-000
18253,10.1037/t04092-000
18254,10.1037/t18122-000
18255,10.1037/t15587-000
18256,10.1037/t78272-000
18257,10.1037/t38849-000
18258,10.1037/t25908-000
18259,10.1037/t17088-000
18260,10.1037/t48242-000
18261,10.1037/t01851-000
18262,10.1037/t38488-000
18263,10.1037/t01773-000
18264,10.1037/t16876-000
18265,10.1037/t80265-000
18266,10.1037/t73845-000
18267,10.1037/t74684-000
18268,10.1037/t68765-000
18269,10.1037/t79579-000
18270,10.1037/t22979-000
18271,10.1037/t84508-000
18272,10.1037/t70920-000
18273,10.1037/t87583-000
18274,10.1037/t24038-000
18275,10.1037/t52550-000
18276,10.1037/t30516-000
18277,10.1037/t68458-000
18278,10.1037/t04263-000
18279,10.1037/t15001-000
18280,10.1037/t01174-000
18281,10.1037/t36165-000
18282,10.1037/t21562-000
18283,10.1037/t81904-000
18284,10.1037/t08748-000
18285,10.1037/t31974-000
18286,10.1037/t45374-000
18287,10.1037/t40599-000
18288,10.1037/t36312-000
18289,10.1037/t36204-000
18290,10.1037/t40431-000
18291,10.1037/t10430-000
18292,10.1037/t24254-000
18293,10.1037/t19212-000
18294,10.1037/t10675-000
18295,10.1037/t75797-000
18296,10.1037/t30912-000
18297,10.1037/t60492-000
18298,10.1037/t20642-000
18299,10.1037/t44122-000
18300,10.1037/t53477-000
18301,10.1037/t00422-000
18302,10.1037/t20447-000
18303,10.1037/t71243-000
18304,10.1037/t23332-000
18305,10.1037/t19614-000
18306,10.1037/t37721-000
18307,10.1037/t13263-000
18308,10.1037/t01278-000
18309,10.1037/t44608-000
18310,10.1037/t23136-000
18311,10.1037/t31314-000
18312,10.1037/t62412-000
18313,10.1037/t42056-000
18314,10.1037/t21431-000
18315,10.1037/t24900-000
18316,10.1037/t73204-000
18317,10.1037/t26573-000
18318,10.1037/t68221-000
18319,10.1037/t42275-000
18320,10.1037/t69536-000
18321,10.1037/t82503-000
18322,10.1037/t13835-000
18323,10.1037/t67755-000
18324,10.1037/t34590-000
18325,10.1037/t02052-000
18326,10.1037/t01562-000
18327,10.1037/t21154-000
18328,10.1037/t83915-000
18329,10.1037/t01683-000
18330,10.1037/t65881-000
18331,10.1037/t76856-000
18332,10.1037/t30313-000
18333,10.1037/t16624-000
18334,10.1037/t17818-000
18335,10.1037/t78609-000
18336,10.1037/t39659-000
18337,10.1037/t17288-000
18338,10.1037/t14888-000
18339,10.1037/t37645-000
18340,10.1037/t08203-000
18341,10.1037/t46685-000
18342,10.1037/t41256-000
18343,10.1037/t15228-000
18344,10.1037/t70119-000
18345,10.1037/t39330-000
18346,10.1037/t12513-000
18347,10.1037/t13060-000
18348,10.1037/t46280-000
18349,10.1037/t38125-000
18350,10.1037/t36480-000
18351,10.1037/t83960-000
18352,10.1037/t30949-000
18353,10.1037/t22249-000
18354,10.1037/t83628-000
18355,10.1037/t25802-000
18356,10.1037/t23928-000
18357,10.1037/t11509-000
18358,10.1037/t32188-000
18359,10.1037/t34771-000
18360,10.1037/t53377-000
18361,10.1037/t17949-000
18362,10.1037/t23635-000
18363,10.1037/t08618-000
18364,10.1037/t21929-000
18365,10.1037/t03586-000
18366,10.1037/t17459-000
18367,10.1037/t11234-000
18368,10.1037/t75080-000
18369,10.1037/t48319-000
18370,10.1037/t36415-000
18371,10.1037/t19873-000
18372,10.1037/t47404-000
18373,10.1037/t49338-000
18374,10.1037/t78027-000
18375,10.1037/t44581-000
18376,10.1037/t76637-000
18377,10.1037/t03118-000
18378,10.1037/t59478-000
18379,10.1037/t72137-000
18380,10.1037/t21918-000
18381,10.1037/t21363-000
18382,10.1037/t09468-000
18383,10.1037/t43128-000
18384,10.1037/t11519-000
18385,10.1037/t00638-000
18386,10.1037/t22268-000
18387,10.1037/t43975-000
18388,10.1037/t67920-000
18389,10.1037/t08275-000
18390,10.1037/t60449-000
18391,10.1037/t03442-000
18392,10.1037/t23951-000
18393,10.1037/t26833-000
18394,10.1037/t00047-000
18395,10.1037/t09466-000
18396,10.1037/t03041-000
18397,10.1037/t77477-000
18398,10.1037/t28003-000
18399,10.1037/t75958-000
18400,10.1037/t00752-000
18401,10.1037/t86883-000
18402,10.1037/t03797-000
18403,10.1037/t86451-000
18404,10.1037/t10864-000
18405,10.1037/t74565-000
18406,10.1037/t03363-000
18407,10.1037/t59572-000
18408,10.1037/t04872-000
18409,10.1037/t41328-000
18410,10.1037/t64940-000
18411,10.1037/t00904-000
18412,10.1037/t07871-000
18413,10.1037/t23105-000
18414,10.1037/t12865-000
18415,10.1037/t75846-000
18416,10.1037/t22653-000
18417,10.1037/t38544-000
18418,10.1037/t11942-000
18419,10.1037/t77389-000
18420,10.1037/t74577-000
18421,10.1037/t62846-000
18422,10.1037/t45556-000
18423,10.1037/t76806-000
18424,10.1037/t17820-000
18425,10.1037/t20656-000
18426,10.1037/t23785-000
18427,10.1037/t18850-000
18428,10.1037/t85668-000
18429,10.1037/t04500-000
18430,10.1037/t32798-000
18431,10.1037/t76207-000
18432,10.1037/t08331-000
18433,10.1037/t84581-000
18434,10.1037/t76804-000
18435,10.1037/t07283-000
18436,10.1037/t70131-000
18437,10.1037/t32379-000
18438,10.1037/t30347-000
18439,10.1037/t44824-000
18440,10.1037/t40261-000
18441,10.1037/t48337-000
18442,10.1037/t58955-000
18443,10.1037/t78089-000
18444,10.1037/t01061-000
18445,10.1037/t25358-000
18446,10.1037/t32869-000
18447,10.1037/t53491-000
18448,10.1037/t52613-000
18449,10.1037/t28608-000
18450,10.1037/t63032-000
18451,10.1037/t49368-000
18452,10.1037/t34491-000
18453,10.1037/t33168-000
18454,10.1037/t11215-000
18455,10.1037/t85497-000
18456,10.1037/t15418-000
18457,10.1037/t59644-000
18458,10.1037/t46740-000
18459,10.1037/t64180-000
18460,10.1037/t14735-000
18461,10.1037/t15549-000
18462,10.1037/t76805-000
18463,10.1037/t27373-000
18464,10.1037/t01684-000
18465,10.1037/t57034-000
18466,10.1037/t01389-000
18467,10.1037/t30270-000
18468,10.1037/t51060-000
18469,10.1037/t11912-000
18470,10.1037/t24180-000
18471,10.1037/t21512-000
18472,10.1037/t64864-000
18473,10.1037/t45158-000
18474,10.1037/t66223-000
18475,10.1037/t23344-000
18476,10.1037/t32743-000
18477,10.1037/t04271-000
18478,10.1037/t51902-000
18479,10.1037/t15416-000
18480,10.1037/t08681-000
18481,10.1037/t63090-000
18482,10.1037/t60448-000
18483,10.1037/t72080-000
18484,10.1037/t15901-000
18485,10.1037/t75378-000
18486,10.1037/t10102-000
18487,10.1037/t36232-000
18488,10.1037/t05589-000
18489,10.1037/t32575-000
18490,10.1037/t41833-000
18491,10.1037/t22096-000
18492,10.1037/t63658-000
18493,10.1037/t20983-000
18494,10.1037/t01022-000
18495,10.1037/t50648-000
18496,10.1037/t08343-000
18497,10.1037/t24978-000
18498,10.1037/t44124-000
18499,10.1037/t49418-000
18500,10.1037/t50347-000
18501,10.1037/t63411-000
18502,10.1037/t41557-000
18503,10.1037/t14560-000
18504,10.1037/t11303-000
18505,10.1037/t79098-000
18506,10.1037/t32445-000
18507,10.1037/t77978-000
18508,10.1037/t67418-000
18509,10.1037/t39759-000
18510,10.1037/t60526-000
18511,10.1037/t08113-000
18512,10.1037/t12217-000
18513,10.1037/t79551-000
18514,10.1037/t04851-000
18515,10.1037/t00993-000
18516,10.1037/t23831-000
18517,10.1037/t65928-000
18518,10.1037/t59625-000
18519,10.1037/t05415-000
18520,10.1037/t64140-000
18521,10.1037/t45486-000
18522,10.1037/t24089-000
18523,10.1037/t34379-000
18524,10.1037/t20239-000
18525,10.1037/t05889-000
18526,10.1037/t30790-000
18527,10.1037/t73805-000
18528,10.1037/t85788-000
18529,10.1037/t21800-000
18530,10.1037/t57789-000
18531,10.1037/t62485-000
18532,10.1037/t13552-000
18533,10.1037/t09897-000
18534,10.1037/t09822-000
18535,10.1037/t29690-000
18536,10.1037/t50828-000
18537,10.1037/t40930-000
18538,10.1037/t17267-000
18539,10.1037/t62971-000
18540,10.1037/t14123-000
18541,10.1037/t58364-000
18542,10.1037/t03879-000
18543,10.1037/t27403-000
18544,10.1037/t53702-000
18545,10.1037/t07733-000
18546,10.1037/t75151-000
18547,10.1037/t18100-000
18548,10.1037/t10544-000
18549,10.1037/t29886-000
18550,10.1037/t72420-000
18551,10.1037/t40911-000
18552,10.1037/t19102-000
18553,10.1037/t79655-000
18554,10.1037/t08294-000
18555,10.1037/t22257-000
18556,10.1037/t68194-000
18557,10.1037/t36163-000
18558,10.1037/t13771-000
18559,10.1037/t25665-000
18560,10.1037/t20646-000
18561,10.1037/t00455-000
18562,10.1037/t74360-000
18563,10.1037/t20004-000
18564,10.1037/t56509-000
18565,10.1037/t02937-000
18566,10.1037/t25972-000
18567,10.1037/t27096-000
18568,10.1037/t14235-000
18569,10.1037/t08425-000
18570,10.1037/t56492-000
18571,10.1037/t67542-000
18572,10.1037/t22203-000
18573,10.1037/t14665-000
18574,10.1037/t10796-000
18575,10.1037/t27326-000
18576,10.1037/t19505-000
18577,10.1037/t11591-000
18578,10.1037/t63413-000
18579,10.1037/t14162-000
18580,10.1037/t66570-000
18581,10.1037/t03147-000
18582,10.1037/t10214-000
18583,10.1037/t38334-000
18584,10.1037/t31490-000
18585,10.1037/t26238-000
18586,10.1037/t83285-000
18587,10.1037/t76668-000
18588,10.1037/t05778-000
18589,10.1037/t83797-000
18590,10.1037/t12959-000
18591,10.1037/t08490-000
18592,10.1037/t43585-000
18593,10.1037/t05157-000
18594,10.1037/t60821-000
18595,10.1037/t24168-000
18596,10.1037/t11173-000
18597,10.1037/t20219-000
18598,10.1037/t19567-000
18599,10.1037/t54383-000
18600,10.1037/t45843-000
18601,10.1037/t21360-000
18602,10.1037/t09310-000
18603,10.1037/t86569-000
18604,10.1037/t20961-000
18605,10.1037/t15371-000
18606,10.1037/t47486-000
18607,10.1037/t43790-000
18608,10.1037/t77105-000
18609,10.1037/t24985-000
18610,10.1037/t49316-000
18611,10.1037/t12583-000
18612,10.1037/t63143-000
18613,10.1037/t27771-000
18614,10.1037/t28274-000
18615,10.1037/t07051-000
18616,10.1037/t50330-000
18617,10.1037/t85804-000
18618,10.1037/t80111-000
18619,10.1037/t41368-000
18620,10.1037/t09582-000
18621,10.1037/t06936-000
18622,10.1037/t69678-000
18623,10.1037/t62805-000
18624,10.1037/t63151-000
18625,10.1037/t85134-000
18626,10.1037/t32237-000
18627,10.1037/t34211-000
18628,10.1037/t48706-000
18629,10.1037/t76836-000
18630,10.1037/t05737-000
18631,10.1037/t31104-000
18632,10.1037/t45193-000
18633,10.1037/t76181-000
18634,10.1037/t65199-000
18635,10.1037/t18567-000
18636,10.1037/t08859-000
18637,10.1037/t33461-000
18638,10.1037/t23984-000
18639,10.1037/t48990-000
18640,10.1037/t27127-000
18641,10.1037/t75981-000
18642,10.1037/t72448-000
18643,10.1037/t26879-000
18644,10.1037/t62411-000
18645,10.1037/t44837-000
18646,10.1037/t15828-000
18647,10.1037/t24237-000
18648,10.1037/t63326-000
18649,10.1037/t44452-000
18650,10.1037/t70850-000
18651,10.1037/t86621-000
18652,10.1037/t20712-000
18653,10.1037/t00407-000
18654,10.1037/t40264-000
18655,10.1037/t18087-000
18656,10.1037/t42850-000
18657,10.1037/t65962-000
18658,10.1037/t26006-000
18659,10.1037/t84469-000
18660,10.1037/t09195-000
18661,10.1037/t81583-000
18662,10.1037/t07323-000
18663,10.1037/t20969-000
18664,10.1037/t85996-000
18665,10.1037/t58805-000
18666,10.1037/t81934-000
18667,10.1037/t01087-000
18668,10.1037/t37724-000
18669,10.1037/t61494-000
18670,10.1037/t44742-000
18671,10.1037/t67481-000
18672,10.1037/t08634-000
18673,10.1037/t32433-000
18674,10.1037/t66072-000
18675,10.1037/t15854-000
18676,10.1037/t46297-000
18677,10.1037/t59088-000
18678,10.1037/t25669-000
18679,10.1037/t62346-000
18680,10.1037/t76062-000
18681,10.1037/t15493-000
18682,10.1037/t09443-000
18683,10.1037/t15665-000
18684,10.1037/t19245-000
18685,10.1037/t32225-000
18686,10.1037/t83785-000
18687,10.1037/t06157-000
18688,10.1037/t70672-000
18689,10.1037/t13691-000
18690,10.1037/t24864-000
18691,10.1037/t50381-000
18692,10.1037/t12027-000
18693,10.1037/t11172-000
18694,10.1037/t59750-000
18695,10.1037/t77829-000
18696,10.1037/t60740-000
18697,10.1037/t29536-000
18698,10.1037/t47826-000
18699,10.1037/t16315-000
18700,10.1037/t86075-000
18701,10.1037/t14767-000
18702,10.1037/t24869-000
18703,10.1037/t10699-000
18704,10.1037/t21577-000
18705,10.1037/t38246-000
18706,10.1037/t24388-000
18707,10.1037/t04672-000
18708,10.1037/t10415-000
18709,10.1037/t74311-000
18710,10.1037/t82617-000
18711,10.1037/t27802-000
18712,10.1037/t84590-000
18713,10.1037/t40861-000
18714,10.1037/t23361-000
18715,10.1037/t70760-000
18716,10.1037/t28767-000
18717,10.1037/t35099-000
18718,10.1037/t77623-000
18719,10.1037/t00400-000
18720,10.1037/t08589-000
18721,10.1037/t72951-000
18722,10.1037/t81571-000
18723,10.1037/t15256-000
18724,10.1037/t14330-000
18725,10.1037/t22093-000
18726,10.1037/t44080-000
18727,10.1037/t38504-000
18728,10.1037/t67486-000
18729,10.1037/t21565-000
18730,10.1037/t35143-000
18731,10.1037/t04529-000
18732,10.1037/t03859-000
18733,10.1037/t66346-000
18734,10.1037/t15554-000
18735,10.1037/t81326-000
18736,10.1037/t38279-000
18737,10.1037/t53861-000
18738,10.1037/t86579-000
18739,10.1037/t33455-000
18740,10.1037/t74735-000
18741,10.1037/t30910-000
18742,10.1037/t24617-000
18743,10.1037/t81489-000
18744,10.1037/t34654-000
18745,10.1037/t60966-000
18746,10.1037/t80764-000
18747,10.1037/t36322-000
18748,10.1037/t16548-000
18749,10.1037/t34500-000
18750,10.1037/t42941-000
18751,10.1037/t46261-000
18752,10.1037/t13679-000
18753,10.1037/t22935-000
18754,10.1037/t66886-000
18755,10.1037/t68743-000
18756,10.1037/t22613-000
18757,10.1037/t09737-000
18758,10.1037/t17860-000
18759,10.1037/t82806-000
18760,10.1037/t26478-000
18761,10.1037/t03150-000
18762,10.1037/t06877-000
18763,10.1037/t30379-000
18764,10.1037/t20937-000
18765,10.1037/t20551-000
18766,10.1037/t32514-000
18767,10.1037/t86977-000
18768,10.1037/t37640-000
18769,10.1037/t61045-000
18770,10.1037/t14621-000
18771,10.1037/t81147-000
18772,10.1037/t13138-000
18773,10.1037/t78740-000
18774,10.1037/t85068-000
18775,10.1037/t04324-000
18776,10.1037/t02253-000
18777,10.1037/t20321-000
18778,10.1037/t60318-000
18779,10.1037/t15353-000
18780,10.1037/t30747-000
18781,10.1037/t28624-000
18782,10.1037/t33186-000
18783,10.1037/t40679-000
18784,10.1037/t55033-000
18785,10.1037/t66049-000
18786,10.1037/t35082-000
18787,10.1037/t17237-000
18788,10.1037/t85178-000
18789,10.1037/t65183-000
18790,10.1037/t26050-000
18791,10.1037/t21513-000
18792,10.1037/t25842-000
18793,10.1037/t31390-000
18794,10.1037/t34484-000
18795,10.1037/t00035-000
18796,10.1037/t00110-000
18797,10.1037/t72931-000
18798,10.1037/t12109-000
18799,10.1037/t03024-000
18800,10.1037/t21692-000
18801,10.1037/t86982-000
18802,10.1037/t77959-000
18803,10.1037/t23199-000
18804,10.1037/t26136-000
18805,10.1037/t55772-000
18806,10.1037/t17417-000
18807,10.1037/t01117-000
18808,10.1037/t22572-000
18809,10.1037/t53690-000
18810,10.1037/t00331-000
18811,10.1037/t31405-000
18812,10.1037/t76402-000
18813,10.1037/t09361-000
18814,10.1037/t79685-000
18815,10.1037/t11988-000
18816,10.1037/t27408-000
18817,10.1037/t50643-000
18818,10.1037/t17235-000
18819,10.1037/t12185-000
18820,10.1037/t36290-000
18821,10.1037/t26003-000
18822,10.1037/t73941-000
18823,10.1037/t17909-000
18824,10.1037/t22543-000
18825,10.1037/t69868-000
18826,10.1037/t36401-000
18827,10.1037/t19028-000
18828,10.1037/t51137-000
18829,10.1037/t25365-000
18830,10.1037/t50070-000
18831,10.1037/t65588-000
18832,10.1037/t73066-000
18833,10.1037/t24817-000
18834,10.1037/t81960-000
18835,10.1037/t34640-000
18836,10.1037/t52361-000
18837,10.1037/t14457-000
18838,10.1037/t53468-000
18839,10.1037/t25389-000
18840,10.1037/t40859-000
18841,10.1037/t31035-000
18842,10.1037/t80846-000
18843,10.1037/t72671-000
18844,10.1037/t07143-000
18845,10.1037/t03772-000
18846,10.1037/t61956-000
18847,10.1037/t79523-000
18848,10.1037/t74024-000
18849,10.1037/t12344-000
18850,10.1037/t31865-000
18851,10.1037/t22325-000
18852,10.1037/t40188-000
18853,10.1037/t36147-000
18854,10.1037/t53680-000
18855,10.1037/t26963-000
18856,10.1037/t73666-000
18857,10.1037/t71261-000
18858,10.1037/t35778-000
18859,10.1037/t57601-000
18860,10.1037/t83112-000
18861,10.1037/t20159-000
18862,10.1037/t00968-000
18863,10.1037/t45198-000
18864,10.1037/t43652-000
18865,10.1037/t82335-000
18866,10.1037/t25974-000
18867,10.1037/t11980-000
18868,10.1037/t80119-000
18869,10.1037/t09762-000
18870,10.1037/t16140-000
18871,10.1037/t67838-000
18872,10.1037/t28123-000
18873,10.1037/t35344-000
18874,10.1037/t49475-000
18875,10.1037/t40683-000
18876,10.1037/t17223-000
18877,10.1037/t26489-000
18878,10.1037/t21053-000
18879,10.1037/t00545-000
18880,10.1037/t43317-000
18881,10.1037/t10832-000
18882,10.1037/t86974-000
18883,10.1037/t78643-000
18884,10.1037/t44050-000
18885,10.1037/t70826-000
18886,10.1037/t87527-000
18887,10.1037/t13953-000
18888,10.1037/t80506-000
18889,10.1037/t26707-000
18890,10.1037/t64381-000
18891,10.1037/t48806-000
18892,10.1037/t39766-000
18893,10.1037/t46063-000
18894,10.1037/t06522-000
18895,10.1037/t32439-000
18896,10.1037/t34560-000
18897,10.1037/t17068-000
18898,10.1037/t79947-000
18899,10.1037/t25132-000
18900,10.1037/t13528-000
18901,10.1037/t83329-000
18902,10.1037/t67463-000
18903,10.1037/t51133-000
18904,10.1037/t48161-000
18905,10.1037/t15437-000
18906,10.1037/t66906-000
18907,10.1037/t79059-000
18908,10.1037/t45172-000
18909,10.1037/t21917-000
18910,10.1037/t25737-000
18911,10.1037/t28406-000
18912,10.1037/t09369-000
18913,10.1037/t14051-000
18914,10.1037/t80027-000
18915,10.1037/t82408-000
18916,10.1037/t55715-000
18917,10.1037/t78019-000
18918,10.1037/t67228-000
18919,10.1037/t23914-000
18920,10.1037/t19896-000
18921,10.1037/t19391-000
18922,10.1037/t84082-000
18923,10.1037/t19481-000
18924,10.1037/t17409-000
18925,10.1037/t36921-000
18926,10.1037/t75632-000
18927,10.1037/t17825-000
18928,10.1037/t48999-000
18929,10.1037/t34624-000
18930,10.1037/t01498-000
18931,10.1037/t79721-000
18932,10.1037/t24862-000
18933,10.1037/t22168-000
18934,10.1037/t24318-000
18935,10.1037/t18237-000
18936,10.1037/t31566-000
18937,10.1037/t63361-000
18938,10.1037/t23005-000
18939,10.1037/t70367-000
18940,10.1037/t12353-000
18941,10.1037/t82230-000
18942,10.1037/t11099-000
18943,10.1037/t33067-000
18944,10.1037/t24149-000
18945,10.1037/t14585-000
18946,10.1037/t83678-000
18947,10.1037/t24007-000
18948,10.1037/t39593-000
18949,10.1037/t64279-000
18950,10.1037/t62323-000
18951,10.1037/t28842-000
18952,10.1037/t26862-000
18953,10.1037/t74420-000
18954,10.1037/t22231-000
18955,10.1037/t61721-000
18956,10.1037/t03622-000
18957,10.1037/t28696-000
18958,10.1037/t60124-000
18959,10.1037/t17087-000
18960,10.1037/t25391-000
18961,10.1037/t87481-000
18962,10.1037/t60193-000
18963,10.1037/t86042-000
18964,10.1037/t76874-000
18965,10.1037/t26404-000
18966,10.1037/t28032-000
18967,10.1037/t20756-000
18968,10.1037/t83413-000
18969,10.1037/t74290-000
18970,10.1037/t04597-000
18971,10.1037/t26184-000
18972,10.1037/t29555-000
18973,10.1037/t22116-000
18974,10.1037/t13162-000
18975,10.1037/t64192-000
18976,10.1037/t62789-000
18977,10.1037/t18354-000
18978,10.1037/t00071-000
18979,10.1037/t19377-000
18980,10.1037/t20113-000
18981,10.1037/t21299-000
18982,10.1037/t37257-000
18983,10.1037/t76863-000
18984,10.1037/t23479-000
18985,10.1037/t75163-000
18986,10.1037/t76234-000
18987,10.1037/t37073-000
18988,10.1037/t79026-000
18989,10.1037/t71543-000
18990,10.1037/t55376-000
18991,10.1037/t30979-000
18992,10.1037/t32643-000
18993,10.1037/t69218-000
18994,10.1037/t86685-000
18995,10.1037/t40278-000
18996,10.1037/t22892-000
18997,10.1037/t42702-000
18998,10.1037/t01225-000
18999,10.1037/t33341-000
19000,10.1037/t05899-000
19001,10.1037/t31209-000
19002,10.1037/t68492-000
19003,10.1037/t83028-000
19004,10.1037/t38535-000
19005,10.1037/t20276-000
19006,10.1037/t78077-000
19007,10.1037/t09893-000
19008,10.1037/t14265-000
19009,10.1037/t39701-000
19010,10.1037/t13027-000
19011,10.1037/t24461-000
19012,10.1037/t21794-000
19013,10.1037/t52416-000
19014,10.1037/t67012-000
19015,10.1037/t09784-000
19016,10.1037/t51139-000
19017,10.1037/t73935-000
19018,10.1037/t75570-000
19019,10.1037/t64219-000
19020,10.1037/t00064-000
19021,10.1037/t77166-000
19022,10.1037/t33726-000
19023,10.1037/t72127-000
19024,10.1037/t74797-000
19025,10.1037/t34197-000
19026,10.1037/t21066-000
19027,10.1037/t57201-000
19028,10.1037/t32217-000
19029,10.1037/t84881-000
19030,10.1037/t80827-000
19031,10.1037/t24436-000
19032,10.1037/t16549-000
19033,10.1037/t45267-000
19034,10.1037/t37711-000
19035,10.1037/t65963-000
19036,10.1037/t07678-000
19037,10.1037/t44833-000
19038,10.1037/t50669-000
19039,10.1037/t18824-000
19040,10.1037/t46452-000
19041,10.1037/t63711-000
19042,10.1037/t23849-000
19043,10.1037/t21584-000
19044,10.1037/t10476-000
19045,10.1037/t27301-000
19046,10.1037/t79630-000
19047,10.1037/t65121-000
19048,10.1037/t23472-000
19049,10.1037/t01124-000
19050,10.1037/t48878-000
19051,10.1037/t19445-000
19052,10.1037/t15981-000
19053,10.1037/t63936-000
19054,10.1037/t49573-000
19055,10.1037/t75721-000
19056,10.1037/t11691-000
19057,10.1037/t35480-000
19058,10.1037/t30246-000
19059,10.1037/t61097-000
19060,10.1037/t54555-000
19061,10.1037/t22757-000
19062,10.1037/t16949-000
19063,10.1037/t49291-000
19064,10.1037/t26348-000
19065,10.1037/t66582-000
19066,10.1037/t63532-000
19067,10.1037/t82267-000
19068,10.1037/t19323-000
19069,10.1037/t02572-000
19070,10.1037/t81257-000
19071,10.1037/t22205-000
19072,10.1037/t18830-000
19073,10.1037/t40090-000
19074,10.1037/t26950-000
19075,10.1037/t76498-000
19076,10.1037/t29712-000
19077,10.1037/t63475-000
19078,10.1037/t79249-000
19079,10.1037/t44399-000
19080,10.1037/t83185-000
19081,10.1037/t42106-000
19082,10.1037/t06529-000
19083,10.1037/t12668-000
19084,10.1037/t16671-000
19085,10.1037/t00053-000
19086,10.1037/t51222-000
19087,10.1037/t76132-000
19088,10.1037/t80694-000
19089,10.1037/t33791-000
19090,10.1037/t41785-000
19091,10.1037/t70055-000
19092,10.1037/t08651-000
19093,10.1037/t52488-000
19094,10.1037/t00796-000
19095,10.1037/t79594-000
19096,10.1037/t66214-000
19097,10.1037/t76961-000
19098,10.1037/t12918-000
19099,10.1037/t21973-000
19100,10.1037/t78647-000
19101,10.1037/t34294-000
19102,10.1037/t37853-000
19103,10.1037/t67825-000
19104,10.1037/t61224-000
19105,10.1037/t37656-000
19106,10.1037/t15625-000
19107,10.1037/t38340-000
19108,10.1037/t22102-000
19109,10.1037/t13010-000
19110,10.1037/t13453-000
19111,10.1037/t09257-000
19112,10.1037/t10504-000
19113,10.1037/t65894-000
19114,10.1037/t72536-000
19115,10.1037/t87558-000
19116,10.1037/t29966-000
19117,10.1037/t52515-000
19118,10.1037/t34454-000
19119,10.1037/t62273-000
19120,10.1037/t64600-000
19121,10.1037/t02898-000
19122,10.1037/t58669-000
19123,10.1037/t31183-000
19124,10.1037/t52138-000
19125,10.1037/t71532-000
19126,10.1037/t34599-000
19127,10.1037/t41460-000
19128,10.1037/t09947-000
19129,10.1037/t35313-000
19130,10.1037/t82431-000
19131,10.1037/t31520-000
19132,10.1037/t25642-000
19133,10.1037/t87300-000
19134,10.1037/t15461-000
19135,10.1037/t18156-000
19136,10.1037/t32214-000
19137,10.1037/t60958-000
19138,10.1037/t26873-000
19139,10.1037/t11892-000
19140,10.1037/t37302-000
19141,10.1037/t13393-000
19142,10.1037/t19568-000
19143,10.1037/t44338-000
19144,10.1037/t30775-000
19145,10.1037/t33965-000
19146,10.1037/t68422-000
19147,10.1037/t27052-000
19148,10.1037/t19999-000
19149,10.1037/t25795-000
19150,10.1037/t30774-000
19151,10.1037/t77288-000
19152,10.1037/t68156-000
19153,10.1037/t10365-000
19154,10.1037/t27585-000
19155,10.1037/t18168-000
19156,10.1037/t11554-000
19157,10.1037/t36563-000
19158,10.1037/t22845-000
19159,10.1037/t55430-000
19160,10.1037/t23379-000
19161,10.1037/t59110-000
19162,10.1037/t49696-000
19163,10.1037/t12795-000
19164,10.1037/t12398-000
19165,10.1037/t36257-000
19166,10.1037/t16914-000
19167,10.1037/t75702-000
19168,10.1037/t74305-000
19169,10.1037/t20032-000
19170,10.1037/t75035-000
19171,10.1037/t38510-000
19172,10.1037/t60579-000
19173,10.1037/t63665-000
19174,10.1037/t00263-000
19175,10.1037/t49287-000
19176,10.1037/t00613-000
19177,10.1037/t44825-000
19178,10.1037/t17508-000
19179,10.1037/t16036-000
19180,10.1037/t06147-000
19181,10.1037/t41631-000
19182,10.1037/t87637-000
19183,10.1037/t30451-000
19184,10.1037/t67317-000
19185,10.1037/t44164-000
19186,10.1037/t45538-000
19187,10.1037/t84393-000
19188,10.1037/t23558-000
19189,10.1037/t42687-000
19190,10.1037/t01758-000
19191,10.1037/t48873-000
19192,10.1037/t36230-000
19193,10.1037/t38236-000
19194,10.1037/t40499-000
19195,10.1037/t32181-000
19196,10.1037/t26060-000
19197,10.1037/t20814-000
19198,10.1037/t40313-000
19199,10.1037/t63714-000
19200,10.1037/t12503-000
19201,10.1037/t21630-000
19202,10.1037/t12898-000
19203,10.1037/t24906-000
19204,10.1037/t09387-000
19205,10.1037/t44626-000
19206,10.1037/t19361-000
19207,10.1037/t39597-000
19208,10.1037/t08118-000
19209,10.1037/t24953-000
19210,10.1037/t69722-000
19211,10.1037/t55686-000
19212,10.1037/t76700-000
19213,10.1037/t44312-000
19214,10.1037/t38521-000
19215,10.1037/t23555-000
19216,10.1037/t76893-000
19217,10.1037/t03763-000
19218,10.1037/t82898-000
19219,10.1037/t10627-000
19220,10.1037/t27634-000
19221,10.1037/t10026-000
19222,10.1037/t11466-000
19223,10.1037/t61025-000
19224,10.1037/t18742-000
19225,10.1037/t70397-000
19226,10.1037/t26407-000
19227,10.1037/t66451-000
19228,10.1037/t80448-000
19229,10.1037/t66975-000
19230,10.1037/t82363-000
19231,10.1037/t76384-000
19232,10.1037/t24534-000
19233,10.1037/t01195-000
19234,10.1037/t32612-000
19235,10.1037/t25865-000
19236,10.1037/t64439-000
19237,10.1037/t28001-000
19238,10.1037/t18887-000
19239,10.1037/t37259-000
19240,10.1037/t05586-000
19241,10.1037/t25596-000
19242,10.1037/t16495-000
19243,10.1037/t18935-000
19244,10.1037/t19156-000
19245,10.1037/t86547-000
19246,10.1037/t75130-000
19247,10.1037/t81542-000
19248,10.1037/t62146-000
19249,10.1037/t25786-000
19250,10.1037/t70278-000
19251,10.1037/t13935-000
19252,10.1037/t03313-000
19253,10.1037/t06976-000
19254,10.1037/t19988-000
19255,10.1037/t77071-000
19256,10.1037/t25930-000
19257,10.1037/t17285-000
19258,10.1037/t36720-000
19259,10.1037/t26578-000
19260,10.1037/t77481-000
19261,10.1037/t82595-000
19262,10.1037/t01031-000
19263,10.1037/t26709-000
19264,10.1037/t84890-000
19265,10.1037/t41624-000
19266,10.1037/t62250-000
19267,10.1037/t11371-000
19268,10.1037/t72500-000
19269,10.1037/t24604-000
19270,10.1037/t08220-000
19271,10.1037/t16652-000
19272,10.1037/t67619-000
19273,10.1037/t39167-000
19274,10.1037/t53123-000
19275,10.1037/t23580-000
19276,10.1037/t69904-000
19277,10.1037/t38139-000
19278,10.1037/t12553-000
19279,10.1037/t26466-000
19280,10.1037/t23150-000
19281,10.1037/t54374-000
19282,10.1037/t14654-000
19283,10.1037/t18749-000
19284,10.1037/t15790-000
19285,10.1037/t47359-000
19286,10.1037/t84489-000
19287,10.1037/t34207-000
19288,10.1037/t84276-000
19289,10.1037/t16492-000
19290,10.1037/t82639-000
19291,10.1037/t24834-000
19292,10.1037/t28909-000
19293,10.1037/t83976-000
19294,10.1037/t05222-000
19295,10.1037/t31103-000
19296,10.1037/t58920-000
19297,10.1037/t61770-000
19298,10.1037/t09684-000
19299,10.1037/t24879-000
19300,10.1037/t23860-000
19301,10.1037/t32940-000
19302,10.1037/t40204-000
19303,10.1037/t56367-000
19304,10.1037/t18565-000
19305,10.1037/t59330-000
19306,10.1037/t39896-000
19307,10.1037/t33574-000
19308,10.1037/t75698-000
19309,10.1037/t30536-000
19310,10.1037/t68709-000
19311,10.1037/t11518-000
19312,10.1037/t52083-000
19313,10.1037/t43180-000
19314,10.1037/t12716-000
19315,10.1037/t80353-000
19316,10.1037/t86342-000
19317,10.1037/t84401-000
19318,10.1037/t82811-000
19319,10.1037/t34075-000
19320,10.1037/t25526-000
19321,10.1037/t20721-000
19322,10.1037/t23649-000
19323,10.1037/t03609-000
19324,10.1037/t75442-000
19325,10.1037/t10803-000
19326,10.1037/t19092-000
19327,10.1037/t22794-000
19328,10.1037/t28332-000
19329,10.1037/t27516-000
19330,10.1037/t63146-000
19331,10.1037/t50391-000
19332,10.1037/t10079-000
19333,10.1037/t26428-000
19334,10.1037/t37569-000
19335,10.1037/t86895-000
19336,10.1037/t50980-000
19337,10.1037/t43807-000
19338,10.1037/t33930-000
19339,10.1037/t22991-000
19340,10.1037/t07908-000
19341,10.1037/t03357-000
19342,10.1037/t28425-000
19343,10.1037/t48912-000
19344,10.1037/t85608-000
19345,10.1037/t02458-000
19346,10.1037/t11992-000
19347,10.1037/t76252-000
19348,10.1037/t38487-000
19349,10.1037/t64595-000
19350,10.1037/t72505-000
19351,10.1037/t81925-000
19352,10.1037/t79706-000
19353,10.1037/t65857-000
19354,10.1037/t22938-000
19355,10.1037/t17501-000
19356,10.1037/t83349-000
19357,10.1037/t71838-000
19358,10.1037/t05361-000
19359,10.1037/t54514-000
19360,10.1037/t13112-000
19361,10.1037/t59604-000
19362,10.1037/t17947-000
19363,10.1037/t64690-000
19364,10.1037/t86420-000
19365,10.1037/t25906-000
19366,10.1037/t34153-000
19367,10.1037/t36657-000
19368,10.1037/t05378-000
19369,10.1037/t48056-000
19370,10.1037/t61655-000
19371,10.1037/t63087-000
19372,10.1037/t29872-000
19373,10.1037/t21227-000
19374,10.1037/t31590-000
19375,10.1037/t12837-000
19376,10.1037/t12797-000
19377,10.1037/t32153-000
19378,10.1037/t26968-000
19379,10.1037/t14079-000
19380,10.1037/t72535-000
19381,10.1037/t56511-000
19382,10.1037/t13563-000
19383,10.1037/t62219-000
19384,10.1037/t18621-000
19385,10.1037/t14376-000
19386,10.1037/t40111-000
19387,10.1037/t82040-000
19388,10.1037/t35758-000
19389,10.1037/t72654-000
19390,10.1037/t08558-000
19391,10.1037/t20315-000
19392,10.1037/t37805-000
19393,10.1037/t33810-000
19394,10.1037/t42358-000
19395,10.1037/t64257-000
19396,10.1037/t30240-000
19397,10.1037/t69468-000
19398,10.1037/t59121-000
19399,10.1037/t18598-000
19400,10.1037/t04469-000
19401,10.1037/t19322-000
19402,10.1037/t35141-000
19403,10.1037/t45521-000
19404,10.1037/t23510-000
19405,10.1037/t75807-000
19406,10.1037/t83525-000
19407,10.1037/t19746-000
19408,10.1037/t22591-000
19409,10.1037/t16168-000
19410,10.1037/t33745-000
19411,10.1037/t17633-000
19412,10.1037/t62347-000
19413,10.1037/t28714-000
19414,10.1037/t33248-000
19415,10.1037/t28630-000
19416,10.1037/t60039-000
19417,10.1037/t10946-000
19418,10.1037/t83788-000
19419,10.1037/t01275-000
19420,10.1037/t09625-000
19421,10.1037/t02589-000
19422,10.1037/t58115-000
19423,10.1037/t63018-000
19424,10.1037/t04001-000
19425,10.1037/t33748-000
19426,10.1037/t23559-000
19427,10.1037/t31310-000
19428,10.1037/t84504-000
19429,10.1037/t83933-000
19430,10.1037/t23693-000
19431,10.1037/t04218-000
19432,10.1037/t76742-000
19433,10.1037/t11160-000
19434,10.1037/t45102-000
19435,10.1037/t84047-000
19436,10.1037/t38898-000
19437,10.1037/t58186-000
19438,10.1037/t14477-000
19439,10.1037/t20592-000
19440,10.1037/t77268-000
19441,10.1037/t12356-000
19442,10.1037/t13859-000
19443,10.1037/t82520-000
19444,10.1037/t24451-000
19445,10.1037/t07903-000
19446,10.1037/t69080-000
19447,10.1037/t25469-000
19448,10.1037/t09453-000
19449,10.1037/t41389-000
19450,10.1037/t28057-000
19451,10.1037/t15297-000
19452,10.1037/t26390-000
19453,10.1037/t81721-000
19454,10.1037/t48364-000
19455,10.1037/t01327-000
19456,10.1037/t62691-000
19457,10.1037/t50512-000
19458,10.1037/t10039-000
19459,10.1037/t21426-000
19460,10.1037/t65211-000
19461,10.1037/t30448-000
19462,10.1037/t00392-000
19463,10.1037/t08787-000
19464,10.1037/t19598-000
19465,10.1037/t07647-000
19466,10.1037/t62421-000
19467,10.1037/t42383-000
19468,10.1037/t26825-000
19469,10.1037/t11220-000
19470,10.1037/t24635-000
19471,10.1037/t22343-000
19472,10.1037/t59147-000
19473,10.1037/t15211-000
19474,10.1037/t21635-000
19475,10.1037/t38384-000
19476,10.1037/t42805-000
19477,10.1037/t23582-000
19478,10.1037/t16722-000
19479,10.1037/t01219-000
19480,10.1037/t82112-000
19481,10.1037/t37947-000
19482,10.1037/t71852-000
19483,10.1037/t25658-000
19484,10.1037/t19530-000
19485,10.1037/t26169-000
19486,10.1037/t16777-000
19487,10.1037/t40559-000
19488,10.1037/t49306-000
19489,10.1037/t44760-000
19490,10.1037/t01167-000
19491,10.1037/t81027-000
19492,10.1037/t03715-000
19493,10.1037/t05176-000
19494,10.1037/t29475-000
19495,10.1037/t11174-000
19496,10.1037/t37899-000
19497,10.1037/t08653-000
19498,10.1037/t23973-000
19499,10.1037/t26272-000
19500,10.1037/t08035-000
19501,10.1037/t18077-000
19502,10.1037/t20643-000
19503,10.1037/t01090-000
19504,10.1037/t27075-000
19505,10.1037/t34068-000
19506,10.1037/t74527-000
19507,10.1037/t23111-000
19508,10.1037/t12121-000
19509,10.1037/t75851-000
19510,10.1037/t38462-000
19511,10.1037/t52422-000
19512,10.1037/t31323-000
19513,10.1037/t09093-000
19514,10.1037/t75861-000
19515,10.1037/t48163-000
19516,10.1037/t03847-000
19517,10.1037/t13191-000
19518,10.1037/t47343-000
19519,10.1037/t45712-000
19520,10.1037/t79727-000
19521,10.1037/t75989-000
19522,10.1037/t42502-000
19523,10.1037/t10540-000
19524,10.1037/t34089-000
19525,10.1037/t15404-000
19526,10.1037/t31900-000
19527,10.1037/t73493-000
19528,10.1037/t43309-000
19529,10.1037/t18337-000
19530,10.1037/t00210-000
19531,10.1037/t51909-000
19532,10.1037/t36086-000
19533,10.1037/t09755-000
19534,10.1037/t85596-000
19535,10.1037/t37686-000
19536,10.1037/t60632-000
19537,10.1037/t01628-000
19538,10.1037/t35113-000
19539,10.1037/t06868-000
19540,10.1037/t27092-000
19541,10.1037/t22558-000
19542,10.1037/t10862-000
19543,10.1037/t76069-000
19544,10.1037/t27595-000
19545,10.1037/t34899-000
19546,10.1037/t01888-000
19547,10.1037/t16719-000
19548,10.1037/t08429-000
19549,10.1037/t66607-000
19550,10.1037/t59002-000
19551,10.1037/t22531-000
19552,10.1037/t01750-000
19553,10.1037/t72084-000
19554,10.1037/t03088-000
19555,10.1037/t69456-000
19556,10.1037/t45536-000
19557,10.1037/t03749-000
19558,10.1037/t34956-000
19559,10.1037/t19046-000
19560,10.1037/t81003-000
19561,10.1037/t63528-000
19562,10.1037/t07856-000
19563,10.1037/t38897-000
19564,10.1037/t27759-000
19565,10.1037/t02824-000
19566,10.1037/t62814-000
19567,10.1037/t12732-000
19568,10.1037/t17768-000
19569,10.1037/t33612-000
19570,10.1037/t60226-000
19571,10.1037/t62241-000
19572,10.1037/t60486-000
19573,10.1037/t77866-000
19574,10.1037/t45577-000
19575,10.1037/t12487-000
19576,10.1037/t62774-000
19577,10.1037/t60084-000
19578,10.1037/t09553-000
19579,10.1037/t34529-000
19580,10.1037/t57830-000
19581,10.1037/t74740-000
19582,10.1037/t82148-000
19583,10.1037/t28157-000
19584,10.1037/t02025-000
19585,10.1037/t78180-000
19586,10.1037/t75729-000
19587,10.1037/t82923-000
19588,10.1037/t52288-000
19589,10.1037/t16117-000
19590,10.1037/t55130-000
19591,10.1037/t44782-000
19592,10.1037/t78954-000
19593,10.1037/t10137-000
19594,10.1037/t74617-000
19595,10.1037/t05276-000
19596,10.1037/t46354-000
19597,10.1037/t08572-000
19598,10.1037/t65609-000
19599,10.1037/t42740-000
19600,10.1037/t14037-000
19601,10.1037/t76472-000
19602,10.1037/t21111-000
19603,10.1037/t03409-000
19604,10.1037/t25008-000
19605,10.1037/t73622-000
19606,10.1037/t50397-000
19607,10.1037/t13111-000
19608,10.1037/t03084-000
19609,10.1037/t10298-000
19610,10.1037/t21775-000
19611,10.1037/t70106-000
19612,10.1037/t00253-000
19613,10.1037/t34469-000
19614,10.1037/t73348-000
19615,10.1037/t60296-000
19616,10.1037/t19360-000
19617,10.1037/t85987-000
19618,10.1037/t40625-000
19619,10.1037/t47900-000
19620,10.1037/t27117-000
19621,10.1037/t20322-000
19622,10.1037/t74521-000
19623,10.1037/t22607-000
19624,10.1037/t41236-000
19625,10.1037/t15657-000
19626,10.1037/t54511-000
19627,10.1037/t33380-000
19628,10.1037/t69523-000
19629,10.1037/t66230-000
19630,10.1037/t21133-000
19631,10.1037/t17141-000
19632,10.1037/t00127-000
19633,10.1037/t27694-000
19634,10.1037/t50657-000
19635,10.1037/t24368-000
19636,10.1037/t64265-000
19637,10.1037/t12485-000
19638,10.1037/t14658-000
19639,10.1037/t03767-000
19640,10.1037/t27390-000
19641,10.1037/t45103-000
19642,10.1037/t83280-000
19643,10.1037/t54802-000
19644,10.1037/t82808-000
19645,10.1037/t01217-000
19646,10.1037/t40104-000
19647,10.1037/t12793-000
19648,10.1037/t70258-000
19649,10.1037/t72506-000
19650,10.1037/t48190-000
19651,10.1037/t85441-000
19652,10.1037/t22641-000
19653,10.1037/t27855-000
19654,10.1037/t35513-000
19655,10.1037/t78000-000
19656,10.1037/t66146-000
19657,10.1037/t83977-000
19658,10.1037/t24608-000
19659,10.1037/t48792-000
19660,10.1037/t87512-000
19661,10.1037/t58396-000
19662,10.1037/t69267-000
19663,10.1037/t17608-000
19664,10.1037/t21077-000
19665,10.1037/t70205-000
19666,10.1037/t40572-000
19667,10.1037/t64526-000
19668,10.1037/t22565-000
19669,10.1037/t29023-000
19670,10.1037/t84320-000
19671,10.1037/t45068-000
19672,10.1037/t76518-000
19673,10.1037/t18189-000
19674,10.1037/t67731-000
19675,10.1037/t73993-000
19676,10.1037/t61227-000
19677,10.1037/t67149-000
19678,10.1037/t75219-000
19679,10.1037/t52185-000
19680,10.1037/t30116-000
19681,10.1037/t42186-000
19682,10.1037/t77143-000
19683,10.1037/t08179-000
19684,10.1037/t19049-000
19685,10.1037/t24178-000
19686,10.1037/t28578-000
19687,10.1037/t22475-000
19688,10.1037/t08476-000
19689,10.1037/t71604-000
19690,10.1037/t28815-000
19691,10.1037/t05685-000
19692,10.1037/t15752-000
19693,10.1037/t77764-000
19694,10.1037/t84563-000
19695,10.1037/t77506-000
19696,10.1037/t83771-000
19697,10.1037/t37778-000
19698,10.1037/t86360-000
19699,10.1037/t15225-000
19700,10.1037/t57132-000
19701,10.1037/t09482-000
19702,10.1037/t27645-000
19703,10.1037/t83351-000
19704,10.1037/t26663-000
19705,10.1037/t67647-000
19706,10.1037/t01487-000
19707,10.1037/t69748-000
19708,10.1037/t64703-000
19709,10.1037/t22578-000
19710,10.1037/t64096-000
19711,10.1037/t67499-000
19712,10.1037/t43004-000
19713,10.1037/t86757-000
19714,10.1037/t53601-000
19715,10.1037/t60170-000
19716,10.1037/t12705-000
19717,10.1037/t10106-000
19718,10.1037/t48646-000
19719,10.1037/t42498-000
19720,10.1037/t23436-000
19721,10.1037/t58507-000
19722,10.1037/t69638-000
19723,10.1037/t74206-000
19724,10.1037/t39374-000
19725,10.1037/t75942-000
19726,10.1037/t36985-000
19727,10.1037/t18936-000
19728,10.1037/t45952-000
19729,10.1037/t19012-000
19730,10.1037/t62119-000
19731,10.1037/t19101-000
19732,10.1037/t26285-000
19733,10.1037/t62073-000
19734,10.1037/t02399-000
19735,10.1037/t51886-000
19736,10.1037/t27835-000
19737,10.1037/t71659-000
19738,10.1037/t11126-000
19739,10.1037/t82197-000
19740,10.1037/t25789-000
19741,10.1037/t82635-000
19742,10.1037/t58548-000
19743,10.1037/t12725-000
19744,10.1037/t62369-000
19745,10.1037/t38007-000
19746,10.1037/t47394-000
19747,10.1037/t03932-000
19748,10.1037/t54322-000
19749,10.1037/t41000-000
19750,10.1037/t36205-000
19751,10.1037/t25610-000
19752,10.1037/t25601-000
19753,10.1037/t50343-000
19754,10.1037/t86780-000
19755,10.1037/t66208-000
19756,10.1037/t01067-000
19757,10.1037/t23301-000
19758,10.1037/t19105-000
19759,10.1037/t21123-000
19760,10.1037/t19552-000
19761,10.1037/t24048-000
19762,10.1037/t66630-000
19763,10.1037/t66156-000
19764,10.1037/t23453-000
19765,10.1037/t16486-000
19766,10.1037/t06400-000
19767,10.1037/t14918-000
19768,10.1037/t19247-000
19769,10.1037/t03550-000
19770,10.1037/t00502-000
19771,10.1037/t25184-000
19772,10.1037/t48365-000
19773,10.1037/t44498-000
19774,10.1037/t02958-000
19775,10.1037/t14776-000
19776,10.1037/t42375-000
19777,10.1037/t62416-000
19778,10.1037/t66387-000
19779,10.1037/t68404-000
19780,10.1037/t62010-000
19781,10.1037/t78122-000
19782,10.1037/t13004-000
19783,10.1037/t15633-000
19784,10.1037/t11844-000
19785,10.1037/t36141-000
19786,10.1037/t83164-000
19787,10.1037/t28955-000
19788,10.1037/t77942-000
19789,10.1037/t05708-000
19790,10.1037/t29615-000
19791,10.1037/t54277-000
19792,10.1037/t03456-000
19793,10.1037/t26705-000
19794,10.1037/t79290-000
19795,10.1037/t50871-000
19796,10.1037/t52564-000
19797,10.1037/t25418-000
19798,10.1037/t58516-000
19799,10.1037/t03225-000
19800,10.1037/t00914-000
19801,10.1037/t75553-000
19802,10.1037/t05257-000
19803,10.1037/t19149-000
19804,10.1037/t84893-000
19805,10.1037/t31734-000
19806,10.1037/t08864-000
19807,10.1037/t65986-000
19808,10.1037/t45359-000
19809,10.1037/t80913-000
19810,10.1037/t21399-000
19811,10.1037/t33032-000
19812,10.1037/t48680-000
19813,10.1037/t26456-000
19814,10.1037/t45514-000
19815,10.1037/t01664-000
19816,10.1037/t32644-000
19817,10.1037/t84915-000
19818,10.1037/t07947-000
19819,10.1037/t37076-000
19820,10.1037/t47724-000
19821,10.1037/t17617-000
19822,10.1037/t75144-000
19823,10.1037/t08350-000
19824,10.1037/t65697-000
19825,10.1037/t83627-000
19826,10.1037/t28670-000
19827,10.1037/t23987-000
19828,10.1037/t67360-000
19829,10.1037/t16842-000
19830,10.1037/t14264-000
19831,10.1037/t28895-000
19832,10.1037/t13595-000
19833,10.1037/t19353-000
19834,10.1037/t16761-000
19835,10.1037/t85118-000
19836,10.1037/t61872-000
19837,10.1037/t12614-000
19838,10.1037/t39473-000
19839,10.1037/t77376-000
19840,10.1037/t25623-000
19841,10.1037/t03444-000
19842,10.1037/t00519-000
19843,10.1037/t54986-000
19844,10.1037/t54811-000
19845,10.1037/t27348-000
19846,10.1037/t20117-000
19847,10.1037/t12517-000
19848,10.1037/t26152-000
19849,10.1037/t62573-000
19850,10.1037/t18221-000
19851,10.1037/t17511-000
19852,10.1037/t32413-000
19853,10.1037/t15868-000
19854,10.1037/t66593-000
19855,10.1037/t20868-000
19856,10.1037/t82671-000
19857,10.1037/t27790-000
19858,10.1037/t63959-000
19859,10.1037/t83437-000
19860,10.1037/t01740-000
19861,10.1037/t27219-000
19862,10.1037/t11893-000
19863,10.1037/t73839-000
19864,10.1037/t27429-000
19865,10.1037/t70287-000
19866,10.1037/t00427-000
19867,10.1037/t45368-000
19868,10.1037/t47513-000
19869,10.1037/t42132-000
19870,10.1037/t68523-000
19871,10.1037/t79013-000
19872,10.1037/t73707-000
19873,10.1037/t28638-000
19874,10.1037/t14894-000
19875,10.1037/t43719-000
19876,10.1037/t24501-000
19877,10.1037/t24497-000
19878,10.1037/t83369-000
19879,10.1037/t16900-000
19880,10.1037/t11261-000
19881,10.1037/t25456-000
19882,10.1037/t76663-000
19883,10.1037/t24599-000
19884,10.1037/t04637-000
19885,10.1037/t27471-000
19886,10.1037/t19358-000
19887,10.1037/t22386-000
19888,10.1037/t22833-000
19889,10.1037/t81703-000
19890,10.1037/t25204-000
19891,10.1037/t52805-000
19892,10.1037/t32512-000
19893,10.1037/t35091-000
19894,10.1037/t20622-000
19895,10.1037/t86191-000
19896,10.1037/t01737-000
19897,10.1037/t11637-000
19898,10.1037/t42088-000
19899,10.1037/t56099-000
19900,10.1037/t25630-000
19901,10.1037/t14338-000
19902,10.1037/t28993-000
19903,10.1037/t64393-000
19904,10.1037/t44298-000
19905,10.1037/t84231-000
19906,10.1037/t85662-000
19907,10.1037/t02398-000
19908,10.1037/t18008-000
19909,10.1037/t01046-000
19910,10.1037/t74496-000
19911,10.1037/t63542-000
19912,10.1037/t41499-000
19913,10.1037/t41748-000
19914,10.1037/t84569-000
19915,10.1037/t78412-000
19916,10.1037/t29324-000
19917,10.1037/t43338-000
19918,10.1037/t70997-000
19919,10.1037/t60924-000
19920,10.1037/t72518-000
19921,10.1037/t85086-000
19922,10.1037/t17021-000
19923,10.1037/t40184-000
19924,10.1037/t20632-000
19925,10.1037/t76162-000
19926,10.1037/t68608-000
19927,10.1037/t30758-000
19928,10.1037/t57703-000
19929,10.1037/t72677-000
19930,10.1037/t80290-000
19931,10.1037/t70261-000
19932,10.1037/t21931-000
19933,10.1037/t13736-000
19934,10.1037/t50256-000
19935,10.1037/t08079-000
19936,10.1037/t24014-000
19937,10.1037/t52110-000
19938,10.1037/t34186-000
19939,10.1037/t59490-000
19940,10.1037/t67550-000
19941,10.1037/t08834-000
19942,10.1037/t01207-000
19943,10.1037/t15214-000
19944,10.1037/t02181-000
19945,10.1037/t73769-000
19946,10.1037/t46273-000
19947,10.1037/t86344-000
19948,10.1037/t78626-000
19949,10.1037/t17816-000
19950,10.1037/t26219-000
19951,10.1037/t85063-000
19952,10.1037/t10085-000
19953,10.1037/t53719-000
19954,10.1037/t23593-000
19955,10.1037/t83742-000
19956,10.1037/t15257-000
19957,10.1037/t31511-000
19958,10.1037/t07986-000
19959,10.1037/t80316-000
19960,10.1037/t18632-000
19961,10.1037/t33878-000
19962,10.1037/t29219-000
19963,10.1037/t11838-000
19964,10.1037/t06224-000
19965,10.1037/t21100-000
19966,10.1037/t05596-000
19967,10.1037/t34140-000
19968,10.1037/t42918-000
19969,10.1037/t75331-000
19970,10.1037/t82272-000
19971,10.1037/t37512-000
19972,10.1037/t82338-000
19973,10.1037/t09303-000
19974,10.1037/t27691-000
19975,10.1037/t68852-000
19976,10.1037/t79242-000
19977,10.1037/t03604-000
19978,10.1037/t10259-000
19979,10.1037/t03395-000
19980,10.1037/t33164-000
19981,10.1037/t25022-000
19982,10.1037/t15341-000
19983,10.1037/t86712-000
19984,10.1037/t08811-000
19985,10.1037/t22265-000
19986,10.1037/t07320-000
19987,10.1037/t18418-000
19988,10.1037/t42114-000
19989,10.1037/t09746-000
19990,10.1037/t20991-000
19991,10.1037/t36714-000
19992,10.1037/t28843-000
19993,10.1037/t18646-000
19994,10.1037/t24675-000
19995,10.1037/t50406-000
19996,10.1037/t43308-000
19997,10.1037/t08765-000
19998,10.1037/t63013-000
19999,10.1037/t30504-000
20000,10.1037/t87239-000
20001,10.1037/t15812-000
20002,10.1037/t48991-000
20003,10.1037/t62661-000
20004,10.1037/t41163-000
20005,10.1037/t19991-000
20006,10.1037/t13299-000
20007,10.1037/t15263-000
20008,10.1037/t58864-000
20009,10.1037/t81750-000
20010,10.1037/t05285-000
20011,10.1037/t86784-000
20012,10.1037/t32988-000
20013,10.1037/t35823-000
20014,10.1037/t01064-000
20015,10.1037/t18451-000
20016,10.1037/t64744-000
20017,10.1037/t02527-000
20018,10.1037/t13978-000
20019,10.1037/t48925-000
20020,10.1037/t01667-000
20021,10.1037/t10440-000
20022,10.1037/t63233-000
20023,10.1037/t42128-000
20024,10.1037/t53815-000
20025,10.1037/t12855-000
20026,10.1037/t23897-000
20027,10.1037/t17065-000
20028,10.1037/t36959-000
20029,10.1037/t38301-000
20030,10.1037/t36992-000
20031,10.1037/t70798-000
20032,10.1037/t29693-000
20033,10.1037/t38727-000
20034,10.1037/t02749-000
20035,10.1037/t48910-000
20036,10.1037/t40314-000
20037,10.1037/t31463-000
20038,10.1037/t87343-000
20039,10.1037/t31878-000
20040,10.1037/t28006-000
20041,10.1037/t48822-000
20042,10.1037/t09593-000
20043,10.1037/t14030-000
20044,10.1037/t22171-000
20045,10.1037/t20410-000
20046,10.1037/t10292-000
20047,10.1037/t12361-000
20048,10.1037/t00112-000
20049,10.1037/t83367-000
20050,10.1037/t61988-000
20051,10.1037/t59932-000
20052,10.1037/t07390-000
20053,10.1037/t67867-000
20054,10.1037/t36231-000
20055,10.1037/t04415-000
20056,10.1037/t06261-000
20057,10.1037/t63408-000
20058,10.1037/t39522-000
20059,10.1037/t20708-000
20060,10.1037/t04005-000
20061,10.1037/t62793-000
20062,10.1037/t17280-000
20063,10.1037/t86966-000
20064,10.1037/t07681-000
20065,10.1037/t21157-000
20066,10.1037/t39955-000
20067,10.1037/t23731-000
20068,10.1037/t86666-000
20069,10.1037/t11993-000
20070,10.1037/t14442-000
20071,10.1037/t64260-000
20072,10.1037/t13971-000
20073,10.1037/t46692-000
20074,10.1037/t68148-000
20075,10.1037/t23797-000
20076,10.1037/t30769-000
20077,10.1037/t09307-000
20078,10.1037/t06432-000
20079,10.1037/t84772-000
20080,10.1037/t59881-000
20081,10.1037/t15345-000
20082,10.1037/t84076-000
20083,10.1037/t41786-000
20084,10.1037/t39774-000
20085,10.1037/t02082-000
20086,10.1037/t18240-000
20087,10.1037/t48638-000
20088,10.1037/t02949-000
20089,10.1037/t87856-000
20090,10.1037/t62246-000
20091,10.1037/t32925-000
20092,10.1037/t32124-000
20093,10.1037/t26298-000
20094,10.1037/t66216-000
20095,10.1037/t21618-000
20096,10.1037/t04035-000
20097,10.1037/t08888-000
20098,10.1037/t34221-000
20099,10.1037/t02768-000
20100,10.1037/t53157-000
20101,10.1037/t26067-000
20102,10.1037/t33543-000
20103,10.1037/t81303-000
20104,10.1037/t85275-000
20105,10.1037/t67927-000
20106,10.1037/t00394-000
20107,10.1037/t68438-000
20108,10.1037/t06237-000
20109,10.1037/t58178-000
20110,10.1037/t35421-000
20111,10.1037/t03462-000
20112,10.1037/t37725-000
20113,10.1037/t05512-000
20114,10.1037/t82948-000
20115,10.1037/t34802-000
20116,10.1037/t00393-000
20117,10.1037/t62050-000
20118,10.1037/t08378-000
20119,10.1037/t44103-000
20120,10.1037/t74391-000
20121,10.1037/t19447-000
20122,10.1037/t32534-000
20123,10.1037/t78295-000
20124,10.1037/t22798-000
20125,10.1037/t83441-000
20126,10.1037/t32400-000
20127,10.1037/t07575-000
20128,10.1037/t43402-000
20129,10.1037/t44768-000
20130,10.1037/t61258-000
20131,10.1037/t45160-000
20132,10.1037/t73531-000
20133,10.1037/t64405-000
20134,10.1037/t62320-000
20135,10.1037/t78549-000
20136,10.1037/t26146-000
20137,10.1037/t33858-000
20138,10.1037/t37662-000
20139,10.1037/t31156-000
20140,10.1037/t77632-000
20141,10.1037/t72513-000
20142,10.1037/t03154-000
20143,10.1037/t45826-000
20144,10.1037/t17610-000
20145,10.1037/t58336-000
20146,10.1037/t01425-000
20147,10.1037/t38270-000
20148,10.1037/t04598-000
20149,10.1037/t67151-000
20150,10.1037/t08650-000
20151,10.1037/t14247-000
20152,10.1037/t38780-000
20153,10.1037/t47719-000
20154,10.1037/t68279-000
20155,10.1037/t74346-000
20156,10.1037/t63488-000
20157,10.1037/t19589-000
20158,10.1037/t01805-000
20159,10.1037/t32863-000
20160,10.1037/t79245-000
20161,10.1037/t44754-000
20162,10.1037/t75025-000
20163,10.1037/t73203-000
20164,10.1037/t28735-000
20165,10.1037/t65841-000
20166,10.1037/t20365-000
20167,10.1037/t69557-000
20168,10.1037/t09806-000
20169,10.1037/t11340-000
20170,10.1037/t82860-000
20171,10.1037/t26648-000
20172,10.1037/t19436-000
20173,10.1037/t23954-000
20174,10.1037/t70958-000
20175,10.1037/t28276-000
20176,10.1037/t14351-000
20177,10.1037/t38868-000
20178,10.1037/t19721-000
20179,10.1037/t16941-000
20180,10.1037/t16007-000
20181,10.1037/t28959-000
20182,10.1037/t23846-000
20183,10.1037/t21286-000
20184,10.1037/t03325-000
20185,10.1037/t69191-000
20186,10.1037/t67741-000
20187,10.1037/t48340-000
20188,10.1037/t46820-000
20189,10.1037/t07435-000
20190,10.1037/t81209-000
20191,10.1037/t17063-000
20192,10.1037/t40145-000
20193,10.1037/t41954-000
20194,10.1037/t21238-000
20195,10.1037/t21792-000
20196,10.1037/t77883-000
20197,10.1037/t08744-000
20198,10.1037/t50840-000
20199,10.1037/t70582-000
20200,10.1037/t22943-000
20201,10.1037/t33590-000
20202,10.1037/t10313-000
20203,10.1037/t84583-000
20204,10.1037/t20774-000
20205,10.1037/t74014-000
20206,10.1037/t30771-000
20207,10.1037/t10013-000
20208,10.1037/t77349-000
20209,10.1037/t20737-000
20210,10.1037/t05806-000
20211,10.1037/t59593-000
20212,10.1037/t84529-000
20213,10.1037/t80154-000
20214,10.1037/t19414-000
20215,10.1037/t30224-000
20216,10.1037/t09500-000
20217,10.1037/t75670-000
20218,10.1037/t85142-000
20219,10.1037/t01668-000
20220,10.1037/t80412-000
20221,10.1037/t65590-000
20222,10.1037/t20364-000
20223,10.1037/t00869-000
20224,10.1037/t41818-000
20225,10.1037/t44954-000
20226,10.1037/t62312-000
20227,10.1037/t12741-000
20228,10.1037/t20626-000
20229,10.1037/t28712-000
20230,10.1037/t40509-000
20231,10.1037/t19571-000
20232,10.1037/t82618-000
20233,10.1037/t14024-000
20234,10.1037/t16200-000
20235,10.1037/t77905-000
20236,10.1037/t61817-000
20237,10.1037/t42061-000
20238,10.1037/t39181-000
20239,10.1037/t04935-000
20240,10.1037/t09927-000
20241,10.1037/t60491-000
20242,10.1037/t19984-000
20243,10.1037/t21893-000
20244,10.1037/t87290-000
20245,10.1037/t76504-000
20246,10.1037/t15521-000
20247,10.1037/t46752-000
20248,10.1037/t45835-000
20249,10.1037/t64209-000
20250,10.1037/t74400-000
20251,10.1037/t04454-000
20252,10.1037/t11742-000
20253,10.1037/t16895-000
20254,10.1037/t16780-000
20255,10.1037/t68595-000
20256,10.1037/t58995-000
20257,10.1037/t14841-000
20258,10.1037/t18282-000
20259,10.1037/t41177-000
20260,10.1037/t27182-000
20261,10.1037/t43951-000
20262,10.1037/t10015-000
20263,10.1037/t81767-000
20264,10.1037/t57272-000
20265,10.1037/t86875-000
20266,10.1037/t42604-000
20267,10.1037/t23704-000
20268,10.1037/t06520-000
20269,10.1037/t53360-000
20270,10.1037/t00085-000
20271,10.1037/t45772-000
20272,10.1037/t54130-000
20273,10.1037/t68325-000
20274,10.1037/t25471-000
20275,10.1037/t85659-000
20276,10.1037/t67412-000
20277,10.1037/t39182-000
20278,10.1037/t12442-000
20279,10.1037/t03856-000
20280,10.1037/t79889-000
20281,10.1037/t78964-000
20282,10.1037/t78212-000
20283,10.1037/t11137-000
20284,10.1037/t63638-000
20285,10.1037/t22258-000
20286,10.1037/t33456-000
20287,10.1037/t01867-000
20288,10.1037/t22010-000
20289,10.1037/t80999-000
20290,10.1037/t81274-000
20291,10.1037/t27038-000
20292,10.1037/t01686-000
20293,10.1037/t54158-000
20294,10.1037/t17400-000
20295,10.1037/t33683-000
20296,10.1037/t00723-000
20297,10.1037/t00766-000
20298,10.1037/t32009-000
20299,10.1037/t31117-000
20300,10.1037/t44269-000
20301,10.1037/t55143-000
20302,10.1037/t84201-000
20303,10.1037/t70251-000
20304,10.1037/t50590-000
20305,10.1037/t64612-000
20306,10.1037/t47681-000
20307,10.1037/t66792-000
20308,10.1037/t82549-000
20309,10.1037/t80305-000
20310,10.1037/t14924-000
20311,10.1037/t29468-000
20312,10.1037/t15307-000
20313,10.1037/t39909-000
20314,10.1037/t24378-000
20315,10.1037/t18146-000
20316,10.1037/t12921-000
20317,10.1037/t54146-000
20318,10.1037/t31899-000
20319,10.1037/t38765-000
20320,10.1037/t73097-000
20321,10.1037/t33885-000
20322,10.1037/t06624-000
20323,10.1037/t20498-000
20324,10.1037/t51205-000
20325,10.1037/t53900-000
20326,10.1037/t81446-000
20327,10.1037/t64913-000
20328,10.1037/t40107-000
20329,10.1037/t28494-000
20330,10.1037/t65098-000
20331,10.1037/t70532-000
20332,10.1037/t59304-000
20333,10.1037/t20838-000
20334,10.1037/t12276-000
20335,10.1037/t25582-000
20336,10.1037/t25711-000
20337,10.1037/t03759-000
20338,10.1037/t07551-000
20339,10.1037/t16565-000
20340,10.1037/t25606-000
20341,10.1037/t17181-000
20342,10.1037/t67447-000
20343,10.1037/t30461-000
20344,10.1037/t07365-000
20345,10.1037/t66543-000
20346,10.1037/t17861-000
20347,10.1037/t18305-000
20348,10.1037/t46964-000
20349,10.1037/t10857-000
20350,10.1037/t59533-000
20351,10.1037/t77754-000
20352,10.1037/t00149-000
20353,10.1037/t18038-000
20354,10.1037/t21699-000
20355,10.1037/t75696-000
20356,10.1037/t01156-000
20357,10.1037/t33056-000
20358,10.1037/t01566-000
20359,10.1037/t02948-000
20360,10.1037/t00665-000
20361,10.1037/t66149-000
20362,10.1037/t37031-000
20363,10.1037/t47977-000
20364,10.1037/t03161-000
20365,10.1037/t58310-000
20366,10.1037/t37896-000
20367,10.1037/t11974-000
20368,10.1037/t57921-000
20369,10.1037/t49941-000
20370,10.1037/t75268-000
20371,10.1037/t59114-000
20372,10.1037/t86011-000
20373,10.1037/t28611-000
20374,10.1037/t81539-000
20375,10.1037/t13999-000
20376,10.1037/t40602-000
20377,10.1037/t14495-000
20378,10.1037/t63380-000
20379,10.1037/t47383-000
20380,10.1037/t44431-000
20381,10.1037/t64926-000
20382,10.1037/t00762-000
20383,10.1037/t00385-000
20384,10.1037/t00812-000
20385,10.1037/t45064-000
20386,10.1037/t65684-000
20387,10.1037/t47163-000
20388,10.1037/t70193-000
20389,10.1037/t75347-000
20390,10.1037/t81798-000
20391,10.1037/t61943-000
20392,10.1037/t16373-000
20393,10.1037/t63063-000
20394,10.1037/t03799-000
20395,10.1037/t62582-000
20396,10.1037/t36168-000
20397,10.1037/t73690-000
20398,10.1037/t17385-000
20399,10.1037/t10684-000
20400,10.1037/t38257-000
20401,10.1037/t74419-000
20402,10.1037/t85590-000
20403,10.1037/t60092-000
20404,10.1037/t84433-000
20405,10.1037/t83459-000
20406,10.1037/t41752-000
20407,10.1037/t85096-000
20408,10.1037/t83477-000
20409,10.1037/t25977-000
20410,10.1037/t51746-000
20411,10.1037/t72735-000
20412,10.1037/t78424-000
20413,10.1037/t10386-000
20414,10.1037/t26885-000
20415,10.1037/t12427-000
20416,10.1037/t77321-000
20417,10.1037/t28885-000
20418,10.1037/t82249-000
20419,10.1037/t68211-000
20420,10.1037/t05709-000
20421,10.1037/t30269-000
20422,10.1037/t82061-000
20423,10.1037/t69372-000
20424,10.1037/t17271-000
20425,10.1037/t63477-000
20426,10.1037/t28633-000
20427,10.1037/t06747-000
20428,10.1037/t62167-000
20429,10.1037/t21274-000
20430,10.1037/t08563-000
20431,10.1037/t41639-000
20432,10.1037/t49387-000
20433,10.1037/t70482-000
20434,10.1037/t47140-000
20435,10.1037/t30482-000
20436,10.1037/t50167-000
20437,10.1037/t26402-000
20438,10.1037/t47091-000
20439,10.1037/t87166-000
20440,10.1037/t58863-000
20441,10.1037/t25762-000
20442,10.1037/t09945-000
20443,10.1037/t03276-000
20444,10.1037/t57062-000
20445,10.1037/t49011-000
20446,10.1037/t65969-000
20447,10.1037/t29993-000
20448,10.1037/t02552-000
20449,10.1037/t43586-000
20450,10.1037/t04926-000
20451,10.1037/t10493-000
20452,10.1037/t80270-000
20453,10.1037/t28501-000
20454,10.1037/t22918-000
20455,10.1037/t16686-000
20456,10.1037/t46977-000
20457,10.1037/t50440-000
20458,10.1037/t28008-000
20459,10.1037/t71137-000
20460,10.1037/t00404-000
20461,10.1037/t10713-000
20462,10.1037/t25971-000
20463,10.1037/t29507-000
20464,10.1037/t85570-000
20465,10.1037/t75599-000
20466,10.1037/t84359-000
20467,10.1037/t42060-000
20468,10.1037/t20401-000
20469,10.1037/t01977-000
20470,10.1037/t20744-000
20471,10.1037/t07682-000
20472,10.1037/t48931-000
20473,10.1037/t54542-000
20474,10.1037/t20691-000
20475,10.1037/t17019-000
20476,10.1037/t12308-000
20477,10.1037/t14171-000
20478,10.1037/t65661-000
20479,10.1037/t06274-000
20480,10.1037/t40110-000
20481,10.1037/t13626-000
20482,10.1037/t04710-000
20483,10.1037/t67212-000
20484,10.1037/t36939-000
20485,10.1037/t12511-000
20486,10.1037/t59054-000
20487,10.1037/t45792-000
20488,10.1037/t23206-000
20489,10.1037/t08668-000
20490,10.1037/t33840-000
20491,10.1037/t57847-000
20492,10.1037/t05169-000
20493,10.1037/t30310-000
20494,10.1037/t87774-000
20495,10.1037/t78030-000
20496,10.1037/t22113-000
20497,10.1037/t27465-000
20498,10.1037/t64350-000
20499,10.1037/t81815-000
20500,10.1037/t64708-000
20501,10.1037/t79060-000
20502,10.1037/t66845-000
20503,10.1037/t28437-000
20504,10.1037/t42180-000
20505,10.1037/t18224-000
20506,10.1037/t78396-000
20507,10.1037/t36146-000
20508,10.1037/t34480-000
20509,10.1037/t44251-000
20510,10.1037/t06278-000
20511,10.1037/t68627-000
20512,10.1037/t36255-000
20513,10.1037/t62786-000
20514,10.1037/t45578-000
20515,10.1037/t80830-000
20516,10.1037/t12878-000
20517,10.1037/t18011-000
20518,10.1037/t14652-000
20519,10.1037/t77916-000
20520,10.1037/t31675-000
20521,10.1037/t03378-000
20522,10.1037/t37366-000
20523,10.1037/t26222-000
20524,10.1037/t32825-000
20525,10.1037/t60571-000
20526,10.1037/t63649-000
20527,10.1037/t04928-000
20528,10.1037/t17282-000
20529,10.1037/t17666-000
20530,10.1037/t85234-000
20531,10.1037/t81173-000
20532,10.1037/t82871-000
20533,10.1037/t00421-000
20534,10.1037/t85112-000
20535,10.1037/t83535-000
20536,10.1037/t36428-000
20537,10.1037/t57181-000
20538,10.1037/t44270-000
20539,10.1037/t39972-000
20540,10.1037/t78281-000
20541,10.1037/t62306-000
20542,10.1037/t72399-000
20543,10.1037/t23022-000
20544,10.1037/t39892-000
20545,10.1037/t23218-000
20546,10.1037/t32680-000
20547,10.1037/t74793-000
20548,10.1037/t65766-000
20549,10.1037/t21935-000
20550,10.1037/t51978-000
20551,10.1037/t83585-000
20552,10.1037/t78144-000
20553,10.1037/t23680-000
20554,10.1037/t23059-000
20555,10.1037/t16162-000
20556,10.1037/t53718-000
20557,10.1037/t11933-000
20558,10.1037/t45858-000
20559,10.1037/t18913-000
20560,10.1037/t32109-000
20561,10.1037/t73152-000
20562,10.1037/t06406-000
20563,10.1037/t70393-000
20564,10.1037/t72451-000
20565,10.1037/t70033-000
20566,10.1037/t06119-000
20567,10.1037/t79284-000
20568,10.1037/t84837-000
20569,10.1037/t83962-000
20570,10.1037/t32657-000
20571,10.1037/t22984-000
20572,10.1037/t25769-000
20573,10.1037/t45825-000
20574,10.1037/t65912-000
20575,10.1037/t52607-000
20576,10.1037/t21388-000
20577,10.1037/t70400-000
20578,10.1037/t01386-000
20579,10.1037/t12603-000
20580,10.1037/t80663-000
20581,10.1037/t02938-000
20582,10.1037/t39921-000
20583,10.1037/t21063-000
20584,10.1037/t48593-000
20585,10.1037/t19683-000
20586,10.1037/t40538-000
20587,10.1037/t20221-000
20588,10.1037/t55474-000
20589,10.1037/t09216-000
20590,10.1037/t48380-000
20591,10.1037/t21687-000
20592,10.1037/t08833-000
20593,10.1037/t26863-000
20594,10.1037/t70214-000
20595,10.1037/t18696-000
20596,10.1037/t13850-000
20597,10.1037/t12238-000
20598,10.1037/t81391-000
20599,10.1037/t56376-000
20600,10.1037/t27109-000
20601,10.1037/t42016-000
20602,10.1037/t75324-000
20603,10.1037/t24855-000
20604,10.1037/t24210-000
20605,10.1037/t41372-000
20606,10.1037/t85239-000
20607,10.1037/t03854-000
20608,10.1037/t03611-000
20609,10.1037/t37215-000
20610,10.1037/t75690-000
20611,10.1037/t16413-000
20612,10.1037/t36572-000
20613,10.1037/t84544-000
20614,10.1037/t68084-000
20615,10.1037/t08800-000
20616,10.1037/t04020-000
20617,10.1037/t87455-000
20618,10.1037/t87147-000
20619,10.1037/t72871-000
20620,10.1037/t16864-000
20621,10.1037/t06008-000
20622,10.1037/t82491-000
20623,10.1037/t34994-000
20624,10.1037/t48011-000
20625,10.1037/t64622-000
20626,10.1037/t13187-000
20627,10.1037/t04530-000
20628,10.1037/t14569-000
20629,10.1037/t23224-000
20630,10.1037/t18774-000
20631,10.1037/t15699-000
20632,10.1037/t44484-000
20633,10.1037/t81117-000
20634,10.1037/t13633-000
20635,10.1037/t00683-000
20636,10.1037/t49886-000
20637,10.1037/t86671-000
20638,10.1037/t69476-000
20639,10.1037/t17309-000
20640,10.1037/t42997-000
20641,10.1037/t22366-000
20642,10.1037/t45209-000
20643,10.1037/t33476-000
20644,10.1037/t65243-000
20645,10.1037/t22561-000
20646,10.1037/t18181-000
20647,10.1037/t38459-000
20648,10.1037/t02141-000
20649,10.1037/t18839-000
20650,10.1037/t41138-000
20651,10.1037/t48996-000
20652,10.1037/t16759-000
20653,10.1037/t49437-000
20654,10.1037/t41967-000
20655,10.1037/t20717-000
20656,10.1037/t70593-000
20657,10.1037/t24920-000
20658,10.1037/t44240-000
20659,10.1037/t16585-000
20660,10.1037/t62981-000
20661,10.1037/t74397-000
20662,10.1037/t03900-000
20663,10.1037/t11006-000
20664,10.1037/t34412-000
20665,10.1037/t66344-000
20666,10.1037/t50550-000
20667,10.1037/t45268-000
20668,10.1037/t25292-000
20669,10.1037/t85859-000
20670,10.1037/t59052-000
20671,10.1037/t80141-000
20672,10.1037/t25903-000
20673,10.1037/t00548-000
20674,10.1037/t77112-000
20675,10.1037/t12069-000
20676,10.1037/t78211-000
20677,10.1037/t14557-000
20678,10.1037/t47364-000
20679,10.1037/t10208-000
20680,10.1037/t11841-000
20681,10.1037/t22850-000
20682,10.1037/t38915-000
20683,10.1037/t68143-000
20684,10.1037/t12284-000
20685,10.1037/t08489-000
20686,10.1037/t78111-000
20687,10.1037/t41554-000
20688,10.1037/t33790-000
20689,10.1037/t17598-000
20690,10.1037/t27413-000
20691,10.1037/t37985-000
20692,10.1037/t65196-000
20693,10.1037/t20370-000
20694,10.1037/t22128-000
20695,10.1037/t79169-000
20696,10.1037/t37271-000
20697,10.1037/t23633-000
20698,10.1037/t75409-000
20699,10.1037/t08625-000
20700,10.1037/t07722-000
20701,10.1037/t58620-000
20702,10.1037/t48338-000
20703,10.1037/t30435-000
20704,10.1037/t19508-000
20705,10.1037/t21733-000
20706,10.1037/t36914-000
20707,10.1037/t11428-000
20708,10.1037/t64530-000
20709,10.1037/t73817-000
20710,10.1037/t84863-000
20711,10.1037/t33396-000
20712,10.1037/t79130-000
20713,10.1037/t07622-000
20714,10.1037/t74883-000
20715,10.1037/t79174-000
20716,10.1037/t41208-000
20717,10.1037/t28347-000
20718,10.1037/t25719-000
20719,10.1037/t18478-000
20720,10.1037/t03275-000
20721,10.1037/t14445-000
20722,10.1037/t21228-000
20723,10.1037/t42675-000
20724,10.1037/t01349-000
20725,10.1037/t12213-000
20726,10.1037/t33890-000
20727,10.1037/t18107-000
20728,10.1037/t00924-000
20729,10.1037/t01066-000
20730,10.1037/t60050-000
20731,10.1037/t22054-000
20732,10.1037/t19362-000
20733,10.1037/t15740-000
20734,10.1037/t09343-000
20735,10.1037/t25501-000
20736,10.1037/t20844-000
20737,10.1037/t22018-000
20738,10.1037/t41548-000
20739,10.1037/t21805-000
20740,10.1037/t12143-000
20741,10.1037/t37172-000
20742,10.1037/t47655-000
20743,10.1037/t16760-000
20744,10.1037/t53320-000
20745,10.1037/t53536-000
20746,10.1037/t31953-000
20747,10.1037/t31745-000
20748,10.1037/t68408-000
20749,10.1037/t15518-000
20750,10.1037/t26679-000
20751,10.1037/t41477-000
20752,10.1037/t62546-000
20753,10.1037/t15206-000
20754,10.1037/t17275-000
20755,10.1037/t80284-000
20756,10.1037/t19771-000
20757,10.1037/t67555-000
20758,10.1037/t85958-000
20759,10.1037/t47297-000
20760,10.1037/t65895-000
20761,10.1037/t70758-000
20762,10.1037/t62644-000
20763,10.1037/t67392-000
20764,10.1037/t64176-000
20765,10.1037/t44244-000
20766,10.1037/t28833-000
20767,10.1037/t26103-000
20768,10.1037/t42991-000
20769,10.1037/t63427-000
20770,10.1037/t61308-000
20771,10.1037/t36239-000
20772,10.1037/t10678-000
20773,10.1037/t31305-000
20774,10.1037/t18916-000
20775,10.1037/t79360-000
20776,10.1037/t33793-000
20777,10.1037/t81911-000
20778,10.1037/t16917-000
20779,10.1037/t49802-000
20780,10.1037/t69853-000
20781,10.1037/t01631-000
20782,10.1037/t18709-000
20783,10.1037/t79298-000
20784,10.1037/t82055-000
20785,10.1037/t43888-000
20786,10.1037/t14068-000
20787,10.1037/t44398-000
20788,10.1037/t06821-000
20789,10.1037/t16912-000
20790,10.1037/t32655-000
20791,10.1037/t50826-000
20792,10.1037/t17907-000
20793,10.1037/t28390-000
20794,10.1037/t36175-000
20795,10.1037/t61021-000
20796,10.1037/t43306-000
20797,10.1037/t77597-000
20798,10.1037/t48923-000
20799,10.1037/t23158-000
20800,10.1037/t41412-000
20801,10.1037/t00505-000
20802,10.1037/t44086-000
20803,10.1037/t45380-000
20804,10.1037/t21112-000
20805,10.1037/t42870-000
20806,10.1037/t01025-000
20807,10.1037/t03311-000
20808,10.1037/t12383-000
20809,10.1037/t26965-000
20810,10.1037/t81709-000
20811,10.1037/t23223-000
20812,10.1037/t55101-000
20813,10.1037/t22134-000
20814,10.1037/t28327-000
20815,10.1037/t17490-000
20816,10.1037/t21140-000
20817,10.1037/t86952-000
20818,10.1037/t32437-000
20819,10.1037/t02473-000
20820,10.1037/t39768-000
20821,10.1037/t67597-000
20822,10.1037/t27392-000
20823,10.1037/t24144-000
20824,10.1037/t63333-000
20825,10.1037/t61289-000
20826,10.1037/t16148-000
20827,10.1037/t23661-000
20828,10.1037/t36904-000
20829,10.1037/t62449-000
20830,10.1037/t63845-000
20831,10.1037/t50154-000
20832,10.1037/t17143-000
20833,10.1037/t72706-000
20834,10.1037/t62321-000
20835,10.1037/t07593-000
20836,10.1037/t02917-000
20837,10.1037/t25227-000
20838,10.1037/t01306-000
20839,10.1037/t39710-000
20840,10.1037/t19803-000
20841,10.1037/t19936-000
20842,10.1037/t83021-000
20843,10.1037/t69609-000
20844,10.1037/t28550-000
20845,10.1037/t79770-000
20846,10.1037/t22947-000
20847,10.1037/t65886-000
20848,10.1037/t58771-000
20849,10.1037/t37800-000
20850,10.1037/t26676-000
20851,10.1037/t02041-000
20852,10.1037/t07060-000
20853,10.1037/t11950-000
20854,10.1037/t21718-000
20855,10.1037/t57728-000
20856,10.1037/t12417-000
20857,10.1037/t25352-000
20858,10.1037/t86701-000
20859,10.1037/t23054-000
20860,10.1037/t78787-000
20861,10.1037/t81058-000
20862,10.1037/t86031-000
20863,10.1037/t00957-000
20864,10.1037/t23810-000
20865,10.1037/t19080-000
20866,10.1037/t38428-000
20867,10.1037/t13150-000
20868,10.1037/t00674-000
20869,10.1037/t06810-000
20870,10.1037/t05539-000
20871,10.1037/t82091-000
20872,10.1037/t70027-000
20873,10.1037/t65701-000
20874,10.1037/t11009-000
20875,10.1037/t41789-000
20876,10.1037/t77432-000
20877,10.1037/t15781-000
20878,10.1037/t65446-000
20879,10.1037/t21789-000
20880,10.1037/t62226-000
20881,10.1037/t40987-000
20882,10.1037/t72466-000
20883,10.1037/t61168-000
20884,10.1037/t13154-000
20885,10.1037/t16287-000
20886,10.1037/t33957-000
20887,10.1037/t54938-000
20888,10.1037/t75665-000
20889,10.1037/t16402-000
20890,10.1037/t13346-000
20891,10.1037/t22267-000
20892,10.1037/t25575-000
20893,10.1037/t59293-000
20894,10.1037/t24692-000
20895,10.1037/t12593-000
20896,10.1037/t17775-000
20897,10.1037/t82805-000
20898,10.1037/t12256-000
20899,10.1037/t19354-000
20900,10.1037/t35292-000
20901,10.1037/t37359-000
20902,10.1037/t38754-000
20903,10.1037/t20563-000
20904,10.1037/t78708-000
20905,10.1037/t26634-000
20906,10.1037/t70381-000
20907,10.1037/t39704-000
20908,10.1037/t82125-000
20909,10.1037/t71839-000
20910,10.1037/t45855-000
20911,10.1037/t29967-000
20912,10.1037/t10394-000
20913,10.1037/t12899-000
20914,10.1037/t08443-000
20915,10.1037/t23198-000
20916,10.1037/t72943-000
20917,10.1037/t20400-000
20918,10.1037/t87032-000
20919,10.1037/t65474-000
20920,10.1037/t03872-000
20921,10.1037/t23129-000
20922,10.1037/t21785-000
20923,10.1037/t35596-000
20924,10.1037/t27748-000
20925,10.1037/t12772-000
20926,10.1037/t86514-000
20927,10.1037/t11218-000
20928,10.1037/t67032-000
20929,10.1037/t61033-000
20930,10.1037/t13118-000
20931,10.1037/t39202-000
20932,10.1037/t18002-000
20933,10.1037/t14104-000
20934,10.1037/t35309-000
20935,10.1037/t23539-000
20936,10.1037/t08324-000
20937,10.1037/t84705-000
20938,10.1037/t75395-000
20939,10.1037/t33860-000
20940,10.1037/t11622-000
20941,10.1037/t20775-000
20942,10.1037/t18226-000
20943,10.1037/t22996-000
20944,10.1037/t41050-000
20945,10.1037/t53746-000
20946,10.1037/t01373-000
20947,10.1037/t26642-000
20948,10.1037/t01507-000
20949,10.1037/t62102-000
20950,10.1037/t12439-000
20951,10.1037/t16756-000
20952,10.1037/t35526-000
20953,10.1037/t67980-000
20954,10.1037/t81280-000
20955,10.1037/t76767-000
20956,10.1037/t77152-000
20957,10.1037/t21269-000
20958,10.1037/t09592-000
20959,10.1037/t14583-000
20960,10.1037/t33801-000
20961,10.1037/t71896-000
20962,10.1037/t42084-000
20963,10.1037/t06366-000
20964,10.1037/t67148-000
20965,10.1037/t27889-000
20966,10.1037/t27170-000
20967,10.1037/t75868-000
20968,10.1037/t81239-000
20969,10.1037/t39864-000
20970,10.1037/t06869-000
20971,10.1037/t13367-000
20972,10.1037/t23901-000
20973,10.1037/t67907-000
20974,10.1037/t27149-000
20975,10.1037/t27892-000
20976,10.1037/t03023-000
20977,10.1037/t36394-000
20978,10.1037/t73921-000
20979,10.1037/t36241-000
20980,10.1037/t44523-000
20981,10.1037/t15693-000
20982,10.1037/t43801-000
20983,10.1037/t61328-000
20984,10.1037/t19270-000
20985,10.1037/t13237-000
20986,10.1037/t41810-000
20987,10.1037/t75477-000
20988,10.1037/t02861-000
20989,10.1037/t24569-000
20990,10.1037/t25014-000
20991,10.1037/t34012-000
20992,10.1037/t18825-000
20993,10.1037/t30327-000
20994,10.1037/t77880-000
20995,10.1037/t84797-000
20996,10.1037/t10794-000
20997,10.1037/t70237-000
20998,10.1037/t50385-000
20999,10.1037/t33655-000
21000,10.1037/t74861-000
21001,10.1037/t37058-000
21002,10.1037/t11957-000
21003,10.1037/t06155-000
21004,10.1037/t39996-000
21005,10.1037/t61606-000
21006,10.1037/t32844-000
21007,10.1037/t34423-000
21008,10.1037/t61040-000
21009,10.1037/t65890-000
21010,10.1037/t13208-000
21011,10.1037/t14146-000
21012,10.1037/t43622-000
21013,10.1037/t26724-000
21014,10.1037/t75961-000
21015,10.1037/t19648-000
21016,10.1037/t24100-000
21017,10.1037/t12373-000
21018,10.1037/t59528-000
21019,10.1037/t06373-000
21020,10.1037/t42751-000
21021,10.1037/t12796-000
21022,10.1037/t12236-000
21023,10.1037/t13972-000
21024,10.1037/t52081-000
21025,10.1037/t65860-000
21026,10.1037/t24807-000
21027,10.1037/t32675-000
21028,10.1037/t10808-000
21029,10.1037/t62448-000
21030,10.1037/t07408-000
21031,10.1037/t78824-000
21032,10.1037/t82304-000
21033,10.1037/t43146-000
21034,10.1037/t59782-000
21035,10.1037/t12304-000
21036,10.1037/t71441-000
21037,10.1037/t82853-000
21038,10.1037/t21236-000
21039,10.1037/t78265-000
21040,10.1037/t19428-000
21041,10.1037/t25138-000
21042,10.1037/t17489-000
21043,10.1037/t09712-000
21044,10.1037/t14796-000
21045,10.1037/t70057-000
21046,10.1037/t62372-000
21047,10.1037/t32288-000
21048,10.1037/t16843-000
21049,10.1037/t21209-000
21050,10.1037/t77892-000
21051,10.1037/t05701-000
21052,10.1037/t23650-000
21053,10.1037/t38577-000
21054,10.1037/t40617-000
21055,10.1037/t67884-000
21056,10.1037/t62117-000
21057,10.1037/t31560-000
21058,10.1037/t65871-000
21059,10.1037/t53436-000
21060,10.1037/t59106-000
21061,10.1037/t14805-000
21062,10.1037/t25743-000
21063,10.1037/t17763-000
21064,10.1037/t48302-000
21065,10.1037/t63577-000
21066,10.1037/t42717-000
21067,10.1037/t64481-000
21068,10.1037/t75624-000
21069,10.1037/t09018-000
21070,10.1037/t54448-000
21071,10.1037/t17915-000
21072,10.1037/t00286-000
21073,10.1037/t44263-000
21074,10.1037/t51112-000
21075,10.1037/t21408-000
21076,10.1037/t15381-000
21077,10.1037/t38380-000
21078,10.1037/t46665-000
21079,10.1037/t68583-000
21080,10.1037/t67253-000
21081,10.1037/t69473-000
21082,10.1037/t21008-000
21083,10.1037/t19678-000
21084,10.1037/t49609-000
21085,10.1037/t25139-000
21086,10.1037/t80837-000
21087,10.1037/t16731-000
21088,10.1037/t04369-000
21089,10.1037/t18793-000
21090,10.1037/t18197-000
21091,10.1037/t19602-000
21092,10.1037/t65222-000
21093,10.1037/t01418-000
21094,10.1037/t70272-000
21095,10.1037/t07891-000
21096,10.1037/t40399-000
21097,10.1037/t18105-000
21098,10.1037/t40298-000
21099,10.1037/t77489-000
21100,10.1037/t11133-000
21101,10.1037/t85416-000
21102,10.1037/t14542-000
21103,10.1037/t10592-000
21104,10.1037/t87164-000
21105,10.1037/t62328-000
21106,10.1037/t41200-000
21107,10.1037/t67518-000
21108,10.1037/t33802-000
21109,10.1037/t23872-000
21110,10.1037/t16085-000
21111,10.1037/t34909-000
21112,10.1037/t28908-000
21113,10.1037/t64212-000
21114,10.1037/t05923-000
21115,10.1037/t49427-000
21116,10.1037/t44495-000
21117,10.1037/t21117-000
21118,10.1037/t35227-000
21119,10.1037/t42782-000
21120,10.1037/t20424-000
21121,10.1037/t05505-000
21122,10.1037/t57080-000
21123,10.1037/t45274-000
21124,10.1037/t17446-000
21125,10.1037/t47714-000
21126,10.1037/t41692-000
21127,10.1037/t29552-000
21128,10.1037/t24973-000
21129,10.1037/t11772-000
21130,10.1037/t29180-000
21131,10.1037/t63908-000
21132,10.1037/t21158-000
21133,10.1037/t40745-000
21134,10.1037/t25708-000
21135,10.1037/t08813-000
21136,10.1037/t71998-000
21137,10.1037/t22185-000
21138,10.1037/t26630-000
21139,10.1037/t24390-000
21140,10.1037/t46064-000
21141,10.1037/t01258-000
21142,10.1037/t66317-000
21143,10.1037/t24609-000
21144,10.1037/t47313-000
21145,10.1037/t22450-000
21146,10.1037/t12283-000
21147,10.1037/t34492-000
21148,10.1037/t18603-000
21149,10.1037/t24473-000
21150,10.1037/t86624-000
21151,10.1037/t39340-000
21152,10.1037/t22088-000
21153,10.1037/t63021-000
21154,10.1037/t27875-000
21155,10.1037/t81203-000
21156,10.1037/t21347-000
21157,10.1037/t11212-000
21158,10.1037/t10716-000
21159,10.1037/t77896-000
21160,10.1037/t84102-000
21161,10.1037/t07921-000
21162,10.1037/t70235-000
21163,10.1037/t16307-000
21164,10.1037/t78348-000
21165,10.1037/t83102-000
21166,10.1037/t81702-000
21167,10.1037/t71287-000
21168,10.1037/t42693-000
21169,10.1037/t74599-000
21170,10.1037/t06725-000
21171,10.1037/t00570-000
21172,10.1037/t24224-000
21173,10.1037/t44149-000
21174,10.1037/t80095-000
21175,10.1037/t31413-000
21176,10.1037/t81437-000
21177,10.1037/t16314-000
21178,10.1037/t79566-000
21179,10.1037/t06133-000
21180,10.1037/t27690-000
21181,10.1037/t00066-000
21182,10.1037/t85658-000
21183,10.1037/t43538-000
21184,10.1037/t00261-000
21185,10.1037/t00340-000
21186,10.1037/t82540-000
21187,10.1037/t29098-000
21188,10.1037/t50420-000
21189,10.1037/t14173-000
21190,10.1037/t11424-000
21191,10.1037/t00478-000
21192,10.1037/t24799-000
21193,10.1037/t19562-000
21194,10.1037/t26585-000
21195,10.1037/t69567-000
21196,10.1037/t80485-000
21197,10.1037/t59744-000
21198,10.1037/t48054-000
21199,10.1037/t15500-000
21200,10.1037/t40889-000
21201,10.1037/t08562-000
21202,10.1037/t82875-000
21203,10.1037/t57073-000
21204,10.1037/t25480-000
21205,10.1037/t57325-000
21206,10.1037/t09905-000
21207,10.1037/t24170-000
21208,10.1037/t32551-000
21209,10.1037/t49486-000
21210,10.1037/t27633-000
21211,10.1037/t18706-000
21212,10.1037/t22009-000
21213,10.1037/t00991-000
21214,10.1037/t22688-000
21215,10.1037/t81694-000
21216,10.1037/t07448-000
21217,10.1037/t65043-000
21218,10.1037/t54513-000
21219,10.1037/t14700-000
21220,10.1037/t19727-000
21221,10.1037/t76396-000
21222,10.1037/t50336-000
21223,10.1037/t22059-000
21224,10.1037/t26009-000
21225,10.1037/t60104-000
21226,10.1037/t52119-000
21227,10.1037/t60680-000
21228,10.1037/t82155-000
21229,10.1037/t26208-000
21230,10.1037/t74322-000
21231,10.1037/t17550-000
21232,10.1037/t50968-000
21233,10.1037/t60676-000
21234,10.1037/t77398-000
21235,10.1037/t68367-000
21236,10.1037/t63585-000
21237,10.1037/t28598-000
21238,10.1037/t27793-000
21239,10.1037/t40807-000
21240,10.1037/t39196-000
21241,10.1037/t21547-000
21242,10.1037/t74816-000
21243,10.1037/t22660-000
21244,10.1037/t47062-000
21245,10.1037/t25071-000
21246,10.1037/t25918-000
21247,10.1037/t28990-000
21248,10.1037/t09753-000
21249,10.1037/t23354-000
21250,10.1037/t73754-000
21251,10.1037/t13239-000
21252,10.1037/t00733-000
21253,10.1037/t36366-000
21254,10.1037/t32651-000
21255,10.1037/t63582-000
21256,10.1037/t67570-000
21257,10.1037/t11111-000
21258,10.1037/t82404-000
21259,10.1037/t20125-000
21260,10.1037/t09373-000
21261,10.1037/t27144-000
21262,10.1037/t22173-000
21263,10.1037/t12468-000
21264,10.1037/t22978-000
21265,10.1037/t22923-000
21266,10.1037/t24073-000
21267,10.1037/t33444-000
21268,10.1037/t06881-000
21269,10.1037/t85825-000
21270,10.1037/t02055-000
21271,10.1037/t36490-000
21272,10.1037/t46360-000
21273,10.1037/t67566-000
21274,10.1037/t75987-000
21275,10.1037/t62103-000
21276,10.1037/t00620-000
21277,10.1037/t27079-000
21278,10.1037/t68343-000
21279,10.1037/t69588-000
21280,10.1037/t58306-000
21281,10.1037/t07546-000
21282,10.1037/t09274-000
21283,10.1037/t30309-000
21284,10.1037/t36398-000
21285,10.1037/t42924-000
21286,10.1037/t82619-000
21287,10.1037/t73898-000
21288,10.1037/t41249-000
21289,10.1037/t32986-000
21290,10.1037/t43179-000
21291,10.1037/t22678-000
21292,10.1037/t48032-000
21293,10.1037/t20007-000
21294,10.1037/t41622-000
21295,10.1037/t59234-000
21296,10.1037/t82465-000
21297,10.1037/t80503-000
21298,10.1037/t62914-000
21299,10.1037/t35679-000
21300,10.1037/t14648-000
21301,10.1037/t43302-000
21302,10.1037/t26740-000
21303,10.1037/t00945-000
21304,10.1037/t14858-000
21305,10.1037/t17348-000
21306,10.1037/t15571-000
21307,10.1037/t38889-000
21308,10.1037/t13272-000
21309,10.1037/t78015-000
21310,10.1037/t82582-000
21311,10.1037/t21848-000
21312,10.1037/t77182-000
21313,10.1037/t40016-000
21314,10.1037/t12068-000
21315,10.1037/t37743-000
21316,10.1037/t01736-000
21317,10.1037/t72823-000
21318,10.1037/t71535-000
21319,10.1037/t82329-000
21320,10.1037/t48857-000
21321,10.1037/t50266-000
21322,10.1037/t11003-000
21323,10.1037/t32903-000
21324,10.1037/t68501-000
21325,10.1037/t81698-000
21326,10.1037/t12598-000
21327,10.1037/t01433-000
21328,10.1037/t31518-000
21329,10.1037/t01785-000
21330,10.1037/t60544-000
21331,10.1037/t23312-000
21332,10.1037/t27044-000
21333,10.1037/t83873-000
21334,10.1037/t72817-000
21335,10.1037/t24870-000
21336,10.1037/t70209-000
21337,10.1037/t50823-000
21338,10.1037/t24543-000
21339,10.1037/t59532-000
21340,10.1037/t33063-000
21341,10.1037/t40925-000
21342,10.1037/t12416-000
21343,10.1037/t29025-000
21344,10.1037/t10246-000
21345,10.1037/t24332-000
21346,10.1037/t47392-000
21347,10.1037/t16163-000
21348,10.1037/t50549-000
21349,10.1037/t41171-000
21350,10.1037/t83098-000
21351,10.1037/t21432-000
21352,10.1037/t17055-000
21353,10.1037/t02590-000
21354,10.1037/t04492-000
21355,10.1037/t30139-000
21356,10.1037/t24568-000
21357,10.1037/t78367-000
21358,10.1037/t58251-000
21359,10.1037/t09677-000
21360,10.1037/t08014-000
21361,10.1037/t00161-000
21362,10.1037/t37151-000
21363,10.1037/t12441-000
21364,10.1037/t25822-000
21365,10.1037/t27923-000
21366,10.1037/t70437-000
21367,10.1037/t40103-000
21368,10.1037/t19184-000
21369,10.1037/t83569-000
21370,10.1037/t27766-000
21371,10.1037/t14381-000
21372,10.1037/t12867-000
21373,10.1037/t53453-000
21374,10.1037/t21701-000
21375,10.1037/t56518-000
21376,10.1037/t08649-000
21377,10.1037/t81797-000
21378,10.1037/t25328-000
21379,10.1037/t06911-000
21380,10.1037/t17872-000
21381,10.1037/t18320-000
21382,10.1037/t58319-000
21383,10.1037/t77037-000
21384,10.1037/t32595-000
21385,10.1037/t61981-000
21386,10.1037/t64633-000
21387,10.1037/t20215-000
21388,10.1037/t16533-000
21389,10.1037/t13785-000
21390,10.1037/t20807-000
21391,10.1037/t71320-000
21392,10.1037/t62187-000
21393,10.1037/t03969-000
21394,10.1037/t04252-000
21395,10.1037/t11856-000
21396,10.1037/t60901-000
21397,10.1037/t46968-000
21398,10.1037/t24194-000
21399,10.1037/t42492-000
21400,10.1037/t32429-000
21401,10.1037/t41813-000
21402,10.1037/t84654-000
21403,10.1037/t75127-000
21404,10.1037/t04034-000
21405,10.1037/t65696-000
21406,10.1037/t52537-000
21407,10.1037/t01763-000
21408,10.1037/t24358-000
21409,10.1037/t22681-000
21410,10.1037/t22098-000
21411,10.1037/t80146-000
21412,10.1037/t72784-000
21413,10.1037/t10632-000
21414,10.1037/t40702-000
21415,10.1037/t72232-000
21416,10.1037/t03314-000
21417,10.1037/t67108-000
21418,10.1037/t36753-000
21419,10.1037/t41605-000
21420,10.1037/t40582-000
21421,10.1037/t44850-000
21422,10.1037/t03643-000
21423,10.1037/t79855-000
21424,10.1037/t32609-000
21425,10.1037/t63011-000
21426,10.1037/t73800-000
21427,10.1037/t72562-000
21428,10.1037/t69564-000
21429,10.1037/t45868-000
21430,10.1037/t35494-000
21431,10.1037/t06398-000
21432,10.1037/t68889-000
21433,10.1037/t22545-000
21434,10.1037/t17495-000
21435,10.1037/t13431-000
21436,10.1037/t83952-000
21437,10.1037/t07645-000
21438,10.1037/t81023-000
21439,10.1037/t81443-000
21440,10.1037/t04899-000
21441,10.1037/t25589-000
21442,10.1037/t12653-000
21443,10.1037/t64620-000
21444,10.1037/t40644-000
21445,10.1037/t23165-000
21446,10.1037/t07583-000
21447,10.1037/t11196-000
21448,10.1037/t17286-000
21449,10.1037/t76638-000
21450,10.1037/t70675-000
21451,10.1037/t45862-000
21452,10.1037/t58395-000
21453,10.1037/t87470-000
21454,10.1037/t00330-000
21455,10.1037/t20135-000
21456,10.1037/t26333-000
21457,10.1037/t84506-000
21458,10.1037/t83733-000
21459,10.1037/t22461-000
21460,10.1037/t21016-000
21461,10.1037/t26213-000
21462,10.1037/t22590-000
21463,10.1037/t35902-000
21464,10.1037/t03588-000
21465,10.1037/t31193-000
21466,10.1037/t87615-000
21467,10.1037/t00849-000
21468,10.1037/t41645-000
21469,10.1037/t13023-000
21470,10.1037/t70370-000
21471,10.1037/t04291-000
21472,10.1037/t50595-000
21473,10.1037/t46881-000
21474,10.1037/t68316-000
21475,10.1037/t51132-000
21476,10.1037/t46774-000
21477,10.1037/t29689-000
21478,10.1037/t19665-000
21479,10.1037/t23346-000
21480,10.1037/t05689-000
21481,10.1037/t38433-000
21482,10.1037/t16516-000
21483,10.1037/t80674-000
21484,10.1037/t65385-000
21485,10.1037/t22778-000
21486,10.1037/t42916-000
21487,10.1037/t01292-000
21488,10.1037/t67788-000
21489,10.1037/t39906-000
21490,10.1037/t72507-000
21491,10.1037/t26934-000
21492,10.1037/t66866-000
21493,10.1037/t67857-000
21494,10.1037/t33794-000
21495,10.1037/t03569-000
21496,10.1037/t34921-000
21497,10.1037/t38120-000
21498,10.1037/t79280-000
21499,10.1037/t61429-000
21500,10.1037/t25690-000
21501,10.1037/t33654-000
21502,10.1037/t20584-000
21503,10.1037/t70713-000
21504,10.1037/t14238-000
21505,10.1037/t32975-000
21506,10.1037/t86504-000
21507,10.1037/t65769-000
21508,10.1037/t50987-000
21509,10.1037/t79441-000
21510,10.1037/t80267-000
21511,10.1037/t11190-000
21512,10.1037/t72894-000
21513,10.1037/t57690-000
21514,10.1037/t28761-000
21515,10.1037/t85278-000
21516,10.1037/t39758-000
21517,10.1037/t63369-000
21518,10.1037/t67764-000
21519,10.1037/t58439-000
21520,10.1037/t87028-000
21521,10.1037/t73406-000
21522,10.1037/t54156-000
21523,10.1037/t76061-000
21524,10.1037/t22859-000
21525,10.1037/t09088-000
21526,10.1037/t24213-000
21527,10.1037/t38385-000
21528,10.1037/t18915-000
21529,10.1037/t08560-000
21530,10.1037/t09464-000
21531,10.1037/t53651-000
21532,10.1037/t06873-000
21533,10.1037/t22374-000
21534,10.1037/t80777-000
21535,10.1037/t27542-000
21536,10.1037/t54152-000
21537,10.1037/t70039-000
21538,10.1037/t43971-000
21539,10.1037/t45167-000
21540,10.1037/t09315-000
21541,10.1037/t21387-000
21542,10.1037/t60678-000
21543,10.1037/t44085-000
21544,10.1037/t12611-000
21545,10.1037/t43985-000
21546,10.1037/t00913-000
21547,10.1037/t68986-000
21548,10.1037/t48956-000
21549,10.1037/t24744-000
21550,10.1037/t11464-000
21551,10.1037/t67923-000
21552,10.1037/t75754-000
21553,10.1037/t82600-000
21554,10.1037/t66409-000
21555,10.1037/t52225-000
21556,10.1037/t62771-000
21557,10.1037/t24676-000
21558,10.1037/t20046-000
21559,10.1037/t84463-000
21560,10.1037/t21756-000
21561,10.1037/t58363-000
21562,10.1037/t75522-000
21563,10.1037/t76613-000
21564,10.1037/t66455-000
21565,10.1037/t67320-000
21566,10.1037/t08906-000
21567,10.1037/t22666-000
21568,10.1037/t16001-000
21569,10.1037/t47979-000
21570,10.1037/t22866-000
21571,10.1037/t76360-000
21572,10.1037/t27169-000
21573,10.1037/t67443-000
21574,10.1037/t84962-000
21575,10.1037/t08101-000
21576,10.1037/t09382-000
21577,10.1037/t02819-000
21578,10.1037/t03021-000
21579,10.1037/t39681-000
21580,10.1037/t54282-000
21581,10.1037/t59557-000
21582,10.1037/t68692-000
21583,10.1037/t83539-000
21584,10.1037/t40214-000
21585,10.1037/t77472-000
21586,10.1037/t16647-000
21587,10.1037/t19696-000
21588,10.1037/t51793-000
21589,10.1037/t63713-000
21590,10.1037/t27335-000
21591,10.1037/t30858-000
21592,10.1037/t26621-000
21593,10.1037/t80825-000
21594,10.1037/t68789-000
21595,10.1037/t00604-000
21596,10.1037/t26836-000
21597,10.1037/t20896-000
21598,10.1037/t57883-000
21599,10.1037/t63156-000
21600,10.1037/t34437-000
21601,10.1037/t38585-000
21602,10.1037/t33270-000
21603,10.1037/t80873-000
21604,10.1037/t00782-000
21605,10.1037/t41258-000
21606,10.1037/t58657-000
21607,10.1037/t12582-000
21608,10.1037/t61920-000
21609,10.1037/t24253-000
21610,10.1037/t85291-000
21611,10.1037/t62298-000
21612,10.1037/t10213-000
21613,10.1037/t23944-000
21614,10.1037/t65785-000
21615,10.1037/t22600-000
21616,10.1037/t28733-000
21617,10.1037/t40526-000
21618,10.1037/t26953-000
21619,10.1037/t09885-000
21620,10.1037/t66927-000
21621,10.1037/t57203-000
21622,10.1037/t24042-000
21623,10.1037/t31145-000
21624,10.1037/t01871-000
21625,10.1037/t36154-000
21626,10.1037/t35682-000
21627,10.1037/t16499-000
21628,10.1037/t05274-000
21629,10.1037/t16871-000
21630,10.1037/t21751-000
21631,10.1037/t09892-000
21632,10.1037/t65262-000
21633,10.1037/t41042-000
21634,10.1037/t60638-000
21635,10.1037/t19357-000
21636,10.1037/t84623-000
21637,10.1037/t21182-000
21638,10.1037/t23530-000
21639,10.1037/t46757-000
21640,10.1037/t72821-000
21641,10.1037/t17232-000
21642,10.1037/t10677-000
21643,10.1037/t07877-000
21644,10.1037/t09611-000
21645,10.1037/t27881-000
21646,10.1037/t70211-000
21647,10.1037/t23373-000
21648,10.1037/t38135-000
21649,10.1037/t16298-000
21650,10.1037/t21707-000
21651,10.1037/t30622-000
21652,10.1037/t01293-000
21653,10.1037/t42793-000
21654,10.1037/t01220-000
21655,10.1037/t20525-000
21656,10.1037/t61708-000
21657,10.1037/t09756-000
21658,10.1037/t13231-000
21659,10.1037/t28361-000
21660,10.1037/t82275-000
21661,10.1037/t70112-000
21662,10.1037/t65659-000
21663,10.1037/t77281-000
21664,10.1037/t13262-000
21665,10.1037/t41790-000
21666,10.1037/t09841-000
21667,10.1037/t06494-000
21668,10.1037/t49856-000
21669,10.1037/t36396-000
21670,10.1037/t06713-000
21671,10.1037/t26967-000
21672,10.1037/t09339-000
21673,10.1037/t21282-000
21674,10.1037/t41201-000
21675,10.1037/t49998-000
21676,10.1037/t30772-000
21677,10.1037/t23201-000
21678,10.1037/t87666-000
21679,10.1037/t11176-000
21680,10.1037/t80467-000
21681,10.1037/t82029-000
21682,10.1037/t61733-000
21683,10.1037/t25952-000
21684,10.1037/t85025-000
21685,10.1037/t80606-000
21686,10.1037/t65633-000
21687,10.1037/t17750-000
21688,10.1037/t45570-000
21689,10.1037/t71845-000
21690,10.1037/t34483-000
21691,10.1037/t37683-000
21692,10.1037/t77455-000
21693,10.1037/t02763-000
21694,10.1037/t25148-000
21695,10.1037/t17769-000
21696,10.1037/t30242-000
21697,10.1037/t84358-000
21698,10.1037/t37754-000
21699,10.1037/t39901-000
21700,10.1037/t68015-000
21701,10.1037/t24894-000
21702,10.1037/t16994-000
21703,10.1037/t86818-000
21704,10.1037/t32511-000
21705,10.1037/t45685-000
21706,10.1037/t84329-000
21707,10.1037/t43463-000
21708,10.1037/t34293-000
21709,10.1037/t64368-000
21710,10.1037/t06899-000
21711,10.1037/t06777-000
21712,10.1037/t76711-000
21713,10.1037/t40316-000
21714,10.1037/t04128-000
21715,10.1037/t01739-000
21716,10.1037/t28671-000
21717,10.1037/t80914-000
21718,10.1037/t67171-000
21719,10.1037/t54361-000
21720,10.1037/t22252-000
21721,10.1037/t86748-000
21722,10.1037/t80021-000
21723,10.1037/t60697-000
21724,10.1037/t26392-000
21725,10.1037/t28817-000
21726,10.1037/t16465-000
21727,10.1037/t48336-000
21728,10.1037/t21959-000
21729,10.1037/t60534-000
21730,10.1037/t44517-000
21731,10.1037/t46567-000
21732,10.1037/t62558-000
21733,10.1037/t19963-000
21734,10.1037/t20580-000
21735,10.1037/t24521-000
21736,10.1037/t43197-000
21737,10.1037/t32186-000
21738,10.1037/t48346-000
21739,10.1037/t70301-000
21740,10.1037/t70395-000
21741,10.1037/t26657-000
21742,10.1037/t82270-000
21743,10.1037/t42006-000
21744,10.1037/t22022-000
21745,10.1037/t09968-000
21746,10.1037/t78566-000
21747,10.1037/t23952-000
21748,10.1037/t44159-000
21749,10.1037/t22065-000
21750,10.1037/t38370-000
21751,10.1037/t13744-000
21752,10.1037/t66038-000
21753,10.1037/t12382-000
21754,10.1037/t65094-000
21755,10.1037/t20671-000
21756,10.1037/t25474-000
21757,10.1037/t34219-000
21758,10.1037/t12116-000
21759,10.1037/t38999-000
21760,10.1037/t33888-000
21761,10.1037/t15929-000
21762,10.1037/t22306-000
21763,10.1037/t09087-000
21764,10.1037/t23107-000
21765,10.1037/t03556-000
21766,10.1037/t63661-000
21767,10.1037/t23062-000
21768,10.1037/t71640-000
21769,10.1037/t09510-000
21770,10.1037/t58484-000
21771,10.1037/t07493-000
21772,10.1037/t23938-000
21773,10.1037/t87291-000
21774,10.1037/t64514-000
21775,10.1037/t59994-000
21776,10.1037/t40544-000
21777,10.1037/t77786-000
21778,10.1037/t24482-000
21779,10.1037/t17278-000
21780,10.1037/t29292-000
21781,10.1037/t06863-000
21782,10.1037/t76497-000
21783,10.1037/t10342-000
21784,10.1037/t20485-000
21785,10.1037/t43990-000
21786,10.1037/t62368-000
21787,10.1037/t77407-000
21788,10.1037/t80016-000
21789,10.1037/t36825-000
21790,10.1037/t80048-000
21791,10.1037/t72179-000
21792,10.1037/t39046-000
21793,10.1037/t61444-000
21794,10.1037/t01166-000
21795,10.1037/t69880-000
21796,10.1037/t22959-000
21797,10.1037/t00029-000
21798,10.1037/t81929-000
21799,10.1037/t45806-000
21800,10.1037/t25074-000
21801,10.1037/t08885-000
21802,10.1037/t34118-000
21803,10.1037/t09953-000
21804,10.1037/t31411-000
21805,10.1037/t09147-000
21806,10.1037/t09711-000
21807,10.1037/t57269-000
21808,10.1037/t11553-000
21809,10.1037/t01146-000
21810,10.1037/t38065-000
21811,10.1037/t64402-000
21812,10.1037/t45601-000
21813,10.1037/t45195-000
21814,10.1037/t76153-000
21815,10.1037/t40593-000
21816,10.1037/t58401-000
21817,10.1037/t85459-000
21818,10.1037/t35407-000
21819,10.1037/t03963-000
21820,10.1037/t78072-000
21821,10.1037/t11541-000
21822,10.1037/t09589-000
21823,10.1037/t76888-000
21824,10.1037/t74546-000
21825,10.1037/t85223-000
21826,10.1037/t22694-000
21827,10.1037/t32101-000
21828,10.1037/t31890-000
21829,10.1037/t77465-000
21830,10.1037/t40220-000
21831,10.1037/t63243-000
21832,10.1037/t25354-000
21833,10.1037/t22652-000
21834,10.1037/t00145-000
21835,10.1037/t01975-000
21836,10.1037/t72449-000
21837,10.1037/t17778-000
21838,10.1037/t82064-000
21839,10.1037/t48841-000
21840,10.1037/t83362-000
21841,10.1037/t61035-000
21842,10.1037/t20894-000
21843,10.1037/t68149-000
21844,10.1037/t75303-000
21845,10.1037/t12643-000
21846,10.1037/t37153-000
21847,10.1037/t47829-000
21848,10.1037/t26552-000
21849,10.1037/t35134-000
21850,10.1037/t41675-000
21851,10.1037/t37511-000
21852,10.1037/t71414-000
21853,10.1037/t71230-000
21854,10.1037/t23018-000
21855,10.1037/t83703-000
21856,10.1037/t32490-000
21857,10.1037/t17841-000
21858,10.1037/t52414-000
21859,10.1037/t58530-000
21860,10.1037/t19376-000
21861,10.1037/t32097-000
21862,10.1037/t03475-000
21863,10.1037/t00634-000
21864,10.1037/t61591-000
21865,10.1037/t51045-000
21866,10.1037/t85792-000
21867,10.1037/t03211-000
21868,10.1037/t17603-000
21869,10.1037/t01417-000
21870,10.1037/t15817-000
21871,10.1037/t61279-000
21872,10.1037/t80996-000
21873,10.1037/t68466-000
21874,10.1037/t38242-000
21875,10.1037/t30581-000
21876,10.1037/t07142-000
21877,10.1037/t74750-000
21878,10.1037/t05651-000
21879,10.1037/t60019-000
21880,10.1037/t17634-000
21881,10.1037/t12270-000
21882,10.1037/t12863-000
21883,10.1037/t07869-000
21884,10.1037/t01710-000
21885,10.1037/t28994-000
21886,10.1037/t24944-000
21887,10.1037/t75432-000
21888,10.1037/t85351-000
21889,10.1037/t30811-000
21890,10.1037/t63364-000
21891,10.1037/t11782-000
21892,10.1037/t75156-000
21893,10.1037/t31474-000
21894,10.1037/t20303-000
21895,10.1037/t18497-000
21896,10.1037/t39150-000
21897,10.1037/t31228-000
21898,10.1037/t02615-000
21899,10.1037/t71837-000
21900,10.1037/t04102-000
21901,10.1037/t07351-000
21902,10.1037/t16437-000
21903,10.1037/t24810-000
21904,10.1037/t20687-000
21905,10.1037/t74071-000
21906,10.1037/t20751-000
21907,10.1037/t04155-000
21908,10.1037/t82325-000
21909,10.1037/t05805-000
21910,10.1037/t16313-000
21911,10.1037/t75283-000
21912,10.1037/t77511-000
21913,10.1037/t33109-000
21914,10.1037/t10601-000
21915,10.1037/t19599-000
21916,10.1037/t68309-000
21917,10.1037/t15704-000
21918,10.1037/t79063-000
21919,10.1037/t82669-000
21920,10.1037/t01072-000
21921,10.1037/t20259-000
21922,10.1037/t21969-000
21923,10.1037/t78017-000
21924,10.1037/t71052-000
21925,10.1037/t75767-000
21926,10.1037/t85630-000
21927,10.1037/t21483-000
21928,10.1037/t33182-000
21929,10.1037/t19120-000
21930,10.1037/t86043-000
21931,10.1037/t08497-000
21932,10.1037/t31085-000
21933,10.1037/t60764-000
21934,10.1037/t58482-000
21935,10.1037/t69323-000
21936,10.1037/t31544-000
21937,10.1037/t60514-000
21938,10.1037/t02951-000
21939,10.1037/t26597-000
21940,10.1037/t52756-000
21941,10.1037/t87713-000
21942,10.1037/t06887-000
21943,10.1037/t16299-000
21944,10.1037/t77715-000
21945,10.1037/t80615-000
21946,10.1037/t26706-000
21947,10.1037/t13912-000
21948,10.1037/t68597-000
21949,10.1037/t41252-000
21950,10.1037/t62760-000
21951,10.1037/t80651-000
21952,10.1037/t79268-000
21953,10.1037/t31862-000
21954,10.1037/t19104-000
21955,10.1037/t49053-000
21956,10.1037/t42999-000
21957,10.1037/t23109-000
21958,10.1037/t12241-000
21959,10.1037/t30088-000
21960,10.1037/t46694-000
21961,10.1037/t12754-000
21962,10.1037/t42041-000
21963,10.1037/t83737-000
21964,10.1037/t32910-000
21965,10.1037/t03351-000
21966,10.1037/t83529-000
21967,10.1037/t19874-000
21968,10.1037/t03877-000
21969,10.1037/t01299-000
21970,10.1037/t52163-000
21971,10.1037/t24139-000
21972,10.1037/t24386-000
21973,10.1037/t35765-000
21974,10.1037/t36786-000
21975,10.1037/t81609-000
21976,10.1037/t17389-000
21977,10.1037/t77306-000
21978,10.1037/t60731-000
21979,10.1037/t70729-000
21980,10.1037/t69569-000
21981,10.1037/t34710-000
21982,10.1037/t45249-000
21983,10.1037/t86205-000
21984,10.1037/t00305-000
21985,10.1037/t65582-000
21986,10.1037/t67642-000
21987,10.1037/t78235-000
21988,10.1037/t52359-000
21989,10.1037/t63931-000
21990,10.1037/t33593-000
21991,10.1037/t21586-000
21992,10.1037/t51421-000
21993,10.1037/t75512-000
21994,10.1037/t76047-000
21995,10.1037/t22089-000
21996,10.1037/t28246-000
21997,10.1037/t66525-000
21998,10.1037/t21762-000
21999,10.1037/t73132-000
22000,10.1037/t64698-000
22001,10.1037/t23008-000
22002,10.1037/t38731-000
22003,10.1037/t13606-000
22004,10.1037/t75855-000
22005,10.1037/t28122-000
22006,10.1037/t12475-000
22007,10.1037/t04703-000
22008,10.1037/t03047-000
22009,10.1037/t13707-000
22010,10.1037/t22202-000
22011,10.1037/t31252-000
22012,10.1037/t64414-000
22013,10.1037/t80639-000
22014,10.1037/t34335-000
22015,10.1037/t16830-000
22016,10.1037/t15818-000
22017,10.1037/t67856-000
22018,10.1037/t27840-000
22019,10.1037/t27415-000
22020,10.1037/t15476-000
22021,10.1037/t36238-000
22022,10.1037/t36407-000
22023,10.1037/t25510-000
22024,10.1037/t10820-000
22025,10.1037/t60082-000
22026,10.1037/t65589-000
22027,10.1037/t79736-000
22028,10.1037/t61706-000
22029,10.1037/t81670-000
22030,10.1037/t20243-000
22031,10.1037/t20664-000
22032,10.1037/t70092-000
22033,10.1037/t13377-000
22034,10.1037/t45398-000
22035,10.1037/t12247-000
22036,10.1037/t06175-000
22037,10.1037/t38768-000
22038,10.1037/t58427-000
22039,10.1037/t27180-000
22040,10.1037/t29480-000
22041,10.1037/t26752-000
22042,10.1037/t24490-000
22043,10.1037/t09146-000
22044,10.1037/t09491-000
22045,10.1037/t74781-000
22046,10.1037/t41478-000
22047,10.1037/t34322-000
22048,10.1037/t11293-000
22049,10.1037/t16242-000
22050,10.1037/t10740-000
22051,10.1037/t76745-000
22052,10.1037/t09337-000
22053,10.1037/t02205-000
22054,10.1037/t71915-000
22055,10.1037/t65689-000
22056,10.1037/t52773-000
22057,10.1037/t36359-000
22058,10.1037/t40050-000
22059,10.1037/t19604-000
22060,10.1037/t21301-000
22061,10.1037/t64244-000
22062,10.1037/t59603-000
22063,10.1037/t21723-000
22064,10.1037/t46074-000
22065,10.1037/t21532-000
22066,10.1037/t37152-000
22067,10.1037/t46693-000
22068,10.1037/t73273-000
22069,10.1037/t11977-000
22070,10.1037/t12684-000
22071,10.1037/t38447-000
22072,10.1037/t32420-000
22073,10.1037/t16213-000
22074,10.1037/t24809-000
22075,10.1037/t85724-000
22076,10.1037/t10977-000
22077,10.1037/t21927-000
22078,10.1037/t23658-000
22079,10.1037/t06005-000
22080,10.1037/t16572-000
22081,10.1037/t71072-000
22082,10.1037/t01000-000
22083,10.1037/t31024-000
22084,10.1037/t09457-000
22085,10.1037/t68423-000
22086,10.1037/t43678-000
22087,10.1037/t05934-000
22088,10.1037/t43557-000
22089,10.1037/t31011-000
22090,10.1037/t81692-000
22091,10.1037/t50846-000
22092,10.1037/t59093-000
22093,10.1037/t36565-000
22094,10.1037/t33781-000
22095,10.1037/t85719-000
22096,10.1037/t05929-000
22097,10.1037/t11019-000
22098,10.1037/t16187-000
22099,10.1037/t09779-000
22100,10.1037/t65832-000
22101,10.1037/t02947-000
22102,10.1037/t78516-000
22103,10.1037/t17929-000
22104,10.1037/t10186-000
22105,10.1037/t15370-000
22106,10.1037/t84795-000
22107,10.1037/t86578-000
22108,10.1037/t62696-000
22109,10.1037/t82078-000
22110,10.1037/t69455-000
22111,10.1037/t17880-000
22112,10.1037/t74182-000
22113,10.1037/t15778-000
22114,10.1037/t58038-000
22115,10.1037/t77974-000
22116,10.1037/t43425-000
22117,10.1037/t21902-000
22118,10.1037/t14536-000
22119,10.1037/t06858-000
22120,10.1037/t23822-000
22121,10.1037/t33460-000
22122,10.1037/t42260-000
22123,10.1037/t43367-000
22124,10.1037/t80189-000
22125,10.1037/t69742-000
22126,10.1037/t42069-000
22127,10.1037/t22422-000
22128,10.1037/t69837-000
22129,10.1037/t49677-000
22130,10.1037/t78853-000
22131,10.1037/t25402-000
22132,10.1037/t22940-000
22133,10.1037/t32170-000
22134,10.1037/t05310-000
22135,10.1037/t02238-000
22136,10.1037/t21676-000
22137,10.1037/t75768-000
22138,10.1037/t01835-000
22139,10.1037/t25165-000
22140,10.1037/t20867-000
22141,10.1037/t10934-000
22142,10.1037/t42400-000
22143,10.1037/t06711-000
22144,10.1037/t18595-000
22145,10.1037/t17221-000
22146,10.1037/t23432-000
22147,10.1037/t28702-000
22148,10.1037/t70099-000
22149,10.1037/t40359-000
22150,10.1037/t53371-000
22151,10.1037/t64271-000
22152,10.1037/t21132-000
22153,10.1037/t40507-000
22154,10.1037/t31253-000
22155,10.1037/t78133-000
22156,10.1037/t47077-000
22157,10.1037/t17401-000
22158,10.1037/t03198-000
22159,10.1037/t28106-000
22160,10.1037/t24467-000
22161,10.1037/t63366-000
22162,10.1037/t64001-000
22163,10.1037/t68702-000
22164,10.1037/t09999-000
22165,10.1037/t21728-000
22166,10.1037/t77874-000
22167,10.1037/t42487-000
22168,10.1037/t48443-000
22169,10.1037/t42563-000
22170,10.1037/t00848-000
22171,10.1037/t48026-000
22172,10.1037/t47929-000
22173,10.1037/t85870-000
22174,10.1037/t11744-000
22175,10.1037/t49980-000
22176,10.1037/t24061-000
22177,10.1037/t70213-000
22178,10.1037/t30518-000
22179,10.1037/t18408-000
22180,10.1037/t20600-000
22181,10.1037/t72456-000
22182,10.1037/t42256-000
22183,10.1037/t38483-000
22184,10.1037/t84245-000
22185,10.1037/t87367-000
22186,10.1037/t20723-000
22187,10.1037/t79391-000
22188,10.1037/t33730-000
22189,10.1037/t00666-000
22190,10.1037/t82479-000
22191,10.1037/t28177-000
22192,10.1037/t87077-000
22193,10.1037/t64142-000
22194,10.1037/t19355-000
22195,10.1037/t10068-000
22196,10.1037/t12544-000
22197,10.1037/t19066-000
22198,10.1037/t16598-000
22199,10.1037/t64512-000
22200,10.1037/t46368-000
22201,10.1037/t83360-000
22202,10.1037/t15985-000
22203,10.1037/t84480-000
22204,10.1037/t09326-000
22205,10.1037/t65702-000
22206,10.1037/t11807-000
22207,10.1037/t33862-000
22208,10.1037/t83368-000
22209,10.1037/t53786-000
22210,10.1037/t11596-000
22211,10.1037/t58082-000
22212,10.1037/t01081-000
22213,10.1037/t30324-000
22214,10.1037/t25131-000
22215,10.1037/t34629-000
22216,10.1037/t43472-000
22217,10.1037/t20142-000
22218,10.1037/t70439-000
22219,10.1037/t49903-000
22220,10.1037/t28185-000
22221,10.1037/t62258-000
22222,10.1037/t83198-000
22223,10.1037/t60946-000
22224,10.1037/t40580-000
22225,10.1037/t19667-000
22226,10.1037/t18563-000
22227,10.1037/t80987-000
22228,10.1037/t32334-000
22229,10.1037/t14818-000
22230,10.1037/t68901-000
22231,10.1037/t27611-000
22232,10.1037/t81549-000
22233,10.1037/t21528-000
22234,10.1037/t24857-000
22235,10.1037/t12101-000
22236,10.1037/t26304-000
22237,10.1037/t50351-000
22238,10.1037/t67275-000
22239,10.1037/t65160-000
22240,10.1037/t80494-000
22241,10.1037/t23746-000
22242,10.1037/t45541-000
22243,10.1037/t84368-000
22244,10.1037/t17572-000
22245,10.1037/t20577-000
22246,10.1037/t42120-000
22247,10.1037/t26580-000
22248,10.1037/t05855-000
22249,10.1037/t07537-000
22250,10.1037/t63290-000
22251,10.1037/t16451-000
22252,10.1037/t16415-000
22253,10.1037/t84113-000
22254,10.1037/t01147-000
22255,10.1037/t13786-000
22256,10.1037/t37915-000
22257,10.1037/t82887-000
22258,10.1037/t12895-000
22259,10.1037/t14211-000
22260,10.1037/t45315-000
22261,10.1037/t70416-000
22262,10.1037/t59771-000
22263,10.1037/t82154-000
22264,10.1037/t55552-000
22265,10.1037/t15923-000
22266,10.1037/t10070-000
22267,10.1037/t06209-000
22268,10.1037/t48216-000
22269,10.1037/t21224-000
22270,10.1037/t61775-000
22271,10.1037/t43966-000
22272,10.1037/t82990-000
22273,10.1037/t82626-000
22274,10.1037/t69460-000
22275,10.1037/t50814-000
22276,10.1037/t44250-000
22277,10.1037/t59774-000
22278,10.1037/t69591-000
22279,10.1037/t23761-000
22280,10.1037/t25013-000
22281,10.1037/t45269-000
22282,10.1037/t25067-000
22283,10.1037/t24199-000
22284,10.1037/t69334-000
22285,10.1037/t10854-000
22286,10.1037/t30276-000
22287,10.1037/t10009-000
22288,10.1037/t02795-000
22289,10.1037/t24320-000
22290,10.1037/t26704-000
22291,10.1037/t12380-000
22292,10.1037/t09539-000
22293,10.1037/t53158-000
22294,10.1037/t37921-000
22295,10.1037/t11717-000
22296,10.1037/t52222-000
22297,10.1037/t41804-000
22298,10.1037/t24438-000
22299,10.1037/t19491-000
22300,10.1037/t79358-000
22301,10.1037/t11026-000
22302,10.1037/t57835-000
22303,10.1037/t41284-000
22304,10.1037/t05673-000
22305,10.1037/t04605-000
22306,10.1037/t12778-000
22307,10.1037/t09268-000
22308,10.1037/t84139-000
22309,10.1037/t15009-000
22310,10.1037/t33681-000
22311,10.1037/t48616-000
22312,10.1037/t14866-000
22313,10.1037/t15836-000
22314,10.1037/t00920-000
22315,10.1037/t23074-000
22316,10.1037/t11199-000
22317,10.1037/t83510-000
22318,10.1037/t82596-000
22319,10.1037/t78797-000
22320,10.1037/t16924-000
22321,10.1037/t00575-000
22322,10.1037/t17840-000
22323,10.1037/t40718-000
22324,10.1037/t75112-000
22325,10.1037/t18558-000
22326,10.1037/t00922-000
22327,10.1037/t49499-000
22328,10.1037/t12021-000
22329,10.1037/t19751-000
22330,10.1037/t14042-000
22331,10.1037/t84189-000
22332,10.1037/t14575-000
22333,10.1037/t39658-000
22334,10.1037/t37249-000
22335,10.1037/t13347-000
22336,10.1037/t29553-000
22337,10.1037/t21998-000
22338,10.1037/t60355-000
22339,10.1037/t86674-000
22340,10.1037/t25692-000
22341,10.1037/t10138-000
22342,10.1037/t14422-000
22343,10.1037/t07996-000
22344,10.1037/t21340-000
22345,10.1037/t19090-000
22346,10.1037/t87566-000
22347,10.1037/t65144-000
22348,10.1037/t14556-000
22349,10.1037/t86274-000
22350,10.1037/t78482-000
22351,10.1037/t83507-000
22352,10.1037/t11463-000
22353,10.1037/t26110-000
22354,10.1037/t17296-000
22355,10.1037/t85671-000
22356,10.1037/t83203-000
22357,10.1037/t70796-000
22358,10.1037/t76968-000
22359,10.1037/t38886-000
22360,10.1037/t32931-000
22361,10.1037/t22707-000
22362,10.1037/t62478-000
22363,10.1037/t37659-000
22364,10.1037/t63031-000
22365,10.1037/t33215-000
22366,10.1037/t17694-000
22367,10.1037/t15219-000
22368,10.1037/t29895-000
22369,10.1037/t69799-000
22370,10.1037/t25834-000
22371,10.1037/t65245-000
22372,10.1037/t11393-000
22373,10.1037/t62982-000
22374,10.1037/t06257-000
22375,10.1037/t63681-000
22376,10.1037/t16323-000
22377,10.1037/t21877-000
22378,10.1037/t39365-000
22379,10.1037/t46927-000
22380,10.1037/t39973-000
22381,10.1037/t70491-000
22382,10.1037/t28090-000
22383,10.1037/t74118-000
22384,10.1037/t66401-000
22385,10.1037/t82930-000
22386,10.1037/t63998-000
22387,10.1037/t17710-000
22388,10.1037/t79449-000
22389,10.1037/t15733-000
22390,10.1037/t43065-000
22391,10.1037/t10154-000
22392,10.1037/t52052-000
22393,10.1037/t72248-000
22394,10.1037/t82391-000
22395,10.1037/t02321-000
22396,10.1037/t04305-000
22397,10.1037/t17305-000
22398,10.1037/t63431-000
22399,10.1037/t81919-000
22400,10.1037/t12948-000
22401,10.1037/t71468-000
22402,10.1037/t72828-000
22403,10.1037/t46772-000
22404,10.1037/t30469-000
22405,10.1037/t14473-000
22406,10.1037/t14715-000
22407,10.1037/t23820-000
22408,10.1037/t52090-000
22409,10.1037/t76910-000
22410,10.1037/t25876-000
22411,10.1037/t08706-000
22412,10.1037/t12740-000
22413,10.1037/t07372-000
22414,10.1037/t46948-000
22415,10.1037/t13564-000
22416,10.1037/t74412-000
22417,10.1037/t82262-000
22418,10.1037/t32649-000
22419,10.1037/t82077-000
22420,10.1037/t78018-000
22421,10.1037/t09202-000
22422,10.1037/t05192-000
22423,10.1037/t71303-000
22424,10.1037/t79656-000
22425,10.1037/t12761-000
22426,10.1037/t01399-000
22427,10.1037/t54678-000
22428,10.1037/t41320-000
22429,10.1037/t82844-000
22430,10.1037/t69451-000
22431,10.1037/t78204-000
22432,10.1037/t15936-000
22433,10.1037/t22577-000
22434,10.1037/t71149-000
22435,10.1037/t62761-000
22436,10.1037/t31452-000
22437,10.1037/t71676-000
22438,10.1037/t28004-000
22439,10.1037/t03359-000
22440,10.1037/t68907-000
22441,10.1037/t13523-000
22442,10.1037/t03532-000
22443,10.1037/t24802-000
22444,10.1037/t86789-000
22445,10.1037/t22713-000
22446,10.1037/t40158-000
22447,10.1037/t61921-000
22448,10.1037/t77816-000
22449,10.1037/t09485-000
22450,10.1037/t69428-000
22451,10.1037/t41052-000
22452,10.1037/t68498-000
22453,10.1037/t85566-000
22454,10.1037/t05658-000
22455,10.1037/t62318-000
22456,10.1037/t15559-000
22457,10.1037/t72459-000
22458,10.1037/t64158-000
22459,10.1037/t65619-000
22460,10.1037/t07885-000
22461,10.1037/t59630-000
22462,10.1037/t68088-000
22463,10.1037/t68924-000
22464,10.1037/t15838-000
22465,10.1037/t20947-000
22466,10.1037/t71695-000
22467,10.1037/t43429-000
22468,10.1037/t34621-000
22469,10.1037/t73282-000
22470,10.1037/t02780-000
22471,10.1037/t26514-000
22472,10.1037/t67730-000
22473,10.1037/t15274-000
22474,10.1037/t24889-000
22475,10.1037/t80790-000
22476,10.1037/t03179-000
22477,10.1037/t22331-000
22478,10.1037/t01160-000
22479,10.1037/t67322-000
22480,10.1037/t35097-000
22481,10.1037/t73917-000
22482,10.1037/t84472-000
22483,10.1037/t34284-000
22484,10.1037/t20944-000
22485,10.1037/t01567-000
22486,10.1037/t77290-000
22487,10.1037/t22517-000
22488,10.1037/t77035-000
22489,10.1037/t27098-000
22490,10.1037/t06662-000
22491,10.1037/t75605-000
22492,10.1037/t72087-000
22493,10.1037/t38369-000
22494,10.1037/t48158-000
22495,10.1037/t03432-000
22496,10.1037/t33672-000
22497,10.1037/t04343-000
22498,10.1037/t39627-000
22499,10.1037/t20819-000
22500,10.1037/t82781-000
22501,10.1037/t33064-000
22502,10.1037/t86242-000
22503,10.1037/t87116-000
22504,10.1037/t67839-000
22505,10.1037/t43582-000
22506,10.1037/t15861-000
22507,10.1037/t01013-000
22508,10.1037/t46045-000
22509,10.1037/t70800-000
22510,10.1037/t04400-000
22511,10.1037/t87468-000
22512,10.1037/t03598-000
22513,10.1037/t16428-000
22514,10.1037/t70681-000
22515,10.1037/t12164-000
22516,10.1037/t23056-000
22517,10.1037/t70375-000
22518,10.1037/t77508-000
22519,10.1037/t30032-000
22520,10.1037/t36218-000
22521,10.1037/t66382-000
22522,10.1037/t79297-000
22523,10.1037/t37053-000
22524,10.1037/t64921-000
22525,10.1037/t13654-000
22526,10.1037/t81225-000
22527,10.1037/t67568-000
22528,10.1037/t78948-000
22529,10.1037/t44410-000
22530,10.1037/t03950-000
22531,10.1037/t16749-000
22532,10.1037/t17543-000
22533,10.1037/t25239-000
22534,10.1037/t48397-000
22535,10.1037/t36715-000
22536,10.1037/t86694-000
22537,10.1037/t18069-000
22538,10.1037/t24393-000
22539,10.1037/t73417-000
22540,10.1037/t39531-000
22541,10.1037/t58390-000
22542,10.1037/t57411-000
22543,10.1037/t17985-000
22544,10.1037/t67257-000
22545,10.1037/t48959-000
22546,10.1037/t07503-000
22547,10.1037/t45726-000
22548,10.1037/t20103-000
22549,10.1037/t82366-000
22550,10.1037/t26105-000
22551,10.1037/t63924-000
22552,10.1037/t00408-000
22553,10.1037/t65601-000
22554,10.1037/t22248-000
22555,10.1037/t71476-000
22556,10.1037/t25450-000
22557,10.1037/t23994-000
22558,10.1037/t38875-000
22559,10.1037/t01073-000
22560,10.1037/t26454-000
22561,10.1037/t39506-000
22562,10.1037/t11082-000
22563,10.1037/t65295-000
22564,10.1037/t80605-000
22565,10.1037/t26683-000
22566,10.1037/t39840-000
22567,10.1037/t85280-000
22568,10.1037/t40554-000
22569,10.1037/t21350-000
22570,10.1037/t22949-000
22571,10.1037/t17709-000
22572,10.1037/t41821-000
22573,10.1037/t21899-000
22574,10.1037/t41392-000
22575,10.1037/t43450-000
22576,10.1037/t29535-000
22577,10.1037/t03353-000
22578,10.1037/t20945-000
22579,10.1037/t15976-000
22580,10.1037/t62210-000
22581,10.1037/t32555-000
22582,10.1037/t33118-000
22583,10.1037/t21937-000
22584,10.1037/t13357-000
22585,10.1037/t18190-000
22586,10.1037/t16523-000
22587,10.1037/t16937-000
22588,10.1037/t82334-000
22589,10.1037/t29813-000
22590,10.1037/t23735-000
22591,10.1037/t07317-000
22592,10.1037/t15648-000
22593,10.1037/t28062-000
22594,10.1037/t11607-000
22595,10.1037/t12456-000
22596,10.1037/t30843-000
22597,10.1037/t66405-000
22598,10.1037/t69610-000
22599,10.1037/t17344-000
22600,10.1037/t07838-000
22601,10.1037/t79986-000
22602,10.1037/t74366-000
22603,10.1037/t37641-000
22604,10.1037/t06694-000
22605,10.1037/t12891-000
22606,10.1037/t16550-000
22607,10.1037/t46710-000
22608,10.1037/t68142-000
22609,10.1037/t87023-000
22610,10.1037/t33911-000
22611,10.1037/t24930-000
22612,10.1037/t33717-000
22613,10.1037/t30724-000
22614,10.1037/t25818-000
22615,10.1037/t59003-000
22616,10.1037/t76099-000
22617,10.1037/t27982-000
22618,10.1037/t15608-000
22619,10.1037/t24890-000
22620,10.1037/t00553-000
22621,10.1037/t17274-000
22622,10.1037/t24432-000
22623,10.1037/t16320-000
22624,10.1037/t14606-000
22625,10.1037/t76816-000
22626,10.1037/t79588-000
22627,10.1037/t46541-000
22628,10.1037/t34421-000
22629,10.1037/t38196-000
22630,10.1037/t55384-000
22631,10.1037/t14711-000
22632,10.1037/t09363-000
22633,10.1037/t20760-000
22634,10.1037/t84562-000
22635,10.1037/t08741-000
22636,10.1037/t74812-000
22637,10.1037/t17544-000
22638,10.1037/t78464-000
22639,10.1037/t83135-000
22640,10.1037/t35852-000
22641,10.1037/t29111-000
22642,10.1037/t00428-000
22643,10.1037/t33207-000
22644,10.1037/t21368-000
22645,10.1037/t02858-000
22646,10.1037/t14392-000
22647,10.1037/t24943-000
22648,10.1037/t13627-000
22649,10.1037/t39904-000
22650,10.1037/t00802-000
22651,10.1037/t24225-000
22652,10.1037/t27859-000
22653,10.1037/t18360-000
22654,10.1037/t37697-000
22655,10.1037/t82587-000
22656,10.1037/t34403-000
22657,10.1037/t86949-000
22658,10.1037/t41977-000
22659,10.1037/t66375-000
22660,10.1037/t48199-000
22661,10.1037/t05787-000
22662,10.1037/t34910-000
22663,10.1037/t84887-000
22664,10.1037/t01032-000
22665,10.1037/t06029-000
22666,10.1037/t07574-000
22667,10.1037/t10434-000
22668,10.1037/t82599-000
22669,10.1037/t41980-000
22670,10.1037/t18744-000
22671,10.1037/t25436-000
22672,10.1037/t68351-000
22673,10.1037/t44707-000
22674,10.1037/t34594-000
22675,10.1037/t33389-000
22676,10.1037/t33894-000
22677,10.1037/t55131-000
22678,10.1037/t20891-000
22679,10.1037/t26720-000
22680,10.1037/t30267-000
22681,10.1037/t63525-000
22682,10.1037/t38621-000
22683,10.1037/t09150-000
22684,10.1037/t80009-000
22685,10.1037/t54889-000
22686,10.1037/t77286-000
22687,10.1037/t40698-000
22688,10.1037/t02014-000
22689,10.1037/t13513-000
22690,10.1037/t65699-000
22691,10.1037/t54128-000
22692,10.1037/t16625-000
22693,10.1037/t31975-000
22694,10.1037/t40528-000
22695,10.1037/t15321-000
22696,10.1037/t63359-000
22697,10.1037/t10053-000
22698,10.1037/t39905-000
22699,10.1037/t46132-000
22700,10.1037/t03942-000
22701,10.1037/t21391-000
22702,10.1037/t77568-000
22703,10.1037/t18628-000
22704,10.1037/t83702-000
22705,10.1037/t05854-000
22706,10.1037/t65693-000
22707,10.1037/t11685-000
22708,10.1037/t23235-000
22709,10.1037/t00388-000
22710,10.1037/t13699-000
22711,10.1037/t66599-000
22712,10.1037/t10192-000
22713,10.1037/t37118-000
22714,10.1037/t36212-000
22715,10.1037/t04867-000
22716,10.1037/t29704-000
22717,10.1037/t78970-000
22718,10.1037/t70103-000
22719,10.1037/t73601-000
22720,10.1037/t20803-000
22721,10.1037/t86319-000
22722,10.1037/t40284-000
22723,10.1037/t21125-000
22724,10.1037/t11154-000
22725,10.1037/t15816-000
22726,10.1037/t22509-000
22727,10.1037/t86186-000
22728,10.1037/t07721-000
22729,10.1037/t44534-000
22730,10.1037/t24475-000
22731,10.1037/t73016-000
22732,10.1037/t48885-000
22733,10.1037/t63231-000
22734,10.1037/t47235-000
22735,10.1037/t21145-000
22736,10.1037/t37287-000
22737,10.1037/t03993-000
22738,10.1037/t23413-000
22739,10.1037/t23791-000
22740,10.1037/t37931-000
22741,10.1037/t34413-000
22742,10.1037/t80003-000
22743,10.1037/t14728-000
22744,10.1037/t29823-000
22745,10.1037/t32218-000
22746,10.1037/t79230-000
22747,10.1037/t21847-000
22748,10.1037/t52518-000
22749,10.1037/t04676-000
22750,10.1037/t63744-000
22751,10.1037/t61875-000
22752,10.1037/t27060-000
22753,10.1037/t22812-000
22754,10.1037/t69896-000
22755,10.1037/t03330-000
22756,10.1037/t10003-000
22757,10.1037/t08952-000
22758,10.1037/t40276-000
22759,10.1037/t83732-000
22760,10.1037/t81589-000
22761,10.1037/t85505-000
22762,10.1037/t51754-000
22763,10.1037/t39608-000
22764,10.1037/t02887-000
22765,10.1037/t34049-000
22766,10.1037/t26318-000
22767,10.1037/t26463-000
22768,10.1037/t13067-000
22769,10.1037/t63295-000
22770,10.1037/t63147-000
22771,10.1037/t46080-000
22772,10.1037/t19883-000
22773,10.1037/t35457-000
22774,10.1037/t06174-000
22775,10.1037/t41801-000
22776,10.1037/t86164-000
22777,10.1037/t72963-000
22778,10.1037/t03964-000
22779,10.1037/t01580-000
22780,10.1037/t20035-000
22781,10.1037/t75257-000
22782,10.1037/t37819-000
22783,10.1037/t17578-000
22784,10.1037/t20696-000
22785,10.1037/t38471-000
22786,10.1037/t01481-000
22787,10.1037/t18939-000
22788,10.1037/t58211-000
22789,10.1037/t22436-000
22790,10.1037/t13784-000
22791,10.1037/t19748-000
22792,10.1037/t12838-000
22793,10.1037/t33318-000
22794,10.1037/t21904-000
22795,10.1037/t21534-000
22796,10.1037/t63313-000
22797,10.1037/t55721-000
22798,10.1037/t67720-000
22799,10.1037/t77722-000
22800,10.1037/t41424-000
22801,10.1037/t31126-000
22802,10.1037/t83512-000
22803,10.1037/t25600-000
22804,10.1037/t09980-000
22805,10.1037/t28317-000
22806,10.1037/t53578-000
22807,10.1037/t49133-000
22808,10.1037/t82966-000
22809,10.1037/t17230-000
22810,10.1037/t27579-000
22811,10.1037/t03740-000
22812,10.1037/t21093-000
22813,10.1037/t84122-000
22814,10.1037/t65585-000
22815,10.1037/t15618-000
22816,10.1037/t09678-000
22817,10.1037/t26567-000
22818,10.1037/t15800-000
22819,10.1037/t43189-000
22820,10.1037/t25384-000
22821,10.1037/t12040-000
22822,10.1037/t57685-000
22823,10.1037/t22289-000
22824,10.1037/t42700-000
22825,10.1037/t38193-000
22826,10.1037/t01464-000
22827,10.1037/t78937-000
22828,10.1037/t18604-000
22829,10.1037/t42810-000
22830,10.1037/t16781-000
22831,10.1037/t24420-000
22832,10.1037/t75526-000
22833,10.1037/t11552-000
22834,10.1037/t74197-000
22835,10.1037/t81719-000
22836,10.1037/t34358-000
22837,10.1037/t85664-000
22838,10.1037/t12349-000
22839,10.1037/t10620-000
22840,10.1037/t24647-000
22841,10.1037/t22872-000
22842,10.1037/t11648-000
22843,10.1037/t75346-000
22844,10.1037/t16340-000
22845,10.1037/t43799-000
22846,10.1037/t30847-000
22847,10.1037/t06240-000
22848,10.1037/t23094-000
22849,10.1037/t34439-000
22850,10.1037/t78848-000
22851,10.1037/t63687-000
22852,10.1037/t63358-000
22853,10.1037/t47551-000
22854,10.1037/t12724-000
22855,10.1037/t73831-000
22856,10.1037/t17646-000
22857,10.1037/t82949-000
22858,10.1037/t29710-000
22859,10.1037/t22412-000
22860,10.1037/t32253-000
22861,10.1037/t73824-000
22862,10.1037/t10355-000
22863,10.1037/t17479-000
22864,10.1037/t29518-000
22865,10.1037/t37275-000
22866,10.1037/t34438-000
22867,10.1037/t11029-000
22868,10.1037/t33319-000
22869,10.1037/t40875-000
22870,10.1037/t09823-000
22871,10.1037/t09545-000
22872,10.1037/t13840-000
22873,10.1037/t14958-000
22874,10.1037/t24311-000
22875,10.1037/t83679-000
22876,10.1037/t24597-000
22877,10.1037/t83442-000
22878,10.1037/t61629-000
22879,10.1037/t16202-000
22880,10.1037/t30680-000
22881,10.1037/t23668-000
22882,10.1037/t85016-000
22883,10.1037/t61871-000
22884,10.1037/t42148-000
22885,10.1037/t33065-000
22886,10.1037/t65764-000
22887,10.1037/t62145-000
22888,10.1037/t11122-000
22889,10.1037/t74439-000
22890,10.1037/t59607-000
22891,10.1037/t06382-000
22892,10.1037/t59733-000
22893,10.1037/t21831-000
22894,10.1037/t43688-000
22895,10.1037/t32286-000
22896,10.1037/t33052-000
22897,10.1037/t21482-000
22898,10.1037/t16899-000
22899,10.1037/t03318-000
22900,10.1037/t34448-000
22901,10.1037/t86009-000
22902,10.1037/t11316-000
22903,10.1037/t65358-000
22904,10.1037/t01337-000
22905,10.1037/t07453-000
22906,10.1037/t12637-000
22907,10.1037/t38512-000
22908,10.1037/t34347-000
22909,10.1037/t66596-000
22910,10.1037/t45345-000
22911,10.1037/t34002-000
22912,10.1037/t26317-000
22913,10.1037/t23494-000
22914,10.1037/t12800-000
22915,10.1037/t30899-000
22916,10.1037/t27999-000
22917,10.1037/t01868-000
22918,10.1037/t79948-000
22919,10.1037/t41366-000
22920,10.1037/t85156-000
22921,10.1037/t15434-000
22922,10.1037/t29141-000
22923,10.1037/t08770-000
22924,10.1037/t38507-000
22925,10.1037/t69954-000
22926,10.1037/t67782-000
22927,10.1037/t38630-000
22928,10.1037/t22368-000
22929,10.1037/t85182-000
22930,10.1037/t16870-000
22931,10.1037/t79187-000
22932,10.1037/t81785-000
22933,10.1037/t10978-000
22934,10.1037/t86165-000
22935,10.1037/t14609-000
22936,10.1037/t09878-000
22937,10.1037/t15547-000
22938,10.1037/t33128-000
22939,10.1037/t06399-000
22940,10.1037/t58825-000
22941,10.1037/t00401-000
22942,10.1037/t74923-000
22943,10.1037/t12061-000
22944,10.1037/t80169-000
22945,10.1037/t44241-000
22946,10.1037/t30846-000
22947,10.1037/t39246-000
22948,10.1037/t08875-000
22949,10.1037/t60747-000
22950,10.1037/t23819-000
22951,10.1037/t09710-000
22952,10.1037/t68298-000
22953,10.1037/t62812-000
22954,10.1037/t59474-000
22955,10.1037/t58157-000
22956,10.1037/t36207-000
22957,10.1037/t25517-000
22958,10.1037/t07132-000
22959,10.1037/t12664-000
22960,10.1037/t58991-000
22961,10.1037/t81000-000
22962,10.1037/t20680-000
22963,10.1037/t15224-000
22964,10.1037/t27224-000
22965,10.1037/t81130-000
22966,10.1037/t45561-000
22967,10.1037/t07164-000
22968,10.1037/t07398-000
22969,10.1037/t06228-000
22970,10.1037/t17942-000
22971,10.1037/t76737-000
22972,10.1037/t22914-000
22973,10.1037/t70656-000
22974,10.1037/t17972-000
22975,10.1037/t00576-000
22976,10.1037/t05866-000
22977,10.1037/t11849-000
22978,10.1037/t54400-000
22979,10.1037/t02315-000
22980,10.1037/t08674-000
22981,10.1037/t05504-000
22982,10.1037/t80246-000
22983,10.1037/t14933-000
22984,10.1037/t79263-000
22985,10.1037/t42058-000
22986,10.1037/t43692-000
22987,10.1037/t09590-000
22988,10.1037/t25635-000
22989,10.1037/t23141-000
22990,10.1037/t72485-000
22991,10.1037/t80855-000
22992,10.1037/t01085-000
22993,10.1037/t43536-000
22994,10.1037/t21454-000
22995,10.1037/t20764-000
22996,10.1037/t28364-000
22997,10.1037/t62956-000
22998,10.1037/t12909-000
22999,10.1037/t22865-000
23000,10.1037/t20280-000
23001,10.1037/t01305-000
23002,10.1037/t32829-000
23003,10.1037/t28605-000
23004,10.1037/t53363-000
23005,10.1037/t15946-000
23006,10.1037/t26264-000
23007,10.1037/t37042-000
23008,10.1037/t13542-000
23009,10.1037/t21260-000
23010,10.1037/t30460-000
23011,10.1037/t10245-000
23012,10.1037/t11736-000
23013,10.1037/t57324-000
23014,10.1037/t22831-000
23015,10.1037/t29051-000
23016,10.1037/t39847-000
23017,10.1037/t49481-000
23018,10.1037/t44948-000
23019,10.1037/t71854-000
23020,10.1037/t19422-000
23021,10.1037/t05296-000
23022,10.1037/t08008-000
23023,10.1037/t05290-000
23024,10.1037/t60670-000
23025,10.1037/t20569-000
23026,10.1037/t00215-000
23027,10.1037/t31167-000
23028,10.1037/t24595-000
23029,10.1037/t22875-000
23030,10.1037/t46203-000
23031,10.1037/t34441-000
23032,10.1037/t72055-000
23033,10.1037/t67606-000
23034,10.1037/t45519-000
23035,10.1037/t28375-000
23036,10.1037/t15853-000
23037,10.1037/t58828-000
23038,10.1037/t47508-000
23039,10.1037/t24952-000
23040,10.1037/t30159-000
23041,10.1037/t60354-000
23042,10.1037/t49062-000
23043,10.1037/t15916-000
23044,10.1037/t11465-000
23045,10.1037/t06163-000
23046,10.1037/t16069-000
23047,10.1037/t48028-000
23048,10.1037/t79965-000
23049,10.1037/t64532-000
23050,10.1037/t40858-000
23051,10.1037/t32261-000
23052,10.1037/t74200-000
23053,10.1037/t33803-000
23054,10.1037/t03208-000
23055,10.1037/t25116-000
23056,10.1037/t42181-000
23057,10.1037/t31893-000
23058,10.1037/t82276-000
23059,10.1037/t46232-000
23060,10.1037/t80145-000
23061,10.1037/t27567-000
23062,10.1037/t62639-000
23063,10.1037/t78262-000
23064,10.1037/t60412-000
23065,10.1037/t45356-000
23066,10.1037/t09124-000
23067,10.1037/t58520-000
23068,10.1037/t16716-000
23069,10.1037/t46569-000
23070,10.1037/t79208-000
23071,10.1037/t20518-000
23072,10.1037/t80982-000
23073,10.1037/t03630-000
23074,10.1037/t00452-000
23075,10.1037/t70368-000
23076,10.1037/t79289-000
23077,10.1037/t27858-000
23078,10.1037/t15199-000
23079,10.1037/t49837-000
23080,10.1037/t18747-000
23081,10.1037/t68314-000
23082,10.1037/t25508-000
23083,10.1037/t49706-000
23084,10.1037/t79584-000
23085,10.1037/t19048-000
23086,10.1037/t54929-000
23087,10.1037/t72999-000
23088,10.1037/t39590-000
23089,10.1037/t61028-000
23090,10.1037/t62381-000
23091,10.1037/t10189-000
23092,10.1037/t26178-000
23093,10.1037/t28360-000
23094,10.1037/t78183-000
23095,10.1037/t31614-000
23096,10.1037/t39511-000
23097,10.1037/t28149-000
23098,10.1037/t75923-000
23099,10.1037/t26130-000
23100,10.1037/t80331-000
23101,10.1037/t77297-000
23102,10.1037/t74983-000
23103,10.1037/t04427-000
23104,10.1037/t60420-000
23105,10.1037/t18909-000
23106,10.1037/t84566-000
23107,10.1037/t43609-000
23108,10.1037/t67284-000
23109,10.1037/t63440-000
23110,10.1037/t58248-000
23111,10.1037/t78247-000
23112,10.1037/t74637-000
23113,10.1037/t28310-000
23114,10.1037/t73009-000
23115,10.1037/t54970-000
23116,10.1037/t53841-000
23117,10.1037/t13124-000
23118,10.1037/t16726-000
23119,10.1037/t22922-000
23120,10.1037/t14295-000
23121,10.1037/t25697-000
23122,10.1037/t23830-000
23123,10.1037/t73856-000
23124,10.1037/t79527-000
23125,10.1037/t71799-000
23126,10.1037/t63460-000
23127,10.1037/t42446-000
23128,10.1037/t33586-000
23129,10.1037/t19872-000
23130,10.1037/t79256-000
23131,10.1037/t23182-000
23132,10.1037/t75741-000
23133,10.1037/t06262-000
23134,10.1037/t39969-000
23135,10.1037/t01401-000
23136,10.1037/t70441-000
23137,10.1037/t22741-000
23138,10.1037/t19615-000
23139,10.1037/t66274-000
23140,10.1037/t26195-000
23141,10.1037/t15223-000
23142,10.1037/t71677-000
23143,10.1037/t03827-000
23144,10.1037/t29956-000
23145,10.1037/t03258-000
23146,10.1037/t00409-000
23147,10.1037/t15558-000
23148,10.1037/t30393-000
23149,10.1037/t77345-000
23150,10.1037/t12384-000
23151,10.1037/t36655-000
23152,10.1037/t10088-000
23153,10.1037/t70255-000
23154,10.1037/t64398-000
23155,10.1037/t69577-000
23156,10.1037/t53967-000
23157,10.1037/t78637-000
23158,10.1037/t24183-000
23159,10.1037/t13375-000
23160,10.1037/t72619-000
23161,10.1037/t62307-000
23162,10.1037/t60266-000
23163,10.1037/t49407-000
23164,10.1037/t32904-000
23165,10.1037/t23144-000
23166,10.1037/t69168-000
23167,10.1037/t40626-000
23168,10.1037/t10838-000
23169,10.1037/t61782-000
23170,10.1037/t63153-000
23171,10.1037/t83574-000
23172,10.1037/t22143-000
23173,10.1037/t34474-000
23174,10.1037/t62140-000
23175,10.1037/t73116-000
23176,10.1037/t17687-000
23177,10.1037/t05027-000
23178,10.1037/t33481-000
23179,10.1037/t77451-000
23180,10.1037/t61288-000
23181,10.1037/t17547-000
23182,10.1037/t08011-000
23183,10.1037/t41259-000
23184,10.1037/t81442-000
23185,10.1037/t45791-000
23186,10.1037/t03614-000
23187,10.1037/t16608-000
23188,10.1037/t09508-000
23189,10.1037/t65277-000
23190,10.1037/t65366-000
23191,10.1037/t14390-000
23192,10.1037/t02941-000
23193,10.1037/t09774-000
23194,10.1037/t62581-000
23195,10.1037/t22155-000
23196,10.1037/t69635-000
23197,10.1037/t36132-000
23198,10.1037/t12926-000
23199,10.1037/t33440-000
23200,10.1037/t39646-000
23201,10.1037/t07282-000
23202,10.1037/t27264-000
23203,10.1037/t15930-000
23204,10.1037/t82147-000
23205,10.1037/t20340-000
23206,10.1037/t18912-000
23207,10.1037/t63935-000
23208,10.1037/t10556-000
23209,10.1037/t54964-000
23210,10.1037/t66858-000
23211,10.1037/t12218-000
23212,10.1037/t27003-000
23213,10.1037/t03553-000
23214,10.1037/t11021-000
23215,10.1037/t57713-000
23216,10.1037/t64748-000
23217,10.1037/t13294-000
23218,10.1037/t74764-000
23219,10.1037/t19027-000
23220,10.1037/t70889-000
23221,10.1037/t77503-000
23222,10.1037/t15018-000
23223,10.1037/t44218-000
23224,10.1037/t76293-000
23225,10.1037/t29449-000
23226,10.1037/t79343-000
23227,10.1037/t67292-000
23228,10.1037/t04601-000
23229,10.1037/t44082-000
23230,10.1037/t86029-000
23231,10.1037/t73002-000
23232,10.1037/t26326-000
23233,10.1037/t82574-000
23234,10.1037/t69299-000
23235,10.1037/t77658-000
23236,10.1037/t00346-000
23237,10.1037/t34199-000
23238,10.1037/t14831-000
23239,10.1037/t10839-000
23240,10.1037/t50834-000
23241,10.1037/t69417-000
23242,10.1037/t60309-000
23243,10.1037/t81220-000
23244,10.1037/t13789-000
23245,10.1037/t78722-000
23246,10.1037/t61594-000
23247,10.1037/t21253-000
23248,10.1037/t58504-000
23249,10.1037/t20893-000
23250,10.1037/t19882-000
23251,10.1037/t64052-000
23252,10.1037/t71606-000
23253,10.1037/t30624-000
23254,10.1037/t10115-000
23255,10.1037/t87095-000
23256,10.1037/t63210-000
23257,10.1037/t63807-000
23258,10.1037/t85990-000
23259,10.1037/t23568-000
23260,10.1037/t17930-000
23261,10.1037/t21544-000
23262,10.1037/t80781-000
23263,10.1037/t34425-000
23264,10.1037/t48685-000
23265,10.1037/t18431-000
23266,10.1037/t34019-000
23267,10.1037/t05289-000
23268,10.1037/t20929-000
23269,10.1037/t37241-000
23270,10.1037/t08638-000
23271,10.1037/t06362-000
23272,10.1037/t31725-000
23273,10.1037/t84207-000
23274,10.1037/t06383-000
23275,10.1037/t74061-000
23276,10.1037/t25898-000
23277,10.1037/t25649-000
23278,10.1037/t72056-000
23279,10.1037/t23358-000
23280,10.1037/t13871-000
23281,10.1037/t27496-000
23282,10.1037/t69648-000
23283,10.1037/t70777-000
23284,10.1037/t10981-000
23285,10.1037/t85930-000
23286,10.1037/t83720-000
23287,10.1037/t34091-000
23288,10.1037/t50384-000
23289,10.1037/t21341-000
23290,10.1037/t07894-000
23291,10.1037/t04515-000
23292,10.1037/t69503-000
23293,10.1037/t03867-000
23294,10.1037/t67985-000
23295,10.1037/t14953-000
23296,10.1037/t43173-000
23297,10.1037/t21361-000
23298,10.1037/t60013-000
23299,10.1037/t80351-000
23300,10.1037/t29751-000
23301,10.1037/t15204-000
23302,10.1037/t16884-000
23303,10.1037/t80157-000
23304,10.1037/t70704-000
23305,10.1037/t13238-000
23306,10.1037/t19702-000
23307,10.1037/t28401-000
23308,10.1037/t38976-000
23309,10.1037/t63378-000
23310,10.1037/t79481-000
23311,10.1037/t26955-000
23312,10.1037/t24680-000
23313,10.1037/t44077-000
23314,10.1037/t78774-000
23315,10.1037/t42639-000
23316,10.1037/t30396-000
23317,10.1037/t01884-000
23318,10.1037/t61074-000
23319,10.1037/t33242-000
23320,10.1037/t50143-000
23321,10.1037/t25727-000
23322,10.1037/t25393-000
23323,10.1037/t58550-000
23324,10.1037/t25573-000
23325,10.1037/t30893-000
23326,10.1037/t26609-000
23327,10.1037/t46657-000
23328,10.1037/t25811-000
23329,10.1037/t21905-000
23330,10.1037/t10116-000
23331,10.1037/t23184-000
23332,10.1037/t39395-000
23333,10.1037/t21642-000
23334,10.1037/t10523-000
23335,10.1037/t53858-000
23336,10.1037/t09628-000
23337,10.1037/t75663-000
23338,10.1037/t02333-000
23339,10.1037/t23769-000
23340,10.1037/t39615-000
23341,10.1037/t20339-000
23342,10.1037/t85565-000
23343,10.1037/t61334-000
23344,10.1037/t05291-000
23345,10.1037/t32106-000
23346,10.1037/t59151-000
23347,10.1037/t20038-000
23348,10.1037/t23991-000
23349,10.1037/t42170-000
23350,10.1037/t12743-000
23351,10.1037/t27032-000
23352,10.1037/t07062-000
23353,10.1037/t66905-000
23354,10.1037/t58506-000
23355,10.1037/t60915-000
23356,10.1037/t11970-000
23357,10.1037/t25387-000
23358,10.1037/t13700-000
23359,10.1037/t24734-000
23360,10.1037/t09906-000
23361,10.1037/t73279-000
23362,10.1037/t86136-000
23363,10.1037/t45452-000
23364,10.1037/t50148-000
23365,10.1037/t26900-000
23366,10.1037/t03320-000
23367,10.1037/t05563-000
23368,10.1037/t43258-000
23369,10.1037/t73767-000
23370,10.1037/t27191-000
23371,10.1037/t26742-000
23372,10.1037/t35990-000
23373,10.1037/t84171-000
23374,10.1037/t13588-000
23375,10.1037/t19486-000
23376,10.1037/t33741-000
23377,10.1037/t13009-000
23378,10.1037/t42713-000
23379,10.1037/t80978-000
23380,10.1037/t76236-000
23381,10.1037/t86889-000
23382,10.1037/t75600-000
23383,10.1037/t28884-000
23384,10.1037/t19191-000
23385,10.1037/t26104-000
23386,10.1037/t10810-000
23387,10.1037/t07496-000
23388,10.1037/t18036-000
23389,10.1037/t23528-000
23390,10.1037/t25990-000
23391,10.1037/t35057-000
23392,10.1037/t63370-000
23393,10.1037/t74198-000
23394,10.1037/t00908-000
23395,10.1037/t17637-000
23396,10.1037/t35644-000
23397,10.1037/t06739-000
23398,10.1037/t61332-000
23399,10.1037/t30295-000
23400,10.1037/t12773-000
23401,10.1037/t59263-000
23402,10.1037/t80101-000
23403,10.1037/t34181-000
23404,10.1037/t24573-000
23405,10.1037/t42483-000
23406,10.1037/t64394-000
23407,10.1037/t66193-000
23408,10.1037/t80745-000
23409,10.1037/t47495-000
23410,10.1037/t87560-000
23411,10.1037/t21295-000
23412,10.1037/t43012-000
23413,10.1037/t85461-000
23414,10.1037/t70506-000
23415,10.1037/t21122-000
23416,10.1037/t16286-000
23417,10.1037/t02915-000
23418,10.1037/t42051-000
23419,10.1037/t48208-000
23420,10.1037/t02658-000
23421,10.1037/t61059-000
23422,10.1037/t11422-000
23423,10.1037/t58902-000
23424,10.1037/t13732-000
23425,10.1037/t12977-000
23426,10.1037/t01248-000
23427,10.1037/t63264-000
23428,10.1037/t31451-000
23429,10.1037/t20449-000
23430,10.1037/t23322-000
23431,10.1037/t68362-000
23432,10.1037/t18867-000
23433,10.1037/t82765-000
23434,10.1037/t20946-000
23435,10.1037/t01608-000
23436,10.1037/t66777-000
23437,10.1037/t58621-000
23438,10.1037/t77690-000
23439,10.1037/t85934-000
23440,10.1037/t02352-000
23441,10.1037/t21928-000
23442,10.1037/t15433-000
23443,10.1037/t07731-000
23444,10.1037/t00318-000
23445,10.1037/t07898-000
23446,10.1037/t85758-000
23447,10.1037/t70144-000
23448,10.1037/t34142-000
23449,10.1037/t44541-000
23450,10.1037/t46505-000
23451,10.1037/t70392-000
23452,10.1037/t12425-000
23453,10.1037/t26472-000
23454,10.1037/t58215-000
23455,10.1037/t18223-000
23456,10.1037/t74980-000
23457,10.1037/t84674-000
23458,10.1037/t45099-000
23459,10.1037/t21150-000
23460,10.1037/t51198-000
23461,10.1037/t30111-000
23462,10.1037/t28964-000
23463,10.1037/t08347-000
23464,10.1037/t13003-000
23465,10.1037/t79218-000
23466,10.1037/t80457-000
23467,10.1037/t44461-000
23468,10.1037/t66252-000
23469,10.1037/t00384-000
23470,10.1037/t34482-000
23471,10.1037/t39613-000
23472,10.1037/t43080-000
23473,10.1037/t70488-000
23474,10.1037/t62342-000
23475,10.1037/t26373-000
23476,10.1037/t28199-000
23477,10.1037/t73759-000
23478,10.1037/t26554-000
23479,10.1037/t00104-000
23480,10.1037/t82015-000
23481,10.1037/t17034-000
23482,10.1037/t75313-000
23483,10.1037/t15623-000
23484,10.1037/t00935-000
23485,10.1037/t08753-000
23486,10.1037/t03272-000
23487,10.1037/t84695-000
23488,10.1037/t39684-000
23489,10.1037/t14960-000
23490,10.1037/t65695-000
23491,10.1037/t35101-000
23492,10.1037/t25851-000
23493,10.1037/t55154-000
23494,10.1037/t27767-000
23495,10.1037/t24410-000
23496,10.1037/t79265-000
23497,10.1037/t76871-000
23498,10.1037/t11985-000
23499,10.1037/t22672-000
23500,10.1037/t31672-000
23501,10.1037/t26247-000
23502,10.1037/t20327-000
23503,10.1037/t25260-000
23504,10.1037/t48351-000
23505,10.1037/t07335-000
23506,10.1037/t74777-000
23507,10.1037/t19449-000
23508,10.1037/t21257-000
23509,10.1037/t09441-000
23510,10.1037/t69371-000
23511,10.1037/t24739-000
23512,10.1037/t20904-000
23513,10.1037/t21028-000
23514,10.1037/t22586-000
23515,10.1037/t67885-000
23516,10.1037/t16243-000
23517,10.1037/t70539-000
23518,10.1037/t61527-000
23519,10.1037/t55718-000
23520,10.1037/t69537-000
23521,10.1037/t19725-000
23522,10.1037/t19752-000
23523,10.1037/t80181-000
23524,10.1037/t23211-000
23525,10.1037/t25162-000
23526,10.1037/t05026-000
23527,10.1037/t87351-000
23528,10.1037/t37691-000
23529,10.1037/t24256-000
23530,10.1037/t05944-000
23531,10.1037/t83716-000
23532,10.1037/t33980-000
23533,10.1037/t09192-000
23534,10.1037/t32243-000
23535,10.1037/t25896-000
23536,10.1037/t07279-000
23537,10.1037/t26735-000
23538,10.1037/t58037-000
23539,10.1037/t66492-000
23540,10.1037/t39123-000
23541,10.1037/t73929-000
23542,10.1037/t54625-000
23543,10.1037/t06883-000
23544,10.1037/t87071-000
23545,10.1037/t82311-000
23546,10.1037/t09132-000
23547,10.1037/t73625-000
23548,10.1037/t52800-000
23549,10.1037/t25524-000
23550,10.1037/t71508-000
23551,10.1037/t66804-000
23552,10.1037/t76270-000
23553,10.1037/t06173-000
23554,10.1037/t31732-000
23555,10.1037/t29949-000
23556,10.1037/t24871-000
23557,10.1037/t15938-000
23558,10.1037/t01260-000
23559,10.1037/t05598-000
23560,10.1037/t15378-000
23561,10.1037/t84941-000
23562,10.1037/t25874-000
23563,10.1037/t24392-000
23564,10.1037/t18568-000
23565,10.1037/t29178-000
23566,10.1037/t29972-000
23567,10.1037/t59188-000
23568,10.1037/t13143-000
23569,10.1037/t07695-000
23570,10.1037/t13906-000
23571,10.1037/t85944-000
23572,10.1037/t75940-000
23573,10.1037/t71444-000
23574,10.1037/t67178-000
23575,10.1037/t75551-000
23576,10.1037/t60018-000
23577,10.1037/t23045-000
23578,10.1037/t65053-000
23579,10.1037/t41125-000
23580,10.1037/t85039-000
23581,10.1037/t26417-000
23582,10.1037/t41116-000
23583,10.1037/t33775-000
23584,10.1037/t34959-000
23585,10.1037/t24379-000
23586,10.1037/t87027-000
23587,10.1037/t34192-000
23588,10.1037/t09967-000
23589,10.1037/t10979-000
23590,10.1037/t63175-000
23591,10.1037/t37014-000
23592,10.1037/t57503-000
23593,10.1037/t63371-000
23594,10.1037/t03472-000
23595,10.1037/t12315-000
23596,10.1037/t47196-000
23597,10.1037/t06977-000
23598,10.1037/t64400-000
23599,10.1037/t60410-000
23600,10.1037/t40508-000
23601,10.1037/t83397-000
23602,10.1037/t13115-000
23603,10.1037/t26832-000
23604,10.1037/t08541-000
23605,10.1037/t69027-000
23606,10.1037/t11521-000
23607,10.1037/t29734-000
23608,10.1037/t69574-000
23609,10.1037/t05562-000
23610,10.1037/t25656-000
23611,10.1037/t32223-000
23612,10.1037/t17047-000
23613,10.1037/t03217-000
23614,10.1037/t49479-000
23615,10.1037/t15789-000
23616,10.1037/t14410-000
23617,10.1037/t02439-000
23618,10.1037/t87530-000
23619,10.1037/t21311-000
23620,10.1037/t84896-000
23621,10.1037/t79384-000
23622,10.1037/t39946-000
23623,10.1037/t13798-000
23624,10.1037/t25248-000
23625,10.1037/t33744-000
23626,10.1037/t01319-000
23627,10.1037/t20218-000
23628,10.1037/t48164-000
23629,10.1037/t25368-000
23630,10.1037/t40319-000
23631,10.1037/t23698-000
23632,10.1037/t35009-000
23633,10.1037/t39067-000
23634,10.1037/t62106-000
23635,10.1037/t07413-000
23636,10.1037/t26339-000
23637,10.1037/t38888-000
23638,10.1037/t24135-000
23639,10.1037/t47346-000
23640,10.1037/t17016-000
23641,10.1037/t70414-000
23642,10.1037/t10289-000
23643,10.1037/t47657-000
23644,10.1037/t31182-000
23645,10.1037/t49476-000
23646,10.1037/t63004-000
23647,10.1037/t19975-000
23648,10.1037/t24120-000
23649,10.1037/t82030-000
23650,10.1037/t71924-000
23651,10.1037/t81457-000
23652,10.1037/t26584-000
23653,10.1037/t70408-000
23654,10.1037/t02863-000
23655,10.1037/t25314-000
23656,10.1037/t47641-000
23657,10.1037/t25722-000
23658,10.1037/t31839-000
23659,10.1037/t48790-000
23660,10.1037/t02104-000
23661,10.1037/t35675-000
23662,10.1037/t54945-000
23663,10.1037/t50697-000
23664,10.1037/t82670-000
23665,10.1037/t18096-000
23666,10.1037/t18366-000
23667,10.1037/t83970-000
23668,10.1037/t21094-000
23669,10.1037/t40116-000
23670,10.1037/t45992-000
23671,10.1037/t37854-000
23672,10.1037/t37684-000
23673,10.1037/t33307-000
23674,10.1037/t36119-000
23675,10.1037/t23529-000
23676,10.1037/t23380-000
23677,10.1037/t47238-000
23678,10.1037/t15898-000
23679,10.1037/t35408-000
23680,10.1037/t84834-000
23681,10.1037/t30031-000
23682,10.1037/t76393-000
23683,10.1037/t71244-000
23684,10.1037/t46706-000
23685,10.1037/t50832-000
23686,10.1037/t66053-000
23687,10.1037/t53965-000
23688,10.1037/t06142-000
23689,10.1037/t76416-000
23690,10.1037/t05671-000
23691,10.1037/t47615-000
23692,10.1037/t21995-000
23693,10.1037/t24576-000
23694,10.1037/t09056-000
23695,10.1037/t83910-000
23696,10.1037/t65662-000
23697,10.1037/t45069-000
23698,10.1037/t79989-000
23699,10.1037/t50398-000
23700,10.1037/t28309-000
23701,10.1037/t69355-000
23702,10.1037/t68324-000
23703,10.1037/t40995-000
23704,10.1037/t13040-000
23705,10.1037/t62141-000
23706,10.1037/t15244-000
23707,10.1037/t85948-000
23708,10.1037/t63072-000
23709,10.1037/t34204-000
23710,10.1037/t33886-000
23711,10.1037/t64922-000
23712,10.1037/t21958-000
23713,10.1037/t16768-000
23714,10.1037/t23257-000
23715,10.1037/t26623-000
23716,10.1037/t62052-000
23717,10.1037/t77255-000
23718,10.1037/t11886-000
23719,10.1037/t73238-000
23720,10.1037/t02387-000
23721,10.1037/t48973-000
23722,10.1037/t55701-000
23723,10.1037/t82278-000
23724,10.1037/t09490-000
23725,10.1037/t63103-000
23726,10.1037/t63088-000
23727,10.1037/t42193-000
23728,10.1037/t04246-000
23729,10.1037/t36441-000
23730,10.1037/t49932-000
23731,10.1037/t84292-000
23732,10.1037/t29780-000
23733,10.1037/t03144-000
23734,10.1037/t41996-000
23735,10.1037/t03326-000
23736,10.1037/t04113-000
23737,10.1037/t71233-000
23738,10.1037/t14769-000
23739,10.1037/t14046-000
23740,10.1037/t67116-000
23741,10.1037/t67487-000
23742,10.1037/t35774-000
23743,10.1037/t40527-000
23744,10.1037/t14521-000
23745,10.1037/t19045-000
23746,10.1037/t72565-000
23747,10.1037/t40562-000
23748,10.1037/t18988-000
23749,10.1037/t35504-000
23750,10.1037/t26712-000
23751,10.1037/t17390-000
23752,10.1037/t75625-000
23753,10.1037/t34967-000
23754,10.1037/t79424-000
23755,10.1037/t42589-000
23756,10.1037/t43449-000
23757,10.1037/t73556-000
23758,10.1037/t05939-000
23759,10.1037/t84831-000
23760,10.1037/t12506-000
23761,10.1037/t22742-000
23762,10.1037/t12972-000
23763,10.1037/t23088-000
23764,10.1037/t17407-000
23765,10.1037/t04939-000
23766,10.1037/t61151-000
23767,10.1037/t23805-000
23768,10.1037/t00440-000
23769,10.1037/t42625-000
23770,10.1037/t69572-000
23771,10.1037/t40746-000
23772,10.1037/t19241-000
23773,10.1037/t84499-000
23774,10.1037/t59510-000
23775,10.1037/t24709-000
23776,10.1037/t61336-000
23777,10.1037/t09929-000
23778,10.1037/t24959-000
23779,10.1037/t82052-000
23780,10.1037/t46385-000
23781,10.1037/t45669-000
23782,10.1037/t20835-000
23783,10.1037/t15248-000
23784,10.1037/t71087-000
23785,10.1037/t23974-000
23786,10.1037/t53627-000
23787,10.1037/t25724-000
23788,10.1037/t06020-000
23789,10.1037/t25487-000
23790,10.1037/t75775-000
23791,10.1037/t27661-000
23792,10.1037/t52469-000
23793,10.1037/t10575-000
23794,10.1037/t44503-000
23795,10.1037/t59403-000
23796,10.1037/t31977-000
23797,10.1037/t03949-000
23798,10.1037/t20578-000
23799,10.1037/t82716-000
23800,10.1037/t44255-000
23801,10.1037/t34548-000
23802,10.1037/t25538-000
23803,10.1037/t85737-000
23804,10.1037/t77820-000
23805,10.1037/t22460-000
23806,10.1037/t14792-000
23807,10.1037/t17249-000
23808,10.1037/t17943-000
23809,10.1037/t46767-000
23810,10.1037/t36242-000
23811,10.1037/t30507-000
23812,10.1037/t82168-000
23813,10.1037/t62232-000
23814,10.1037/t11022-000
23815,10.1037/t18088-000
23816,10.1037/t53458-000
23817,10.1037/t09383-000
23818,10.1037/t31589-000
23819,10.1037/t68307-000
23820,10.1037/t34161-000
23821,10.1037/t26557-000
23822,10.1037/t69452-000
23823,10.1037/t49173-000
23824,10.1037/t10122-000
23825,10.1037/t76028-000
23826,10.1037/t27974-000
23827,10.1037/t00729-000
23828,10.1037/t37187-000
23829,10.1037/t12846-000
23830,10.1037/t26916-000
23831,10.1037/t77217-000
23832,10.1037/t00875-000
23833,10.1037/t15717-000
23834,10.1037/t32721-000
23835,10.1037/t14221-000
23836,10.1037/t48975-000
23837,10.1037/t20011-000
23838,10.1037/t10230-000
23839,10.1037/t66598-000
23840,10.1037/t24677-000
23841,10.1037/t76777-000
23842,10.1037/t82735-000
23843,10.1037/t75547-000
23844,10.1037/t01761-000
23845,10.1037/t21839-000
23846,10.1037/t87098-000
23847,10.1037/t17791-000
23848,10.1037/t23730-000
23849,10.1037/t16372-000
23850,10.1037/t62300-000
23851,10.1037/t22837-000
23852,10.1037/t02710-000
23853,10.1037/t04512-000
23854,10.1037/t11718-000
23855,10.1037/t11781-000
23856,10.1037/t28687-000
23857,10.1037/t64356-000
23858,10.1037/t08371-000
23859,10.1037/t10302-000
23860,10.1037/t19929-000
23861,10.1037/t18602-000
23862,10.1037/t02072-000
23863,10.1037/t38291-000
23864,10.1037/t70498-000
23865,10.1037/t78495-000
23866,10.1037/t26651-000
23867,10.1037/t63859-000
23868,10.1037/t11114-000
23869,10.1037/t28952-000
23870,10.1037/t09294-000
23871,10.1037/t24394-000
23872,10.1037/t85373-000
23873,10.1037/t22682-000
23874,10.1037/t13045-000
23875,10.1037/t63144-000
23876,10.1037/t38175-000
23877,10.1037/t79552-000
23878,10.1037/t13209-000
23879,10.1037/t17611-000
23880,10.1037/t78729-000
23881,10.1037/t19531-000
23882,10.1037/t13604-000
23883,10.1037/t37875-000
23884,10.1037/t30499-000
23885,10.1037/t33002-000
23886,10.1037/t53820-000
23887,10.1037/t32698-000
23888,10.1037/t72503-000
23889,10.1037/t81054-000
23890,10.1037/t65076-000
23891,10.1037/t39243-000
23892,10.1037/t02970-000
23893,10.1037/t20539-000
23894,10.1037/t01115-000
23895,10.1037/t22150-000
23896,10.1037/t09223-000
23897,10.1037/t84186-000
23898,10.1037/t24243-000
23899,10.1037/t83506-000
23900,10.1037/t63511-000
23901,10.1037/t44684-000
23902,10.1037/t27846-000
23903,10.1037/t13806-000
23904,10.1037/t23881-000
23905,10.1037/t72083-000
23906,10.1037/t43253-000
23907,10.1037/t00283-000
23908,10.1037/t16569-000
23909,10.1037/t40263-000
23910,10.1037/t26750-000
23911,10.1037/t34182-000
23912,10.1037/t12745-000
23913,10.1037/t73861-000
23914,10.1037/t82286-000
23915,10.1037/t65494-000
23916,10.1037/t09618-000
23917,10.1037/t25592-000
23918,10.1037/t71828-000
23919,10.1037/t78125-000
23920,10.1037/t59303-000
23921,10.1037/t64847-000
23922,10.1037/t60630-000
23923,10.1037/t84439-000
23924,10.1037/t35450-000
23925,10.1037/t09740-000
23926,10.1037/t40310-000
23927,10.1037/t78182-000
23928,10.1037/t33818-000
23929,10.1037/t00307-000
23930,10.1037/t19024-000
23931,10.1037/t11852-000
23932,10.1037/t25884-000
23933,10.1037/t07526-000
23934,10.1037/t20355-000
23935,10.1037/t83418-000
23936,10.1037/t18248-000
23937,10.1037/t70460-000
23938,10.1037/t34162-000
23939,10.1037/t33416-000
23940,10.1037/t53375-000
23941,10.1037/t10589-000
23942,10.1037/t18267-000
23943,10.1037/t32366-000
23944,10.1037/t03664-000
23945,10.1037/t17174-000
23946,10.1037/t21675-000
23947,10.1037/t75005-000
23948,10.1037/t38311-000
23949,10.1037/t29756-000
23950,10.1037/t75094-000
23951,10.1037/t13985-000
23952,10.1037/t19196-000
23953,10.1037/t67125-000
23954,10.1037/t42315-000
23955,10.1037/t81772-000
23956,10.1037/t46056-000
23957,10.1037/t06564-000
23958,10.1037/t25748-000
23959,10.1037/t62827-000
23960,10.1037/t14571-000
23961,10.1037/t24095-000
23962,10.1037/t20236-000
23963,10.1037/t78630-000
23964,10.1037/t22986-000
23965,10.1037/t33421-000
23966,10.1037/t10459-000
23967,10.1037/t13796-000
23968,10.1037/t21460-000
23969,10.1037/t58566-000
23970,10.1037/t84108-000
23971,10.1037/t30776-000
23972,10.1037/t12528-000
23973,10.1037/t17193-000
23974,10.1037/t67862-000
23975,10.1037/t11332-000
23976,10.1037/t18117-000
23977,10.1037/t11148-000
23978,10.1037/t82969-000
23979,10.1037/t69135-000
23980,10.1037/t73624-000
23981,10.1037/t52510-000
23982,10.1037/t74744-000
23983,10.1037/t28603-000
23984,10.1037/t77897-000
23985,10.1037/t21284-000
23986,10.1037/t33025-000
23987,10.1037/t15240-000
23988,10.1037/t27474-000
23989,10.1037/t87622-000
23990,10.1037/t19457-000
23991,10.1037/t78910-000
23992,10.1037/t25919-000
23993,10.1037/t01336-000
23994,10.1037/t02537-000
23995,10.1037/t12084-000
23996,10.1037/t58341-000
23997,10.1037/t29148-000
23998,10.1037/t44252-000
23999,10.1037/t19425-000
24000,10.1037/t02241-000
24001,10.1037/t22244-000
24002,10.1037/t06514-000
24003,10.1037/t83791-000
24004,10.1037/t53122-000
24005,10.1037/t85155-000
24006,10.1037/t45831-000
24007,10.1037/t09588-000
24008,10.1037/t62065-000
24009,10.1037/t67759-000
24010,10.1037/t77817-000
24011,10.1037/t42596-000
24012,10.1037/t23457-000
24013,10.1037/t25388-000
24014,10.1037/t24471-000
24015,10.1037/t86273-000
24016,10.1037/t67261-000
24017,10.1037/t10623-000
24018,10.1037/t16121-000
24019,10.1037/t25326-000
24020,10.1037/t10485-000
24021,10.1037/t48556-000
24022,10.1037/t50805-000
24023,10.1037/t13219-000
24024,10.1037/t18740-000
24025,10.1037/t18587-000
24026,10.1037/t10749-000
24027,10.1037/t13544-000
24028,10.1037/t21246-000
24029,10.1037/t01547-000
24030,10.1037/t33981-000
24031,10.1037/t40484-000
24032,10.1037/t38773-000
24033,10.1037/t18806-000
24034,10.1037/t14910-000
24035,10.1037/t41364-000
24036,10.1037/t59292-000
24037,10.1037/t44539-000
24038,10.1037/t08616-000
24039,10.1037/t49690-000
24040,10.1037/t77761-000
24041,10.1037/t69074-000
24042,10.1037/t08795-000
24043,10.1037/t63332-000
24044,10.1037/t31669-000
24045,10.1037/t03367-000
24046,10.1037/t79953-000
24047,10.1037/t17827-000
24048,10.1037/t67006-000
24049,10.1037/t13936-000
24050,10.1037/t10305-000
24051,10.1037/t22072-000
24052,10.1037/t09985-000
24053,10.1037/t04465-000
24054,10.1037/t23381-000
24055,10.1037/t65006-000
24056,10.1037/t57373-000
24057,10.1037/t46068-000
24058,10.1037/t29976-000
24059,10.1037/t31564-000
24060,10.1037/t12751-000
24061,10.1037/t18476-000
24062,10.1037/t20484-000
24063,10.1037/t32604-000
24064,10.1037/t75077-000
24065,10.1037/t23874-000
24066,10.1037/t43140-000
24067,10.1037/t74981-000
24068,10.1037/t47763-000
24069,10.1037/t83019-000
24070,10.1037/t43355-000
24071,10.1037/t26101-000
24072,10.1037/t77258-000
24073,10.1037/t21447-000
24074,10.1037/t22284-000
24075,10.1037/t48271-000
24076,10.1037/t20127-000
24077,10.1037/t18034-000
24078,10.1037/t17133-000
24079,10.1037/t83538-000
24080,10.1037/t14100-000
24081,10.1037/t20882-000
24082,10.1037/t21267-000
24083,10.1037/t62792-000
24084,10.1037/t24200-000
24085,10.1037/t78574-000
24086,10.1037/t22760-000
24087,10.1037/t70876-000
24088,10.1037/t43978-000
24089,10.1037/t42476-000
24090,10.1037/t54928-000
24091,10.1037/t10349-000
24092,10.1037/t17035-000
24093,10.1037/t06095-000
24094,10.1037/t22042-000
24095,10.1037/t74574-000
24096,10.1037/t70030-000
24097,10.1037/t24797-000
24098,10.1037/t73304-000
24099,10.1037/t12494-000
24100,10.1037/t75882-000
24101,10.1037/t22990-000
24102,10.1037/t24209-000
24103,10.1037/t02452-000
24104,10.1037/t62252-000
24105,10.1037/t70276-000
24106,10.1037/t75323-000
24107,10.1037/t80916-000
24108,10.1037/t00193-000
24109,10.1037/t79266-000
24110,10.1037/t16449-000
24111,10.1037/t46803-000
24112,10.1037/t63206-000
24113,10.1037/t75271-000
24114,10.1037/t11335-000
24115,10.1037/t74748-000
24116,10.1037/t25676-000
24117,10.1037/t06910-000
24118,10.1037/t80185-000
24119,10.1037/t01796-000
24120,10.1037/t81584-000
24121,10.1037/t73780-000
24122,10.1037/t42722-000
24123,10.1037/t35254-000
24124,10.1037/t16450-000
24125,10.1037/t43348-000
24126,10.1037/t68193-000
24127,10.1037/t87080-000
24128,10.1037/t30956-000
24129,10.1037/t58772-000
24130,10.1037/t62163-000
24131,10.1037/t13218-000
24132,10.1037/t02134-000
24133,10.1037/t52210-000
24134,10.1037/t14533-000
24135,10.1037/t15235-000
24136,10.1037/t85876-000
24137,10.1037/t03031-000
24138,10.1037/t78170-000
24139,10.1037/t03788-000
24140,10.1037/t20375-000
24141,10.1037/t38929-000
24142,10.1037/t68364-000
24143,10.1037/t60237-000
24144,10.1037/t21768-000
24145,10.1037/t74482-000
24146,10.1037/t33055-000
24147,10.1037/t14174-000
24148,10.1037/t45383-000
24149,10.1037/t78405-000
24150,10.1037/t67307-000
24151,10.1037/t20473-000
24152,10.1037/t46066-000
24153,10.1037/t39154-000
24154,10.1037/t70827-000
24155,10.1037/t06851-000
24156,10.1037/t03215-000
24157,10.1037/t11737-000
24158,10.1037/t11055-000
24159,10.1037/t67914-000
24160,10.1037/t19269-000
24161,10.1037/t22675-000
24162,10.1037/t17139-000
24163,10.1037/t73862-000
24164,10.1037/t24293-000
24165,10.1037/t43972-000
24166,10.1037/t39179-000
24167,10.1037/t11036-000
24168,10.1037/t76406-000
24169,10.1037/t02924-000
24170,10.1037/t41735-000
24171,10.1037/t38466-000
24172,10.1037/t26403-000
24173,10.1037/t47141-000
24174,10.1037/t18956-000
24175,10.1037/t23871-000
24176,10.1037/t15222-000
24177,10.1037/t61807-000
24178,10.1037/t12509-000
24179,10.1037/t21957-000
24180,10.1037/t11245-000
24181,10.1037/t24781-000
24182,10.1037/t48780-000
24183,10.1037/t14334-000
24184,10.1037/t12363-000
24185,10.1037/t31894-000
24186,10.1037/t67101-000
24187,10.1037/t86717-000
24188,10.1037/t68955-000
24189,10.1037/t39389-000
24190,10.1037/t58538-000
24191,10.1037/t20162-000
24192,10.1037/t24655-000
24193,10.1037/t31287-000
24194,10.1037/t71796-000
24195,10.1037/t01573-000
24196,10.1037/t45605-000
24197,10.1037/t59525-000
24198,10.1037/t78697-000
24199,10.1037/t23353-000
24200,10.1037/t00051-000
24201,10.1037/t60712-000
24202,10.1037/t13128-000
24203,10.1037/t37289-000
24204,10.1037/t75044-000
24205,10.1037/t06926-000
24206,10.1037/t61251-000
24207,10.1037/t30385-000
24208,10.1037/t78350-000
24209,10.1037/t27086-000
24210,10.1037/t45923-000
24211,10.1037/t23690-000
24212,10.1037/t25202-000
24213,10.1037/t13329-000
24214,10.1037/t25682-000
24215,10.1037/t21366-000
24216,10.1037/t21576-000
24217,10.1037/t09657-000
24218,10.1037/t36197-000
24219,10.1037/t70983-000
24220,10.1037/t21208-000
24221,10.1037/t58385-000
24222,10.1037/t17378-000
24223,10.1037/t52350-000
24224,10.1037/t12386-000
24225,10.1037/t84307-000
24226,10.1037/t81518-000
24227,10.1037/t81841-000
24228,10.1037/t01348-000
24229,10.1037/t27179-000
24230,10.1037/t58988-000
24231,10.1037/t12619-000
24232,10.1037/t25603-000
24233,10.1037/t08673-000
24234,10.1037/t12093-000
24235,10.1037/t75912-000
24236,10.1037/t86679-000
24237,10.1037/t51110-000
24238,10.1037/t22259-000
24239,10.1037/t17855-000
24240,10.1037/t29020-000
24241,10.1037/t72598-000
24242,10.1037/t34951-000
24243,10.1037/t10587-000
24244,10.1037/t10387-000
24245,10.1037/t61787-000
24246,10.1037/t25152-000
24247,10.1037/t13326-000
24248,10.1037/t69467-000
24249,10.1037/t51140-000
24250,10.1037/t39589-000
24251,10.1037/t73731-000
24252,10.1037/t49943-000
24253,10.1037/t13742-000
24254,10.1037/t79069-000
24255,10.1037/t84200-000
24256,10.1037/t78425-000
24257,10.1037/t16869-000
24258,10.1037/t68065-000
24259,10.1037/t72497-000
24260,10.1037/t33799-000
24261,10.1037/t27034-000
24262,10.1037/t13153-000
24263,10.1037/t00041-000
24264,10.1037/t19328-000
24265,10.1037/t42095-000
24266,10.1037/t54301-000
24267,10.1037/t28597-000
24268,10.1037/t87767-000
24269,10.1037/t17162-000
24270,10.1037/t32862-000
24271,10.1037/t66338-000
24272,10.1037/t00526-000
24273,10.1037/t54979-000
24274,10.1037/t47759-000
24275,10.1037/t46548-000
24276,10.1037/t21407-000
24277,10.1037/t26157-000
24278,10.1037/t23480-000
24279,10.1037/t13977-000
24280,10.1037/t82309-000
24281,10.1037/t82032-000
24282,10.1037/t17394-000
24283,10.1037/t15477-000
24284,10.1037/t19887-000
24285,10.1037/t45615-000
24286,10.1037/t81687-000
24287,10.1037/t81607-000
24288,10.1037/t87540-000
24289,10.1037/t52444-000
24290,10.1037/t80835-000
24291,10.1037/t16599-000
24292,10.1037/t69369-000
24293,10.1037/t77828-000
24294,10.1037/t48431-000
24295,10.1037/t26588-000
24296,10.1037/t20794-000
24297,10.1037/t38589-000
24298,10.1037/t28643-000
24299,10.1037/t64078-000
24300,10.1037/t72688-000
24301,10.1037/t11159-000
24302,10.1037/t46026-000
24303,10.1037/t15403-000
24304,10.1037/t18737-000
24305,10.1037/t15202-000
24306,10.1037/t83560-000
24307,10.1037/t21023-000
24308,10.1037/t20898-000
24309,10.1037/t22137-000
24310,10.1037/t59223-000
24311,10.1037/t07196-000
24312,10.1037/t84602-000
24313,10.1037/t11028-000
24314,10.1037/t46670-000
24315,10.1037/t83783-000
24316,10.1037/t11706-000
24317,10.1037/t70759-000
24318,10.1037/t01106-000
24319,10.1037/t73334-000
24320,10.1037/t80179-000
24321,10.1037/t34553-000
24322,10.1037/t05421-000
24323,10.1037/t65169-000
24324,10.1037/t74747-000
24325,10.1037/t05420-000
24326,10.1037/t77742-000
24327,10.1037/t00310-000
24328,10.1037/t53087-000
24329,10.1037/t37722-000
24330,10.1037/t85610-000
24331,10.1037/t86817-000
24332,10.1037/t30245-000
24333,10.1037/t32421-000
24334,10.1037/t72136-000
24335,10.1037/t32883-000
24336,10.1037/t59475-000
24337,10.1037/t13727-000
24338,10.1037/t24697-000
24339,10.1037/t15977-000
24340,10.1037/t36936-000
24341,10.1037/t16064-000
24342,10.1037/t40418-000
24343,10.1037/t76175-000
24344,10.1037/t14777-000
24345,10.1037/t40046-000
24346,10.1037/t72712-000
24347,10.1037/t34290-000
24348,10.1037/t18784-000
24349,10.1037/t44790-000
24350,10.1037/t26636-000
24351,10.1037/t79620-000
24352,10.1037/t09427-000
24353,10.1037/t18126-000
24354,10.1037/t00113-000
24355,10.1037/t07322-000
24356,10.1037/t38212-000
24357,10.1037/t64662-000
24358,10.1037/t11590-000
24359,10.1037/t77781-000
24360,10.1037/t30584-000
24361,10.1037/t00195-000
24362,10.1037/t62473-000
24363,10.1037/t37938-000
24364,10.1037/t74794-000
24365,10.1037/t10407-000
24366,10.1037/t12165-000
24367,10.1037/t00004-000
24368,10.1037/t24627-000
24369,10.1037/t18179-000
24370,10.1037/t36228-000
24371,10.1037/t84185-000
24372,10.1037/t84818-000
24373,10.1037/t66126-000
24374,10.1037/t39077-000
24375,10.1037/t09220-000
24376,10.1037/t34683-000
24377,10.1037/t21103-000
24378,10.1037/t39014-000
24379,10.1037/t26538-000
24380,10.1037/t18376-000
24381,10.1037/t23726-000
24382,10.1037/t25103-000
24383,10.1037/t79271-000
24384,10.1037/t02950-000
24385,10.1037/t74648-000
24386,10.1037/t39450-000
24387,10.1037/t75997-000
24388,10.1037/t55197-000
24389,10.1037/t05928-000
24390,10.1037/t24334-000
24391,10.1037/t42207-000
24392,10.1037/t36268-000
24393,10.1037/t10999-000
24394,10.1037/t16165-000
24395,10.1037/t64364-000
24396,10.1037/t20877-000
24397,10.1037/t85645-000
24398,10.1037/t19159-000
24399,10.1037/t01097-000
24400,10.1037/t07605-000
24401,10.1037/t11341-000
24402,10.1037/t66056-000
24403,10.1037/t14446-000
24404,10.1037/t43321-000
24405,10.1037/t45773-000
24406,10.1037/t20871-000
24407,10.1037/t19504-000
24408,10.1037/t65834-000
24409,10.1037/t63061-000
24410,10.1037/t78069-000
24411,10.1037/t20247-000
24412,10.1037/t18495-000
24413,10.1037/t27410-000
24414,10.1037/t51019-000
24415,10.1037/t11184-000
24416,10.1037/t42195-000
24417,10.1037/t86931-000
24418,10.1037/t00352-000
24419,10.1037/t31124-000
24420,10.1037/t81298-000
24421,10.1037/t75272-000
24422,10.1037/t23213-000
24423,10.1037/t16910-000
24424,10.1037/t00317-000
24425,10.1037/t26203-000
24426,10.1037/t43661-000
24427,10.1037/t71357-000
24428,10.1037/t24696-000
24429,10.1037/t22752-000
24430,10.1037/t00487-000
24431,10.1037/t82791-000
24432,10.1037/t86880-000
24433,10.1037/t43726-000
24434,10.1037/t11130-000
24435,10.1037/t27593-000
24436,10.1037/t85154-000
24437,10.1037/t00881-000
24438,10.1037/t13954-000
24439,10.1037/t26710-000
24440,10.1037/t26549-000
24441,10.1037/t25392-000
24442,10.1037/t10527-000
24443,10.1037/t16854-000
24444,10.1037/t40226-000
24445,10.1037/t12587-000
24446,10.1037/t74191-000
24447,10.1037/t81409-000
24448,10.1037/t22444-000
24449,10.1037/t82379-000
24450,10.1037/t32569-000
24451,10.1037/t78587-000
24452,10.1037/t19851-000
24453,10.1037/t28306-000
24454,10.1037/t18110-000
24455,10.1037/t66969-000
24456,10.1037/t84568-000
24457,10.1037/t15247-000
24458,10.1037/t72698-000
24459,10.1037/t83600-000
24460,10.1037/t38862-000
24461,10.1037/t24563-000
24462,10.1037/t01406-000
24463,10.1037/t01351-000
24464,10.1037/t83371-000
24465,10.1037/t03542-000
24466,10.1037/t38852-000
24467,10.1037/t21473-000
24468,10.1037/t85065-000
24469,10.1037/t68140-000
24470,10.1037/t49433-000
24471,10.1037/t03397-000
24472,10.1037/t24431-000
24473,10.1037/t12780-000
24474,10.1037/t37950-000
24475,10.1037/t08481-000
24476,10.1037/t78751-000
24477,10.1037/t31542-000
24478,10.1037/t41582-000
24479,10.1037/t23334-000
24480,10.1037/t28316-000
24481,10.1037/t20138-000
24482,10.1037/t15880-000
24483,10.1037/t87586-000
24484,10.1037/t80088-000
24485,10.1037/t63830-000
24486,10.1037/t65281-000
24487,10.1037/t51081-000
24488,10.1037/t59296-000
24489,10.1037/t81253-000
24490,10.1037/t33433-000
24491,10.1037/t51377-000
24492,10.1037/t21580-000
24493,10.1037/t81793-000
24494,10.1037/t66851-000
24495,10.1037/t01206-000
24496,10.1037/t17454-000
24497,10.1037/t05728-000
24498,10.1037/t04093-000
24499,10.1037/t19747-000
24500,10.1037/t09153-000
24501,10.1037/t07954-000
24502,10.1037/t67142-000
24503,10.1037/t53559-000
24504,10.1037/t47423-000
24505,10.1037/t00581-000
24506,10.1037/t06730-000
24507,10.1037/t21963-000
24508,10.1037/t13399-000
24509,10.1037/t65647-000
24510,10.1037/t60636-000
24511,10.1037/t27220-000
24512,10.1037/t17774-000
24513,10.1037/t05544-000
24514,10.1037/t82822-000
24515,10.1037/t35506-000
24516,10.1037/t46369-000
24517,10.1037/t87543-000
24518,10.1037/t02410-000
24519,10.1037/t82829-000
24520,10.1037/t26020-000
24521,10.1037/t61094-000
24522,10.1037/t73091-000
24523,10.1037/t33931-000
24524,10.1037/t78791-000
24525,10.1037/t35762-000
24526,10.1037/t72158-000
24527,10.1037/t40472-000
24528,10.1037/t19619-000
24529,10.1037/t68982-000
24530,10.1037/t48837-000
24531,10.1037/t22223-000
24532,10.1037/t12303-000
24533,10.1037/t42956-000
24534,10.1037/t78931-000
24535,10.1037/t09412-000
24536,10.1037/t73485-000
24537,10.1037/t71474-000
24538,10.1037/t24049-000
24539,10.1037/t22496-000
24540,10.1037/t11208-000
24541,10.1037/t47924-000
24542,10.1037/t17551-000
24543,10.1037/t70870-000
24544,10.1037/t40684-000
24545,10.1037/t34209-000
24546,10.1037/t38695-000
24547,10.1037/t42415-000
24548,10.1037/t24921-000
24549,10.1037/t21061-000
24550,10.1037/t55625-000
24551,10.1037/t19262-000
24552,10.1037/t03875-000
24553,10.1037/t63134-000
24554,10.1037/t67165-000
24555,10.1037/t41010-000
24556,10.1037/t15525-000
24557,10.1037/t58449-000
24558,10.1037/t65240-000
24559,10.1037/t54698-000
24560,10.1037/t38520-000
24561,10.1037/t00494-000
24562,10.1037/t01088-000
24563,10.1037/t33749-000
24564,10.1037/t11115-000
24565,10.1037/t71312-000
24566,10.1037/t15115-000
24567,10.1037/t11127-000
24568,10.1037/t09734-000
24569,10.1037/t09742-000
24570,10.1037/t64976-000
24571,10.1037/t67399-000
24572,10.1037/t54415-000
24573,10.1037/t43460-000
24574,10.1037/t69836-000
24575,10.1037/t22606-000
24576,10.1037/t81177-000
24577,10.1037/t11638-000
24578,10.1037/t83802-000
24579,10.1037/t03032-000
24580,10.1037/t12957-000
24581,10.1037/t29737-000
24582,10.1037/t87607-000
24583,10.1037/t22907-000
24584,10.1037/t36258-000
24585,10.1037/t20396-000
24586,10.1037/t68421-000
24587,10.1037/t14463-000
24588,10.1037/t48645-000
24589,10.1037/t28882-000
24590,10.1037/t77313-000
24591,10.1037/t65806-000
24592,10.1037/t16757-000
24593,10.1037/t54300-000
24594,10.1037/t79800-000
24595,10.1037/t07119-000
24596,10.1037/t23044-000
24597,10.1037/t44313-000
24598,10.1037/t43660-000
24599,10.1037/t53941-000
24600,10.1037/t28286-000
24601,10.1037/t13630-000
24602,10.1037/t42723-000
24603,10.1037/t24550-000
24604,10.1037/t21843-000
24605,10.1037/t68707-000
24606,10.1037/t79951-000
24607,10.1037/t54934-000
24608,10.1037/t43602-000
24609,10.1037/t07306-000
24610,10.1037/t16104-000
24611,10.1037/t26975-000
24612,10.1037/t74208-000
24613,10.1037/t48116-000
24614,10.1037/t41847-000
24615,10.1037/t02099-000
24616,10.1037/t23076-000
24617,10.1037/t68359-000
24618,10.1037/t59477-000
24619,10.1037/t11834-000
24620,10.1037/t53365-000
24621,10.1037/t16893-000
24622,10.1037/t07568-000
24623,10.1037/t67416-000
24624,10.1037/t70262-000
24625,10.1037/t65618-000
24626,10.1037/t67298-000
24627,10.1037/t85639-000
24628,10.1037/t86743-000
24629,10.1037/t07367-000
24630,10.1037/t17074-000
24631,10.1037/t00488-000
24632,10.1037/t46454-000
24633,10.1037/t85554-000
24634,10.1037/t12829-000
24635,10.1037/t45433-000
24636,10.1037/t15934-000
24637,10.1037/t35168-000
24638,10.1037/t19895-000
24639,10.1037/t37922-000
24640,10.1037/t33097-000
24641,10.1037/t39588-000
24642,10.1037/t32923-000
24643,10.1037/t55214-000
24644,10.1037/t66477-000
24645,10.1037/t11923-000
24646,10.1037/t14509-000
24647,10.1037/t71279-000
24648,10.1037/t20704-000
24649,10.1037/t19914-000
24650,10.1037/t67948-000
24651,10.1037/t24226-000
24652,10.1037/t22555-000
24653,10.1037/t79495-000
24654,10.1037/t33276-000
24655,10.1037/t42983-000
24656,10.1037/t76363-000
24657,10.1037/t86715-000
24658,10.1037/t62820-000
24659,10.1037/t06258-000
24660,10.1037/t18674-000
24661,10.1037/t07000-000
24662,10.1037/t33837-000
24663,10.1037/t68011-000
24664,10.1037/t39991-000
24665,10.1037/t87619-000
24666,10.1037/t69604-000
24667,10.1037/t41965-000
24668,10.1037/t43804-000
24669,10.1037/t33131-000
24670,10.1037/t51923-000
24671,10.1037/t11701-000
24672,10.1037/t11080-000
24673,10.1037/t55128-000
24674,10.1037/t29633-000
24675,10.1037/t78819-000
24676,10.1037/t47684-000
24677,10.1037/t73300-000
24678,10.1037/t72956-000
24679,10.1037/t05911-000
24680,10.1037/t20123-000
24681,10.1037/t71479-000
24682,10.1037/t14530-000
24683,10.1037/t72581-000
24684,10.1037/t56380-000
24685,10.1037/t35980-000
24686,10.1037/t23971-000
24687,10.1037/t19997-000
24688,10.1037/t01199-000
24689,10.1037/t09921-000
24690,10.1037/t34520-000
24691,10.1037/t47710-000
24692,10.1037/t48275-000
24693,10.1037/t23757-000
24694,10.1037/t17061-000
24695,10.1037/t15266-000
24696,10.1037/t01491-000
24697,10.1037/t38323-000
24698,10.1037/t83335-000
24699,10.1037/t32726-000
24700,10.1037/t38588-000
24701,10.1037/t17512-000
24702,10.1037/t69869-000
24703,10.1037/t29337-000
24704,10.1037/t41979-000
24705,10.1037/t18559-000
24706,10.1037/t16532-000
24707,10.1037/t62542-000
24708,10.1037/t51116-000
24709,10.1037/t21799-000
24710,10.1037/t81262-000
24711,10.1037/t87547-000
24712,10.1037/t66391-000
24713,10.1037/t06733-000
24714,10.1037/t03194-000
24715,10.1037/t72983-000
24716,10.1037/t03968-000
24717,10.1037/t43814-000
24718,10.1037/t11739-000
24719,10.1037/t25559-000
24720,10.1037/t28502-000
24721,10.1037/t20039-000
24722,10.1037/t15343-000
24723,10.1037/t72468-000
24724,10.1037/t70499-000
24725,10.1037/t18243-000
24726,10.1037/t48324-000
24727,10.1037/t59089-000
24728,10.1037/t76089-000
24729,10.1037/t83211-000
24730,10.1037/t03773-000
24731,10.1037/t25492-000
24732,10.1037/t83991-000
24733,10.1037/t83724-000
24734,10.1037/t62113-000
24735,10.1037/t11462-000
24736,10.1037/t75348-000
24737,10.1037/t20874-000
24738,10.1037/t62885-000
24739,10.1037/t83606-000
24740,10.1037/t77495-000
24741,10.1037/t78427-000
24742,10.1037/t22648-000
24743,10.1037/t33673-000
24744,10.1037/t31010-000
24745,10.1037/t17089-000
24746,10.1037/t13095-000
24747,10.1037/t47237-000
24748,10.1037/t17269-000
24749,10.1037/t75322-000
24750,10.1037/t14307-000
24751,10.1037/t35937-000
24752,10.1037/t53684-000
24753,10.1037/t01531-000
24754,10.1037/t69398-000
24755,10.1037/t38933-000
24756,10.1037/t26415-000
24757,10.1037/t70663-000
24758,10.1037/t00691-000
24759,10.1037/t70829-000
24760,10.1037/t09116-000
24761,10.1037/t69106-000
24762,10.1037/t87188-000
24763,10.1037/t78914-000
24764,10.1037/t85399-000
24765,10.1037/t11327-000
24766,10.1037/t05710-000
24767,10.1037/t28415-000
24768,10.1037/t24505-000
24769,10.1037/t46675-000
24770,10.1037/t68444-000
24771,10.1037/t06934-000
24772,10.1037/t87158-000
24773,10.1037/t14219-000
24774,10.1037/t59513-000
24775,10.1037/t22537-000
24776,10.1037/t79379-000
24777,10.1037/t29749-000
24778,10.1037/t16095-000
24779,10.1037/t76232-000
24780,10.1037/t81663-000
24781,10.1037/t54141-000
24782,10.1037/t34353-000
24783,10.1037/t54610-000
24784,10.1037/t71218-000
24785,10.1037/t24726-000
24786,10.1037/t25951-000
24787,10.1037/t42727-000
24788,10.1037/t76190-000
24789,10.1037/t11370-000
24790,10.1037/t73952-000
24791,10.1037/t04493-000
24792,10.1037/t11535-000
24793,10.1037/t62781-000
24794,10.1037/t70489-000
24795,10.1037/t12885-000
24796,10.1037/t30672-000
24797,10.1037/t46087-000
24798,10.1037/t70731-000
24799,10.1037/t48642-000
24800,10.1037/t58442-000
24801,10.1037/t26041-000
24802,10.1037/t12391-000
24803,10.1037/t12515-000
24804,10.1037/t10359-000
24805,10.1037/t76075-000
24806,10.1037/t24803-000
24807,10.1037/t01371-000
24808,10.1037/t26337-000
24809,10.1037/t63052-000
24810,10.1037/t62463-000
24811,10.1037/t22140-000
24812,10.1037/t12250-000
24813,10.1037/t60511-000
24814,10.1037/t39037-000
24815,10.1037/t59669-000
24816,10.1037/t22071-000
24817,10.1037/t69771-000
24818,10.1037/t04924-000
24819,10.1037/t04248-000
24820,10.1037/t68660-000
24821,10.1037/t45196-000
24822,10.1037/t75705-000
24823,10.1037/t83728-000
24824,10.1037/t14534-000
24825,10.1037/t27490-000
24826,10.1037/t03855-000
24827,10.1037/t32104-000
24828,10.1037/t61426-000
24829,10.1037/t62843-000
24830,10.1037/t58207-000
24831,10.1037/t13537-000
24832,10.1037/t09452-000
24833,10.1037/t10714-000
24834,10.1037/t42724-000
24835,10.1037/t09863-000
24836,10.1037/t39120-000
24837,10.1037/t20725-000
24838,10.1037/t77438-000
24839,10.1037/t84669-000
24840,10.1037/t12402-000
24841,10.1037/t77343-000
24842,10.1037/t27142-000
24843,10.1037/t43680-000
24844,10.1037/t05876-000
24845,10.1037/t09978-000
24846,10.1037/t36414-000
24847,10.1037/t17964-000
24848,10.1037/t02905-000
24849,10.1037/t28383-000
24850,10.1037/t15298-000
24851,10.1037/t20189-000
24852,10.1037/t24006-000
24853,10.1037/t81617-000
24854,10.1037/t15529-000
24855,10.1037/t48321-000
24856,10.1037/t67387-000
24857,10.1037/t20201-000
24858,10.1037/t16395-000
24859,10.1037/t23923-000
24860,10.1037/t47864-000
24861,10.1037/t32678-000
24862,10.1037/t23318-000
24863,10.1037/t64711-000
24864,10.1037/t67777-000
24865,10.1037/t24765-000
24866,10.1037/t76730-000
24867,10.1037/t34561-000
24868,10.1037/t15680-000
24869,10.1037/t11580-000
24870,10.1037/t27607-000
24871,10.1037/t28937-000
24872,10.1037/t33835-000
24873,10.1037/t37648-000
24874,10.1037/t28553-000
24875,10.1037/t03522-000
24876,10.1037/t44004-000
24877,10.1037/t60229-000
24878,10.1037/t14594-000
24879,10.1037/t06259-000
24880,10.1037/t02610-000
24881,10.1037/t65789-000
24882,10.1037/t81166-000
24883,10.1037/t18989-000
24884,10.1037/t77205-000
24885,10.1037/t02520-000
24886,10.1037/t18055-000
24887,10.1037/t66063-000
24888,10.1037/t66517-000
24889,10.1037/t68313-000
24890,10.1037/t85460-000
24891,10.1037/t52815-000
24892,10.1037/t42328-000
24893,10.1037/t14474-000
24894,10.1037/t75796-000
24895,10.1037/t79568-000
24896,10.1037/t48557-000
24897,10.1037/t81414-000
24898,10.1037/t17189-000
24899,10.1037/t38456-000
24900,10.1037/t17632-000
24901,10.1037/t06704-000
24902,10.1037/t46041-000
24903,10.1037/t21300-000
24904,10.1037/t21736-000
24905,10.1037/t73050-000
24906,10.1037/t87685-000
24907,10.1037/t79436-000
24908,10.1037/t26125-000
24909,10.1037/t14178-000
24910,10.1037/t10399-000
24911,10.1037/t14488-000
24912,10.1037/t63397-000
24913,10.1037/t49902-000
24914,10.1037/t24982-000
24915,10.1037/t42628-000
24916,10.1037/t38102-000
24917,10.1037/t37863-000
24918,10.1037/t26084-000
24919,10.1037/t28962-000
24920,10.1037/t42632-000
24921,10.1037/t81275-000
24922,10.1037/t26769-000
24923,10.1037/t64781-000
24924,10.1037/t25018-000
24925,10.1037/t43597-000
24926,10.1037/t00610-000
24927,10.1037/t31561-000
24928,10.1037/t37126-000
24929,10.1037/t19596-000
24930,10.1037/t32215-000
24931,10.1037/t44741-000
24932,10.1037/t20374-000
24933,10.1037/t50610-000
24934,10.1037/t20481-000
24935,10.1037/t82351-000
24936,10.1037/t17660-000
24937,10.1037/t45223-000
24938,10.1037/t11084-000
24939,10.1037/t38476-000
24940,10.1037/t18392-000
24941,10.1037/t00354-000
24942,10.1037/t00236-000
24943,10.1037/t03455-000
24944,10.1037/t11808-000
24945,10.1037/t03380-000
24946,10.1037/t27931-000
24947,10.1037/t42066-000
24948,10.1037/t43663-000
24949,10.1037/t09615-000
24950,10.1037/t87603-000
24951,10.1037/t00272-000
24952,10.1037/t12148-000
24953,10.1037/t79937-000
24954,10.1037/t48707-000
24955,10.1037/t07725-000
24956,10.1037/t46691-000
24957,10.1037/t37144-000
24958,10.1037/t25766-000
24959,10.1037/t00043-000
24960,10.1037/t18436-000
24961,10.1037/t77593-000
24962,10.1037/t41003-000
24963,10.1037/t22965-000
24964,10.1037/t19867-000
24965,10.1037/t15786-000
24966,10.1037/t06178-000
24967,10.1037/t65162-000
24968,10.1037/t11995-000
24969,10.1037/t35950-000
24970,10.1037/t43930-000
24971,10.1037/t54637-000
24972,10.1037/t53428-000
24973,10.1037/t29814-000
24974,10.1037/t86452-000
24975,10.1037/t58757-000
24976,10.1037/t69870-000
24977,10.1037/t28273-000
24978,10.1037/t17054-000
24979,10.1037/t80498-000
24980,10.1037/t12385-000
24981,10.1037/t14436-000
24982,10.1037/t53136-000
24983,10.1037/t09694-000
24984,10.1037/t19248-000
24985,10.1037/t79835-000
24986,10.1037/t84711-000
24987,10.1037/t23977-000
24988,10.1037/t20604-000
24989,10.1037/t82710-000
24990,10.1037/t70858-000
24991,10.1037/t84858-000
24992,10.1037/t29877-000
24993,10.1037/t32324-000
24994,10.1037/t60523-000
24995,10.1037/t79700-000
24996,10.1037/t68485-000
24997,10.1037/t02978-000
24998,10.1037/t80500-000
24999,10.1037/t19974-000
25000,10.1037/t63793-000
25001,10.1037/t45724-000
25002,10.1037/t18311-000
25003,10.1037/t68033-000
25004,10.1037/t26498-000
25005,10.1037/t11788-000
25006,10.1037/t38365-000
25007,10.1037/t43800-000
25008,10.1037/t08336-000
25009,10.1037/t10464-000
25010,10.1037/t49599-000
25011,10.1037/t84712-000
25012,10.1037/t76972-000
25013,10.1037/t02380-000
25014,10.1037/t81362-000
25015,10.1037/t17690-000
25016,10.1037/t38668-000
25017,10.1037/t71897-000
25018,10.1037/t33169-000
25019,10.1037/t37681-000
25020,10.1037/t77277-000
25021,10.1037/t18703-000
25022,10.1037/t00372-000
25023,10.1037/t14377-000
25024,10.1037/t30277-000
25025,10.1037/t29517-000
25026,10.1037/t38029-000
25027,10.1037/t33516-000
25028,10.1037/t46650-000
25029,10.1037/t50180-000
25030,10.1037/t15832-000
25031,10.1037/t10360-000
25032,10.1037/t48045-000
25033,10.1037/t59742-000
25034,10.1037/t38450-000
25035,10.1037/t12902-000
25036,10.1037/t34198-000
25037,10.1037/t18957-000
25038,10.1037/t23826-000
25039,10.1037/t61096-000
25040,10.1037/t09305-000
25041,10.1037/t31658-000
25042,10.1037/t72870-000
25043,10.1037/t82647-000
25044,10.1037/t68013-000
25045,10.1037/t14657-000
25046,10.1037/t74013-000
25047,10.1037/t71865-000
25048,10.1037/t30073-000
25049,10.1037/t86756-000
25050,10.1037/t03420-000
25051,10.1037/t00432-000
25052,10.1037/t68786-000
25053,10.1037/t41911-000
25054,10.1037/t25110-000
25055,10.1037/t04534-000
25056,10.1037/t32275-000
25057,10.1037/t40333-000
25058,10.1037/t75296-000
25059,10.1037/t62380-000
25060,10.1037/t27559-000
25061,10.1037/t84571-000
25062,10.1037/t66361-000
25063,10.1037/t20180-000
25064,10.1037/t72074-000
25065,10.1037/t33819-000
25066,10.1037/t44174-000
25067,10.1037/t70062-000
25068,10.1037/t13863-000
25069,10.1037/t08752-000
25070,10.1037/t11906-000
25071,10.1037/t82306-000
25072,10.1037/t83617-000
25073,10.1037/t75519-000
25074,10.1037/t14122-000
25075,10.1037/t21349-000
25076,10.1037/t26926-000
25077,10.1037/t63641-000
25078,10.1037/t11571-000
25079,10.1037/t58227-000
25080,10.1037/t76691-000
25081,10.1037/t68957-000
25082,10.1037/t72419-000
25083,10.1037/t70274-000
25084,10.1037/t18614-000
25085,10.1037/t58432-000
25086,10.1037/t41242-000
25087,10.1037/t23325-000
25088,10.1037/t14261-000
25089,10.1037/t32748-000
25090,10.1037/t72927-000
25091,10.1037/t45667-000
25092,10.1037/t14165-000
25093,10.1037/t37789-000
25094,10.1037/t72216-000
25095,10.1037/t07748-000
25096,10.1037/t69841-000
25097,10.1037/t32901-000
25098,10.1037/t75312-000
25099,10.1037/t79350-000
25100,10.1037/t23505-000
25101,10.1037/t21261-000
25102,10.1037/t30404-000
25103,10.1037/t68228-000
25104,10.1037/t83633-000
25105,10.1037/t83914-000
25106,10.1037/t34819-000
25107,10.1037/t18291-000
25108,10.1037/t09816-000
25109,10.1037/t09972-000
25110,10.1037/t17222-000
25111,10.1037/t50903-000
25112,10.1037/t03623-000
25113,10.1037/t23463-000
25114,10.1037/t40844-000
25115,10.1037/t64343-000
25116,10.1037/t46729-000
25117,10.1037/t80118-000
25118,10.1037/t36088-000
25119,10.1037/t76328-000
25120,10.1037/t14053-000
25121,10.1037/t40942-000
25122,10.1037/t46075-000
25123,10.1037/t20056-000
25124,10.1037/t22827-000
25125,10.1037/t08603-000
25126,10.1037/t17347-000
25127,10.1037/t16758-000
25128,10.1037/t25497-000
25129,10.1037/t24881-000
25130,10.1037/t76861-000
25131,10.1037/t44798-000
25132,10.1037/t33437-000
25133,10.1037/t86959-000
25134,10.1037/t23416-000
25135,10.1037/t05913-000
25136,10.1037/t20910-000
25137,10.1037/t32426-000
25138,10.1037/t63669-000
25139,10.1037/t84678-000
25140,10.1037/t24689-000
25141,10.1037/t26273-000
25142,10.1037/t75598-000
25143,10.1037/t73968-000
25144,10.1037/t52347-000
25145,10.1037/t17196-000
25146,10.1037/t17713-000
25147,10.1037/t09725-000
25148,10.1037/t45754-000
25149,10.1037/t44199-000
25150,10.1037/t80039-000
25151,10.1037/t05301-000
25152,10.1037/t81595-000
25153,10.1037/t68426-000
25154,10.1037/t03421-000
25155,10.1037/t00893-000
25156,10.1037/t50201-000
25157,10.1037/t71765-000
25158,10.1037/t58503-000
25159,10.1037/t00785-000
25160,10.1037/t80221-000
25161,10.1037/t63208-000
25162,10.1037/t52950-000
25163,10.1037/t48778-000
25164,10.1037/t71034-000
25165,10.1037/t06688-000
25166,10.1037/t52853-000
25167,10.1037/t86490-000
25168,10.1037/t24723-000
25169,10.1037/t04878-000
25170,10.1037/t13520-000
25171,10.1037/t68383-000
25172,10.1037/t79117-000
25173,10.1037/t19093-000
25174,10.1037/t73274-000
25175,10.1037/t14864-000
25176,10.1037/t53160-000
25177,10.1037/t66834-000
25178,10.1037/t57815-000
25179,10.1037/t67530-000
25180,10.1037/t18857-000
25181,10.1037/t73464-000
25182,10.1037/t17683-000
25183,10.1037/t41728-000
25184,10.1037/t09344-000
25185,10.1037/t17465-000
25186,10.1037/t64281-000
25187,10.1037/t50594-000
25188,10.1037/t00262-000
25189,10.1037/t23176-000
25190,10.1037/t63916-000
25191,10.1037/t26451-000
25192,10.1037/t25864-000
25193,10.1037/t73355-000
25194,10.1037/t78719-000
25195,10.1037/t48170-000
25196,10.1037/t40142-000
25197,10.1037/t34387-000
25198,10.1037/t71748-000
25199,10.1037/t00036-000
25200,10.1037/t75302-000
25201,10.1037/t16125-000
25202,10.1037/t21806-000
25203,10.1037/t78082-000
25204,10.1037/t01543-000
25205,10.1037/t37531-000
25206,10.1037/t28541-000
25207,10.1037/t23828-000
25208,10.1037/t24327-000
25209,10.1037/t33670-000
25210,10.1037/t41558-000
25211,10.1037/t77949-000
25212,10.1037/t23140-000
25213,10.1037/t09393-000
25214,10.1037/t23811-000
25215,10.1037/t54505-000
25216,10.1037/t62848-000
25217,10.1037/t07527-000
25218,10.1037/t57710-000
25219,10.1037/t76851-000
25220,10.1037/t03870-000
25221,10.1037/t43811-000
25222,10.1037/t32630-000
25223,10.1037/t10290-000
25224,10.1037/t68299-000
25225,10.1037/t22068-000
25226,10.1037/t29300-000
25227,10.1037/t25386-000
25228,10.1037/t12521-000
25229,10.1037/t70204-000
25230,10.1037/t07332-000
25231,10.1037/t41489-000
25232,10.1037/t01691-000
25233,10.1037/t01177-000
25234,10.1037/t24772-000
25235,10.1037/t12407-000
25236,10.1037/t41265-000
25237,10.1037/t16860-000
25238,10.1037/t22094-000
25239,10.1037/t06266-000
25240,10.1037/t27755-000
25241,10.1037/t52054-000
25242,10.1037/t16276-000
25243,10.1037/t66194-000
25244,10.1037/t57345-000
25245,10.1037/t33924-000
25246,10.1037/t80878-000
25247,10.1037/t13692-000
25248,10.1037/t32270-000
25249,10.1037/t82323-000
25250,10.1037/t29995-000
25251,10.1037/t07336-000
25252,10.1037/t01070-000
25253,10.1037/t70860-000
25254,10.1037/t15641-000
25255,10.1037/t33975-000
25256,10.1037/t19106-000
25257,10.1037/t63310-000
25258,10.1037/t42629-000
25259,10.1037/t16188-000
25260,10.1037/t23700-000
25261,10.1037/t03219-000
25262,10.1037/t42540-000
25263,10.1037/t62044-000
25264,10.1037/t81236-000
25265,10.1037/t59518-000
25266,10.1037/t42873-000
25267,10.1037/t02881-000
25268,10.1037/t02743-000
25269,10.1037/t09739-000
25270,10.1037/t78507-000
25271,10.1037/t00471-000
25272,10.1037/t66947-000
25273,10.1037/t64584-000
25274,10.1037/t43696-000
25275,10.1037/t77478-000
25276,10.1037/t37682-000
25277,10.1037/t42442-000
25278,10.1037/t36856-000
25279,10.1037/t27622-000
25280,10.1037/t08664-000
25281,10.1037/t59362-000
25282,10.1037/t64486-000
25283,10.1037/t83926-000
25284,10.1037/t27500-000
25285,10.1037/t70042-000
25286,10.1037/t60899-000
25287,10.1037/t48145-000
25288,10.1037/t73354-000
25289,10.1037/t08537-000
25290,10.1037/t78119-000
25291,10.1037/t84781-000
25292,10.1037/t27573-000
25293,10.1037/t64519-000
25294,10.1037/t20662-000
25295,10.1037/t27589-000
25296,10.1037/t22599-000
25297,10.1037/t69068-000
25298,10.1037/t76239-000
25299,10.1037/t20284-000
25300,10.1037/t06168-000
25301,10.1037/t23192-000
25302,10.1037/t81896-000
25303,10.1037/t11054-000
25304,10.1037/t74474-000
25305,10.1037/t79036-000
25306,10.1037/t13818-000
25307,10.1037/t10329-000
25308,10.1037/t43857-000
25309,10.1037/t82182-000
25310,10.1037/t35159-000
25311,10.1037/t05590-000
25312,10.1037/t34900-000
25313,10.1037/t19424-000
25314,10.1037/t43232-000
25315,10.1037/t46564-000
25316,10.1037/t45734-000
25317,10.1037/t84505-000
25318,10.1037/t23275-000
25319,10.1037/t03922-000
25320,10.1037/t43063-000
25321,10.1037/t27728-000
25322,10.1037/t69571-000
25323,10.1037/t78957-000
25324,10.1037/t08407-000
25325,10.1037/t31486-000
25326,10.1037/t16559-000
25327,10.1037/t03946-000
25328,10.1037/t77605-000
25329,10.1037/t11411-000
25330,10.1037/t75902-000
25331,10.1037/t32930-000
25332,10.1037/t44757-000
25333,10.1037/t87412-000
25334,10.1037/t68549-000
25335,10.1037/t23634-000
25336,10.1037/t81013-000
25337,10.1037/t03095-000
25338,10.1037/t86604-000
25339,10.1037/t40361-000
25340,10.1037/t12317-000
25341,10.1037/t81264-000
25342,10.1037/t73564-000
25343,10.1037/t67075-000
25344,10.1037/t38631-000
25345,10.1037/t84308-000
25346,10.1037/t70394-000
25347,10.1037/t79863-000
25348,10.1037/t75611-000
25349,10.1037/t03960-000
25350,10.1037/t15947-000
25351,10.1037/t78721-000
25352,10.1037/t03135-000
25353,10.1037/t19985-000
25354,10.1037/t77018-000
25355,10.1037/t82124-000
25356,10.1037/t83452-000
25357,10.1037/t36237-000
25358,10.1037/t10700-000
25359,10.1037/t22755-000
25360,10.1037/t74979-000
25361,10.1037/t17826-000
25362,10.1037/t81086-000
25363,10.1037/t24123-000
25364,10.1037/t52464-000
25365,10.1037/t09169-000
25366,10.1037/t45540-000
25367,10.1037/t06430-000
25368,10.1037/t19995-000
25369,10.1037/t48702-000
25370,10.1037/t40480-000
25371,10.1037/t21130-000
25372,10.1037/t20086-000
25373,10.1037/t50018-000
25374,10.1037/t37675-000
25375,10.1037/t50904-000
25376,10.1037/t31045-000
25377,10.1037/t41425-000
25378,10.1037/t66957-000
25379,10.1037/t51792-000
25380,10.1037/t55792-000
25381,10.1037/t48421-000
25382,10.1037/t21766-000
25383,10.1037/t17919-000
25384,10.1037/t21430-000
25385,10.1037/t04346-000
25386,10.1037/t20818-000
25387,10.1037/t16677-000
25388,10.1037/t12134-000
25389,10.1037/t58816-000
25390,10.1037/t40411-000
25391,10.1037/t16951-000
25392,10.1037/t13740-000
25393,10.1037/t34968-000
25394,10.1037/t68212-000
25395,10.1037/t12880-000
25396,10.1037/t10185-000
25397,10.1037/t80705-000
25398,10.1037/t19817-000
25399,10.1037/t05764-000
25400,10.1037/t35170-000
25401,10.1037/t10361-000
25402,10.1037/t39318-000
25403,10.1037/t13317-000
25404,10.1037/t38772-000
25405,10.1037/t26137-000
25406,10.1037/t75879-000
25407,10.1037/t71645-000
25408,10.1037/t27316-000
25409,10.1037/t00133-000
25410,10.1037/t16421-000
25411,10.1037/t82577-000
25412,10.1037/t76018-000
25413,10.1037/t64520-000
25414,10.1037/t79482-000
25415,10.1037/t66077-000
25416,10.1037/t18688-000
25417,10.1037/t19853-000
25418,10.1037/t27541-000
25419,10.1037/t20935-000
25420,10.1037/t33850-000
25421,10.1037/t22029-000
25422,10.1037/t78801-000
25423,10.1037/t27743-000
25424,10.1037/t54675-000
25425,10.1037/t37154-000
25426,10.1037/t65519-000
25427,10.1037/t52470-000
25428,10.1037/t84879-000
25429,10.1037/t71325-000
25430,10.1037/t83982-000
25431,10.1037/t27794-000
25432,10.1037/t15626-000
25433,10.1037/t32898-000
25434,10.1037/t00474-000
25435,10.1037/t69834-000
25436,10.1037/t21924-000
25437,10.1037/t15769-000
25438,10.1037/t28455-000
25439,10.1037/t67791-000
25440,10.1037/t19084-000
25441,10.1037/t74094-000
25442,10.1037/t22787-000
25443,10.1037/t38661-000
25444,10.1037/t42829-000
25445,10.1037/t85943-000
25446,10.1037/t27525-000
25447,10.1037/t32257-000
25448,10.1037/t44661-000
25449,10.1037/t05751-000
25450,10.1037/t22044-000
25451,10.1037/t24582-000
25452,10.1037/t79844-000
25453,10.1037/t34330-000
25454,10.1037/t84577-000
25455,10.1037/t42252-000
25456,10.1037/t38499-000
25457,10.1037/t27745-000
25458,10.1037/t20217-000
25459,10.1037/t49832-000
25460,10.1037/t23430-000
25461,10.1037/t23964-000
25462,10.1037/t38357-000
25463,10.1037/t66324-000
25464,10.1037/t01499-000
25465,10.1037/t03210-000
25466,10.1037/t11363-000
25467,10.1037/t81689-000
25468,10.1037/t69902-000
25469,10.1037/t37763-000
25470,10.1037/t37997-000
25471,10.1037/t03555-000
25472,10.1037/t76834-000
25473,10.1037/t80178-000
25474,10.1037/t28311-000
25475,10.1037/t48749-000
25476,10.1037/t73353-000
25477,10.1037/t16416-000
25478,10.1037/t82585-000
25479,10.1037/t25463-000
25480,10.1037/t87636-000
25481,10.1037/t63164-000
25482,10.1037/t01914-000
25483,10.1037/t07193-000
25484,10.1037/t33466-000
25485,10.1037/t24422-000
25486,10.1037/t17896-000
25487,10.1037/t60506-000
25488,10.1037/t17113-000
25489,10.1037/t71642-000
25490,10.1037/t05313-000
25491,10.1037/t12177-000
25492,10.1037/t37160-000
25493,10.1037/t82859-000
25494,10.1037/t29270-000
25495,10.1037/t24753-000
25496,10.1037/t05600-000
25497,10.1037/t52227-000
25498,10.1037/t32447-000
25499,10.1037/t14280-000
25500,10.1037/t26044-000
25501,10.1037/t46550-000
25502,10.1037/t33554-000
25503,10.1037/t11639-000
25504,10.1037/t21662-000
25505,10.1037/t31389-000
25506,10.1037/t22514-000
25507,10.1037/t32438-000
25508,10.1037/t46093-000
25509,10.1037/t30145-000
25510,10.1037/t08708-000
25511,10.1037/t66449-000
25512,10.1037/t49471-000
25513,10.1037/t63420-000
25514,10.1037/t78167-000
25515,10.1037/t10866-000
25516,10.1037/t10104-000
25517,10.1037/t27422-000
25518,10.1037/t80349-000
25519,10.1037/t32646-000
25520,10.1037/t48962-000
25521,10.1037/t40728-000
25522,10.1037/t33402-000
25523,10.1037/t32471-000
25524,10.1037/t14605-000
25525,10.1037/t63054-000
25526,10.1037/t43113-000
25527,10.1037/t38536-000
25528,10.1037/t67888-000
25529,10.1037/t14752-000
25530,10.1037/t41348-000
25531,10.1037/t27411-000
25532,10.1037/t35677-000
25533,10.1037/t80423-000
25534,10.1037/t12365-000
25535,10.1037/t10577-000
25536,10.1037/t62419-000
25537,10.1037/t41283-000
25538,10.1037/t70327-000
25539,10.1037/t12737-000
25540,10.1037/t41566-000
25541,10.1037/t40474-000
25542,10.1037/t73761-000
25543,10.1037/t85999-000
25544,10.1037/t31883-000
25545,10.1037/t42242-000
25546,10.1037/t69637-000
25547,10.1037/t09537-000
25548,10.1037/t33077-000
25549,10.1037/t31710-000
25550,10.1037/t27963-000
25551,10.1037/t79847-000
25552,10.1037/t78947-000
25553,10.1037/t02969-000
25554,10.1037/t62174-000
25555,10.1037/t25052-000
25556,10.1037/t61712-000
25557,10.1037/t84986-000
25558,10.1037/t38408-000
25559,10.1037/t87015-000
25560,10.1037/t49298-000
25561,10.1037/t67810-000
25562,10.1037/t87651-000
25563,10.1037/t28432-000
25564,10.1037/t20065-000
25565,10.1037/t38313-000
25566,10.1037/t00550-000
25567,10.1037/t19679-000
25568,10.1037/t43424-000
25569,10.1037/t32194-000
25570,10.1037/t43636-000
25571,10.1037/t47099-000
25572,10.1037/t45495-000
25573,10.1037/t80108-000
25574,10.1037/t71878-000
25575,10.1037/t18104-000
25576,10.1037/t17952-000
25577,10.1037/t02475-000
25578,10.1037/t66364-000
25579,10.1037/t28288-000
25580,10.1037/t23552-000
25581,10.1037/t36570-000
25582,10.1037/t03634-000
25583,10.1037/t48193-000
25584,10.1037/t75936-000
25585,10.1037/t07141-000
25586,10.1037/t68687-000
25587,10.1037/t14253-000
25588,10.1037/t00879-000
25589,10.1037/t63152-000
25590,10.1037/t03656-000
25591,10.1037/t77656-000
25592,10.1037/t69636-000
25593,10.1037/t67370-000
25594,10.1037/t55410-000
25595,10.1037/t02466-000
25596,10.1037/t27309-000
25597,10.1037/t50340-000
25598,10.1037/t33661-000
25599,10.1037/t46381-000
25600,10.1037/t28683-000
25601,10.1037/t51451-000
25602,10.1037/t13914-000
25603,10.1037/t13159-000
25604,10.1037/t71190-000
25605,10.1037/t63330-000
25606,10.1037/t07928-000
25607,10.1037/t35377-000
25608,10.1037/t09801-000
25609,10.1037/t15379-000
25610,10.1037/t27954-000
25611,10.1037/t44540-000
25612,10.1037/t03376-000
25613,10.1037/t10522-000
25614,10.1037/t74519-000
25615,10.1037/t43838-000
25616,10.1037/t12273-000
25617,10.1037/t25250-000
25618,10.1037/t46699-000
25619,10.1037/t64676-000
25620,10.1037/t20720-000
25621,10.1037/t62400-000
25622,10.1037/t15016-000
25623,10.1037/t18060-000
25624,10.1037/t22960-000
25625,10.1037/t01281-000
25626,10.1037/t61971-000
25627,10.1037/t00434-000
25628,10.1037/t21492-000
25629,10.1037/t15867-000
25630,10.1037/t49055-000
25631,10.1037/t15063-000
25632,10.1037/t03682-000
25633,10.1037/t78736-000
25634,10.1037/t87219-000
25635,10.1037/t13788-000
25636,10.1037/t50698-000
25637,10.1037/t26822-000
25638,10.1037/t31871-000
25639,10.1037/t01298-000
25640,10.1037/t67033-000
25641,10.1037/t20114-000
25642,10.1037/t03450-000
25643,10.1037/t32450-000
25644,10.1037/t09191-000
25645,10.1037/t55734-000
25646,10.1037/t00329-000
25647,10.1037/t61048-000
25648,10.1037/t20126-000
25649,10.1037/t15411-000
25650,10.1037/t31763-000
25651,10.1037/t22129-000
25652,10.1037/t62795-000
25653,10.1037/t26199-000
25654,10.1037/t79690-000
25655,10.1037/t85162-000
25656,10.1037/t12434-000
25657,10.1037/t25871-000
25658,10.1037/t47054-000
25659,10.1037/t25975-000
25660,10.1037/t45822-000
25661,10.1037/t39877-000
25662,10.1037/t01394-000
25663,10.1037/t33241-000
25664,10.1037/t72200-000
25665,10.1037/t39893-000
25666,10.1037/t09239-000
25667,10.1037/t38744-000
25668,10.1037/t34054-000
25669,10.1037/t22505-000
25670,10.1037/t10487-000
25671,10.1037/t09332-000
25672,10.1037/t27597-000
25673,10.1037/t00708-000
25674,10.1037/t08318-000
25675,10.1037/t08877-000
25676,10.1037/t10376-000
25677,10.1037/t08824-000
25678,10.1037/t86057-000
25679,10.1037/t69526-000
25680,10.1037/t40854-000
25681,10.1037/t54166-000
25682,10.1037/t66541-000
25683,10.1037/t70821-000
25684,10.1037/t03199-000
25685,10.1037/t24989-000
25686,10.1037/t30604-000
25687,10.1037/t50969-000
25688,10.1037/t24211-000
25689,10.1037/t22250-000
25690,10.1037/t66890-000
25691,10.1037/t33263-000
25692,10.1037/t13600-000
25693,10.1037/t48237-000
25694,10.1037/t11671-000
25695,10.1037/t39206-000
25696,10.1037/t72795-000
25697,10.1037/t59982-000
25698,10.1037/t71504-000
25699,10.1037/t46739-000
25700,10.1037/t06519-000
25701,10.1037/t08716-000
25702,10.1037/t24091-000
25703,10.1037/t46412-000
25704,10.1037/t23152-000
25705,10.1037/t69445-000
25706,10.1037/t11644-000
25707,10.1037/t27878-000
25708,10.1037/t15962-000
25709,10.1037/t24204-000
25710,10.1037/t38576-000
25711,10.1037/t48607-000
25712,10.1037/t29175-000
25713,10.1037/t86090-000
25714,10.1037/t27064-000
25715,10.1037/t02069-000
25716,10.1037/t09891-000
25717,10.1037/t11141-000
25718,10.1037/t64834-000
25719,10.1037/t85166-000
25720,10.1037/t17908-000
25721,10.1037/t69605-000
25722,10.1037/t42587-000
25723,10.1037/t05409-000
25724,10.1037/t77507-000
25725,10.1037/t75773-000
25726,10.1037/t16918-000
25727,10.1037/t26473-000
25728,10.1037/t65092-000
25729,10.1037/t80769-000
25730,10.1037/t49888-000
25731,10.1037/t58578-000
25732,10.1037/t58486-000
25733,10.1037/t29145-000
25734,10.1037/t79729-000
25735,10.1037/t27427-000
25736,10.1037/t42701-000
25737,10.1037/t52583-000
25738,10.1037/t50339-000
25739,10.1037/t14160-000
25740,10.1037/t25899-000
25741,10.1037/t83989-000
25742,10.1037/t10539-000
25743,10.1037/t70514-000
25744,10.1037/t15991-000
25745,10.1037/t70496-000
25746,10.1037/t04814-000
25747,10.1037/t81350-000
25748,10.1037/t85001-000
25749,10.1037/t63383-000
25750,10.1037/t20333-000
25751,10.1037/t34638-000
25752,10.1037/t00344-000
25753,10.1037/t18661-000
25754,10.1037/t31030-000
25755,10.1037/t58979-000
25756,10.1037/t82255-000
25757,10.1037/t42519-000
25758,10.1037/t01540-000
25759,10.1037/t25155-000
25760,10.1037/t50284-000
25761,10.1037/t24098-000
25762,10.1037/t02965-000
25763,10.1037/t21891-000
25764,10.1037/t61529-000
25765,10.1037/t38735-000
25766,10.1037/t68772-000
25767,10.1037/t25982-000
25768,10.1037/t85367-000
25769,10.1037/t78908-000
25770,10.1037/t46406-000
25771,10.1037/t42410-000
25772,10.1037/t81001-000
25773,10.1037/t61642-000
25774,10.1037/t83130-000
25775,10.1037/t09430-000
25776,10.1037/t40941-000
25777,10.1037/t76177-000
25778,10.1037/t19503-000
25779,10.1037/t82204-000
25780,10.1037/t80286-000
25781,10.1037/t27468-000
25782,10.1037/t18734-000
25783,10.1037/t77305-000
25784,10.1037/t44258-000
25785,10.1037/t14732-000
25786,10.1037/t74814-000
25787,10.1037/t31053-000
25788,10.1037/t26996-000
25789,10.1037/t63904-000
25790,10.1037/t15597-000
25791,10.1037/t36019-000
25792,10.1037/t70206-000
25793,10.1037/t26731-000
25794,10.1037/t19206-000
25795,10.1037/t60743-000
25796,10.1037/t77496-000
25797,10.1037/t24585-000
25798,10.1037/t02236-000
25799,10.1037/t79646-000
25800,10.1037/t82592-000
25801,10.1037/t37052-000
25802,10.1037/t21312-000
25803,10.1037/t52296-000
25804,10.1037/t34318-000
25805,10.1037/t13445-000
25806,10.1037/t44739-000
25807,10.1037/t31942-000
25808,10.1037/t50270-000
25809,10.1037/t83779-000
25810,10.1037/t68671-000
25811,10.1037/t03096-000
25812,10.1037/t64779-000
25813,10.1037/t17698-000
25814,10.1037/t13646-000
25815,10.1037/t59256-000
25816,10.1037/t42177-000
25817,10.1037/t83194-000
25818,10.1037/t79139-000
25819,10.1037/t25532-000
25820,10.1037/t14015-000
25821,10.1037/t15952-000
25822,10.1037/t27810-000
25823,10.1037/t34134-000
25824,10.1037/t16659-000
25825,10.1037/t23606-000
25826,10.1037/t25881-000
25827,10.1037/t10254-000
25828,10.1037/t78933-000
25829,10.1037/t84288-000
25830,10.1037/t13702-000
25831,10.1037/t39057-000
25832,10.1037/t17067-000
25833,10.1037/t08032-000
25834,10.1037/t09117-000
25835,10.1037/t09196-000
25836,10.1037/t75426-000
25837,10.1037/t75238-000
25838,10.1037/t27199-000
25839,10.1037/t21583-000
25840,10.1037/t78207-000
25841,10.1037/t71892-000
25842,10.1037/t55783-000
25843,10.1037/t75385-000
25844,10.1037/t21401-000
25845,10.1037/t03984-000
25846,10.1037/t32793-000
25847,10.1037/t30620-000
25848,10.1037/t78477-000
25849,10.1037/t83684-000
25850,10.1037/t09145-000
25851,10.1037/t04083-000
25852,10.1037/t63774-000
25853,10.1037/t52305-000
25854,10.1037/t03331-000
25855,10.1037/t43185-000
25856,10.1037/t84510-000
25857,10.1037/t26851-000
25858,10.1037/t47708-000
25859,10.1037/t02624-000
25860,10.1037/t11563-000
25861,10.1037/t38486-000
25862,10.1037/t12522-000
25863,10.1037/t79255-000
25864,10.1037/t67227-000
25865,10.1037/t77697-000
25866,10.1037/t26571-000
25867,10.1037/t82610-000
25868,10.1037/t32019-000
25869,10.1037/t40806-000
25870,10.1037/t22797-000
25871,10.1037/t44100-000
25872,10.1037/t31291-000
25873,10.1037/t66217-000
25874,10.1037/t79508-000
25875,10.1037/t05082-000
25876,10.1037/t25504-000
25877,10.1037/t01496-000
25878,10.1037/t45346-000
25879,10.1037/t41132-000
25880,10.1037/t12667-000
25881,10.1037/t85785-000
25882,10.1037/t10315-000
25883,10.1037/t78763-000
25884,10.1037/t66787-000
25885,10.1037/t77867-000
25886,10.1037/t05522-000
25887,10.1037/t53851-000
25888,10.1037/t50424-000
25889,10.1037/t15276-000
25890,10.1037/t63889-000
25891,10.1037/t05611-000
25892,10.1037/t11712-000
25893,10.1037/t38260-000
25894,10.1037/t62590-000
25895,10.1037/t81174-000
25896,10.1037/t07609-000
25897,10.1037/t64412-000
25898,10.1037/t52462-000
25899,10.1037/t07957-000
25900,10.1037/t84136-000
25901,10.1037/t04119-000
25902,10.1037/t24997-000
25903,10.1037/t67792-000
25904,10.1037/t53125-000
25905,10.1037/t20078-000
25906,10.1037/t17560-000
25907,10.1037/t82462-000
25908,10.1037/t30471-000
25909,10.1037/t33792-000
25910,10.1037/t35211-000
25911,10.1037/t12151-000
25912,10.1037/t39842-000
25913,10.1037/t86195-000
25914,10.1037/t00743-000
25915,10.1037/t26425-000
25916,10.1037/t27450-000
25917,10.1037/t77515-000
25918,10.1037/t04317-000
25919,10.1037/t08896-000
25920,10.1037/t18650-000
25921,10.1037/t08234-000
25922,10.1037/t12687-000
25923,10.1037/t46808-000
25924,10.1037/t10649-000
25925,10.1037/t50105-000
25926,10.1037/t60499-000
25927,10.1037/t21331-000
25928,10.1037/t05371-000
25929,10.1037/t67235-000
25930,10.1037/t31356-000
25931,10.1037/t58223-000
25932,10.1037/t38496-000
25933,10.1037/t75728-000
25934,10.1037/t83798-000
25935,10.1037/t47940-000
25936,10.1037/t78110-000
25937,10.1037/t24969-000
25938,10.1037/t06397-000
25939,10.1037/t16656-000
25940,10.1037/t74863-000
25941,10.1037/t78742-000
25942,10.1037/t09884-000
25943,10.1037/t71298-000
25944,10.1037/t20523-000
25945,10.1037/t16311-000
25946,10.1037/t35133-000
25947,10.1037/t87475-000
25948,10.1037/t11235-000
25949,10.1037/t47005-000
25950,10.1037/t23713-000
25951,10.1037/t24720-000
25952,10.1037/t33836-000
25953,10.1037/t12377-000
25954,10.1037/t05687-000
25955,10.1037/t62732-000
25956,10.1037/t52514-000
25957,10.1037/t34187-000
25958,10.1037/t35891-000
25959,10.1037/t27069-000
25960,10.1037/t61042-000
25961,10.1037/t59892-000
25962,10.1037/t33668-000
25963,10.1037/t41237-000
25964,10.1037/t00411-000
25965,10.1037/t03244-000
25966,10.1037/t17675-000
25967,10.1037/t09144-000
25968,10.1037/t11910-000
25969,10.1037/t12606-000
25970,10.1037/t09469-000
25971,10.1037/t12240-000
25972,10.1037/t03842-000
25973,10.1037/t08433-000
25974,10.1037/t07951-000
25975,10.1037/t21521-000
25976,10.1037/t87314-000
25977,10.1037/t19976-000
25978,10.1037/t26838-000
25979,10.1037/t43233-000
25980,10.1037/t82594-000
25981,10.1037/t61067-000
25982,10.1037/t15961-000
25983,10.1037/t28999-000
25984,10.1037/t08173-000
25985,10.1037/t12366-000
25986,10.1037/t17647-000
25987,10.1037/t24233-000
25988,10.1037/t61437-000
25989,10.1037/t15465-000
25990,10.1037/t36707-000
25991,10.1037/t48807-000
25992,10.1037/t22765-000
25993,10.1037/t25171-000
25994,10.1037/t10148-000
25995,10.1037/t47268-000
25996,10.1037/t57531-000
25997,10.1037/t15041-000
25998,10.1037/t66971-000
25999,10.1037/t50412-000
26000,10.1037/t38958-000
26001,10.1037/t31196-000
26002,10.1037/t84633-000
26003,10.1037/t02952-000
26004,10.1037/t47760-000
26005,10.1037/t33232-000
26006,10.1037/t23665-000
26007,10.1037/t03071-000
26008,10.1037/t32122-000
26009,10.1037/t79833-000
26010,10.1037/t45263-000
26011,10.1037/t19022-000
26012,10.1037/t23863-000
26013,10.1037/t06958-000
26014,10.1037/t75555-000
26015,10.1037/t15730-000
26016,10.1037/t17977-000
26017,10.1037/t60889-000
26018,10.1037/t27091-000
26019,10.1037/t27553-000
26020,10.1037/t22452-000
26021,10.1037/t61966-000
26022,10.1037/t02939-000
26023,10.1037/t32378-000
26024,10.1037/t25451-000
26025,10.1037/t04288-000
26026,10.1037/t07376-000
26027,10.1037/t20524-000
26028,10.1037/t13164-000
26029,10.1037/t67878-000
26030,10.1037/t42720-000
26031,10.1037/t82589-000
26032,10.1037/t41343-000
26033,10.1037/t41680-000
26034,10.1037/t21420-000
26035,10.1037/t47660-000
26036,10.1037/t26708-000
26037,10.1037/t22399-000
26038,10.1037/t85456-000
26039,10.1037/t32808-000
26040,10.1037/t35848-000
26041,10.1037/t03461-000
26042,10.1037/t25880-000
26043,10.1037/t26698-000
26044,10.1037/t25931-000
26045,10.1037/t63412-000
26046,10.1037/t32045-000
26047,10.1037/t49510-000
26048,10.1037/t74199-000
26049,10.1037/t57905-000
26050,10.1037/t52644-000
26051,10.1037/t77331-000
26052,10.1037/t64607-000
26053,10.1037/t20921-000
26054,10.1037/t24110-000
26055,10.1037/t79366-000
26056,10.1037/t60181-000
26057,10.1037/t29537-000
26058,10.1037/t43111-000
26059,10.1037/t36987-000
26060,10.1037/t25889-000
26061,10.1037/t78245-000
26062,10.1037/t78799-000
26063,10.1037/t14645-000
26064,10.1037/t73413-000
26065,10.1037/t03336-000
26066,10.1037/t57448-000
26067,10.1037/t10759-000
26068,10.1037/t19038-000
26069,10.1037/t58483-000
26070,10.1037/t87097-000
26071,10.1037/t49936-000
26072,10.1037/t21570-000
26073,10.1037/t50703-000
26074,10.1037/t58087-000
26075,10.1037/t65074-000
26076,10.1037/t10052-000
26077,10.1037/t23993-000
26078,10.1037/t39519-000
26079,10.1037/t00719-000
26080,10.1037/t70665-000
26081,10.1037/t28030-000
26082,10.1037/t63574-000
26083,10.1037/t34714-000
26084,10.1037/t77046-000
26085,10.1037/t39778-000
26086,10.1037/t05553-000
26087,10.1037/t01601-000
26088,10.1037/t73499-000
26089,10.1037/t44000-000
26090,10.1037/t34130-000
26091,10.1037/t47304-000
26092,10.1037/t40405-000
26093,10.1037/t43220-000
26094,10.1037/t18666-000
26095,10.1037/t44731-000
26096,10.1037/t03173-000
26097,10.1037/t84794-000
26098,10.1037/t35947-000
26099,10.1037/t36547-000
26100,10.1037/t33585-000
26101,10.1037/t87806-000
26102,10.1037/t58469-000
26103,10.1037/t29312-000
26104,10.1037/t35124-000
26105,10.1037/t22848-000
26106,10.1037/t48537-000
26107,10.1037/t32341-000
26108,10.1037/t72829-000
26109,10.1037/t12263-000
26110,10.1037/t81007-000
26111,10.1037/t21960-000
26112,10.1037/t79813-000
26113,10.1037/t84305-000
26114,10.1037/t21129-000
26115,10.1037/t81025-000
26116,10.1037/t44479-000
26117,10.1037/t38209-000
26118,10.1037/t44976-000
26119,10.1037/t11044-000
26120,10.1037/t63496-000
26121,10.1037/t12734-000
26122,10.1037/t78685-000
26123,10.1037/t09005-000
26124,10.1037/t69942-000
26125,10.1037/t48201-000
26126,10.1037/t16982-000
26127,10.1037/t10585-000
26128,10.1037/t24055-000
26129,10.1037/t06087-000
26130,10.1037/t18391-000
26131,10.1037/t77075-000
26132,10.1037/t38137-000
26133,10.1037/t77460-000
26134,10.1037/t32167-000
26135,10.1037/t28610-000
26136,10.1037/t54288-000
26137,10.1037/t60456-000
26138,10.1037/t29870-000
26139,10.1037/t74303-000
26140,10.1037/t77980-000
26141,10.1037/t32239-000
26142,10.1037/t41162-000
26143,10.1037/t09958-000
26144,10.1037/t26154-000
26145,10.1037/t63590-000
26146,10.1037/t05724-000
26147,10.1037/t20079-000
26148,10.1037/t86598-000
26149,10.1037/t13629-000
26150,10.1037/t41754-000
26151,10.1037/t20037-000
26152,10.1037/t11275-000
26153,10.1037/t49449-000
26154,10.1037/t76867-000
26155,10.1037/t34494-000
26156,10.1037/t25459-000
26157,10.1037/t33644-000
26158,10.1037/t83939-000
26159,10.1037/t43468-000
26160,10.1037/t72089-000
26161,10.1037/t07016-000
26162,10.1037/t08646-000
26163,10.1037/t64550-000
26164,10.1037/t07209-000
26165,10.1037/t17485-000
26166,10.1037/t01414-000
26167,10.1037/t79561-000
26168,10.1037/t05941-000
26169,10.1037/t12989-000
26170,10.1037/t19639-000
26171,10.1037/t33293-000
26172,10.1037/t08722-000
26173,10.1037/t37749-000
26174,10.1037/t65542-000
26175,10.1037/t26017-000
26176,10.1037/t50342-000
26177,10.1037/t48868-000
26178,10.1037/t44821-000
26179,10.1037/t84776-000
26180,10.1037/t85334-000
26181,10.1037/t85584-000
26182,10.1037/t52574-000
26183,10.1037/t36684-000
26184,10.1037/t60261-000
26185,10.1037/t25203-000
26186,10.1037/t31496-000
26187,10.1037/t80677-000
26188,10.1037/t71511-000
26189,10.1037/t70088-000
26190,10.1037/t78476-000
26191,10.1037/t23625-000
26192,10.1037/t83922-000
26193,10.1037/t24359-000
26194,10.1037/t25814-000
26195,10.1037/t17723-000
26196,10.1037/t07394-000
26197,10.1037/t00273-000
26198,10.1037/t42142-000
26199,10.1037/t64919-000
26200,10.1037/t18439-000
26201,10.1037/t71332-000
26202,10.1037/t87487-000
26203,10.1037/t08832-000
26204,10.1037/t81754-000
26205,10.1037/t09899-000
26206,10.1037/t84673-000
26207,10.1037/t18312-000
26208,10.1037/t26173-000
26209,10.1037/t76544-000
26210,10.1037/t06952-000
26211,10.1037/t25800-000
26212,10.1037/t65346-000
26213,10.1037/t58381-000
26214,10.1037/t71734-000
26215,10.1037/t00424-000
26216,10.1037/t25916-000
26217,10.1037/t70061-000
26218,10.1037/t20843-000
26219,10.1037/t63165-000
26220,10.1037/t82515-000
26221,10.1037/t26174-000
26222,10.1037/t11053-000
26223,10.1037/t18551-000
26224,10.1037/t04815-000
26225,10.1037/t23017-000
26226,10.1037/t80339-000
26227,10.1037/t85604-000
26228,10.1037/t79901-000
26229,10.1037/t01385-000
26230,10.1037/t66431-000
26231,10.1037/t11175-000
26232,10.1037/t20890-000
26233,10.1037/t03022-000
26234,10.1037/t67972-000
26235,10.1037/t38992-000
26236,10.1037/t62632-000
26237,10.1037/t28103-000
26238,10.1037/t76249-000
26239,10.1037/t09426-000
26240,10.1037/t11903-000
26241,10.1037/t44292-000
26242,10.1037/t18846-000
26243,10.1037/t34159-000
26244,10.1037/t39151-000
26245,10.1037/t14540-000
26246,10.1037/t75017-000
26247,10.1037/t62138-000
26248,10.1037/t70711-000
26249,10.1037/t82024-000
26250,10.1037/t33177-000
26251,10.1037/t45735-000
26252,10.1037/t35974-000
26253,10.1037/t15216-000
26254,10.1037/t57978-000
26255,10.1037/t40076-000
26256,10.1037/t39184-000
26257,10.1037/t13665-000
26258,10.1037/t33553-000
26259,10.1037/t32548-000
26260,10.1037/t00067-000
26261,10.1037/t77104-000
26262,10.1037/t32216-000
26263,10.1037/t28301-000
26264,10.1037/t86223-000
26265,10.1037/t21069-000
26266,10.1037/t66625-000
26267,10.1037/t28109-000
26268,10.1037/t17831-000
26269,10.1037/t78841-000
26270,10.1037/t50895-000
26271,10.1037/t54454-000
26272,10.1037/t42373-000
26273,10.1037/t43284-000
26274,10.1037/t28626-000
26275,10.1037/t07774-000
26276,10.1037/t20973-000
26277,10.1037/t56494-000
26278,10.1037/t40105-000
26279,10.1037/t21306-000
26280,10.1037/t87513-000
26281,10.1037/t40985-000
26282,10.1037/t37712-000
26283,10.1037/t14458-000
26284,10.1037/t37718-000
26285,10.1037/t08539-000
26286,10.1037/t70359-000
26287,10.1037/t02523-000
26288,10.1037/t03410-000
26289,10.1037/t28319-000
26290,10.1037/t77395-000
26291,10.1037/t08570-000
26292,10.1037/t16883-000
26293,10.1037/t00089-000
26294,10.1037/t36486-000
26295,10.1037/t71146-000
26296,10.1037/t03638-000
26297,10.1037/t20522-000
26298,10.1037/t13916-000
26299,10.1037/t80313-000
26300,10.1037/t60787-000
26301,10.1037/t41408-000
26302,10.1037/t23756-000
26303,10.1037/t69787-000
26304,10.1037/t61495-000
26305,10.1037/t84959-000
26306,10.1037/t83860-000
26307,10.1037/t11403-000
26308,10.1037/t42741-000
26309,10.1037/t20110-000
26310,10.1037/t24782-000
26311,10.1037/t32289-000
26312,10.1037/t22118-000
26313,10.1037/t81351-000
26314,10.1037/t13466-000
26315,10.1037/t22048-000
26316,10.1037/t48804-000
26317,10.1037/t58275-000
26318,10.1037/t64208-000
26319,10.1037/t60408-000
26320,10.1037/t64929-000
26321,10.1037/t31742-000
26322,10.1037/t38937-000
26323,10.1037/t34255-000
26324,10.1037/t64457-000
26325,10.1037/t38501-000
26326,10.1037/t28448-000
26327,10.1037/t26526-000
26328,10.1037/t30487-000
26329,10.1037/t62606-000
26330,10.1037/t16592-000
26331,10.1037/t45761-000
26332,10.1037/t36514-000
26333,10.1037/t52588-000
26334,10.1037/t63453-000
26335,10.1037/t52106-000
26336,10.1037/t38478-000
26337,10.1037/t22725-000
26338,10.1037/t22220-000
26339,10.1037/t23401-000
26340,10.1037/t73271-000
26341,10.1037/t82482-000
26342,10.1037/t12195-000
26343,10.1037/t35560-000
26344,10.1037/t62910-000
26345,10.1037/t07451-000
26346,10.1037/t09796-000
26347,10.1037/t83973-000
26348,10.1037/t43491-000
26349,10.1037/t12968-000
26350,10.1037/t78120-000
26351,10.1037/t82800-000
26352,10.1037/t68861-000
26353,10.1037/t11727-000
26354,10.1037/t18616-000
26355,10.1037/t49284-000
26356,10.1037/t87419-000
26357,10.1037/t13880-000
26358,10.1037/t52354-000
26359,10.1037/t48928-000
26360,10.1037/t06930-000
26361,10.1037/t36291-000
26362,10.1037/t04448-000
26363,10.1037/t40632-000
26364,10.1037/t34247-000
26365,10.1037/t30215-000
26366,10.1037/t28362-000
26367,10.1037/t48131-000
26368,10.1037/t51979-000
26369,10.1037/t17927-000
26370,10.1037/t01474-000
26371,10.1037/t68101-000
26372,10.1037/t79372-000
26373,10.1037/t31184-000
26374,10.1037/t06664-000
26375,10.1037/t39989-000
26376,10.1037/t15005-000
26377,10.1037/t09263-000
26378,10.1037/t09136-000
26379,10.1037/t22031-000
26380,10.1037/t17117-000
26381,10.1037/t39880-000
26382,10.1037/t12689-000
26383,10.1037/t45221-000
26384,10.1037/t81157-000
26385,10.1037/t48606-000
26386,10.1037/t03751-000
26387,10.1037/t44767-000
26388,10.1037/t36274-000
26389,10.1037/t57920-000
26390,10.1037/t64186-000
26391,10.1037/t16826-000
26392,10.1037/t23873-000
26393,10.1037/t43251-000
26394,10.1037/t62110-000
26395,10.1037/t46763-000
26396,10.1037/t17706-000
26397,10.1037/t11308-000
26398,10.1037/t18730-000
26399,10.1037/t24768-000
26400,10.1037/t45300-000
26401,10.1037/t45662-000
26402,10.1037/t18393-000
26403,10.1037/t27260-000
26404,10.1037/t08284-000
26405,10.1037/t42712-000
26406,10.1037/t22568-000
26407,10.1037/t38406-000
26408,10.1037/t10730-000
26409,10.1037/t38073-000
26410,10.1037/t76049-000
26411,10.1037/t14382-000
26412,10.1037/t23692-000
26413,10.1037/t58547-000
26414,10.1037/t46036-000
26415,10.1037/t19256-000
26416,10.1037/t17476-000
26417,10.1037/t79006-000
26418,10.1037/t20526-000
26419,10.1037/t08278-000
26420,10.1037/t67960-000
26421,10.1037/t06486-000
26422,10.1037/t13887-000
26423,10.1037/t37637-000
26424,10.1037/t47402-000
26425,10.1037/t70284-000
26426,10.1037/t02561-000
26427,10.1037/t20783-000
26428,10.1037/t79529-000
26429,10.1037/t27168-000
26430,10.1037/t20411-000
26431,10.1037/t75104-000
26432,10.1037/t80389-000
26433,10.1037/t68089-000
26434,10.1037/t27272-000
26435,10.1037/t25950-000
26436,10.1037/t22139-000
26437,10.1037/t62518-000
26438,10.1037/t19586-000
26439,10.1037/t63567-000
26440,10.1037/t67895-000
26441,10.1037/t13122-000
26442,10.1037/t65817-000
26443,10.1037/t01767-000
26444,10.1037/t08185-000
26445,10.1037/t09781-000
26446,10.1037/t79677-000
26447,10.1037/t73155-000
26448,10.1037/t30522-000
26449,10.1037/t11755-000
26450,10.1037/t23212-000
26451,10.1037/t19077-000
26452,10.1037/t16357-000
26453,10.1037/t26775-000
26454,10.1037/t13170-000
26455,10.1037/t21455-000
26456,10.1037/t38314-000
26457,10.1037/t40832-000
26458,10.1037/t51244-000
26459,10.1037/t11066-000
26460,10.1037/t09331-000
26461,10.1037/t70669-000
26462,10.1037/t77490-000
26463,10.1037/t77677-000
26464,10.1037/t74401-000
26465,10.1037/t73156-000
26466,10.1037/t40485-000
26467,10.1037/t84745-000
26468,10.1037/t78621-000
26469,10.1037/t26583-000
26470,10.1037/t08157-000
26471,10.1037/t26065-000
26472,10.1037/t08695-000
26473,10.1037/t61895-000
26474,10.1037/t17966-000
26475,10.1037/t23727-000
26476,10.1037/t79127-000
26477,10.1037/t24257-000
26478,10.1037/t43501-000
26479,10.1037/t20432-000
26480,10.1037/t29412-000
26481,10.1037/t71225-000
26482,10.1037/t78641-000
26483,10.1037/t85055-000
26484,10.1037/t73465-000
26485,10.1037/t77359-000
26486,10.1037/t48379-000
26487,10.1037/t26894-000
26488,10.1037/t21746-000
26489,10.1037/t13203-000
26490,10.1037/t05287-000
26491,10.1037/t27841-000
26492,10.1037/t22546-000
26493,10.1037/t63327-000
26494,10.1037/t11765-000
26495,10.1037/t00883-000
26496,10.1037/t60186-000
26497,10.1037/t74314-000
26498,10.1037/t63512-000
26499,10.1037/t70893-000
26500,10.1037/t32474-000
26501,10.1037/t22867-000
26502,10.1037/t32498-000
26503,10.1037/t16964-000
26504,10.1037/t11069-000
26505,10.1037/t24956-000
26506,10.1037/t55124-000
26507,10.1037/t11108-000
26508,10.1037/t16084-000
26509,10.1037/t34282-000
26510,10.1037/t37664-000
26511,10.1037/t29584-000
26512,10.1037/t13534-000
26513,10.1037/t52379-000
26514,10.1037/t75260-000
26515,10.1037/t03274-000
26516,10.1037/t65310-000
26517,10.1037/t01575-000
26518,10.1037/t62946-000
26519,10.1037/t84286-000
26520,10.1037/t01780-000
26521,10.1037/t39655-000
26522,10.1037/t81256-000
26523,10.1037/t26077-000
26524,10.1037/t29329-000
26525,10.1037/t18731-000
26526,10.1037/t20963-000
26527,10.1037/t46252-000
26528,10.1037/t48283-000
26529,10.1037/t04699-000
26530,10.1037/t63409-000
26531,10.1037/t11013-000
26532,10.1037/t21694-000
26533,10.1037/t23724-000
26534,10.1037/t26372-000
26535,10.1037/t13126-000
26536,10.1037/t11007-000
26537,10.1037/t80222-000
26538,10.1037/t22078-000
26539,10.1037/t77113-000
26540,10.1037/t24353-000
26541,10.1037/t55134-000
26542,10.1037/t86436-000
26543,10.1037/t22604-000
26544,10.1037/t18978-000
26545,10.1037/t31866-000
26546,10.1037/t23956-000
26547,10.1037/t61222-000
26548,10.1037/t78068-000
26549,10.1037/t11934-000
26550,10.1037/t22637-000
26551,10.1037/t22161-000
26552,10.1037/t44268-000
26553,10.1037/t46240-000
26554,10.1037/t40137-000
26555,10.1037/t42749-000
26556,10.1037/t45170-000
26557,10.1037/t23285-000
26558,10.1037/t71866-000
26559,10.1037/t24335-000
26560,10.1037/t37074-000
26561,10.1037/t70374-000
26562,10.1037/t62379-000
26563,10.1037/t78407-000
26564,10.1037/t36130-000
26565,10.1037/t65402-000
26566,10.1037/t64419-000
26567,10.1037/t42025-000
26568,10.1037/t29024-000
26569,10.1037/t86219-000
26570,10.1037/t46307-000
26571,10.1037/t69454-000
26572,10.1037/t69580-000
26573,10.1037/t29622-000
26574,10.1037/t68297-000
26575,10.1037/t69439-000
26576,10.1037/t03755-000
26577,10.1037/t77198-000
26578,10.1037/t18581-000
26579,10.1037/t70336-000
26580,10.1037/t27929-000
26581,10.1037/t10401-000
26582,10.1037/t22856-000
26583,10.1037/t49514-000
26584,10.1037/t63662-000
26585,10.1037/t11253-000
26586,10.1037/t72112-000
26587,10.1037/t34618-000
26588,10.1037/t18106-000
26589,10.1037/t31049-000
26590,10.1037/t46720-000
26591,10.1037/t82142-000
26592,10.1037/t49849-000
26593,10.1037/t18328-000
26594,10.1037/t85646-000
26595,10.1037/t25416-000
26596,10.1037/t68565-000
26597,10.1037/t26400-000
26598,10.1037/t21608-000
26599,10.1037/t68203-000
26600,10.1037/t14938-000
26601,10.1037/t84897-000
26602,10.1037/t18896-000
26603,10.1037/t34490-000
26604,10.1037/t23926-000
26605,10.1037/t26057-000
26606,10.1037/t47310-000
26607,10.1037/t41805-000
26608,10.1037/t65428-000
26609,10.1037/t65657-000
26610,10.1037/t21245-000
26611,10.1037/t01852-000
26612,10.1037/t73790-000
26613,10.1037/t36295-000
26614,10.1037/t24255-000
26615,10.1037/t05245-000
26616,10.1037/t10566-000
26617,10.1037/t06745-000
26618,10.1037/t66519-000
26619,10.1037/t75002-000
26620,10.1037/t59939-000
26621,10.1037/t65958-000
26622,10.1037/t66006-000
26623,10.1037/t08806-000
26624,10.1037/t66123-000
26625,10.1037/t67465-000
26626,10.1037/t82352-000
26627,10.1037/t25833-000
26628,10.1037/t35305-000
26629,10.1037/t69477-000
26630,10.1037/t25425-000
26631,10.1037/t23204-000
26632,10.1037/t21442-000
26633,10.1037/t18886-000
26634,10.1037/t60784-000
26635,10.1037/t82314-000
26636,10.1037/t41943-000
26637,10.1037/t08642-000
26638,10.1037/t11156-000
26639,10.1037/t25866-000
26640,10.1037/t66497-000
26641,10.1037/t34185-000
26642,10.1037/t45347-000
26643,10.1037/t60191-000
26644,10.1037/t44242-000
26645,10.1037/t26637-000
26646,10.1037/t71299-000
26647,10.1037/t39888-000
26648,10.1037/t03775-000
26649,10.1037/t39524-000
26650,10.1037/t62357-000
26651,10.1037/t43183-000
26652,10.1037/t62817-000
26653,10.1037/t42320-000
26654,10.1037/t78002-000
26655,10.1037/t73079-000
26656,10.1037/t68014-000
26657,10.1037/t28704-000
26658,10.1037/t14298-000
26659,10.1037/t15551-000
26660,10.1037/t75484-000
26661,10.1037/t09190-000
26662,10.1037/t38654-000
26663,10.1037/t13921-000
26664,10.1037/t68210-000
26665,10.1037/t81947-000
26666,10.1037/t71633-000
26667,10.1037/t06886-000
26668,10.1037/t15987-000
26669,10.1037/t78871-000
26670,10.1037/t61178-000
26671,10.1037/t81568-000
26672,10.1037/t60356-000
26673,10.1037/t28867-000
26674,10.1037/t46284-000
26675,10.1037/t67946-000
26676,10.1037/t69364-000
26677,10.1037/t01749-000
26678,10.1037/t80031-000
26679,10.1037/t70075-000
26680,10.1037/t17921-000
26681,10.1037/t83161-000
26682,10.1037/t17496-000
26683,10.1037/t61434-000
26684,10.1037/t70968-000
26685,10.1037/t58834-000
26686,10.1037/t23894-000
26687,10.1037/t42912-000
26688,10.1037/t18982-000
26689,10.1037/t16764-000
26690,10.1037/t38903-000
26691,10.1037/t03549-000
26692,10.1037/t43795-000
26693,10.1037/t21291-000
26694,10.1037/t25740-000
26695,10.1037/t62107-000
26696,10.1037/t35557-000
26697,10.1037/t26743-000
26698,10.1037/t59087-000
26699,10.1037/t29458-000
26700,10.1037/t47471-000
26701,10.1037/t00005-000
26702,10.1037/t48232-000
26703,10.1037/t18040-000
26704,10.1037/t01727-000
26705,10.1037/t11183-000
26706,10.1037/t82127-000
26707,10.1037/t79553-000
26708,10.1037/t17847-000
26709,10.1037/t32845-000
26710,10.1037/t26997-000
26711,10.1037/t01347-000
26712,10.1037/t26935-000
26713,10.1037/t50991-000
26714,10.1037/t60268-000
26715,10.1037/t30234-000
26716,10.1037/t25006-000
26717,10.1037/t33098-000
26718,10.1037/t87823-000
26719,10.1037/t84725-000
26720,10.1037/t28034-000
26721,10.1037/t80547-000
26722,10.1037/t00790-000
26723,10.1037/t35460-000
26724,10.1037/t71311-000
26725,10.1037/t31822-000
26726,10.1037/t69891-000
26727,10.1037/t77087-000
26728,10.1037/t27452-000
26729,10.1037/t70595-000
26730,10.1037/t73685-000
26731,10.1037/t28367-000
26732,10.1037/t54312-000
26733,10.1037/t69119-000
26734,10.1037/t81610-000
26735,10.1037/t19438-000
26736,10.1037/t67018-000
26737,10.1037/t62676-000
26738,10.1037/t64610-000
26739,10.1037/t15320-000
26740,10.1037/t33303-000
26741,10.1037/t55189-000
26742,10.1037/t00775-000
26743,10.1037/t12919-000
26744,10.1037/t27284-000
26745,10.1037/t68163-000
26746,10.1037/t69024-000
26747,10.1037/t77068-000
26748,10.1037/t36949-000
26749,10.1037/t75699-000
26750,10.1037/t61244-000
26751,10.1037/t48708-000
26752,10.1037/t35000-000
26753,10.1037/t28155-000
26754,10.1037/t85564-000
26755,10.1037/t09078-000
26756,10.1037/t61175-000
26757,10.1037/t76045-000
26758,10.1037/t13757-000
26759,10.1037/t38304-000
26760,10.1037/t10599-000
26761,10.1037/t38944-000
26762,10.1037/t79383-000
26763,10.1037/t22049-000
26764,10.1037/t23110-000
26765,10.1037/t38161-000
26766,10.1037/t09374-000
26767,10.1037/t13774-000
26768,10.1037/t87722-000
26769,10.1037/t42369-000
26770,10.1037/t30262-000
26771,10.1037/t09723-000
26772,10.1037/t16189-000
26773,10.1037/t69325-000
26774,10.1037/t21168-000
26775,10.1037/t34102-000
26776,10.1037/t26162-000
26777,10.1037/t44665-000
26778,10.1037/t60782-000
26779,10.1037/t10605-000
26780,10.1037/t11200-000
26781,10.1037/t17384-000
26782,10.1037/t35142-000
26783,10.1037/t59031-000
26784,10.1037/t00449-000
26785,10.1037/t55838-000
26786,10.1037/t23495-000
26787,10.1037/t68269-000
26788,10.1037/t40829-000
26789,10.1037/t49113-000
26790,10.1037/t69677-000
26791,10.1037/t68334-000
26792,10.1037/t83214-000
26793,10.1037/t86352-000
26794,10.1037/t81783-000
26795,10.1037/t79288-000
26796,10.1037/t76545-000
26797,10.1037/t77592-000
26798,10.1037/t13506-000
26799,10.1037/t72043-000
26800,10.1037/t09173-000
26801,10.1037/t76942-000
26802,10.1037/t13623-000
26803,10.1037/t05546-000
26804,10.1037/t69965-000
26805,10.1037/t74592-000
26806,10.1037/t24836-000
26807,10.1037/t30495-000
26808,10.1037/t39652-000
26809,10.1037/t18642-000
26810,10.1037/t08544-000
26811,10.1037/t59710-000
26812,10.1037/t58058-000
26813,10.1037/t42399-000
26814,10.1037/t19815-000
26815,10.1037/t21410-000
26816,10.1037/t68016-000
26817,10.1037/t63785-000
26818,10.1037/t12300-000
26819,10.1037/t11658-000
26820,10.1037/t16640-000
26821,10.1037/t26301-000
26822,10.1037/t79093-000
26823,10.1037/t31649-000
26824,10.1037/t43529-000
26825,10.1037/t46855-000
26826,10.1037/t33153-000
26827,10.1037/t17297-000
26828,10.1037/t39670-000
26829,10.1037/t50228-000
26830,10.1037/t30561-000
26831,10.1037/t46702-000
26832,10.1037/t10617-000
26833,10.1037/t38245-000
26834,10.1037/t54095-000
26835,10.1037/t20423-000
26836,10.1037/t75240-000
26837,10.1037/t10482-000
26838,10.1037/t79194-000
26839,10.1037/t68906-000
26840,10.1037/t11417-000
26841,10.1037/t11457-000
26842,10.1037/t20856-000
26843,10.1037/t24526-000
26844,10.1037/t72893-000
26845,10.1037/t40051-000
26846,10.1037/t24066-000
26847,10.1037/t34203-000
26848,10.1037/t02220-000
26849,10.1037/t77544-000
26850,10.1037/t11588-000
26851,10.1037/t26164-000
26852,10.1037/t16693-000
26853,10.1037/t68311-000
26854,10.1037/t18317-000
26855,10.1037/t16111-000
26856,10.1037/t80626-000
26857,10.1037/t19140-000
26858,10.1037/t20683-000
26859,10.1037/t53383-000
26860,10.1037/t60120-000
26861,10.1037/t80078-000
26862,10.1037/t82025-000
26863,10.1037/t85149-000
26864,10.1037/t53999-000
26865,10.1037/t75110-000
26866,10.1037/t10804-000
26867,10.1037/t22292-000
26868,10.1037/t08878-000
26869,10.1037/t64002-000
26870,10.1037/t81752-000
26871,10.1037/t79030-000
26872,10.1037/t13463-000
26873,10.1037/t09715-000
26874,10.1037/t13173-000
26875,10.1037/t39200-000
26876,10.1037/t11014-000
26877,10.1037/t66536-000
26878,10.1037/t32204-000
26879,10.1037/t10346-000
26880,10.1037/t02870-000
26881,10.1037/t15594-000
26882,10.1037/t30626-000
26883,10.1037/t42536-000
26884,10.1037/t06111-000
26885,10.1037/t31798-000
26886,10.1037/t10286-000
26887,10.1037/t32367-000
26888,10.1037/t82725-000
26889,10.1037/t39624-000
26890,10.1037/t44520-000
26891,10.1037/t17452-000
26892,10.1037/t46409-000
26893,10.1037/t44666-000
26894,10.1037/t02401-000
26895,10.1037/t23567-000
26896,10.1037/t84027-000
26897,10.1037/t25357-000
26898,10.1037/t11298-000
26899,10.1037/t75740-000
26900,10.1037/t34039-000
26901,10.1037/t42935-000
26902,10.1037/t15513-000
26903,10.1037/t25157-000
26904,10.1037/t67641-000
26905,10.1037/t63509-000
26906,10.1037/t07971-000
26907,10.1037/t48880-000
26908,10.1037/t80383-000
26909,10.1037/t36587-000
26910,10.1037/t54826-000
26911,10.1037/t61044-000
26912,10.1037/t80329-000
26913,10.1037/t79634-000
26914,10.1037/t65029-000
26915,10.1037/t45697-000
26916,10.1037/t63053-000
26917,10.1037/t12432-000
26918,10.1037/t69992-000
26919,10.1037/t67156-000
26920,10.1037/t69973-000
26921,10.1037/t12036-000
26922,10.1037/t23420-000
26923,10.1037/t21013-000
26924,10.1037/t52589-000
26925,10.1037/t74106-000
26926,10.1037/t23851-000
26927,10.1037/t06866-000
26928,10.1037/t79674-000
26929,10.1037/t31747-000
26930,10.1037/t32544-000
26931,10.1037/t26744-000
26932,10.1037/t10518-000
26933,10.1037/t15635-000
26934,10.1037/t70245-000
26935,10.1037/t20210-000
26936,10.1037/t15323-000
26937,10.1037/t31507-000
26938,10.1037/t42871-000
26939,10.1037/t20982-000
26940,10.1037/t71530-000
26941,10.1037/t62490-000
26942,10.1037/t10067-000
26943,10.1037/t53457-000
26944,10.1037/t02864-000
26945,10.1037/t09010-000
26946,10.1037/t17138-000
26947,10.1037/t82398-000
26948,10.1037/t15966-000
26949,10.1037/t21160-000
26950,10.1037/t33578-000
26951,10.1037/t12728-000
26952,10.1037/t80817-000
26953,10.1037/t08846-000
26954,10.1037/t40932-000
26955,10.1037/t22805-000
26956,10.1037/t25729-000
26957,10.1037/t66235-000
26958,10.1037/t32954-000
26959,10.1037/t19650-000
26960,10.1037/t23642-000
26961,10.1037/t09614-000
26962,10.1037/t17672-000
26963,10.1037/t14058-000
26964,10.1037/t38438-000
26965,10.1037/t13608-000
26966,10.1037/t25429-000
26967,10.1037/t86826-000
26968,10.1037/t39222-000
26969,10.1037/t15229-000
26970,10.1037/t33379-000
26971,10.1037/t67069-000
26972,10.1037/t40524-000
26973,10.1037/t79631-000
26974,10.1037/t15359-000
26975,10.1037/t18752-000
26976,10.1037/t81434-000
26977,10.1037/t21137-000
26978,10.1037/t72961-000
26979,10.1037/t24304-000
26980,10.1037/t49613-000
26981,10.1037/t44182-000
26982,10.1037/t31880-000
26983,10.1037/t62072-000
26984,10.1037/t30613-000
26985,10.1037/t74325-000
26986,10.1037/t16473-000
26987,10.1037/t23134-000
26988,10.1037/t24119-000
26989,10.1037/t32352-000
26990,10.1037/t55313-000
26991,10.1037/t15117-000
26992,10.1037/t61430-000
26993,10.1037/t66524-000
26994,10.1037/t33240-000
26995,10.1037/t67819-000
26996,10.1037/t23226-000
26997,10.1037/t74571-000
26998,10.1037/t28151-000
26999,10.1037/t40073-000
27000,10.1037/t65227-000
27001,10.1037/t39446-000
27002,10.1037/t63227-000
27003,10.1037/t01865-000
27004,10.1037/t26342-000
27005,10.1037/t51208-000
27006,10.1037/t77960-000
27007,10.1037/t74932-000
27008,10.1037/t75154-000
27009,10.1037/t82559-000
27010,10.1037/t08679-000
27011,10.1037/t09448-000
27012,10.1037/t60418-000
27013,10.1037/t74471-000
27014,10.1037/t11110-000
27015,10.1037/t24002-000
27016,10.1037/t11282-000
27017,10.1037/t55422-000
27018,10.1037/t61440-000
27019,10.1037/t67939-000
27020,10.1037/t21148-000
27021,10.1037/t18390-000
27022,10.1037/t44243-000
27023,10.1037/t43629-000
27024,10.1037/t23096-000
27025,10.1037/t26618-000
27026,10.1037/t83244-000
27027,10.1037/t72203-000
27028,10.1037/t68914-000
27029,10.1037/t26149-000
27030,10.1037/t80655-000
27031,10.1037/t80771-000
27032,10.1037/t13456-000
27033,10.1037/t50967-000
27034,10.1037/t12897-000
27035,10.1037/t10114-000
27036,10.1037/t26994-000
27037,10.1037/t60196-000
27038,10.1037/t03986-000
27039,10.1037/t52619-000
27040,10.1037/t72704-000
27041,10.1037/t11794-000
27042,10.1037/t73149-000
27043,10.1037/t65642-000
27044,10.1037/t04768-000
27045,10.1037/t36495-000
27046,10.1037/t47755-000
27047,10.1037/t62446-000
27048,10.1037/t44407-000
27049,10.1037/t11485-000
27050,10.1037/t27151-000
27051,10.1037/t19494-000
27052,10.1037/t30104-000
27053,10.1037/t08696-000
27054,10.1037/t24377-000
27055,10.1037/t53723-000
27056,10.1037/t68407-000
27057,10.1037/t80067-000
27058,10.1037/t11971-000
27059,10.1037/t18962-000
27060,10.1037/t02322-000
27061,10.1037/t13718-000
27062,10.1037/t16704-000
27063,10.1037/t82472-000
27064,10.1037/t78577-000
27065,10.1037/t23210-000
27066,10.1037/t68017-000
27067,10.1037/t26248-000
27068,10.1037/t25121-000
27069,10.1037/t66870-000
27070,10.1037/t01063-000
27071,10.1037/t52624-000
27072,10.1037/t32397-000
27073,10.1037/t19205-000
27074,10.1037/t22689-000
27075,10.1037/t69744-000
27076,10.1037/t13791-000
27077,10.1037/t82087-000
27078,10.1037/t44384-000
27079,10.1037/t64625-000
27080,10.1037/t09512-000
27081,10.1037/t23995-000
27082,10.1037/t59575-000
27083,10.1037/t86810-000
27084,10.1037/t32245-000
27085,10.1037/t25346-000
27086,10.1037/t43194-000
27087,10.1037/t41105-000
27088,10.1037/t21089-000
27089,10.1037/t05028-000
27090,10.1037/t26354-000
27091,10.1037/t12860-000
27092,10.1037/t32684-000
27093,10.1037/t80073-000
27094,10.1037/t17025-000
27095,10.1037/t25009-000
27096,10.1037/t13470-000
27097,10.1037/t53437-000
27098,10.1037/t25710-000
27099,10.1037/t72143-000
27100,10.1037/t22456-000
27101,10.1037/t85515-000
27102,10.1037/t00230-000
27103,10.1037/t78162-000
27104,10.1037/t11027-000
27105,10.1037/t17303-000
27106,10.1037/t52651-000
27107,10.1037/t43026-000
27108,10.1037/t01494-000
27109,10.1037/t26606-000
27110,10.1037/t16538-000
27111,10.1037/t06068-000
27112,10.1037/t80666-000
27113,10.1037/t45656-000
27114,10.1037/t02400-000
27115,10.1037/t02752-000
27116,10.1037/t42766-000
27117,10.1037/t15066-000
27118,10.1037/t09298-000
27119,10.1037/t68173-000
27120,10.1037/t09521-000
27121,10.1037/t86312-000
27122,10.1037/t19506-000
27123,10.1037/t13097-000
27124,10.1037/t03467-000
27125,10.1037/t73892-000
27126,10.1037/t58321-000
27127,10.1037/t17869-000
27128,10.1037/t37782-000
27129,10.1037/t21520-000
27130,10.1037/t09421-000
27131,10.1037/t17132-000
27132,10.1037/t11410-000
27133,10.1037/t13745-000
27134,10.1037/t41196-000
27135,10.1037/t76965-000
27136,10.1037/t78478-000
27137,10.1037/t07009-000
27138,10.1037/t12801-000
27139,10.1037/t65539-000
27140,10.1037/t63065-000
27141,10.1037/t80150-000
27142,10.1037/t60762-000
27143,10.1037/t03438-000
27144,10.1037/t86972-000
27145,10.1037/t54540-000
27146,10.1037/t45961-000
27147,10.1037/t01808-000
27148,10.1037/t46451-000
27149,10.1037/t73457-000
27150,10.1037/t35316-000
27151,10.1037/t48667-000
27152,10.1037/t41146-000
27153,10.1037/t43847-000
27154,10.1037/t48798-000
27155,10.1037/t22750-000
27156,10.1037/t78418-000
27157,10.1037/t69507-000
27158,10.1037/t15708-000
27159,10.1037/t59365-000
27160,10.1037/t36500-000
27161,10.1037/t68909-000
27162,10.1037/t53757-000
27163,10.1037/t58325-000
27164,10.1037/t24242-000
27165,10.1037/t38509-000
27166,10.1037/t41576-000
27167,10.1037/t42398-000
27168,10.1037/t01591-000
27169,10.1037/t84424-000
27170,10.1037/t09219-000
27171,10.1037/t03937-000
27172,10.1037/t37065-000
27173,10.1037/t25230-000
27174,10.1037/t58224-000
27175,10.1037/t27419-000
27176,10.1037/t23771-000
27177,10.1037/t32626-000
27178,10.1037/t74472-000
27179,10.1037/t05573-000
27180,10.1037/t16392-000
27181,10.1037/t09768-000
27182,10.1037/t53132-000
27183,10.1037/t11572-000
27184,10.1037/t23200-000
27185,10.1037/t42028-000
27186,10.1037/t29808-000
27187,10.1037/t39629-000
27188,10.1037/t27389-000
27189,10.1037/t19947-000
27190,10.1037/t37799-000
27191,10.1037/t15834-000
27192,10.1037/t31773-000
27193,10.1037/t59614-000
27194,10.1037/t25944-000
27195,10.1037/t19507-000
27196,10.1037/t23069-000
27197,10.1037/t27947-000
27198,10.1037/t74604-000
27199,10.1037/t45580-000
27200,10.1037/t17306-000
27201,10.1037/t26721-000
27202,10.1037/t10710-000
27203,10.1037/t71489-000
27204,10.1037/t43658-000
27205,10.1037/t87118-000
27206,10.1037/t23988-000
27207,10.1037/t01753-000
27208,10.1037/t43324-000
27209,10.1037/t34055-000
27210,10.1037/t57846-000
27211,10.1037/t42378-000
27212,10.1037/t22977-000
27213,10.1037/t17829-000
27214,10.1037/t11168-000
27215,10.1037/t09156-000
27216,10.1037/t49337-000
27217,10.1037/t15776-000
27218,10.1037/t56972-000
27219,10.1037/t33674-000
27220,10.1037/t74379-000
27221,10.1037/t20187-000
27222,10.1037/t65021-000
27223,10.1037/t08724-000
27224,10.1037/t31241-000
27225,10.1037/t67493-000
27226,10.1037/t23893-000
27227,10.1037/t42074-000
27228,10.1037/t21332-000
27229,10.1037/t23899-000
27230,10.1037/t80809-000
27231,10.1037/t27409-000
27232,10.1037/t19723-000
27233,10.1037/t78268-000
27234,10.1037/t66036-000
27235,10.1037/t25000-000
27236,10.1037/t79977-000
27237,10.1037/t56735-000
27238,10.1037/t15213-000
27239,10.1037/t63809-000
27240,10.1037/t28211-000
27241,10.1037/t29327-000
27242,10.1037/t42249-000
27243,10.1037/t18483-000
27244,10.1037/t81430-000
27245,10.1037/t83322-000
27246,10.1037/t44415-000
27247,10.1037/t10900-000
27248,10.1037/t24813-000
27249,10.1037/t42636-000
27250,10.1037/t04247-000
27251,10.1037/t19211-000
27252,10.1037/t12890-000
27253,10.1037/t14083-000
27254,10.1037/t32418-000
27255,10.1037/t43977-000
27256,10.1037/t00486-000
27257,10.1037/t67887-000
27258,10.1037/t04929-000
27259,10.1037/t79549-000
27260,10.1037/t64963-000
27261,10.1037/t42978-000
27262,10.1037/t73538-000
27263,10.1037/t23949-000
27264,10.1037/t87310-000
27265,10.1037/t67450-000
27266,10.1037/t85557-000
27267,10.1037/t85820-000
27268,10.1037/t12129-000
27269,10.1037/t71189-000
27270,10.1037/t78052-000
27271,10.1037/t25505-000
27272,10.1037/t44800-000
27273,10.1037/t37933-000
27274,10.1037/t47026-000
27275,10.1037/t18852-000
27276,10.1037/t27523-000
27277,10.1037/t00866-000
27278,10.1037/t36102-000
27279,10.1037/t04250-000
27280,10.1037/t24708-000
27281,10.1037/t08931-000
27282,10.1037/t33870-000
27283,10.1037/t09961-000
27284,10.1037/t68198-000
27285,10.1037/t19321-000
27286,10.1037/t61776-000
27287,10.1037/t23850-000
27288,10.1037/t57836-000
27289,10.1037/t47600-000
27290,10.1037/t26439-000
27291,10.1037/t11575-000
27292,10.1037/t09855-000
27293,10.1037/t01076-000
27294,10.1037/t43777-000
27295,10.1037/t71653-000
27296,10.1037/t32436-000
27297,10.1037/t03164-000
27298,10.1037/t39194-000
27299,10.1037/t18018-000
27300,10.1037/t68306-000
27301,10.1037/t65469-000
27302,10.1037/t30436-000
27303,10.1037/t47491-000
27304,10.1037/t85210-000
27305,10.1037/t32033-000
27306,10.1037/t75521-000
27307,10.1037/t62808-000
27308,10.1037/t29221-000
27309,10.1037/t82825-000
27310,10.1037/t25048-000
27311,10.1037/t30748-000
27312,10.1037/t54299-000
27313,10.1037/t20644-000
27314,10.1037/t07135-000
27315,10.1037/t74048-000
27316,10.1037/t52910-000
27317,10.1037/t38857-000
27318,10.1037/t72936-000
27319,10.1037/t37045-000
27320,10.1037/t45121-000
27321,10.1037/t16182-000
27322,10.1037/t61841-000
27323,10.1037/t00448-000
27324,10.1037/t49058-000
27325,10.1037/t17418-000
27326,10.1037/t71102-000
27327,10.1037/t00038-000
27328,10.1037/t80212-000
27329,10.1037/t60508-000
27330,10.1037/t01091-000
27331,10.1037/t73246-000
27332,10.1037/t45648-000
27333,10.1037/t69019-000
27334,10.1037/t29776-000
27335,10.1037/t08897-000
27336,10.1037/t73590-000
27337,10.1037/t07436-000
27338,10.1037/t74380-000
27339,10.1037/t40615-000
27340,10.1037/t08513-000
27341,10.1037/t55706-000
27342,10.1037/t20571-000
27343,10.1037/t11513-000
27344,10.1037/t67785-000
27345,10.1037/t26040-000
27346,10.1037/t44660-000
27347,10.1037/t13607-000
27348,10.1037/t47358-000
27349,10.1037/t60756-000
27350,10.1037/t45764-000
27351,10.1037/t61191-000
27352,10.1037/t58382-000
27353,10.1037/t39812-000
27354,10.1037/t87769-000
27355,10.1037/t02529-000
27356,10.1037/t62757-000
27357,10.1037/t38178-000
27358,10.1037/t79302-000
27359,10.1037/t65299-000
27360,10.1037/t27775-000
27361,10.1037/t42947-000
27362,10.1037/t87602-000
27363,10.1037/t63360-000
27364,10.1037/t14610-000
27365,10.1037/t14179-000
27366,10.1037/t13724-000
27367,10.1037/t10128-000
27368,10.1037/t17596-000
27369,10.1037/t23667-000
27370,10.1037/t46904-000
27371,10.1037/t04509-000
27372,10.1037/t39247-000
27373,10.1037/t36131-000
27374,10.1037/t68681-000
27375,10.1037/t17287-000
27376,10.1037/t77412-000
27377,10.1037/t83790-000
27378,10.1037/t00720-000
27379,10.1037/t03083-000
27380,10.1037/t70478-000
27381,10.1037/t23171-000
27382,10.1037/t39175-000
27383,10.1037/t35561-000
27384,10.1037/t33926-000
27385,10.1037/t01110-000
27386,10.1037/t15698-000
27387,10.1037/t25258-000
27388,10.1037/t49658-000
27389,10.1037/t28663-000
27390,10.1037/t24401-000
27391,10.1037/t00919-000
27392,10.1037/t21449-000
27393,10.1037/t27576-000
27394,10.1037/t63854-000
27395,10.1037/t66358-000
27396,10.1037/t27915-000
27397,10.1037/t55733-000
27398,10.1037/t31056-000
27399,10.1037/t00146-000
27400,10.1037/t39437-000
27401,10.1037/t58391-000
27402,10.1037/t85394-000
27403,10.1037/t00366-000
27404,10.1037/t28413-000
27405,10.1037/t01038-000
27406,10.1037/t15008-000
27407,10.1037/t18185-000
27408,10.1037/t34205-000
27409,10.1037/t12290-000
27410,10.1037/t28798-000
27411,10.1037/t78640-000
27412,10.1037/t69964-000
27413,10.1037/t23259-000
27414,10.1037/t05940-000
27415,10.1037/t17198-000
27416,10.1037/t18215-000
27417,10.1037/t58641-000
27418,10.1037/t09071-000
27419,10.1037/t33576-000
27420,10.1037/t00293-000
27421,10.1037/t38464-000
27422,10.1037/t68558-000
27423,10.1037/t48774-000
27424,10.1037/t37286-000
27425,10.1037/t43950-000
27426,10.1037/t81482-000
27427,10.1037/t06734-000
27428,10.1037/t13755-000
27429,10.1037/t38342-000
27430,10.1037/t50926-000
27431,10.1037/t21302-000
27432,10.1037/t36918-000
27433,10.1037/t08981-000
27434,10.1037/t14073-000
27435,10.1037/t76267-000
27436,10.1037/t52600-000
27437,10.1037/t14720-000
27438,10.1037/t44600-000
27439,10.1037/t33754-000
27440,10.1037/t71152-000
27441,10.1037/t14693-000
27442,10.1037/t40960-000
27443,10.1037/t79185-000
27444,10.1037/t09069-000
27445,10.1037/t37250-000
27446,10.1037/t70325-000
27447,10.1037/t25218-000
27448,10.1037/t60656-000
27449,10.1037/t74233-000
27450,10.1037/t70323-000
27451,10.1037/t66073-000
27452,10.1037/t19662-000
27453,10.1037/t06121-000
27454,10.1037/t69150-000
27455,10.1037/t17604-000
27456,10.1037/t02877-000
27457,10.1037/t36750-000
27458,10.1037/t10449-000
27459,10.1037/t16645-000
27460,10.1037/t10590-000
27461,10.1037/t44501-000
27462,10.1037/t48008-000
27463,10.1037/t44141-000
27464,10.1037/t73621-000
27465,10.1037/t04564-000
27466,10.1037/t05731-000
27467,10.1037/t81715-000
27468,10.1037/t48315-000
27469,10.1037/t24712-000
27470,10.1037/t63259-000
27471,10.1037/t84495-000
27472,10.1037/t78670-000
27473,10.1037/t08690-000
27474,10.1037/t85404-000
27475,10.1037/t22339-000
27476,10.1037/t32414-000
27477,10.1037/t00736-000
27478,10.1037/t59655-000
27479,10.1037/t12471-000
27480,10.1037/t45419-000
27481,10.1037/t78971-000
27482,10.1037/t41255-000
27483,10.1037/t08929-000
27484,10.1037/t17098-000
27485,10.1037/t44063-000
27486,10.1037/t37138-000
27487,10.1037/t50591-000
27488,10.1037/t50133-000
27489,10.1037/t74886-000
27490,10.1037/t15576-000
27491,10.1037/t85444-000
27492,10.1037/t00247-000
27493,10.1037/t80469-000
27494,10.1037/t51367-000
27495,10.1037/t52363-000
27496,10.1037/t77221-000
27497,10.1037/t69522-000
27498,10.1037/t67410-000
27499,10.1037/t10389-000
27500,10.1037/t10769-000
27501,10.1037/t15445-000
27502,10.1037/t05275-000
27503,10.1037/t10373-000
27504,10.1037/t42334-000
27505,10.1037/t85033-000
27506,10.1037/t28303-000
27507,10.1037/t84440-000
27508,10.1037/t10083-000
27509,10.1037/t22874-000
27510,10.1037/t00296-000
27511,10.1037/t35931-000
27512,10.1037/t32163-000
27513,10.1037/t84670-000
27514,10.1037/t16551-000
27515,10.1037/t83308-000
27516,10.1037/t12541-000
27517,10.1037/t20091-000
27518,10.1037/t84574-000
27519,10.1037/t12362-000
27520,10.1037/t66115-000
27521,10.1037/t68066-000
27522,10.1037/t37780-000
27523,10.1037/t03437-000
27524,10.1037/t76710-000
27525,10.1037/t09596-000
27526,10.1037/t22680-000
27527,10.1037/t26098-000
27528,10.1037/t46241-000
27529,10.1037/t34558-000
27530,10.1037/t83470-000
27531,10.1037/t64417-000
27532,10.1037/t19053-000
27533,10.1037/t69923-000
27534,10.1037/t46076-000
27535,10.1037/t07890-000
27536,10.1037/t32479-000
27537,10.1037/t07631-000
27538,10.1037/t57852-000
27539,10.1037/t19078-000
27540,10.1037/t13566-000
27541,10.1037/t78406-000
27542,10.1037/t63896-000
27543,10.1037/t00998-000
27544,10.1037/t21462-000
27545,10.1037/t25179-000
27546,10.1037/t80742-000
27547,10.1037/t45234-000
27548,10.1037/t00522-000
27549,10.1037/t12714-000
27550,10.1037/t04913-000
27551,10.1037/t83504-000
27552,10.1037/t00517-000
27553,10.1037/t41135-000
27554,10.1037/t69758-000
27555,10.1037/t24851-000
27556,10.1037/t81406-000
27557,10.1037/t58495-000
27558,10.1037/t06604-000
27559,10.1037/t31181-000
27560,10.1037/t22351-000
27561,10.1037/t64177-000
27562,10.1037/t73895-000
27563,10.1037/t12777-000
27564,10.1037/t26815-000
27565,10.1037/t00287-000
27566,10.1037/t38271-000
27567,10.1037/t44996-000
27568,10.1037/t01840-000
27569,10.1037/t30502-000
27570,10.1037/t55322-000
27571,10.1037/t70415-000
27572,10.1037/t11120-000
27573,10.1037/t73312-000
27574,10.1037/t31869-000
27575,10.1037/t00323-000
27576,10.1037/t30991-000
27577,10.1037/t27768-000
27578,10.1037/t69430-000
27579,10.1037/t08639-000
27580,10.1037/t62802-000
27581,10.1037/t13204-000
27582,10.1037/t41671-000
27583,10.1037/t08559-000
27584,10.1037/t03169-000
27585,10.1037/t08543-000
27586,10.1037/t80607-000
27587,10.1037/t23835-000
27588,10.1037/t03112-000
27589,10.1037/t65143-000
27590,10.1037/t75086-000
27591,10.1037/t79304-000
27592,10.1037/t30263-000
27593,10.1037/t64741-000
27594,10.1037/t13751-000
27595,10.1037/t21548-000
27596,10.1037/t39083-000
27597,10.1037/t85408-000
27598,10.1037/t43706-000
27599,10.1037/t23917-000
27600,10.1037/t50602-000
27601,10.1037/t81367-000
27602,10.1037/t40619-000
27603,10.1037/t37647-000
27604,10.1037/t60759-000
27605,10.1037/t17218-000
27606,10.1037/t25477-000
27607,10.1037/t11188-000
27608,10.1037/t12675-000
27609,10.1037/t13858-000
27610,10.1037/t47079-000
27611,10.1037/t34386-000
27612,10.1037/t30752-000
27613,10.1037/t65970-000
27614,10.1037/t45192-000
27615,10.1037/t85747-000
27616,10.1037/t19730-000
27617,10.1037/t11354-000
27618,10.1037/t09429-000
27619,10.1037/t32969-000
27620,10.1037/t59476-000
27621,10.1037/t68488-000
27622,10.1037/t34033-000
27623,10.1037/t84997-000
27624,10.1037/t73430-000
27625,10.1037/t06875-000
27626,10.1037/t21952-000
27627,10.1037/t17819-000
27628,10.1037/t81953-000
27629,10.1037/t09916-000
27630,10.1037/t25973-000
27631,10.1037/t09255-000
27632,10.1037/t17686-000
27633,10.1037/t26327-000
27634,10.1037/t43685-000
27635,10.1037/t72558-000
27636,10.1037/t63235-000
27637,10.1037/t24349-000
27638,10.1037/t63817-000
27639,10.1037/t13330-000
27640,10.1037/t24898-000
27641,10.1037/t36142-000
27642,10.1037/t12364-000
27643,10.1037/t52958-000
27644,10.1037/t41388-000
27645,10.1037/t36160-000
27646,10.1037/t15253-000
27647,10.1037/t62211-000
27648,10.1037/t19774-000
27649,10.1037/t68975-000
27650,10.1037/t00590-000
27651,10.1037/t41418-000
27652,10.1037/t87440-000
27653,10.1037/t14161-000
27654,10.1037/t13671-000
27655,10.1037/t15473-000
27656,10.1037/t04745-000
27657,10.1037/t79988-000
27658,10.1037/t21517-000
27659,10.1037/t69594-000
27660,10.1037/t01465-000
27661,10.1037/t25318-000
27662,10.1037/t70621-000
27663,10.1037/t03652-000
27664,10.1037/t25200-000
27665,10.1037/t16317-000
27666,10.1037/t15415-000
27667,10.1037/t66976-000
27668,10.1037/t39001-000
27669,10.1037/t56136-000
27670,10.1037/t75622-000
27671,10.1037/t20832-000
27672,10.1037/t55725-000
27673,10.1037/t60404-000
27674,10.1037/t24140-000
27675,10.1037/t33217-000
27676,10.1037/t15631-000
27677,10.1037/t75671-000
27678,10.1037/t30763-000
27679,10.1037/t31171-000
27680,10.1037/t44351-000
27681,10.1037/t61888-000
27682,10.1037/t37270-000
27683,10.1037/t81176-000
27684,10.1037/t29768-000
27685,10.1037/t30364-000
27686,10.1037/t06638-000
27687,10.1037/t20707-000
27688,10.1037/t04840-000
27689,10.1037/t19618-000
27690,10.1037/t12388-000
27691,10.1037/t66495-000
27692,10.1037/t82085-000
27693,10.1037/t09073-000
27694,10.1037/t40539-000
27695,10.1037/t08137-000
27696,10.1037/t19869-000
27697,10.1037/t33841-000
27698,10.1037/t04140-000
27699,10.1037/t29429-000
27700,10.1037/t21965-000
27701,10.1037/t80627-000
27702,10.1037/t33907-000
27703,10.1037/t84965-000
27704,10.1037/t82166-000
27705,10.1037/t10723-000
27706,10.1037/t55727-000
27707,10.1037/t00319-000
27708,10.1037/t24842-000
27709,10.1037/t26765-000
27710,10.1037/t73738-000
27711,10.1037/t53819-000
27712,10.1037/t39007-000
27713,10.1037/t29620-000
27714,10.1037/t38335-000
27715,10.1037/t18601-000
27716,10.1037/t62915-000
27717,10.1037/t82364-000
27718,10.1037/t30770-000
27719,10.1037/t25664-000
27720,10.1037/t38157-000
27721,10.1037/t25175-000
27722,10.1037/t69418-000
27723,10.1037/t81564-000
27724,10.1037/t37109-000
27725,10.1037/t71300-000
27726,10.1037/t21697-000
27727,10.1037/t82964-000
27728,10.1037/t77355-000
27729,10.1037/t09080-000
27730,10.1037/t47609-000
27731,10.1037/t58781-000
27732,10.1037/t75733-000
27733,10.1037/t39124-000
27734,10.1037/t16515-000
27735,10.1037/t26421-000
27736,10.1037/t81207-000
27737,10.1037/t55717-000
27738,10.1037/t02982-000
27739,10.1037/t84226-000
27740,10.1037/t48631-000
27741,10.1037/t67229-000
27742,10.1037/t46901-000
27743,10.1037/t82296-000
27744,10.1037/t09366-000
27745,10.1037/t69708-000
27746,10.1037/t48268-000
27747,10.1037/t40721-000
27748,10.1037/t56204-000
27749,10.1037/t19421-000
27750,10.1037/t20790-000
27751,10.1037/t72928-000
27752,10.1037/t66075-000
27753,10.1037/t15907-000
27754,10.1037/t41872-000
27755,10.1037/t23651-000
27756,10.1037/t17920-000
27757,10.1037/t35386-000
27758,10.1037/t58978-000
27759,10.1037/t24704-000
27760,10.1037/t12543-000
27761,10.1037/t19478-000
27762,10.1037/t79512-000
27763,10.1037/t12042-000
27764,10.1037/t43125-000
27765,10.1037/t40362-000
27766,10.1037/t81114-000
27767,10.1037/t45522-000
27768,10.1037/t40747-000
27769,10.1037/t30992-000
27770,10.1037/t11769-000
27771,10.1037/t25964-000
27772,10.1037/t86224-000
27773,10.1037/t32427-000
27774,10.1037/t40677-000
27775,10.1037/t75682-000
27776,10.1037/t16713-000
27777,10.1037/t25667-000
27778,10.1037/t33719-000
27779,10.1037/t77437-000
27780,10.1037/t64948-000
27781,10.1037/t17109-000
27782,10.1037/t14511-000
27783,10.1037/t10283-000
27784,10.1037/t37726-000
27785,10.1037/t32139-000
27786,10.1037/t07749-000
27787,10.1037/t18462-000
27788,10.1037/t09007-000
27789,10.1037/t69144-000
27790,10.1037/t09451-000
27791,10.1037/t20116-000
27792,10.1037/t76114-000
27793,10.1037/t25507-000
27794,10.1037/t59005-000
27795,10.1037/t86123-000
27796,10.1037/t48548-000
27797,10.1037/t16683-000
27798,10.1037/t15557-000
27799,10.1037/t11855-000
27800,10.1037/t80428-000
27801,10.1037/t17754-000
27802,10.1037/t11155-000
27803,10.1037/t42065-000
27804,10.1037/t43398-000
27805,10.1037/t09638-000
27806,10.1037/t05938-000
27807,10.1037/t20513-000
27808,10.1037/t25405-000
27809,10.1037/t80557-000
27810,10.1037/t67238-000
27811,10.1037/t34231-000
27812,10.1037/t00835-000
27813,10.1037/t38770-000
27814,10.1037/t24108-000
27815,10.1037/t27103-000
27816,10.1037/t77088-000
27817,10.1037/t43027-000
27818,10.1037/t12791-000
27819,10.1037/t35059-000
27820,10.1037/t16263-000
27821,10.1037/t09456-000
27822,10.1037/t60057-000
27823,10.1037/t20252-000
27824,10.1037/t18649-000
27825,10.1037/t43422-000
27826,10.1037/t23026-000
27827,10.1037/t59917-000
27828,10.1037/t71435-000
27829,10.1037/t36098-000
27830,10.1037/t22740-000
27831,10.1037/t17748-000
27832,10.1037/t25015-000
27833,10.1037/t24435-000
27834,10.1037/t75922-000
27835,10.1037/t01563-000
27836,10.1037/t07557-000
27837,10.1037/t10109-000
27838,10.1037/t48103-000
27839,10.1037/t66876-000
27840,10.1037/t25212-000
27841,10.1037/t10098-000
27842,10.1037/t68902-000
27843,10.1037/t66714-000
27844,10.1037/t18032-000
27845,10.1037/t86939-000
27846,10.1037/t12231-000
27847,10.1037/t32409-000
27848,10.1037/t14182-000
27849,10.1037/t29503-000
27850,10.1037/t38924-000
27851,10.1037/t21052-000
27852,10.1037/t16316-000
27853,10.1037/t16998-000
27854,10.1037/t44256-000
27855,10.1037/t03971-000
27856,10.1037/t23002-000
27857,10.1037/t00769-000
27858,10.1037/t78296-000
27859,10.1037/t17368-000
27860,10.1037/t20502-000
27861,10.1037/t18045-000
27862,10.1037/t85297-000
27863,10.1037/t37827-000
27864,10.1037/t85713-000
27865,10.1037/t81926-000
27866,10.1037/t07239-000
27867,10.1037/t17320-000
27868,10.1037/t36691-000
27869,10.1037/t12404-000
27870,10.1037/t24961-000
27871,10.1037/t64511-000
27872,10.1037/t32909-000
27873,10.1037/t29433-000
27874,10.1037/t01838-000
27875,10.1037/t64893-000
27876,10.1037/t01615-000
27877,10.1037/t00496-000
27878,10.1037/t40101-000
27879,10.1037/t26969-000
27880,10.1037/t16784-000
27881,10.1037/t14689-000
27882,10.1037/t06225-000
27883,10.1037/t86357-000
27884,10.1037/t73629-000
27885,10.1037/t81827-000
27886,10.1037/t24160-000
27887,10.1037/t87051-000
27888,10.1037/t45187-000
27889,10.1037/t86173-000
27890,10.1037/t33619-000
27891,10.1037/t50153-000
27892,10.1037/t28132-000
27893,10.1037/t39544-000
27894,10.1037/t14140-000
27895,10.1037/t48490-000
27896,10.1037/t19485-000
27897,10.1037/t41517-000
27898,10.1037/t74096-000
27899,10.1037/t23338-000
27900,10.1037/t19617-000
27901,10.1037/t36189-000
27902,10.1037/t05432-000
27903,10.1037/t22721-000
27904,10.1037/t00513-000
27905,10.1037/t05283-000
27906,10.1037/t45706-000
27907,10.1037/t36912-000
27908,10.1037/t75537-000
27909,10.1037/t12798-000
27910,10.1037/t81116-000
27911,10.1037/t40134-000
27912,10.1037/t87738-000
27913,10.1037/t38920-000
27914,10.1037/t13188-000
27915,10.1037/t45958-000
27916,10.1037/t48277-000
27917,10.1037/t39106-000
27918,10.1037/t22334-000
27919,10.1037/t84059-000
27920,10.1037/t25205-000
27921,10.1037/t32523-000
27922,10.1037/t81546-000
27923,10.1037/t49205-000
27924,10.1037/t13091-000
27925,10.1037/t09794-000
27926,10.1037/t38349-000
27927,10.1037/t62479-000
27928,10.1037/t75707-000
27929,10.1037/t67681-000
27930,10.1037/t26163-000
27931,10.1037/t45330-000
27932,10.1037/t52828-000
27933,10.1037/t66626-000
27934,10.1037/t37001-000
27935,10.1037/t82318-000
27936,10.1037/t30217-000
27937,10.1037/t47734-000
27938,10.1037/t73219-000
27939,10.1037/t63236-000
27940,10.1037/t35764-000
27941,10.1037/t81501-000
27942,10.1037/t23203-000
27943,10.1037/t85442-000
27944,10.1037/t13232-000
27945,10.1037/t19182-000
27946,10.1037/t49074-000
27947,10.1037/t61335-000
27948,10.1037/t26138-000
27949,10.1037/t73459-000
27950,10.1037/t04540-000
27951,10.1037/t41379-000
27952,10.1037/t17477-000
27953,10.1037/t82001-000
27954,10.1037/t41756-000
27955,10.1037/t18699-000
27956,10.1037/t32196-000
27957,10.1037/t68719-000
27958,10.1037/t45122-000
27959,10.1037/t36821-000
27960,10.1037/t75806-000
27961,10.1037/t84524-000
27962,10.1037/t72569-000
27963,10.1037/t70484-000
27964,10.1037/t15383-000
27965,10.1037/t42465-000
27966,10.1037/t10108-000
27967,10.1037/t26751-000
27968,10.1037/t35345-000
27969,10.1037/t15844-000
27970,10.1037/t74700-000
27971,10.1037/t47890-000
27972,10.1037/t62937-000
27973,10.1037/t28392-000
27974,10.1037/t38590-000
27975,10.1037/t71798-000
27976,10.1037/t83289-000
27977,10.1037/t54308-000
27978,10.1037/t60304-000
27979,10.1037/t00367-000
27980,10.1037/t19957-000
27981,10.1037/t42602-000
27982,10.1037/t47965-000
27983,10.1037/t87744-000
27984,10.1037/t39242-000
27985,10.1037/t84261-000
27986,10.1037/t12055-000
27987,10.1037/t26869-000
27988,10.1037/t19692-000
27989,10.1037/t44553-000
27990,10.1037/t01342-000
27991,10.1037/t45400-000
27992,10.1037/t16859-000
27993,10.1037/t28376-000
27994,10.1037/t14085-000
27995,10.1037/t20602-000
27996,10.1037/t71692-000
27997,10.1037/t31381-000
27998,10.1037/t00192-000
27999,10.1037/t80040-000
28000,10.1037/t21222-000
28001,10.1037/t71658-000
28002,10.1037/t39967-000
28003,10.1037/t56745-000
28004,10.1037/t03335-000
28005,10.1037/t39377-000
28006,10.1037/t81757-000
28007,10.1037/t82834-000
28008,10.1037/t13853-000
28009,10.1037/t42543-000
28010,10.1037/t41423-000
28011,10.1037/t36909-000
28012,10.1037/t14714-000
28013,10.1037/t43434-000
28014,10.1037/t04909-000
28015,10.1037/t25703-000
28016,10.1037/t63357-000
28017,10.1037/t09222-000
28018,10.1037/t01152-000
28019,10.1037/t82786-000
28020,10.1037/t77095-000
28021,10.1037/t16399-000
28022,10.1037/t63110-000
28023,10.1037/t74634-000
28024,10.1037/t33058-000
28025,10.1037/t33893-000
28026,10.1037/t71224-000
28027,10.1037/t80001-000
28028,10.1037/t69425-000
28029,10.1037/t16605-000
28030,10.1037/t86597-000
28031,10.1037/t51920-000
28032,10.1037/t55755-000
28033,10.1037/t85392-000
28034,10.1037/t32603-000
28035,10.1037/t62482-000
28036,10.1037/t16192-000
28037,10.1037/t01408-000
28038,10.1037/t75746-000
28039,10.1037/t27112-000
28040,10.1037/t18756-000
28041,10.1037/t60705-000
28042,10.1037/t22295-000
28043,10.1037/t85012-000
28044,10.1037/t20625-000
28045,10.1037/t79461-000
28046,10.1037/t08851-000
28047,10.1037/t66022-000
28048,10.1037/t86447-000
28049,10.1037/t48705-000
28050,10.1037/t84940-000
28051,10.1037/t67799-000
28052,10.1037/t29820-000
28053,10.1037/t45995-000
28054,10.1037/t63861-000
28055,10.1037/t08517-000
28056,10.1037/t33228-000
28057,10.1037/t70371-000
28058,10.1037/t58609-000
28059,10.1037/t38351-000
28060,10.1037/t16073-000
28061,10.1037/t08282-000
28062,10.1037/t11056-000
28063,10.1037/t01828-000
28064,10.1037/t33813-000
28065,10.1037/t00983-000
28066,10.1037/t44961-000
28067,10.1037/t26414-000
28068,10.1037/t12556-000
28069,10.1037/t69423-000
28070,10.1037/t24417-000
28071,10.1037/t73681-000
28072,10.1037/t34271-000
28073,10.1037/t14859-000
28074,10.1037/t77674-000
28075,10.1037/t70280-000
28076,10.1037/t80341-000
28077,10.1037/t28198-000
28078,10.1037/t03076-000
28079,10.1037/t25531-000
28080,10.1037/t11745-000
28081,10.1037/t08691-000
28082,10.1037/t06605-000
28083,10.1037/t26350-000
28084,10.1037/t03658-000
28085,10.1037/t00360-000
28086,10.1037/t12051-000
28087,10.1037/t41913-000
28088,10.1037/t85890-000
28089,10.1037/t26431-000
28090,10.1037/t30214-000
28091,10.1037/t65489-000
28092,10.1037/t00941-000
28093,10.1037/t44691-000
28094,10.1037/t05554-000
28095,10.1037/t87155-000
28096,10.1037/t31284-000
28097,10.1037/t65781-000
28098,10.1037/t71419-000
28099,10.1037/t82804-000
28100,10.1037/t67775-000
28101,10.1037/t01322-000
28102,10.1037/t41391-000
28103,10.1037/t01688-000
28104,10.1037/t42158-000
28105,10.1037/t68213-000
28106,10.1037/t75617-000
28107,10.1037/t31420-000
28108,10.1037/t65882-000
28109,10.1037/t30511-000
28110,10.1037/t73318-000
28111,10.1037/t79211-000
28112,10.1037/t09061-000
28113,10.1037/t00368-000
28114,10.1037/t78923-000
28115,10.1037/t51063-000
28116,10.1037/t01725-000
28117,10.1037/t30885-000
28118,10.1037/t42094-000
28119,10.1037/t00294-000
28120,10.1037/t06239-000
28121,10.1037/t24131-000
28122,10.1037/t76506-000
28123,10.1037/t45247-000
28124,10.1037/t28055-000
28125,10.1037/t26998-000
28126,10.1037/t43934-000
28127,10.1037/t45200-000
28128,10.1037/t74265-000
28129,10.1037/t47588-000
28130,10.1037/t18757-000
28131,10.1037/t50415-000
28132,10.1037/t20373-000
28133,10.1037/t78625-000
28134,10.1037/t09681-000
28135,10.1037/t15200-000
28136,10.1037/t21671-000
28137,10.1037/t22446-000
28138,10.1037/t01413-000
28139,10.1037/t77257-000
28140,10.1037/t74509-000
28141,10.1037/t39047-000
28142,10.1037/t14904-000
28143,10.1037/t34516-000
28144,10.1037/t33694-000
28145,10.1037/t00750-000
28146,10.1037/t37170-000
28147,10.1037/t73220-000
28148,10.1037/t14349-000
28149,10.1037/t13174-000
28150,10.1037/t18514-000
28151,10.1037/t11023-000
28152,10.1037/t09465-000
28153,10.1037/t65367-000
28154,10.1037/t11743-000
28155,10.1037/t84722-000
28156,10.1037/t26269-000
28157,10.1037/t29281-000
28158,10.1037/t00765-000
28159,10.1037/t00386-000
28160,10.1037/t80841-000
28161,10.1037/t24391-000
28162,10.1037/t44512-000
28163,10.1037/t62825-000
28164,10.1037/t67779-000
28165,10.1037/t81966-000
28166,10.1037/t22957-000
28167,10.1037/t75137-000
28168,10.1037/t64220-000
28169,10.1037/t42068-000
28170,10.1037/t01130-000
28171,10.1037/t16190-000
28172,10.1037/t79964-000
28173,10.1037/t61290-000
28174,10.1037/t60611-000
28175,10.1037/t80186-000
28176,10.1037/t08713-000
28177,10.1037/t01121-000
28178,10.1037/t24480-000
28179,10.1037/t69474-000
28180,10.1037/t29116-000
28181,10.1037/t27916-000
28182,10.1037/t07183-000
28183,10.1037/t71310-000
28184,10.1037/t01517-000
28185,10.1037/t69977-000
28186,10.1037/t39329-000
28187,10.1037/t42092-000
28188,10.1037/t03818-000
28189,10.1037/t01002-000
28190,10.1037/t24192-000
28191,10.1037/t85049-000
28192,10.1037/t74132-000
28193,10.1037/t26763-000
28194,10.1037/t26108-000
28195,10.1037/t62499-000
28196,10.1037/t54866-000
28197,10.1037/t69176-000
28198,10.1037/t11558-000
28199,10.1037/t14580-000
28200,10.1037/t85614-000
28201,10.1037/t15655-000
28202,10.1037/t46072-000
28203,10.1037/t69486-000
28204,10.1037/t28230-000
28205,10.1037/t67277-000
28206,10.1037/t53528-000
28207,10.1037/t24751-000
28208,10.1037/t77743-000
28209,10.1037/t50989-000
28210,10.1037/t61046-000
28211,10.1037/t21443-000
28212,10.1037/t85091-000
28213,10.1037/t13235-000
28214,10.1037/t25644-000
28215,10.1037/t21254-000
28216,10.1037/t16099-000
28217,10.1037/t62908-000
28218,10.1037/t39422-000
28219,10.1037/t21375-000
28220,10.1037/t18244-000
28221,10.1037/t47340-000
28222,10.1037/t66981-000
28223,10.1037/t08004-000
28224,10.1037/t71835-000
28225,10.1037/t08034-000
28226,10.1037/t62880-000
28227,10.1037/t06289-000
28228,10.1037/t31467-000
28229,10.1037/t33766-000
28230,10.1037/t20804-000
28231,10.1037/t71968-000
28232,10.1037/t17134-000
28233,10.1037/t35672-000
28234,10.1037/t57084-000
28235,10.1037/t61676-000
28236,10.1037/t08503-000
28237,10.1037/t23183-000
28238,10.1037/t85436-000
28239,10.1037/t80898-000
28240,10.1037/t19324-000
28241,10.1037/t82090-000
28242,10.1037/t15846-000
28243,10.1037/t86201-000
28244,10.1037/t39954-000
28245,10.1037/t54208-000
28246,10.1037/t30180-000
28247,10.1037/t28154-000
28248,10.1037/t14133-000
28249,10.1037/t62634-000
28250,10.1037/t11801-000
28251,10.1037/t75153-000
28252,10.1037/t15279-000
28253,10.1037/t75842-000
28254,10.1037/t15331-000
28255,10.1037/t34701-000
28256,10.1037/t86300-000
28257,10.1037/t24479-000
28258,10.1037/t73167-000
28259,10.1037/t26858-000
28260,10.1037/t24290-000
28261,10.1037/t48399-000
28262,10.1037/t21791-000
28263,10.1037/t03151-000
28264,10.1037/t80427-000
28265,10.1037/t54138-000
28266,10.1037/t18425-000
28267,10.1037/t34768-000
28268,10.1037/t27108-000
28269,10.1037/t25272-000
28270,10.1037/t24665-000
28271,10.1037/t77372-000
28272,10.1037/t22737-000
28273,10.1037/t41321-000
28274,10.1037/t02900-000
28275,10.1037/t15552-000
28276,10.1037/t50116-000
28277,10.1037/t36122-000
28278,10.1037/t28222-000
28279,10.1037/t67639-000
28280,10.1037/t68219-000
28281,10.1037/t81423-000
28282,10.1037/t62572-000
28283,10.1037/t60431-000
28284,10.1037/t32639-000
28285,10.1037/t33762-000
28286,10.1037/t36747-000
28287,10.1037/t51127-000
28288,10.1037/t52712-000
28289,10.1037/t35981-000
28290,10.1037/t24052-000
28291,10.1037/t44314-000
28292,10.1037/t33468-000
28293,10.1037/t64545-000
28294,10.1037/t81570-000
28295,10.1037/t40620-000
28296,10.1037/t16164-000
28297,10.1037/t01434-000
28298,10.1037/t28776-000
28299,10.1037/t43787-000
28300,10.1037/t82812-000
28301,10.1037/t35004-000
28302,10.1037/t65471-000
28303,10.1037/t42395-000
28304,10.1037/t66265-000
28305,10.1037/t28280-000
28306,10.1037/t17165-000
28307,10.1037/t20317-000
28308,10.1037/t39662-000
28309,10.1037/t34528-000
28310,10.1037/t21091-000
28311,10.1037/t38177-000
28312,10.1037/t23695-000
28313,10.1037/t63416-000
28314,10.1037/t25844-000
28315,10.1037/t82810-000
28316,10.1037/t30761-000
28317,10.1037/t28382-000
28318,10.1037/t78327-000
28319,10.1037/t63752-000
28320,10.1037/t03355-000
28321,10.1037/t20876-000
28322,10.1037/t16818-000
28323,10.1037/t19430-000
28324,10.1037/t78191-000
28325,10.1037/t72545-000
28326,10.1037/t23363-000
28327,10.1037/t11146-000
28328,10.1037/t11614-000
28329,10.1037/t14730-000
28330,10.1037/t38117-000
28331,10.1037/t04835-000
28332,10.1037/t78798-000
28333,10.1037/t19099-000
28334,10.1037/t11225-000
28335,10.1037/t74766-000
28336,10.1037/t06797-000
28337,10.1037/t25516-000
28338,10.1037/t03601-000
28339,10.1037/t24181-000
28340,10.1037/t59345-000
28341,10.1037/t56365-000
28342,10.1037/t05732-000
28343,10.1037/t21223-000
28344,10.1037/t11470-000
28345,10.1037/t74393-000
28346,10.1037/t13984-000
28347,10.1037/t38541-000
28348,10.1037/t32877-000
28349,10.1037/t34472-000
28350,10.1037/t80658-000
28351,10.1037/t07960-000
28352,10.1037/t82537-000
28353,10.1037/t47207-000
28354,10.1037/t32708-000
28355,10.1037/t20170-000
28356,10.1037/t32638-000
28357,10.1037/t03846-000
28358,10.1037/t10170-000
28359,10.1037/t39245-000
28360,10.1037/t25421-000
28361,10.1037/t76858-000
28362,10.1037/t27756-000
28363,10.1037/t55380-000
28364,10.1037/t20613-000
28365,10.1037/t77737-000
28366,10.1037/t74205-000
28367,10.1037/t72317-000
28368,10.1037/t30934-000
28369,10.1037/t00031-000
28370,10.1037/t30744-000
28371,10.1037/t72560-000
28372,10.1037/t24310-000
28373,10.1037/t34265-000
28374,10.1037/t23553-000
28375,10.1037/t12956-000
28376,10.1037/t09603-000
28377,10.1037/t81821-000
28378,10.1037/t26786-000
28379,10.1037/t26770-000
28380,10.1037/t85225-000
28381,10.1037/t00024-000
28382,10.1037/t76446-000
28383,10.1037/t00028-000
28384,10.1037/t18522-000
28385,10.1037/t17487-000
28386,10.1037/t06813-000
28387,10.1037/t14666-000
28388,10.1037/t49875-000
28389,10.1037/t16927-000
28390,10.1037/t39960-000
28391,10.1037/t63252-000
28392,10.1037/t84870-000
28393,10.1037/t26579-000
28394,10.1037/t61991-000
28395,10.1037/t82358-000
28396,10.1037/t21294-000
28397,10.1037/t11579-000
28398,10.1037/t00805-000
28399,10.1037/t23868-000
28400,10.1037/t66856-000
28401,10.1037/t58365-000
28402,10.1037/t32361-000
28403,10.1037/t25097-000
28404,10.1037/t34136-000
28405,10.1037/t29583-000
28406,10.1037/t75282-000
28407,10.1037/t73244-000
28408,10.1037/t24112-000
28409,10.1037/t30767-000
28410,10.1037/t75214-000
28411,10.1037/t51983-000
28412,10.1037/t71970-000
28413,10.1037/t14574-000
28414,10.1037/t08314-000
28415,10.1037/t48871-000
28416,10.1037/t66613-000
28417,10.1037/t21106-000
28418,10.1037/t36890-000
28419,10.1037/t78919-000
28420,10.1037/t11305-000
28421,10.1037/t84880-000
28422,10.1037/t81468-000
28423,10.1037/t30783-000
28424,10.1037/t22994-000
28425,10.1037/t49633-000
28426,10.1037/t34319-000
28427,10.1037/t31593-000
28428,10.1037/t13803-000
28429,10.1037/t22019-000
28430,10.1037/t80180-000
28431,10.1037/t81222-000
28432,10.1037/t17815-000
28433,10.1037/t42655-000
28434,10.1037/t65370-000
28435,10.1037/t40404-000
28436,10.1037/t16513-000
28437,10.1037/t58479-000
28438,10.1037/t35525-000
28439,10.1037/t13057-000
28440,10.1037/t44511-000
28441,10.1037/t62399-000
28442,10.1037/t59969-000
28443,10.1037/t54758-000
28444,10.1037/t39610-000
28445,10.1037/t86611-000
28446,10.1037/t39765-000
28447,10.1037/t21817-000
28448,10.1037/t22293-000
28449,10.1037/t25195-000
28450,10.1037/t46681-000
28451,10.1037/t49695-000
28452,10.1037/t17467-000
28453,10.1037/t22985-000
28454,10.1037/t48796-000
28455,10.1037/t38132-000
28456,10.1037/t19737-000
28457,10.1037/t11584-000
28458,10.1037/t45665-000
28459,10.1037/t59348-000
28460,10.1037/t84642-000
28461,10.1037/t49576-000
28462,10.1037/t13452-000
28463,10.1037/t10955-000
28464,10.1037/t07321-000
28465,10.1037/t63248-000
28466,10.1037/t43828-000
28467,10.1037/t37812-000
28468,10.1037/t50938-000
28469,10.1037/t16735-000
28470,10.1037/t15736-000
28471,10.1037/t33962-000
28472,10.1037/t57817-000
28473,10.1037/t32359-000
28474,10.1037/t65794-000
28475,10.1037/t16976-000
28476,10.1037/t00934-000
28477,10.1037/t09119-000
28478,10.1037/t27762-000
28479,10.1037/t62927-000
28480,10.1037/t47923-000
28481,10.1037/t36737-000
28482,10.1037/t38620-000
28483,10.1037/t16660-000
28484,10.1037/t28424-000
28485,10.1037/t76524-000
28486,10.1037/t19484-000
28487,10.1037/t12610-000
28488,10.1037/t78340-000
28489,10.1037/t83404-000
28490,10.1037/t71400-000
28491,10.1037/t01754-000
28492,10.1037/t19875-000
28493,10.1037/t55186-000
28494,10.1037/t22251-000
28495,10.1037/t74490-000
28496,10.1037/t15798-000
28497,10.1037/t00016-000
28498,10.1037/t63289-000
28499,10.1037/t47869-000
28500,10.1037/t18094-000
28501,10.1037/t25567-000
28502,10.1037/t65325-000
28503,10.1037/t33070-000
28504,10.1037/t19952-000
28505,10.1037/t16547-000
28506,10.1037/t28296-000
28507,10.1037/t17925-000
28508,10.1037/t28967-000
28509,10.1037/t78336-000
28510,10.1037/t63256-000
28511,10.1037/t55150-000
28512,10.1037/t34393-000
28513,10.1037/t52698-000
28514,10.1037/t21336-000
28515,10.1037/t62401-000
28516,10.1037/t18596-000
28517,10.1037/t00438-000
28518,10.1037/t29713-000
28519,10.1037/t18489-000
28520,10.1037/t05936-000
28521,10.1037/t16676-000
28522,10.1037/t77925-000
28523,10.1037/t43679-000
28524,10.1037/t73756-000
28525,10.1037/t84783-000
28526,10.1037/t34324-000
28527,10.1037/t64008-000
28528,10.1037/t56382-000
28529,10.1037/t81908-000
28530,10.1037/t42809-000
28531,10.1037/t06487-000
28532,10.1037/t43798-000
28533,10.1037/t83033-000
28534,10.1037/t35426-000
28535,10.1037/t01766-000
28536,10.1037/t34341-000
28537,10.1037/t35155-000
28538,10.1037/t38975-000
28539,10.1037/t15813-000
28540,10.1037/t23450-000
28541,10.1037/t62887-000
28542,10.1037/t31896-000
28543,10.1037/t53121-000
28544,10.1037/t47312-000
28545,10.1037/t26217-000
28546,10.1037/t00469-000
28547,10.1037/t75350-000
28548,10.1037/t76164-000
28549,10.1037/t52130-000
28550,10.1037/t26884-000
28551,10.1037/t48306-000
28552,10.1037/t10043-000
28553,10.1037/t16269-000
28554,10.1037/t25160-000
28555,10.1037/t41500-000
28556,10.1037/t69845-000
28557,10.1037/t24307-000
28558,10.1037/t65289-000
28559,10.1037/t72029-000
28560,10.1037/t80054-000
28561,10.1037/t20649-000
28562,10.1037/t42361-000
28563,10.1037/t83346-000
28564,10.1037/t79666-000
28565,10.1037/t05185-000
28566,10.1037/t86798-000
28567,10.1037/t38931-000
28568,10.1037/t28356-000
28569,10.1037/t53358-000
28570,10.1037/t13680-000
28571,10.1037/t69634-000
28572,10.1037/t08840-000
28573,10.1037/t69071-000
28574,10.1037/t30544-000
28575,10.1037/t73444-000
28576,10.1037/t07768-000
28577,10.1037/t03737-000
28578,10.1037/t50230-000
28579,10.1037/t12058-000
28580,10.1037/t37156-000
28581,10.1037/t16155-000
28582,10.1037/t00182-000
28583,10.1037/t16235-000
28584,10.1037/t62272-000
28585,10.1037/t61503-000
28586,10.1037/t29696-000
28587,10.1037/t01560-000
28588,10.1037/t10306-000
28589,10.1037/t21990-000
28590,10.1037/t48703-000
28591,10.1037/t18359-000
28592,10.1037/t70594-000
28593,10.1037/t26594-000
28594,10.1037/t32023-000
28595,10.1037/t33075-000
28596,10.1037/t76486-000
28597,10.1037/t10429-000
28598,10.1037/t76993-000
28599,10.1037/t75022-000
28600,10.1037/t74836-000
28601,10.1037/t12719-000
28602,10.1037/t10469-000
28603,10.1037/t86033-000
28604,10.1037/t42001-000
28605,10.1037/t74720-000
28606,10.1037/t00117-000
28607,10.1037/t11460-000
28608,10.1037/t26127-000
28609,10.1037/t85791-000
28610,10.1037/t49008-000
28611,10.1037/t28694-000
28612,10.1037/t63287-000
28613,10.1037/t24428-000
28614,10.1037/t54323-000
28615,10.1037/t17046-000
28616,10.1037/t36174-000
28617,10.1037/t48838-000
28618,10.1037/t10573-000
28619,10.1037/t23573-000
28620,10.1037/t20345-000
28621,10.1037/t69949-000
28622,10.1037/t83773-000
28623,10.1037/t67762-000
28624,10.1037/t09531-000
28625,10.1037/t26134-000
28626,10.1037/t25966-000
28627,10.1037/t21166-000
28628,10.1037/t26379-000
28629,10.1037/t09194-000
28630,10.1037/t00772-000
28631,10.1037/t58788-000
28632,10.1037/t78618-000
28633,10.1037/t62809-000
28634,10.1037/t20618-000
28635,10.1037/t62772-000
28636,10.1037/t34270-000
28637,10.1037/t76784-000
28638,10.1037/t12601-000
28639,10.1037/t16539-000
28640,10.1037/t81276-000
28641,10.1037/t74055-000
28642,10.1037/t51159-000
28643,10.1037/t49325-000
28644,10.1037/t19818-000
28645,10.1037/t17583-000
28646,10.1037/t63673-000
28647,10.1037/t11901-000
28648,10.1037/t13207-000
28649,10.1037/t58398-000
28650,10.1037/t73399-000
28651,10.1037/t35052-000
28652,10.1037/t08171-000
28653,10.1037/t77686-000
28654,10.1037/t07965-000
28655,10.1037/t14487-000
28656,10.1037/t67753-000
28657,10.1037/t12172-000
28658,10.1037/t13622-000
28659,10.1037/t82615-000
28660,10.1037/t06929-000
28661,10.1037/t58505-000
28662,10.1037/t83449-000
28663,10.1037/t06179-000
28664,10.1037/t76713-000
28665,10.1037/t83327-000
28666,10.1037/t77154-000
28667,10.1037/t61311-000
28668,10.1037/t29120-000
28669,10.1037/t22401-000
28670,10.1037/t84615-000
28671,10.1037/t16047-000
28672,10.1037/t74281-000
28673,10.1037/t24190-000
28674,10.1037/t25045-000
28675,10.1037/t52657-000
28676,10.1037/t35664-000
28677,10.1037/t70903-000
28678,10.1037/t14696-000
28679,10.1037/t77564-000
28680,10.1037/t16498-000
28681,10.1037/t59578-000
28682,10.1037/t55409-000
28683,10.1037/t18206-000
28684,10.1037/t01230-000
28685,10.1037/t06098-000
28686,10.1037/t25299-000
28687,10.1037/t14080-000
28688,10.1037/t64586-000
28689,10.1037/t24729-000
28690,10.1037/t00675-000
28691,10.1037/t14464-000
28692,10.1037/t79088-000
28693,10.1037/t63089-000
28694,10.1037/t17513-000
28695,10.1037/t62672-000
28696,10.1037/t79380-000
28697,10.1037/t47765-000
28698,10.1037/t85247-000
28699,10.1037/t11825-000
28700,10.1037/t69952-000
28701,10.1037/t85188-000
28702,10.1037/t66362-000
28703,10.1037/t29849-000
28704,10.1037/t40146-000
28705,10.1037/t70533-000
28706,10.1037/t21823-000
28707,10.1037/t72426-000
28708,10.1037/t80109-000
28709,10.1037/t78493-000
28710,10.1037/t05697-000
28711,10.1037/t26397-000
28712,10.1037/t43821-000
28713,10.1037/t60786-000
28714,10.1037/t76087-000
28715,10.1037/t82292-000
28716,10.1037/t25004-000
28717,10.1037/t60613-000
28718,10.1037/t32411-000
28719,10.1037/t67934-000
28720,10.1037/t22659-000
28721,10.1037/t48395-000
28722,10.1037/t19372-000
28723,10.1037/t24935-000
28724,10.1037/t42377-000
28725,10.1037/t48059-000
28726,10.1037/t38258-000
28727,10.1037/t47232-000
28728,10.1037/t15372-000
28729,10.1037/t08574-000
28730,10.1037/t40739-000
28731,10.1037/t30320-000
28732,10.1037/t27758-000
28733,10.1037/t21212-000
28734,10.1037/t25927-000
28735,10.1037/t64565-000
28736,10.1037/t36771-000
28737,10.1037/t52171-000
28738,10.1037/t52517-000
28739,10.1037/t14713-000
28740,10.1037/t81269-000
28741,10.1037/t19928-000
28742,10.1037/t10720-000
28743,10.1037/t81432-000
28744,10.1037/t79129-000
28745,10.1037/t34401-000
28746,10.1037/t39315-000
28747,10.1037/t38045-000
28748,10.1037/t17821-000
28749,10.1037/t49122-000
28750,10.1037/t73308-000
28751,10.1037/t31731-000
28752,10.1037/t83630-000
28753,10.1037/t16083-000
28754,10.1037/t24780-000
28755,10.1037/t03260-000
28756,10.1037/t75966-000
28757,10.1037/t34086-000
28758,10.1037/t23331-000
28759,10.1037/t11731-000
28760,10.1037/t01715-000
28761,10.1037/t25127-000
28762,10.1037/t09896-000
28763,10.1037/t19657-000
28764,10.1037/t07628-000
28765,10.1037/t38284-000
28766,10.1037/t58612-000
28767,10.1037/t00524-000
28768,10.1037/t12180-000
28769,10.1037/t62378-000
28770,10.1037/t27838-000
28771,10.1037/t80403-000
28772,10.1037/t62562-000
28773,10.1037/t33839-000
28774,10.1037/t24443-000
28775,10.1037/t03328-000
28776,10.1037/t23809-000
28777,10.1037/t77585-000
28778,10.1037/t08702-000
28779,10.1037/t07945-000
28780,10.1037/t05789-000
28781,10.1037/t85931-000
28782,10.1037/t44212-000
28783,10.1037/t40688-000
28784,10.1037/t19780-000
28785,10.1037/t29515-000
28786,10.1037/t11983-000
28787,10.1037/t31264-000
28788,10.1037/t79866-000
28789,10.1037/t12408-000
28790,10.1037/t35939-000
28791,10.1037/t70950-000
28792,10.1037/t68416-000
28793,10.1037/t79679-000
28794,10.1037/t82005-000
28795,10.1037/t56323-000
28796,10.1037/t09311-000
28797,10.1037/t82169-000
28798,10.1037/t50568-000
28799,10.1037/t18389-000
28800,10.1037/t20209-000
28801,10.1037/t29542-000
28802,10.1037/t13396-000
28803,10.1037/t63422-000
28804,10.1037/t11968-000
28805,10.1037/t38414-000
28806,10.1037/t23824-000
28807,10.1037/t82378-000
28808,10.1037/t38179-000
28809,10.1037/t33328-000
28810,10.1037/t17625-000
28811,10.1037/t39469-000
28812,10.1037/t31248-000
28813,10.1037/t81413-000
28814,10.1037/t45828-000
28815,10.1037/t09646-000
28816,10.1037/t68781-000
28817,10.1037/t20998-000
28818,10.1037/t13155-000
28819,10.1037/t52471-000
28820,10.1037/t34533-000
28821,10.1037/t68632-000
28822,10.1037/t53783-000
28823,10.1037/t68001-000
28824,10.1037/t27346-000
28825,10.1037/t35969-000
28826,10.1037/t67094-000
28827,10.1037/t65467-000
28828,10.1037/t77895-000
28829,10.1037/t15703-000
28830,10.1037/t72201-000
28831,10.1037/t19047-000
28832,10.1037/t20781-000
28833,10.1037/t26713-000
28834,10.1037/t44084-000
28835,10.1037/t20213-000
28836,10.1037/t66243-000
28837,10.1037/t67364-000
28838,10.1037/t10216-000
28839,10.1037/t26361-000
28840,10.1037/t25350-000
28841,10.1037/t11451-000
28842,10.1037/t79533-000
28843,10.1037/t04897-000
28844,10.1037/t22228-000
28845,10.1037/t21879-000
28846,10.1037/t25750-000
28847,10.1037/t10478-000
28848,10.1037/t09526-000
28849,10.1037/t11511-000
28850,10.1037/t43737-000
28851,10.1037/t11478-000
28852,10.1037/t40498-000
28853,10.1037/t17386-000
28854,10.1037/t25940-000
28855,10.1037/t41703-000
28856,10.1037/t10572-000
28857,10.1037/t46492-000
28858,10.1037/t25736-000
28859,10.1037/t23823-000
28860,10.1037/t36897-000
28861,10.1037/t10976-000
28862,10.1037/t26902-000
28863,10.1037/t31489-000
28864,10.1037/t25493-000
28865,10.1037/t78409-000
28866,10.1037/t38230-000
28867,10.1037/t43701-000
28868,10.1037/t44412-000
28869,10.1037/t81028-000
28870,10.1037/t00405-000
28871,10.1037/t64103-000
28872,10.1037/t10161-000
28873,10.1037/t87262-000
28874,10.1037/t12551-000
28875,10.1037/t55495-000
28876,10.1037/t11802-000
28877,10.1037/t35437-000
28878,10.1037/t03543-000
28879,10.1037/t41428-000
28880,10.1037/t02979-000
28881,10.1037/t80511-000
28882,10.1037/t40197-000
28883,10.1037/t39328-000
28884,10.1037/t21011-000
28885,10.1037/t61842-000
28886,10.1037/t60189-000
28887,10.1037/t13247-000
28888,10.1037/t42987-000
28889,10.1037/t19871-000
28890,10.1037/t22264-000
28891,10.1037/t25986-000
28892,10.1037/t75327-000
28893,10.1037/t66046-000
28894,10.1037/t26266-000
28895,10.1037/t18246-000
28896,10.1037/t08575-000
28897,10.1037/t63675-000
28898,10.1037/t53701-000
28899,10.1037/t42737-000
28900,10.1037/t16358-000
28901,10.1037/t42285-000
28902,10.1037/t52825-000
28903,10.1037/t26782-000
28904,10.1037/t61786-000
28905,10.1037/t62144-000
28906,10.1037/t11845-000
28907,10.1037/t87657-000
28908,10.1037/t32932-000
28909,10.1037/t22011-000
28910,10.1037/t38538-000
28911,10.1037/t25377-000
28912,10.1037/t01588-000
28913,10.1037/t66757-000
28914,10.1037/t74427-000
28915,10.1037/t10074-000
28916,10.1037/t54331-000
28917,10.1037/t75122-000
28918,10.1037/t25445-000
28919,10.1037/t21607-000
28920,10.1037/t48251-000
28921,10.1037/t36796-000
28922,10.1037/t81317-000
28923,10.1037/t33822-000
28924,10.1037/t37193-000
28925,10.1037/t58749-000
28926,10.1037/t61456-000
28927,10.1037/t79925-000
28928,10.1037/t11375-000
28929,10.1037/t12370-000
28930,10.1037/t42239-000
28931,10.1037/t84664-000
28932,10.1037/t13678-000
28933,10.1037/t26205-000
28934,10.1037/t40052-000
28935,10.1037/t43495-000
28936,10.1037/t23743-000
28937,10.1037/t45699-000
28938,10.1037/t24440-000
28939,10.1037/t15435-000
28940,10.1037/t55116-000
28941,10.1037/t80507-000
28942,10.1037/t02050-000
28943,10.1037/t70104-000
28944,10.1037/t75787-000
28945,10.1037/t00290-000
28946,10.1037/t41028-000
28947,10.1037/t18022-000
28948,10.1037/t18715-000
28949,10.1037/t22177-000
28950,10.1037/t41502-000
28951,10.1037/t67503-000
28952,10.1037/t29370-000
28953,10.1037/t46734-000
28954,10.1037/t38619-000
28955,10.1037/t14717-000
28956,10.1037/t21440-000
28957,10.1037/t57175-000
28958,10.1037/t17149-000
28959,10.1037/t16055-000
28960,10.1037/t17294-000
28961,10.1037/t67837-000
28962,10.1037/t56510-000
28963,10.1037/t81490-000
28964,10.1037/t27564-000
28965,10.1037/t25415-000
28966,10.1037/t38091-000
28967,10.1037/t18894-000
28968,10.1037/t33914-000
28969,10.1037/t27778-000
28970,10.1037/t00702-000
28971,10.1037/t45528-000
28972,10.1037/t85393-000
28973,10.1037/t31921-000
28974,10.1037/t64503-000
28975,10.1037/t24216-000
28976,10.1037/t21036-000
28977,10.1037/t09319-000
28978,10.1037/t01264-000
28979,10.1037/t82219-000
28980,10.1037/t20974-000
28981,10.1037/t31574-000
28982,10.1037/t00057-000
28983,10.1037/t67302-000
28984,10.1037/t87210-000
28985,10.1037/t63429-000
28986,10.1037/t03418-000
28987,10.1037/t26551-000
28988,10.1037/t27632-000
28989,10.1037/t34213-000
28990,10.1037/t59535-000
28991,10.1037/t36075-000
28992,10.1037/t32416-000
28993,10.1037/t52374-000
28994,10.1037/t00760-000
28995,10.1037/t13012-000
28996,10.1037/t26941-000
28997,10.1037/t12901-000
28998,10.1037/t27796-000
28999,10.1037/t58373-000
29000,10.1037/t29955-000
29001,10.1037/t61657-000
29002,10.1037/t17023-000
29003,10.1037/t22709-000
29004,10.1037/t36235-000
29005,10.1037/t74503-000
29006,10.1037/t64388-000
29007,10.1037/t84507-000
29008,10.1037/t09819-000
29009,10.1037/t25960-000
29010,10.1037/t43503-000
29011,10.1037/t85773-000
29012,10.1037/t66205-000
29013,10.1037/t36485-000
29014,10.1037/t25113-000
29015,10.1037/t46236-000
29016,10.1037/t81712-000
29017,10.1037/t18199-000
29018,10.1037/t77646-000
29019,10.1037/t36145-000
29020,10.1037/t50257-000
29021,10.1037/t25520-000
29022,10.1037/t50254-000
29023,10.1037/t83432-000
29024,10.1037/t17846-000
29025,10.1037/t31406-000
29026,10.1037/t55160-000
29027,10.1037/t14656-000
29028,10.1037/t03820-000
29029,10.1037/t52064-000
29030,10.1037/t74116-000
29031,10.1037/t69433-000
29032,10.1037/t15830-000
29033,10.1037/t24833-000
29034,10.1037/t40781-000
29035,10.1037/t15530-000
29036,10.1037/t04653-000
29037,10.1037/t30911-000
29038,10.1037/t84848-000
29039,10.1037/t75701-000
29040,10.1037/t68807-000
29041,10.1037/t20094-000
29042,10.1037/t14387-000
29043,10.1037/t23507-000
29044,10.1037/t22407-000
29045,10.1037/t44763-000
29046,10.1037/t03698-000
29047,10.1037/t13176-000
29048,10.1037/t73049-000
29049,10.1037/t38431-000
29050,10.1037/t71117-000
29051,10.1037/t23543-000
29052,10.1037/t10586-000
29053,10.1037/t28976-000
29054,10.1037/t45417-000
29055,10.1037/t73199-000
29056,10.1037/t87504-000
29057,10.1037/t68284-000
29058,10.1037/t85837-000
29059,10.1037/t59237-000
29060,10.1037/t73427-000
29061,10.1037/t03983-000
29062,10.1037/t26512-000
29063,10.1037/t23157-000
29064,10.1037/t69183-000
29065,10.1037/t16158-000
29066,10.1037/t25001-000
29067,10.1037/t48461-000
29068,10.1037/t60744-000
29069,10.1037/t01724-000
29070,10.1037/t30745-000
29071,10.1037/t41887-000
29072,10.1037/t21071-000
29073,10.1037/t41975-000
29074,10.1037/t09113-000
29075,10.1037/t85037-000
29076,10.1037/t76191-000
29077,10.1037/t14554-000
29078,10.1037/t74278-000
29079,10.1037/t03149-000
29080,10.1037/t12727-000
29081,10.1037/t32693-000
29082,10.1037/t81364-000
29083,10.1037/t00871-000
29084,10.1037/t60322-000
29085,10.1037/t26429-000
29086,10.1037/t44786-000
29087,10.1037/t73765-000
29088,10.1037/t77620-000
29089,10.1037/t03393-000
29090,10.1037/t21660-000
29091,10.1037/t26116-000
29092,10.1037/t53721-000
29093,10.1037/t11583-000
29094,10.1037/t83450-000
29095,10.1037/t27876-000
29096,10.1037/t25693-000
29097,10.1037/t31630-000
29098,10.1037/t00747-000
29099,10.1037/t31423-000
29100,10.1037/t07017-000
29101,10.1037/t07205-000
29102,10.1037/t48284-000
29103,10.1037/t60204-000
29104,10.1037/t76050-000
29105,10.1037/t74015-000
29106,10.1037/t12089-000
29107,10.1037/t40178-000
29108,10.1037/t15424-000
29109,10.1037/t68908-000
29110,10.1037/t69566-000
29111,10.1037/t20834-000
29112,10.1037/t76606-000
29113,10.1037/t17989-000
29114,10.1037/t26505-000
29115,10.1037/t58876-000
29116,10.1037/t00732-000
29117,10.1037/t22946-000
29118,10.1037/t74181-000
29119,10.1037/t64420-000
29120,10.1037/t10069-000
29121,10.1037/t53369-000
29122,10.1037/t68724-000
29123,10.1037/t59523-000
29124,10.1037/t28467-000
29125,10.1037/t01173-000
29126,10.1037/t59036-000
29127,10.1037/t38902-000
29128,10.1037/t15574-000
29129,10.1037/t74463-000
29130,10.1037/t38548-000
29131,10.1037/t34428-000
29132,10.1037/t63281-000
29133,10.1037/t37672-000
29134,10.1037/t11594-000
29135,10.1037/t12708-000
29136,10.1037/t24831-000
29137,10.1037/t39000-000
29138,10.1037/t75606-000
29139,10.1037/t46721-000
29140,10.1037/t70513-000
29141,10.1037/t75630-000
29142,10.1037/t62783-000
29143,10.1037/t26933-000
29144,10.1037/t25376-000
29145,10.1037/t34057-000
29146,10.1037/t28889-000
29147,10.1037/t15259-000
29148,10.1037/t87462-000
29149,10.1037/t16817-000
29150,10.1037/t78213-000
29151,10.1037/t77079-000
29152,10.1037/t23547-000
29153,10.1037/t19359-000
29154,10.1037/t08662-000
29155,10.1037/t39186-000
29156,10.1037/t11097-000
29157,10.1037/t48175-000
29158,10.1037/t26592-000
29159,10.1037/t74683-000
29160,10.1037/t78480-000
29161,10.1037/t11113-000
29162,10.1037/t35105-000
29163,10.1037/t59472-000
29164,10.1037/t58292-000
29165,10.1037/t38995-000
29166,10.1037/t35938-000
29167,10.1037/t09406-000
29168,10.1037/t52442-000
29169,10.1037/t50521-000
29170,10.1037/t65110-000
29171,10.1037/t50259-000
29172,10.1037/t23030-000
29173,10.1037/t12552-000
29174,10.1037/t28616-000
29175,10.1037/t58848-000
29176,10.1037/t24856-000
29177,10.1037/t74414-000
29178,10.1037/t25119-000
29179,10.1037/t81833-000
29180,10.1037/t04877-000
29181,10.1037/t17889-000
29182,10.1037/t19740-000
29183,10.1037/t03642-000
29184,10.1037/t24189-000
29185,10.1037/t66481-000
29186,10.1037/t08709-000
29187,10.1037/t37994-000
29188,10.1037/t26515-000
29189,10.1037/t18356-000
29190,10.1037/t50388-000
29191,10.1037/t63776-000
29192,10.1037/t80900-000
29193,10.1037/t18876-000
29194,10.1037/t68222-000
29195,10.1037/t52708-000
29196,10.1037/t09757-000
29197,10.1037/t82096-000
29198,10.1037/t07147-000
29199,10.1037/t31473-000
29200,10.1037/t25657-000
29201,10.1037/t87456-000
29202,10.1037/t72401-000
29203,10.1037/t14731-000
29204,10.1037/t87156-000
29205,10.1037/t46428-000
29206,10.1037/t58791-000
29207,10.1037/t07966-000
29208,10.1037/t66333-000
29209,10.1037/t75715-000
29210,10.1037/t17144-000
29211,10.1037/t87013-000
29212,10.1037/t49939-000
29213,10.1037/t60917-000
29214,10.1037/t23099-000
29215,10.1037/t77724-000
29216,10.1037/t34517-000
29217,10.1037/t60646-000
29218,10.1037/t00159-000
29219,10.1037/t48522-000
29220,10.1037/t81751-000
29221,10.1037/t25268-000
29222,10.1037/t18286-000
29223,10.1037/t69366-000
29224,10.1037/t43560-000
29225,10.1037/t11861-000
29226,10.1037/t09594-000
29227,10.1037/t20344-000
29228,10.1037/t79459-000
29229,10.1037/t51094-000
29230,10.1037/t03764-000
29231,10.1037/t26365-000
29232,10.1037/t14337-000
29233,10.1037/t44856-000
29234,10.1037/t59615-000
29235,10.1037/t12088-000
29236,10.1037/t68384-000
29237,10.1037/t38136-000
29238,10.1037/t59010-000
29239,10.1037/t50345-000
29240,10.1037/t12683-000
29241,10.1037/t22055-000
29242,10.1037/t14766-000
29243,10.1037/t15032-000
29244,10.1037/t21476-000
29245,10.1037/t16603-000
29246,10.1037/t06640-000
29247,10.1037/t15261-000
29248,10.1037/t06298-000
29249,10.1037/t46210-000
29250,10.1037/t67883-000
29251,10.1037/t14506-000
29252,10.1037/t20789-000
29253,10.1037/t33391-000
29254,10.1037/t37665-000
29255,10.1037/t18245-000
29256,10.1037/t02117-000
29257,10.1037/t45093-000
29258,10.1037/t85867-000
29259,10.1037/t26995-000
29260,10.1037/t08338-000
29261,10.1037/t26161-000
29262,10.1037/t73953-000
29263,10.1037/t73515-000
29264,10.1037/t49366-000
29265,10.1037/t10338-000
29266,10.1037/t35892-000
29267,10.1037/t41926-000
29268,10.1037/t23149-000
29269,10.1037/t82002-000
29270,10.1037/t19394-000
29271,10.1037/t71362-000
29272,10.1037/t33267-000
29273,10.1037/t84183-000
29274,10.1037/t65641-000
29275,10.1037/t22016-000
29276,10.1037/t25768-000
29277,10.1037/t02524-000
29278,10.1037/t08587-000
29279,10.1037/t08579-000
29280,10.1037/t15954-000
29281,10.1037/t70382-000
29282,10.1037/t47147-000
29283,10.1037/t06523-000
29284,10.1037/t24460-000
29285,10.1037/t42176-000
29286,10.1037/t22714-000
29287,10.1037/t13181-000
29288,10.1037/t43094-000
29289,10.1037/t00419-000
29290,10.1037/t78145-000
29291,10.1037/t33572-000
29292,10.1037/t16793-000
29293,10.1037/t44548-000
29294,10.1037/t63122-000
29295,10.1037/t22176-000
29296,10.1037/t73910-000
29297,10.1037/t65197-000
29298,10.1037/t12578-000
29299,10.1037/t67582-000
29300,10.1037/t21470-000
29301,10.1037/t84153-000
29302,10.1037/t07717-000
29303,10.1037/t72049-000
29304,10.1037/t35197-000
29305,10.1037/t82417-000
29306,10.1037/t53348-000
29307,10.1037/t65284-000
29308,10.1037/t15405-000
29309,10.1037/t08641-000
29310,10.1037/t30877-000
29311,10.1037/t42440-000
29312,10.1037/t07505-000
29313,10.1037/t03485-000
29314,10.1037/t86951-000
29315,10.1037/t82584-000
29316,10.1037/t22511-000
29317,10.1037/t87600-000
29318,10.1037/t76658-000
29319,10.1037/t41738-000
29320,10.1037/t00751-000
29321,10.1037/t84205-000
29322,10.1037/t10571-000
29323,10.1037/t32118-000
29324,10.1037/t20576-000
29325,10.1037/t37281-000
29326,10.1037/t18702-000
29327,10.1037/t21354-000
29328,10.1037/t17665-000
29329,10.1037/t00119-000
29330,10.1037/t46953-000
29331,10.1037/t21818-000
29332,10.1037/t45251-000
29333,10.1037/t82123-000
29334,10.1037/t41032-000
29335,10.1037/t23016-000
29336,10.1037/t10272-000
29337,10.1037/t38298-000
29338,10.1037/t31587-000
29339,10.1037/t11461-000
29340,10.1037/t65575-000
29341,10.1037/t12188-000
29342,10.1037/t36689-000
29343,10.1037/t67301-000
29344,10.1037/t86981-000
29345,10.1037/t16227-000
29346,10.1037/t62962-000
29347,10.1037/t32605-000
29348,10.1037/t00387-000
29349,10.1037/t67065-000
29350,10.1037/t72937-000
29351,10.1037/t36387-000
29352,10.1037/t86651-000
29353,10.1037/t79205-000
29354,10.1037/t38526-000
29355,10.1037/t81987-000
29356,10.1037/t79471-000
29357,10.1037/t13142-000
29358,10.1037/t67067-000
29359,10.1037/t03580-000
29360,10.1037/t67812-000
29361,10.1037/t47006-000
29362,10.1037/t05931-000
29363,10.1037/t73744-000
29364,10.1037/t21930-000
29365,10.1037/t48219-000
29366,10.1037/t20261-000
29367,10.1037/t28363-000
29368,10.1037/t48906-000
29369,10.1037/t26701-000
29370,10.1037/t00984-000
29371,10.1037/t81923-000
29372,10.1037/t37291-000
29373,10.1037/t20175-000
29374,10.1037/t22033-000
29375,10.1037/t24737-000
29376,10.1037/t16289-000
29377,10.1037/t39207-000
29378,10.1037/t10644-000
29379,10.1037/t85994-000
29380,10.1037/t71557-000
29381,10.1037/t24508-000
29382,10.1037/t79267-000
29383,10.1037/t80653-000
29384,10.1037/t18078-000
29385,10.1037/t37742-000
29386,10.1037/t69905-000
29387,10.1037/t02224-000
29388,10.1037/t80611-000
29389,10.1037/t11449-000
29390,10.1037/t81198-000
29391,10.1037/t16983-000
29392,10.1037/t21107-000
29393,10.1037/t09404-000
29394,10.1037/t33599-000
29395,10.1037/t12389-000
29396,10.1037/t84395-000
29397,10.1037/t49005-000
29398,10.1037/t10037-000
29399,10.1037/t69741-000
29400,10.1037/t32036-000
29401,10.1037/t59306-000
29402,10.1037/t62552-000
29403,10.1037/t45232-000
29404,10.1037/t26942-000
29405,10.1037/t03316-000
29406,10.1037/t66555-000
29407,10.1037/t51539-000
29408,10.1037/t80554-000
29409,10.1037/t10438-000
29410,10.1037/t08444-000
29411,10.1037/t13490-000
29412,10.1037/t55836-000
29413,10.1037/t82342-000
29414,10.1037/t28115-000
29415,10.1037/t50588-000
29416,10.1037/t12331-000
29417,10.1037/t26107-000
29418,10.1037/t06731-000
29419,10.1037/t33768-000
29420,10.1037/t02754-000
29421,10.1037/t46722-000
29422,10.1037/t27560-000
29423,10.1037/t00966-000
29424,10.1037/t17097-000
29425,10.1037/t18448-000
29426,10.1037/t55778-000
29427,10.1037/t84048-000
29428,10.1037/t50569-000
29429,10.1037/t30879-000
29430,10.1037/t47087-000
29431,10.1037/t22961-000
29432,10.1037/t79269-000
29433,10.1037/t64309-000
29434,10.1037/t46246-000
29435,10.1037/t28652-000
29436,10.1037/t01197-000
29437,10.1037/t50836-000
29438,10.1037/t23999-000
29439,10.1037/t02494-000
29440,10.1037/t57886-000
29441,10.1037/t81250-000
29442,10.1037/t29119-000
29443,10.1037/t33568-000
29444,10.1037/t23451-000
29445,10.1037/t10911-000
29446,10.1037/t15606-000
29447,10.1037/t08315-000
29448,10.1037/t15656-000
29449,10.1037/t80026-000
29450,10.1037/t31549-000
29451,10.1037/t11290-000
29452,10.1037/t30666-000
29453,10.1037/t14279-000
29454,10.1037/t12771-000
29455,10.1037/t05930-000
29456,10.1037/t66919-000
29457,10.1037/t58529-000
29458,10.1037/t69682-000
29459,10.1037/t71166-000
29460,10.1037/t04514-000
29461,10.1037/t39355-000
29462,10.1037/t65369-000
29463,10.1037/t70320-000
29464,10.1037/t86127-000
29465,10.1037/t40665-000
29466,10.1037/t84300-000
29467,10.1037/t60657-000
29468,10.1037/t58088-000
29469,10.1037/t40133-000
29470,10.1037/t09922-000
29471,10.1037/t14348-000
29472,10.1037/t35065-000
29473,10.1037/t81586-000
29474,10.1037/t27510-000
29475,10.1037/t11402-000
29476,10.1037/t10022-000
29477,10.1037/t86114-000
29478,10.1037/t16963-000
29479,10.1037/t32607-000
29480,10.1037/t34066-000
29481,10.1037/t59213-000
29482,10.1037/t17481-000
29483,10.1037/t71648-000
29484,10.1037/t87418-000
29485,10.1037/t25079-000
29486,10.1037/t18827-000
29487,10.1037/t07160-000
29488,10.1037/t20279-000
29489,10.1037/t87232-000
29490,10.1037/t14727-000
29491,10.1037/t23825-000
29492,10.1037/t22698-000
29493,10.1037/t22851-000
29494,10.1037/t24996-000
29495,10.1037/t30960-000
29496,10.1037/t25410-000
29497,10.1037/t17803-000
29498,10.1037/t70089-000
29499,10.1037/t62625-000
29500,10.1037/t11924-000
29501,10.1037/t82739-000
29502,10.1037/t26204-000
29503,10.1037/t34295-000
29504,10.1037/t18348-000
29505,10.1037/t75336-000
29506,10.1037/t33382-000
29507,10.1037/t26315-000
29508,10.1037/t79183-000
29509,10.1037/t15685-000
29510,10.1037/t42130-000
29511,10.1037/t81347-000
29512,10.1037/t33919-000
29513,10.1037/t87516-000
29514,10.1037/t81781-000
29515,10.1037/t51503-000
29516,10.1037/t19296-000
29517,10.1037/t14555-000
29518,10.1037/t25978-000
29519,10.1037/t71304-000
29520,10.1037/t23415-000
29521,10.1037/t31506-000
29522,10.1037/t24916-000
29523,10.1037/t84998-000
29524,10.1037/t64673-000
29525,10.1037/t87764-000
29526,10.1037/t17691-000
29527,10.1037/t44225-000
29528,10.1037/t23011-000
29529,10.1037/t10089-000
29530,10.1037/t23617-000
29531,10.1037/t74312-000
29532,10.1037/t58474-000
29533,10.1037/t22294-000
29534,10.1037/t26563-000
29535,10.1037/t28800-000
29536,10.1037/t63201-000
29537,10.1037/t11714-000
29538,10.1037/t23307-000
29539,10.1037/t82028-000
29540,10.1037/t66991-000
29541,10.1037/t46543-000
29542,10.1037/t31434-000
29543,10.1037/t34648-000
29544,10.1037/t13929-000
29545,10.1037/t11792-000
29546,10.1037/t76617-000
29547,10.1037/t07199-000
29548,10.1037/t18220-000
29549,10.1037/t09877-000
29550,10.1037/t77329-000
29551,10.1037/t43504-000
29552,10.1037/t28569-000
29553,10.1037/t03114-000
29554,10.1037/t20332-000
29555,10.1037/t15857-000
29556,10.1037/t75497-000
29557,10.1037/t51521-000
29558,10.1037/t58542-000
29559,10.1037/t34915-000
29560,10.1037/t66069-000
29561,10.1037/t21467-000
29562,10.1037/t83558-000
29563,10.1037/t28082-000
29564,10.1037/t25383-000
29565,10.1037/t24492-000
29566,10.1037/t17545-000
29567,10.1037/t31876-000
29568,10.1037/t78847-000
29569,10.1037/t26037-000
29570,10.1037/t32108-000
29571,10.1037/t41001-000
29572,10.1037/t63756-000
29573,10.1037/t13147-000
29574,10.1037/t27437-000
29575,10.1037/t86307-000
29576,10.1037/t12975-000
29577,10.1037/t08601-000
29578,10.1037/t24382-000
29579,10.1037/t53549-000
29580,10.1037/t40642-000
29581,10.1037/t16573-000
29582,10.1037/t43526-000
29583,10.1037/t01345-000
29584,10.1037/t24164-000
29585,10.1037/t25791-000
29586,10.1037/t69193-000
29587,10.1037/t10802-000
29588,10.1037/t36065-000
29589,10.1037/t10833-000
29590,10.1037/t47160-000
29591,10.1037/t82253-000
29592,10.1037/t41750-000
29593,10.1037/t71797-000
29594,10.1037/t38998-000
29595,10.1037/t82545-000
29596,10.1037/t84742-000
29597,10.1037/t15701-000
29598,10.1037/t14538-000
29599,10.1037/t77467-000
29600,10.1037/t13108-000
29601,10.1037/t84225-000
29602,10.1037/t77348-000
29603,10.1037/t14223-000
29604,10.1037/t10517-000
29605,10.1037/t84402-000
29606,10.1037/t33621-000
29607,10.1037/t05024-000
29608,10.1037/t70352-000
29609,10.1037/t39852-000
29610,10.1037/t55549-000
29611,10.1037/t84187-000
29612,10.1037/t16310-000
29613,10.1037/t21634-000
29614,10.1037/t78679-000
29615,10.1037/t74646-000
29616,10.1037/t11243-000
29617,10.1037/t66000-000
29618,10.1037/t49369-000
29619,10.1037/t07463-000
29620,10.1037/t24673-000
29621,10.1037/t72668-000
29622,10.1037/t00831-000
29623,10.1037/t15573-000
29624,10.1037/t07711-000
29625,10.1037/t45658-000
29626,10.1037/t09758-000
29627,10.1037/t85795-000
29628,10.1037/t23516-000
29629,10.1037/t11458-000
29630,10.1037/t68024-000
29631,10.1037/t19524-000
29632,10.1037/t22232-000
29633,10.1037/t59536-000
29634,10.1037/t19669-000
29635,10.1037/t46829-000
29636,10.1037/t26494-000
29637,10.1037/t32063-000
29638,10.1037/t26986-000
29639,10.1037/t84492-000
29640,10.1037/t79950-000
29641,10.1037/t80875-000
29642,10.1037/t48872-000
29643,10.1037/t85490-000
29644,10.1037/t85854-000
29645,10.1037/t18796-000
29646,10.1037/t36669-000
29647,10.1037/t50543-000
29648,10.1037/t45109-000
29649,10.1037/t23308-000
29650,10.1037/t86969-000
29651,10.1037/t09282-000
29652,10.1037/t18014-000
29653,10.1037/t13882-000
29654,10.1037/t21232-000
29655,10.1037/t27792-000
29656,10.1037/t31198-000
29657,10.1037/t18180-000
29658,10.1037/t42039-000
29659,10.1037/t63514-000
29660,10.1037/t08808-000
29661,10.1037/t70664-000
29662,10.1037/t32363-000
29663,10.1037/t87728-000
29664,10.1037/t64856-000
29665,10.1037/t11186-000
29666,10.1037/t38407-000
29667,10.1037/t60312-000
29668,10.1037/t24579-000
29669,10.1037/t80166-000
29670,10.1037/t83370-000
29671,10.1037/t81392-000
29672,10.1037/t43571-000
29673,10.1037/t60121-000
29674,10.1037/t47008-000
29675,10.1037/t45361-000
29676,10.1037/t30271-000
29677,10.1037/t34711-000
29678,10.1037/t75107-000
29679,10.1037/t43441-000
29680,10.1037/t83443-000
29681,10.1037/t00746-000
29682,10.1037/t84114-000
29683,10.1037/t24786-000
29684,10.1037/t29599-000
29685,10.1037/t30963-000
29686,10.1037/t52161-000
29687,10.1037/t24513-000
29688,10.1037/t00759-000
29689,10.1037/t13635-000
29690,10.1037/t23205-000
29691,10.1037/t74326-000
29692,10.1037/t11574-000
29693,10.1037/t15897-000
29694,10.1037/t66540-000
29695,10.1037/t19052-000
29696,10.1037/t00406-000
29697,10.1037/t16233-000
29698,10.1037/t66644-000
29699,10.1037/t16229-000
29700,10.1037/t84765-000
29701,10.1037/t79442-000
29702,10.1037/t06301-000
29703,10.1037/t48648-000
29704,10.1037/t23496-000
29705,10.1037/t01812-000
29706,10.1037/t79550-000
29707,10.1037/t25440-000
29708,10.1037/t09579-000
29709,10.1037/t31991-000
29710,10.1037/t50021-000
29711,10.1037/t32834-000
29712,10.1037/t55164-000
29713,10.1037/t54965-000
29714,10.1037/t46762-000
